"step","com1_inst","com2_inst","VG2_inst","U_inst","com2","com1","CM2_inst","CM1_inst","CLR_inst","V1_inst","C","VG1_inst","V2_inst","cycle","disp_32","E","R","Ecycle","issue_e","CT_ISS-_OLDB","clr","R1","R2","R3","R4","R5","R6","R7","R8","R9","R10","R11","R12","R13","R14","R15","R16","R17","R18","R19","R20","R21","R22","R23","R24","R25","R26","R27","R28","R29","R30","R31","R32","comM1","comM2","comM3","comM4","vM1","vM2","vM3","vM4","instM1","instM2","instM3","instM4","MV-1","MV-2","MV-3","MV-4","MAV-1","MAV-2","MAV-3","MAV-4","MDV-1","MDV-2","MDV-3","MDV-4","MR-1","MR-2","MR-3","MR-4","MID-1","MID-2","MID-3","MID-4","NO-SEL-A","ERROR","W-A","inst_WA","inst1","inst2","inst3","inst4","inst5","inst6","inst7","inst8","inst_ID-1","inst_ID-2","inst_ID-3","inst_ID-4","inst_ID-5","inst_ID-6","inst_ID-7","inst_ID-8","inst-dep1","inst-dep2","inst-dep3","inst-dep4","inst-dep5","inst-dep6","inst-dep7","inst-dep8","C8","AV8","MV8","R1","R2","R3","R4","R5","R6","R7","R8","R9","R10","R11","R12","R13","R14","R15","R16","R17","R18","R19","R20","R21","R22","R23","R24","R25","R26","R27","R28","R29","R30","R31","R32"
"0","0x0","0x1","0b0000000000000000","0b0000000000000000","0","0","0b0000000000000000","0b0000000000000000","0b0000000000000000","0b0000000000000000","1","0b0000000000000000","0b0000000000000000","0x00000001","0x72000000","0","0","0x00000000","0","0","0","0x00000000","0x00000000","0x00000000","0x00000000","0x00000000","0x00000000","0x00000000","0x00000000","0x00000000","0x00000000","0x00000000","0x00000000","0x00000000","0x00000000","0x00000000","0x00000000","0x00000000","0x00000000","0x00000000","0x00000000","0x00000000","0x00000000","0x00000000","0x00000000","0x00000000","0x00000000","0x00000000","0x00000001","0xFFFFFFFF","0x00000000","0x00000000","0x00000040","0","0","0","0","0","0","0","0","0x0","0x0","0x0","0x0","0","0","0","0","0","0","0","0","0","0","0","0","0x00","0x00","0x00","0x00","0x0","0x0","0x0","0x0","1","0","0","0x0","0x00000000","0x00000000","0x00000000","0x00000000","0x00000000","0x00000000","0x00000000","0x00000000","0x00","0x00","0x00","0x00","0x00","0x00","0x00","0x00","0x000","0x000","0x000","0x000","0x000","0x000","0x000","0x000","0xFF","0x00","0x00","0x00","0x00","0x00","0x00","0x00","0x00","0x00","0x00","0x00","0x00","0x00","0x00","0x00","0x00","0x00","0x00","0x00","0x00","0x00","0x00","0x00","0x00","0x00","0x00","0x00","0x00","0x20","0x20","0x20","0x20","0x00","0x00"
"1","0x0","0x1","0b0000000000000000","0b0000000000000000","0","0","0b0000000000000000","0b0000000000000000","0b0000000000000000","0b0000000000000000","0","0b0000000000000000","0b0000000000000000","0x00000001","0x72000000","0","0","0x00000000","0","0","0","0x00000000","0x00000000","0x00000000","0x00000000","0x00000000","0x00000000","0x00000000","0x00000000","0x00000000","0x00000000","0x00000000","0x00000000","0x00000000","0x00000000","0x00000000","0x00000000","0x00000000","0x00000000","0x00000000","0x00000000","0x00000000","0x00000000","0x00000000","0x00000000","0x00000000","0x00000000","0x00000000","0x00000001","0xFFFFFFFF","0x00000000","0x00000000","0x00000040","0","0","0","0","0","0","0","0","0x0","0x0","0x0","0x0","0","0","0","0","0","0","0","0","0","0","0","0","0x00","0x00","0x00","0x00","0x0","0x0","0x0","0x0","1","0","0","0x0","0x00000000","0x00000000","0x00000000","0x00000000","0x00000000","0x00000000","0x00000000","0x00000000","0x00","0x00","0x00","0x00","0x00","0x00","0x00","0x00","0x000","0x000","0x000","0x000","0x000","0x000","0x000","0x000","0xFF","0x00","0x00","0x20","0x20","0x20","0x20","0x20","0x20","0x20","0x20","0x20","0x20","0x20","0x20","0x20","0x20","0x20","0x20","0x20","0x20","0x20","0x20","0x20","0x20","0x20","0x20","0x20","0x20","0x20","0x20","0x20","0x20","0x20","0x20"
"2","0x0","0x1","0b0000000000000000","0b0000000000000000","0","0","0b0000000000000000","0b0000000000000000","0b0000000000000000","0b0000000000000000","1","0b0000000000000000","0b0000000000000000","0x00000002","0x72000000","0","0","0x00000000","0","0","0","0x00000000","0x00000000","0x00000000","0x00000000","0x00000000","0x00000000","0x00000000","0x00000000","0x00000000","0x00000000","0x00000000","0x00000000","0x00000000","0x00000000","0x00000000","0x00000000","0x00000000","0x00000000","0x00000000","0x00000000","0x00000000","0x00000000","0x00000000","0x00000000","0x00000000","0x00000000","0x00000000","0x00000001","0xFFFFFFFF","0x00000000","0x00000000","0x00000040","0","0","0","0","0","0","0","0","0x0","0x0","0x0","0x0","0","0","0","0","0","0","0","0","0","0","0","0","0x00","0x00","0x00","0x00","0x0","0x0","0x0","0x0","1","0","0","0x0","0x00000000","0x00000000","0x00000000","0x00000000","0x00000000","0x00000000","0x00000000","0x00000000","0x00","0x00","0x00","0x00","0x00","0x00","0x00","0x00","0x000","0x000","0x000","0x000","0x000","0x000","0x000","0x000","0xFF","0x00","0x00","0x20","0x20","0x20","0x20","0x20","0x20","0x20","0x20","0x20","0x20","0x20","0x20","0x20","0x20","0x20","0x20","0x20","0x20","0x20","0x20","0x20","0x20","0x20","0x20","0x20","0x20","0x20","0x20","0x20","0x20","0x20","0x20"
"3","0x0","0x1","0b0000000000000000","0b0000000000000000","0","0","0b0000000000000000","0b0000000000000000","0b0000000000000000","0b0000000000000000","0","0b0000000000000000","0b0000000000000000","0x00000002","0x72000000","0","0","0x00000000","0","0","0","0x00000000","0x00000000","0x00000000","0x00000000","0x00000000","0x00000000","0x00000000","0x00000000","0x00000000","0x00000000","0x00000000","0x00000000","0x00000000","0x00000000","0x00000000","0x00000000","0x00000000","0x00000000","0x00000000","0x00000000","0x00000000","0x00000000","0x00000000","0x00000000","0x00000000","0x00000000","0x00000000","0x00000001","0xFFFFFFFF","0x00000000","0x00000000","0x00000040","0","0","0","0","0","0","0","0","0x0","0x0","0x0","0x0","0","0","0","0","0","0","0","0","0","0","0","0","0x00","0x00","0x00","0x00","0x0","0x0","0x0","0x0","1","0","0","0x0","0x00000000","0x00000000","0x00000000","0x00000000","0x00000000","0x00000000","0x00000000","0x00000000","0x00","0x00","0x00","0x00","0x00","0x00","0x00","0x00","0x000","0x000","0x000","0x000","0x000","0x000","0x000","0x000","0xFF","0x00","0x00","0x20","0x20","0x20","0x20","0x20","0x20","0x20","0x20","0x20","0x20","0x20","0x20","0x20","0x20","0x20","0x20","0x20","0x20","0x20","0x20","0x20","0x20","0x20","0x20","0x20","0x20","0x20","0x20","0x20","0x20","0x20","0x20"
"4","0x0","0x1","0b0000000000000000","0b0000000000000000","0","0","0b0000000000000000","0b0000000000000000","0b0000000000000000","0b0000000000000000","1","0b0000000000000000","0b0000000000000000","0x00000003","0x72000000","0","0","0x00000000","0","0","0","0x00000000","0x00000000","0x00000000","0x00000000","0x00000000","0x00000000","0x00000000","0x00000000","0x00000000","0x00000000","0x00000000","0x00000000","0x00000000","0x00000000","0x00000000","0x00000000","0x00000000","0x00000000","0x00000000","0x00000000","0x00000000","0x00000000","0x00000000","0x00000000","0x00000000","0x00000000","0x00000000","0x00000001","0xFFFFFFFF","0x00000000","0x00000000","0x00000040","0","0","0","0","0","0","0","0","0x0","0x0","0x0","0x0","0","0","0","0","0","0","0","0","0","0","0","0","0x00","0x00","0x00","0x00","0x0","0x0","0x0","0x0","1","0","0","0x0","0x00000000","0x00000000","0x00000000","0x00000000","0x00000000","0x00000000","0x00000000","0x00000000","0x00","0x00","0x00","0x00","0x00","0x00","0x00","0x00","0x000","0x000","0x000","0x000","0x000","0x000","0x000","0x000","0xFF","0x00","0x00","0x20","0x20","0x20","0x20","0x20","0x20","0x20","0x20","0x20","0x20","0x20","0x20","0x20","0x20","0x20","0x20","0x20","0x20","0x20","0x20","0x20","0x20","0x20","0x20","0x20","0x20","0x20","0x20","0x20","0x20","0x20","0x20"
"5","0x0","0x1","0b0000000000000000","0b0000000000000000","0","0","0b0000000000000000","0b0000000000000000","0b0000000000000000","0b0000000000000000","0","0b0000000000000000","0b0000000000000000","0x00000003","0x72000000","0","0","0x00000000","0","0","0","0x00000000","0x00000000","0x00000000","0x00000000","0x00000000","0x00000000","0x00000000","0x00000000","0x00000000","0x00000000","0x00000000","0x00000000","0x00000000","0x00000000","0x00000000","0x00000000","0x00000000","0x00000000","0x00000000","0x00000000","0x00000000","0x00000000","0x00000000","0x00000000","0x00000000","0x00000000","0x00000000","0x00000001","0xFFFFFFFF","0x00000000","0x00000000","0x00000040","0","0","0","0","0","0","0","0","0x0","0x0","0x0","0x0","0","0","0","0","0","0","0","0","0","0","0","0","0x00","0x00","0x00","0x00","0x0","0x0","0x0","0x0","1","0","0","0x0","0x00000000","0x00000000","0x00000000","0x00000000","0x00000000","0x00000000","0x00000000","0x00000000","0x00","0x00","0x00","0x00","0x00","0x00","0x00","0x00","0x000","0x000","0x000","0x000","0x000","0x000","0x000","0x000","0xFF","0x00","0x00","0x20","0x20","0x20","0x20","0x20","0x20","0x20","0x20","0x20","0x20","0x20","0x20","0x20","0x20","0x20","0x20","0x20","0x20","0x20","0x20","0x20","0x20","0x20","0x20","0x20","0x20","0x20","0x20","0x20","0x20","0x20","0x20"
"6","0x0","0x1","0b0000000000000000","0b0000000000000000","0","0","0b0000000000000000","0b0000000000000000","0b0000000000000000","0b0000000000000000","1","0b0000000000000000","0b0000000000000000","0x00000004","0x72000000","0","0","0x00000000","0","0","0","0x00000000","0x00000000","0x00000000","0x00000000","0x00000000","0x00000000","0x00000000","0x00000000","0x00000000","0x00000000","0x00000000","0x00000000","0x00000000","0x00000000","0x00000000","0x00000000","0x00000000","0x00000000","0x00000000","0x00000000","0x00000000","0x00000000","0x00000000","0x00000000","0x00000000","0x00000000","0x00000000","0x00000001","0xFFFFFFFF","0x00000000","0x00000000","0x00000040","0","0","0","0","0","0","0","0","0x0","0x0","0x0","0x0","0","0","0","0","0","0","0","0","0","0","0","0","0x00","0x00","0x00","0x00","0x0","0x0","0x0","0x0","1","0","0","0x0","0x00000000","0x00000000","0x00000000","0x00000000","0x00000000","0x00000000","0x00000000","0x00000000","0x00","0x00","0x00","0x00","0x00","0x00","0x00","0x00","0x000","0x000","0x000","0x000","0x000","0x000","0x000","0x000","0xFF","0x00","0x00","0x20","0x20","0x20","0x20","0x20","0x20","0x20","0x20","0x20","0x20","0x20","0x20","0x20","0x20","0x20","0x20","0x20","0x20","0x20","0x20","0x20","0x20","0x20","0x20","0x20","0x20","0x20","0x20","0x20","0x20","0x20","0x20"
"7","0x0","0x1","0b0000000000000000","0b0000000000000000","0","0","0b0000000000000000","0b0000000000000000","0b0000000000000000","0b0000000000000000","0","0b0000000000000000","0b0000000000000000","0x00000004","0x72000000","0","0","0x00000000","0","0","0","0x00000000","0x00000000","0x00000000","0x00000000","0x00000000","0x00000000","0x00000000","0x00000000","0x00000000","0x00000000","0x00000000","0x00000000","0x00000000","0x00000000","0x00000000","0x00000000","0x00000000","0x00000000","0x00000000","0x00000000","0x00000000","0x00000000","0x00000000","0x00000000","0x00000000","0x00000000","0x00000000","0x00000001","0xFFFFFFFF","0x00000000","0x00000000","0x00000040","0","0","0","0","0","0","0","0","0x0","0x0","0x0","0x0","0","0","0","0","0","0","0","0","0","0","0","0","0x00","0x00","0x00","0x00","0x0","0x0","0x0","0x0","1","0","0","0x0","0x00000000","0x00000000","0x00000000","0x00000000","0x00000000","0x00000000","0x00000000","0x00000000","0x00","0x00","0x00","0x00","0x00","0x00","0x00","0x00","0x000","0x000","0x000","0x000","0x000","0x000","0x000","0x000","0xFF","0x00","0x00","0x20","0x20","0x20","0x20","0x20","0x20","0x20","0x20","0x20","0x20","0x20","0x20","0x20","0x20","0x20","0x20","0x20","0x20","0x20","0x20","0x20","0x20","0x20","0x20","0x20","0x20","0x20","0x20","0x20","0x20","0x20","0x20"
"8","0x0","0x1","0b0000000000000000","0b0000000000000000","0","0","0b0000000000000000","0b0000000000000000","0b0000000000000000","0b0000000000000000","1","0b0000000000000000","0b0000000000000000","0x00000005","0x72000000","0","0","0x00000000","0","0","0","0x00000000","0x00000000","0x00000000","0x00000000","0x00000000","0x00000000","0x00000000","0x00000000","0x00000000","0x00000000","0x00000000","0x00000000","0x00000000","0x00000000","0x00000000","0x00000000","0x00000000","0x00000000","0x00000000","0x00000000","0x00000000","0x00000000","0x00000000","0x00000000","0x00000000","0x00000000","0x00000000","0x00000001","0xFFFFFFFF","0x00000000","0x00000000","0x00000040","0","0","0","0","0","0","0","0","0x0","0x0","0x0","0x0","0","0","0","0","0","0","0","0","0","0","0","0","0x00","0x00","0x00","0x00","0x0","0x0","0x0","0x0","1","0","0","0x0","0x00000000","0x00000000","0x00000000","0x00000000","0x00000000","0x00000000","0x00000000","0x00000000","0x00","0x00","0x00","0x00","0x00","0x00","0x00","0x00","0x000","0x000","0x000","0x000","0x000","0x000","0x000","0x000","0xFF","0x00","0x00","0x20","0x20","0x20","0x20","0x20","0x20","0x20","0x20","0x20","0x20","0x20","0x20","0x20","0x20","0x20","0x20","0x20","0x20","0x20","0x20","0x20","0x20","0x20","0x20","0x20","0x20","0x20","0x20","0x20","0x20","0x20","0x20"
"9","0x0","0x1","0b0000000000000000","0b0000000000000000","0","0","0b0000000000000000","0b0000000000000000","0b0000000000000000","0b0000000000000000","0","0b0000000000000000","0b0000000000000000","0x00000005","0x72000000","0","0","0x00000000","0","0","0","0x00000000","0x00000000","0x00000000","0x00000000","0x00000000","0x00000000","0x00000000","0x00000000","0x00000000","0x00000000","0x00000000","0x00000000","0x00000000","0x00000000","0x00000000","0x00000000","0x00000000","0x00000000","0x00000000","0x00000000","0x00000000","0x00000000","0x00000000","0x00000000","0x00000000","0x00000000","0x00000000","0x00000001","0xFFFFFFFF","0x00000000","0x00000000","0x00000040","0","0","0","0","0","0","0","0","0x0","0x0","0x0","0x0","0","0","0","0","0","0","0","0","0","0","0","0","0x00","0x00","0x00","0x00","0x0","0x0","0x0","0x0","1","0","0","0x0","0x00000000","0x00000000","0x00000000","0x00000000","0x00000000","0x00000000","0x00000000","0x00000000","0x00","0x00","0x00","0x00","0x00","0x00","0x00","0x00","0x000","0x000","0x000","0x000","0x000","0x000","0x000","0x000","0xFF","0x00","0x00","0x20","0x20","0x20","0x20","0x20","0x20","0x20","0x20","0x20","0x20","0x20","0x20","0x20","0x20","0x20","0x20","0x20","0x20","0x20","0x20","0x20","0x20","0x20","0x20","0x20","0x20","0x20","0x20","0x20","0x20","0x20","0x20"
"10","0x0","0x1","0b0000000000000000","0b0000000000000000","0","0","0b0000000000000000","0b0000000000000000","0b0000000000000000","0b0000000000000000","1","0b0000000000000000","0b0000000000000000","0x00000006","0x72000000","0","0","0x00000000","0","0","0","0x00000000","0x00000000","0x00000000","0x00000000","0x00000000","0x00000000","0x00000000","0x00000000","0x00000000","0x00000000","0x00000000","0x00000000","0x00000000","0x00000000","0x00000000","0x00000000","0x00000000","0x00000000","0x00000000","0x00000000","0x00000000","0x00000000","0x00000000","0x00000000","0x00000000","0x00000000","0x00000000","0x00000001","0xFFFFFFFF","0x00000000","0x00000000","0x00000040","0","0","0","0","0","0","0","0","0x0","0x0","0x0","0x0","0","0","0","0","0","0","0","0","0","0","0","0","0x00","0x00","0x00","0x00","0x0","0x0","0x0","0x0","1","0","0","0x0","0x00000000","0x00000000","0x00000000","0x00000000","0x00000000","0x00000000","0x00000000","0x00000000","0x00","0x00","0x00","0x00","0x00","0x00","0x00","0x00","0x000","0x000","0x000","0x000","0x000","0x000","0x000","0x000","0xFF","0x00","0x00","0x20","0x20","0x20","0x20","0x20","0x20","0x20","0x20","0x20","0x20","0x20","0x20","0x20","0x20","0x20","0x20","0x20","0x20","0x20","0x20","0x20","0x20","0x20","0x20","0x20","0x20","0x20","0x20","0x20","0x20","0x20","0x20"
"11","0x0","0x1","0b0000000000000000","0b0000000000000000","0","0","0b0000000000000000","0b0000000000000000","0b0000000000000000","0b0000000000000000","0","0b0000000000000000","0b0000000000000000","0x00000006","0x72000000","0","0","0x00000000","0","0","0","0x00000000","0x00000000","0x00000000","0x00000000","0x00000000","0x00000000","0x00000000","0x00000000","0x00000000","0x00000000","0x00000000","0x00000000","0x00000000","0x00000000","0x00000000","0x00000000","0x00000000","0x00000000","0x00000000","0x00000000","0x00000000","0x00000000","0x00000000","0x00000000","0x00000000","0x00000000","0x00000000","0x00000001","0xFFFFFFFF","0x00000000","0x00000000","0x00000040","0","0","0","0","0","0","0","0","0x0","0x0","0x0","0x0","0","0","0","0","0","0","0","0","0","0","0","0","0x00","0x00","0x00","0x00","0x0","0x0","0x0","0x0","1","0","0","0x0","0x00000000","0x00000000","0x00000000","0x00000000","0x00000000","0x00000000","0x00000000","0x00000000","0x00","0x00","0x00","0x00","0x00","0x00","0x00","0x00","0x000","0x000","0x000","0x000","0x000","0x000","0x000","0x000","0xFF","0x00","0x00","0x20","0x20","0x20","0x20","0x20","0x20","0x20","0x20","0x20","0x20","0x20","0x20","0x20","0x20","0x20","0x20","0x20","0x20","0x20","0x20","0x20","0x20","0x20","0x20","0x20","0x20","0x20","0x20","0x20","0x20","0x20","0x20"
"12","0x0","0x1","0b0000000000000000","0b0000000000000000","0","0","0b0000000000000000","0b0000000000000000","0b0000000000000000","0b0000000000000000","1","0b0000000000000000","0b0000000000000000","0x00000007","0x72000000","0","0","0x00000000","0","0","0","0x00000000","0x00000000","0x00000000","0x00000000","0x00000000","0x00000000","0x00000000","0x00000000","0x00000000","0x00000000","0x00000000","0x00000000","0x00000000","0x00000000","0x00000000","0x00000000","0x00000000","0x00000000","0x00000000","0x00000000","0x00000000","0x00000000","0x00000000","0x00000000","0x00000000","0x00000000","0x00000000","0x00000001","0xFFFFFFFF","0x00000000","0x00000000","0x00000040","0","0","0","0","0","0","0","0","0x0","0x0","0x0","0x0","0","0","0","0","0","0","0","0","0","0","0","0","0x00","0x00","0x00","0x00","0x0","0x0","0x0","0x0","1","0","0","0x0","0x00000000","0x00000000","0x00000000","0x00000000","0x00000000","0x00000000","0x00000000","0x00000000","0x00","0x00","0x00","0x00","0x00","0x00","0x00","0x00","0x000","0x000","0x000","0x000","0x000","0x000","0x000","0x000","0xFF","0x00","0x00","0x20","0x20","0x20","0x20","0x20","0x20","0x20","0x20","0x20","0x20","0x20","0x20","0x20","0x20","0x20","0x20","0x20","0x20","0x20","0x20","0x20","0x20","0x20","0x20","0x20","0x20","0x20","0x20","0x20","0x20","0x20","0x20"
"13","0x0","0x1","0b0000000000000000","0b0000000000000000","0","0","0b0000000000000000","0b0000000000000000","0b0000000000000000","0b0000000000000000","0","0b0000000000000000","0b0000000000000000","0x00000007","0x72000000","0","0","0x00000000","0","0","0","0x00000000","0x00000000","0x00000000","0x00000000","0x00000000","0x00000000","0x00000000","0x00000000","0x00000000","0x00000000","0x00000000","0x00000000","0x00000000","0x00000000","0x00000000","0x00000000","0x00000000","0x00000000","0x00000000","0x00000000","0x00000000","0x00000000","0x00000000","0x00000000","0x00000000","0x00000000","0x00000000","0x00000001","0xFFFFFFFF","0x00000000","0x00000000","0x00000040","0","0","0","0","0","0","0","0","0x0","0x0","0x0","0x0","0","0","0","0","0","0","0","0","0","0","0","0","0x00","0x00","0x00","0x00","0x0","0x0","0x0","0x0","1","0","0","0x0","0x00000000","0x00000000","0x00000000","0x00000000","0x00000000","0x00000000","0x00000000","0x00000000","0x00","0x00","0x00","0x00","0x00","0x00","0x00","0x00","0x000","0x000","0x000","0x000","0x000","0x000","0x000","0x000","0xFF","0x00","0x00","0x20","0x20","0x20","0x20","0x20","0x20","0x20","0x20","0x20","0x20","0x20","0x20","0x20","0x20","0x20","0x20","0x20","0x20","0x20","0x20","0x20","0x20","0x20","0x20","0x20","0x20","0x20","0x20","0x20","0x20","0x20","0x20"
"14","0x0","0x1","0b0000000000000000","0b0000000000000000","0","0","0b0000000000000000","0b0000000000000000","0b0000000000000000","0b0000000000000000","1","0b0000000000000000","0b0000000000000000","0x00000008","0x72000000","0","0","0x00000000","0","0","0","0x00000000","0x00000000","0x00000000","0x00000000","0x00000000","0x00000000","0x00000000","0x00000000","0x00000000","0x00000000","0x00000000","0x00000000","0x00000000","0x00000000","0x00000000","0x00000000","0x00000000","0x00000000","0x00000000","0x00000000","0x00000000","0x00000000","0x00000000","0x00000000","0x00000000","0x00000000","0x00000000","0x00000001","0xFFFFFFFF","0x00000000","0x00000000","0x00000040","0","0","0","0","0","0","0","0","0x0","0x0","0x0","0x0","0","0","0","0","0","0","0","0","0","0","0","0","0x00","0x00","0x00","0x00","0x0","0x0","0x0","0x0","1","0","0","0x0","0x00000000","0x00000000","0x00000000","0x00000000","0x00000000","0x00000000","0x00000000","0x00000000","0x00","0x00","0x00","0x00","0x00","0x00","0x00","0x00","0x000","0x000","0x000","0x000","0x000","0x000","0x000","0x000","0xFF","0x00","0x00","0x20","0x20","0x20","0x20","0x20","0x20","0x20","0x20","0x20","0x20","0x20","0x20","0x20","0x20","0x20","0x20","0x20","0x20","0x20","0x20","0x20","0x20","0x20","0x20","0x20","0x20","0x20","0x20","0x20","0x20","0x20","0x20"
"15","0x0","0x1","0b0000000000000000","0b0000000000000000","0","0","0b0000000000000000","0b0000000000000000","0b0000000000000000","0b0000000000000000","0","0b0000000000000000","0b0000000000000000","0x00000008","0x72000000","0","0","0x00000000","0","0","0","0x00000000","0x00000000","0x00000000","0x00000000","0x00000000","0x00000000","0x00000000","0x00000000","0x00000000","0x00000000","0x00000000","0x00000000","0x00000000","0x00000000","0x00000000","0x00000000","0x00000000","0x00000000","0x00000000","0x00000000","0x00000000","0x00000000","0x00000000","0x00000000","0x00000000","0x00000000","0x00000000","0x00000001","0xFFFFFFFF","0x00000000","0x00000000","0x00000040","0","0","0","0","0","0","0","0","0x0","0x0","0x0","0x0","0","0","0","0","0","0","0","0","0","0","0","0","0x00","0x00","0x00","0x00","0x0","0x0","0x0","0x0","1","0","0","0x0","0x00000000","0x00000000","0x00000000","0x00000000","0x00000000","0x00000000","0x00000000","0x00000000","0x00","0x00","0x00","0x00","0x00","0x00","0x00","0x00","0x000","0x000","0x000","0x000","0x000","0x000","0x000","0x000","0xFF","0x00","0x00","0x20","0x20","0x20","0x20","0x20","0x20","0x20","0x20","0x20","0x20","0x20","0x20","0x20","0x20","0x20","0x20","0x20","0x20","0x20","0x20","0x20","0x20","0x20","0x20","0x20","0x20","0x20","0x20","0x20","0x20","0x20","0x20"
"16","0x0","0x1","0b0000000000000000","0b0000000000000000","0","0","0b0000000000000000","0b0000000000000000","0b0000000000000000","0b0000000000000000","1","0b0000000000000000","0b0000000000000000","0x00000009","0x72000000","0","0","0x00000000","0","0","0","0x00000000","0x00000000","0x00000000","0x00000000","0x00000000","0x00000000","0x00000000","0x00000000","0x00000000","0x00000000","0x00000000","0x00000000","0x00000000","0x00000000","0x00000000","0x00000000","0x00000000","0x00000000","0x00000000","0x00000000","0x00000000","0x00000000","0x00000000","0x00000000","0x00000000","0x00000000","0x00000000","0x00000001","0xFFFFFFFF","0x00000000","0x00000000","0x00000040","0","0","0","0","0","0","0","0","0x0","0x0","0x0","0x0","0","0","0","0","0","0","0","0","0","0","0","0","0x00","0x00","0x00","0x00","0x0","0x0","0x0","0x0","1","0","0","0x0","0x00000000","0x00000000","0x00000000","0x00000000","0x00000000","0x00000000","0x00000000","0x00000000","0x00","0x00","0x00","0x00","0x00","0x00","0x00","0x00","0x000","0x000","0x000","0x000","0x000","0x000","0x000","0x000","0xFF","0x00","0x00","0x20","0x20","0x20","0x20","0x20","0x20","0x20","0x20","0x20","0x20","0x20","0x20","0x20","0x20","0x20","0x20","0x20","0x20","0x20","0x20","0x20","0x20","0x20","0x20","0x20","0x20","0x20","0x20","0x20","0x20","0x20","0x20"
"17","0x0","0x1","0b0000000000000000","0b0000000000000000","0","0","0b0000000000000000","0b0000000000000000","0b0000000000000000","0b0000000000000000","0","0b0000000000000000","0b0000000000000000","0x00000009","0x72000000","0","0","0x00000000","0","0","0","0x00000000","0x00000000","0x00000000","0x00000000","0x00000000","0x00000000","0x00000000","0x00000000","0x00000000","0x00000000","0x00000000","0x00000000","0x00000000","0x00000000","0x00000000","0x00000000","0x00000000","0x00000000","0x00000000","0x00000000","0x00000000","0x00000000","0x00000000","0x00000000","0x00000000","0x00000000","0x00000000","0x00000001","0xFFFFFFFF","0x00000000","0x00000000","0x00000040","0","0","0","0","0","0","0","0","0x0","0x0","0x0","0x0","0","0","0","0","0","0","0","0","0","0","0","0","0x00","0x00","0x00","0x00","0x0","0x0","0x0","0x0","1","0","0","0x0","0x00000000","0x00000000","0x00000000","0x00000000","0x00000000","0x00000000","0x00000000","0x00000000","0x00","0x00","0x00","0x00","0x00","0x00","0x00","0x00","0x000","0x000","0x000","0x000","0x000","0x000","0x000","0x000","0xFF","0x00","0x00","0x20","0x20","0x20","0x20","0x20","0x20","0x20","0x20","0x20","0x20","0x20","0x20","0x20","0x20","0x20","0x20","0x20","0x20","0x20","0x20","0x20","0x20","0x20","0x20","0x20","0x20","0x20","0x20","0x20","0x20","0x20","0x20"
"18","0x0","0x1","0b0000000000000000","0b0000000000000000","0","0","0b0000000000000000","0b0000000000000000","0b0000000000000000","0b0000000000000000","1","0b0000000000000000","0b0000000000000000","0x0000000A","0x72000000","0","0","0x00000000","0","0","0","0x00000000","0x00000000","0x00000000","0x00000000","0x00000000","0x00000000","0x00000000","0x00000000","0x00000000","0x00000000","0x00000000","0x00000000","0x00000000","0x00000000","0x00000000","0x00000000","0x00000000","0x00000000","0x00000000","0x00000000","0x00000000","0x00000000","0x00000000","0x00000000","0x00000000","0x00000000","0x00000000","0x00000001","0xFFFFFFFF","0x00000000","0x00000000","0x00000040","0","0","0","0","0","0","0","0","0x0","0x0","0x0","0x0","0","0","0","0","0","0","0","0","0","0","0","0","0x00","0x00","0x00","0x00","0x0","0x0","0x0","0x0","1","0","0","0x0","0x00000000","0x00000000","0x00000000","0x00000000","0x00000000","0x00000000","0x00000000","0x00000000","0x00","0x00","0x00","0x00","0x00","0x00","0x00","0x00","0x000","0x000","0x000","0x000","0x000","0x000","0x000","0x000","0xFF","0x00","0x00","0x20","0x20","0x20","0x20","0x20","0x20","0x20","0x20","0x20","0x20","0x20","0x20","0x20","0x20","0x20","0x20","0x20","0x20","0x20","0x20","0x20","0x20","0x20","0x20","0x20","0x20","0x20","0x20","0x20","0x20","0x20","0x20"
"19","0x0","0x1","0b0000000000000000","0b0000000000000000","0","0","0b0000000000000000","0b0000000000000000","0b0000000000000000","0b0000000000000000","0","0b0000000000000000","0b0000000000000000","0x0000000A","0x72000000","0","0","0x00000000","0","0","0","0x00000000","0x00000000","0x00000000","0x00000000","0x00000000","0x00000000","0x00000000","0x00000000","0x00000000","0x00000000","0x00000000","0x00000000","0x00000000","0x00000000","0x00000000","0x00000000","0x00000000","0x00000000","0x00000000","0x00000000","0x00000000","0x00000000","0x00000000","0x00000000","0x00000000","0x00000000","0x00000000","0x00000001","0xFFFFFFFF","0x00000000","0x00000000","0x00000040","0","0","0","0","0","0","0","0","0x0","0x0","0x0","0x0","0","0","0","0","0","0","0","0","0","0","0","0","0x00","0x00","0x00","0x00","0x0","0x0","0x0","0x0","1","0","0","0x0","0x00000000","0x00000000","0x00000000","0x00000000","0x00000000","0x00000000","0x00000000","0x00000000","0x00","0x00","0x00","0x00","0x00","0x00","0x00","0x00","0x000","0x000","0x000","0x000","0x000","0x000","0x000","0x000","0xFF","0x00","0x00","0x20","0x20","0x20","0x20","0x20","0x20","0x20","0x20","0x20","0x20","0x20","0x20","0x20","0x20","0x20","0x20","0x20","0x20","0x20","0x20","0x20","0x20","0x20","0x20","0x20","0x20","0x20","0x20","0x20","0x20","0x20","0x20"
"20","0x0","0x1","0b0000000000000000","0b0000000000000000","0","0","0b0000000000000000","0b0000000000000000","0b0000000000000000","0b0000000000000000","1","0b0000000000000000","0b0000000000000000","0x0000000B","0x72000000","0","0","0x00000000","0","0","0","0x00000000","0x00000000","0x00000000","0x00000000","0x00000000","0x00000000","0x00000000","0x00000000","0x00000000","0x00000000","0x00000000","0x00000000","0x00000000","0x00000000","0x00000000","0x00000000","0x00000000","0x00000000","0x00000000","0x00000000","0x00000000","0x00000000","0x00000000","0x00000000","0x00000000","0x00000000","0x00000000","0x00000001","0xFFFFFFFF","0x00000000","0x00000000","0x00000040","0","0","0","0","0","0","0","0","0x0","0x0","0x0","0x0","0","0","0","0","0","0","0","0","0","0","0","0","0x00","0x00","0x00","0x00","0x0","0x0","0x0","0x0","1","0","0","0x0","0x00000000","0x00000000","0x00000000","0x00000000","0x00000000","0x00000000","0x00000000","0x00000000","0x00","0x00","0x00","0x00","0x00","0x00","0x00","0x00","0x000","0x000","0x000","0x000","0x000","0x000","0x000","0x000","0xFF","0x00","0x00","0x20","0x20","0x20","0x20","0x20","0x20","0x20","0x20","0x20","0x20","0x20","0x20","0x20","0x20","0x20","0x20","0x20","0x20","0x20","0x20","0x20","0x20","0x20","0x20","0x20","0x20","0x20","0x20","0x20","0x20","0x20","0x20"
"21","0x0","0x1","0b0000000000000000","0b0000000000000000","0","0","0b0000000000000000","0b0000000000000000","0b0000000000000000","0b0000000000000000","0","0b0000000000000000","0b0000000000000000","0x0000000B","0x72000000","0","0","0x00000000","0","0","0","0x00000000","0x00000000","0x00000000","0x00000000","0x00000000","0x00000000","0x00000000","0x00000000","0x00000000","0x00000000","0x00000000","0x00000000","0x00000000","0x00000000","0x00000000","0x00000000","0x00000000","0x00000000","0x00000000","0x00000000","0x00000000","0x00000000","0x00000000","0x00000000","0x00000000","0x00000000","0x00000000","0x00000001","0xFFFFFFFF","0x00000000","0x00000000","0x00000040","0","0","0","0","0","0","0","0","0x0","0x0","0x0","0x0","0","0","0","0","0","0","0","0","0","0","0","0","0x00","0x00","0x00","0x00","0x0","0x0","0x0","0x0","1","0","0","0x0","0x00000000","0x00000000","0x00000000","0x00000000","0x00000000","0x00000000","0x00000000","0x00000000","0x00","0x00","0x00","0x00","0x00","0x00","0x00","0x00","0x000","0x000","0x000","0x000","0x000","0x000","0x000","0x000","0xFF","0x00","0x00","0x20","0x20","0x20","0x20","0x20","0x20","0x20","0x20","0x20","0x20","0x20","0x20","0x20","0x20","0x20","0x20","0x20","0x20","0x20","0x20","0x20","0x20","0x20","0x20","0x20","0x20","0x20","0x20","0x20","0x20","0x20","0x20"
"22","0x0","0x1","0b0000000000000000","0b0000000000000000","0","0","0b0000000000000000","0b0000000000000000","0b0000000000000000","0b0000000000000000","1","0b0000000000000000","0b0000000000000000","0x0000000C","0x72000000","1","0","0x00000000","0","0","0","0x00000000","0x00000000","0x00000000","0x00000000","0x00000000","0x00000000","0x00000000","0x00000000","0x00000000","0x00000000","0x00000000","0x00000000","0x00000000","0x00000000","0x00000000","0x00000000","0x00000000","0x00000000","0x00000000","0x00000000","0x00000000","0x00000000","0x00000000","0x00000000","0x00000000","0x00000000","0x00000000","0x00000001","0xFFFFFFFF","0x00000000","0x00000000","0x00000040","0","0","0","0","0","0","0","0","0x0","0x0","0x0","0x0","0","0","0","0","0","0","0","0","0","0","0","0","0x00","0x00","0x00","0x00","0x0","0x0","0x0","0x0","1","0","0","0x0","0x00000000","0x00000000","0x00000000","0x00000000","0x00000000","0x00000000","0x00000000","0x00000000","0x00","0x00","0x00","0x00","0x00","0x00","0x00","0x00","0x000","0x000","0x000","0x000","0x000","0x000","0x000","0x000","0x00","0x00","0x00","0x20","0x20","0x20","0x20","0x20","0x20","0x20","0x20","0x20","0x20","0x20","0x20","0x20","0x20","0x20","0x20","0x20","0x20","0x20","0x20","0x20","0x20","0x20","0x20","0x20","0x20","0x20","0x20","0x20","0x20","0x20","0x20"
"23","0x0","0x1","0b0000000000000000","0b0000000000000000","0","0","0b0000000000000000","0b0000000000000000","0b0000000000000000","0b0000000000000000","0","0b0000000000000000","0b0000000000000000","0x0000000C","0x72000000","1","0","0x00000000","0","0","0","0x00000000","0x00000000","0x00000000","0x00000000","0x00000000","0x00000000","0x00000000","0x00000000","0x00000000","0x00000000","0x00000000","0x00000000","0x00000000","0x00000000","0x00000000","0x00000000","0x00000000","0x00000000","0x00000000","0x00000000","0x00000000","0x00000000","0x00000000","0x00000000","0x00000000","0x00000000","0x00000000","0x00000001","0xFFFFFFFF","0x00000000","0x00000000","0x00000040","0","0","0","0","0","0","0","0","0x0","0x0","0x0","0x0","0","0","0","0","0","0","0","0","0","0","0","0","0x00","0x00","0x00","0x00","0x0","0x0","0x0","0x0","1","0","0","0x0","0x00000000","0x00000000","0x00000000","0x00000000","0x00000000","0x00000000","0x00000000","0x00000000","0x00","0x00","0x00","0x00","0x00","0x00","0x00","0x00","0x000","0x000","0x000","0x000","0x000","0x000","0x000","0x000","0x00","0x00","0x00","0x20","0x20","0x20","0x20","0x20","0x20","0x20","0x20","0x20","0x20","0x20","0x20","0x20","0x20","0x20","0x20","0x20","0x20","0x20","0x20","0x20","0x20","0x20","0x20","0x20","0x20","0x20","0x20","0x20","0x20","0x20","0x20"
"24","0x0","0x1","0b0000000000000000","0b0000000000000000","0","0","0b0000000000000000","0b0000000000000000","0b0000000000000000","0b0000000000000000","1","0b0000000000000000","0b0000000000000000","0x0000000D","0x72000000","1","0","0x00000000","0","0","0","0x00000000","0x00000000","0x00000000","0x00000000","0x00000000","0x00000000","0x00000000","0x00000000","0x00000000","0x00000000","0x00000000","0x00000000","0x00000000","0x00000000","0x00000000","0x00000000","0x00000000","0x00000000","0x00000000","0x00000000","0x00000000","0x00000000","0x00000000","0x00000000","0x00000000","0x00000000","0x00000000","0x00000001","0xFFFFFFFF","0x00000000","0x00000000","0x00000040","0","0","0","0","0","0","0","0","0x0","0x0","0x0","0x0","0","0","0","0","0","0","0","0","0","0","0","0","0x00","0x00","0x00","0x00","0x0","0x0","0x0","0x0","1","0","0","0x0","0x00000000","0x00000000","0x00000000","0x00000000","0x00000000","0x00000000","0x00000000","0x00000000","0x00","0x00","0x00","0x00","0x00","0x00","0x00","0x00","0x000","0x000","0x000","0x000","0x000","0x000","0x000","0x000","0x00","0x00","0x00","0x20","0x20","0x20","0x20","0x20","0x20","0x20","0x20","0x20","0x20","0x20","0x20","0x20","0x20","0x20","0x20","0x20","0x20","0x20","0x20","0x20","0x20","0x20","0x20","0x20","0x20","0x20","0x20","0x20","0x20","0x20","0x20"
"25","0x0","0x1","0b0000000000000000","0b0000000000000000","0","0","0b0000000000000000","0b0000000000000000","0b0000000000000000","0b0000000000000000","0","0b0000000000000000","0b0000000000000000","0x0000000D","0x72000000","1","0","0x00000000","0","0","0","0x00000000","0x00000000","0x00000000","0x00000000","0x00000000","0x00000000","0x00000000","0x00000000","0x00000000","0x00000000","0x00000000","0x00000000","0x00000000","0x00000000","0x00000000","0x00000000","0x00000000","0x00000000","0x00000000","0x00000000","0x00000000","0x00000000","0x00000000","0x00000000","0x00000000","0x00000000","0x00000000","0x00000001","0xFFFFFFFF","0x00000000","0x00000000","0x00000040","0","0","0","0","0","0","0","0","0x0","0x0","0x0","0x0","0","0","0","0","0","0","0","0","0","0","0","0","0x00","0x00","0x00","0x00","0x0","0x0","0x0","0x0","1","0","0","0x0","0x00000000","0x00000000","0x00000000","0x00000000","0x00000000","0x00000000","0x00000000","0x00000000","0x00","0x00","0x00","0x00","0x00","0x00","0x00","0x00","0x000","0x000","0x000","0x000","0x000","0x000","0x000","0x000","0x00","0x00","0x00","0x20","0x20","0x20","0x20","0x20","0x20","0x20","0x20","0x20","0x20","0x20","0x20","0x20","0x20","0x20","0x20","0x20","0x20","0x20","0x20","0x20","0x20","0x20","0x20","0x20","0x20","0x20","0x20","0x20","0x20","0x20","0x20"
"26","0x0","0x1","0b0000000000000000","0b0000000000000000","0","0","0b0000000000000000","0b0000000000000000","0b0000000000000000","0b0000000000000000","1","0b0000000000000000","0b0000000000000000","0x0000000E","0x72000000","1","0","0x00000000","0","0","0","0x00000000","0x00000000","0x00000000","0x00000000","0x00000000","0x00000000","0x00000000","0x00000000","0x00000000","0x00000000","0x00000000","0x00000000","0x00000000","0x00000000","0x00000000","0x00000000","0x00000000","0x00000000","0x00000000","0x00000000","0x00000000","0x00000000","0x00000000","0x00000000","0x00000000","0x00000000","0x00000000","0x00000001","0xFFFFFFFF","0x00000000","0x00000000","0x00000040","0","0","0","0","0","0","0","0","0x0","0x0","0x0","0x0","0","0","0","0","0","0","0","0","0","0","0","0","0x00","0x00","0x00","0x00","0x0","0x0","0x0","0x0","1","0","0","0x0","0x00000000","0x00000000","0x00000000","0x00000000","0x00000000","0x00000000","0x00000000","0x00000000","0x00","0x00","0x00","0x00","0x00","0x00","0x00","0x00","0x000","0x000","0x000","0x000","0x000","0x000","0x000","0x000","0x00","0x00","0x00","0x20","0x20","0x20","0x20","0x20","0x20","0x20","0x20","0x20","0x20","0x20","0x20","0x20","0x20","0x20","0x20","0x20","0x20","0x20","0x20","0x20","0x20","0x20","0x20","0x20","0x20","0x20","0x20","0x20","0x20","0x20","0x20"
"27","0x0","0x1","0b0000000000000000","0b0000000000000000","0","0","0b0000000000000000","0b0000000000000000","0b0000000000000000","0b0000000000000000","0","0b0000000000000000","0b0000000000000000","0x0000000E","0x72000000","1","0","0x00000000","0","0","0","0x00000000","0x00000000","0x00000000","0x00000000","0x00000000","0x00000000","0x00000000","0x00000000","0x00000000","0x00000000","0x00000000","0x00000000","0x00000000","0x00000000","0x00000000","0x00000000","0x00000000","0x00000000","0x00000000","0x00000000","0x00000000","0x00000000","0x00000000","0x00000000","0x00000000","0x00000000","0x00000000","0x00000001","0xFFFFFFFF","0x00000000","0x00000000","0x00000040","0","0","0","0","0","0","0","0","0x0","0x0","0x0","0x0","0","0","0","0","0","0","0","0","0","0","0","0","0x00","0x00","0x00","0x00","0x0","0x0","0x0","0x0","1","0","0","0x0","0x00000000","0x00000000","0x00000000","0x00000000","0x00000000","0x00000000","0x00000000","0x00000000","0x00","0x00","0x00","0x00","0x00","0x00","0x00","0x00","0x000","0x000","0x000","0x000","0x000","0x000","0x000","0x000","0x00","0x00","0x00","0x20","0x20","0x20","0x20","0x20","0x20","0x20","0x20","0x20","0x20","0x20","0x20","0x20","0x20","0x20","0x20","0x20","0x20","0x20","0x20","0x20","0x20","0x20","0x20","0x20","0x20","0x20","0x20","0x20","0x20","0x20","0x20"
"28","0x0","0x1","0b0000000000000000","0b0000000000000000","0","0","0b0000000000000000","0b0000000000000000","0b0000000000000000","0b0000000000000000","1","0b0000000000000000","0b0000000000000000","0x0000000F","0x72000000","1","0","0x00000000","0","0","0","0x00000000","0x00000000","0x00000000","0x00000000","0x00000000","0x00000000","0x00000000","0x00000000","0x00000000","0x00000000","0x00000000","0x00000000","0x00000000","0x00000000","0x00000000","0x00000000","0x00000000","0x00000000","0x00000000","0x00000000","0x00000000","0x00000000","0x00000000","0x00000000","0x00000000","0x00000000","0x00000000","0x00000001","0xFFFFFFFF","0x00000000","0x00000000","0x00000040","0","0","0","0","0","0","0","0","0x0","0x0","0x0","0x0","0","0","0","0","0","0","0","0","0","0","0","0","0x00","0x00","0x00","0x00","0x0","0x0","0x0","0x0","1","0","0","0x0","0x00000000","0x00000000","0x00000000","0x00000000","0x00000000","0x00000000","0x00000000","0x00000000","0x00","0x00","0x00","0x00","0x00","0x00","0x00","0x00","0x000","0x000","0x000","0x000","0x000","0x000","0x000","0x000","0x00","0x00","0x00","0x20","0x20","0x20","0x20","0x20","0x20","0x20","0x20","0x20","0x20","0x20","0x20","0x20","0x20","0x20","0x20","0x20","0x20","0x20","0x20","0x20","0x20","0x20","0x20","0x20","0x20","0x20","0x20","0x20","0x20","0x20","0x20"
"29","0x0","0x1","0b0000000000000000","0b0000000000000000","0","0","0b0000000000000000","0b0000000000000000","0b0000000000000000","0b0000000000000000","0","0b0000000000000000","0b0000000000000000","0x0000000F","0x72000000","1","0","0x00000000","0","0","0","0x00000000","0x00000000","0x00000000","0x00000000","0x00000000","0x00000000","0x00000000","0x00000000","0x00000000","0x00000000","0x00000000","0x00000000","0x00000000","0x00000000","0x00000000","0x00000000","0x00000000","0x00000000","0x00000000","0x00000000","0x00000000","0x00000000","0x00000000","0x00000000","0x00000000","0x00000000","0x00000000","0x00000001","0xFFFFFFFF","0x00000000","0x00000000","0x00000040","0","0","0","0","0","0","0","0","0x0","0x0","0x0","0x0","0","0","0","0","0","0","0","0","0","0","0","0","0x00","0x00","0x00","0x00","0x0","0x0","0x0","0x0","1","0","0","0x0","0x00000000","0x00000000","0x00000000","0x00000000","0x00000000","0x00000000","0x00000000","0x00000000","0x00","0x00","0x00","0x00","0x00","0x00","0x00","0x00","0x000","0x000","0x000","0x000","0x000","0x000","0x000","0x000","0x00","0x00","0x00","0x20","0x20","0x20","0x20","0x20","0x20","0x20","0x20","0x20","0x20","0x20","0x20","0x20","0x20","0x20","0x20","0x20","0x20","0x20","0x20","0x20","0x20","0x20","0x20","0x20","0x20","0x20","0x20","0x20","0x20","0x20","0x20"
"30","0x0","0x1","0b0000000000000000","0b0000000000000000","0","0","0b0000000000000000","0b0000000000000000","0b0000000000000000","0b0000000000000000","1","0b0000000000000000","0b0000000000000000","0x00000010","0x72000000","1","0","0x00000000","0","0","0","0x00000000","0x00000000","0x00000000","0x00000000","0x00000000","0x00000000","0x00000000","0x00000000","0x00000000","0x00000000","0x00000000","0x00000000","0x00000000","0x00000000","0x00000000","0x00000000","0x00000000","0x00000000","0x00000000","0x00000000","0x00000000","0x00000000","0x00000000","0x00000000","0x00000000","0x00000000","0x00000000","0x00000001","0xFFFFFFFF","0x00000000","0x00000000","0x00000040","0","0","0","0","0","0","0","0","0x0","0x0","0x0","0x0","0","0","0","0","0","0","0","0","0","0","0","0","0x00","0x00","0x00","0x00","0x0","0x0","0x0","0x0","1","0","0","0x0","0x00000000","0x00000000","0x00000000","0x00000000","0x00000000","0x00000000","0x00000000","0x00000000","0x00","0x00","0x00","0x00","0x00","0x00","0x00","0x00","0x000","0x000","0x000","0x000","0x000","0x000","0x000","0x000","0x00","0x00","0x00","0x20","0x20","0x20","0x20","0x20","0x20","0x20","0x20","0x20","0x20","0x20","0x20","0x20","0x20","0x20","0x20","0x20","0x20","0x20","0x20","0x20","0x20","0x20","0x20","0x20","0x20","0x20","0x20","0x20","0x20","0x20","0x20"
"31","0x0","0x1","0b0000000000000000","0b0000000000000000","0","0","0b0000000000000000","0b0000000000000000","0b0000000000000000","0b0000000000000000","0","0b0000000000000000","0b0000000000000000","0x00000010","0x72000000","1","0","0x00000000","0","0","0","0x00000000","0x00000000","0x00000000","0x00000000","0x00000000","0x00000000","0x00000000","0x00000000","0x00000000","0x00000000","0x00000000","0x00000000","0x00000000","0x00000000","0x00000000","0x00000000","0x00000000","0x00000000","0x00000000","0x00000000","0x00000000","0x00000000","0x00000000","0x00000000","0x00000000","0x00000000","0x00000000","0x00000001","0xFFFFFFFF","0x00000000","0x00000000","0x00000040","0","0","0","0","0","0","0","0","0x0","0x0","0x0","0x0","0","0","0","0","0","0","0","0","0","0","0","0","0x00","0x00","0x00","0x00","0x0","0x0","0x0","0x0","1","0","0","0x0","0x00000000","0x00000000","0x00000000","0x00000000","0x00000000","0x00000000","0x00000000","0x00000000","0x00","0x00","0x00","0x00","0x00","0x00","0x00","0x00","0x000","0x000","0x000","0x000","0x000","0x000","0x000","0x000","0x00","0x00","0x00","0x20","0x20","0x20","0x20","0x20","0x20","0x20","0x20","0x20","0x20","0x20","0x20","0x20","0x20","0x20","0x20","0x20","0x20","0x20","0x20","0x20","0x20","0x20","0x20","0x20","0x20","0x20","0x20","0x20","0x20","0x20","0x20"
"32","0x0","0x1","0b0000000000000000","0b0000000000000000","0","0","0b0000000000000000","0b0000000000000000","0b0000000000000000","0b0000000000000000","1","0b0000000000000000","0b0000000000000000","0x00000011","0x72000000","1","0","0x00000000","0","0","0","0x00000000","0x00000000","0x00000000","0x00000000","0x00000000","0x00000000","0x00000000","0x00000000","0x00000000","0x00000000","0x00000000","0x00000000","0x00000000","0x00000000","0x00000000","0x00000000","0x00000000","0x00000000","0x00000000","0x00000000","0x00000000","0x00000000","0x00000000","0x00000000","0x00000000","0x00000000","0x00000000","0x00000001","0xFFFFFFFF","0x00000000","0x00000000","0x00000040","0","0","0","0","0","0","0","0","0x0","0x0","0x0","0x0","0","0","0","0","0","0","0","0","0","0","0","0","0x00","0x00","0x00","0x00","0x0","0x0","0x0","0x0","1","0","0","0x0","0x00000000","0x00000000","0x00000000","0x00000000","0x00000000","0x00000000","0x00000000","0x00000000","0x00","0x00","0x00","0x00","0x00","0x00","0x00","0x00","0x000","0x000","0x000","0x000","0x000","0x000","0x000","0x000","0x00","0x00","0x00","0x20","0x20","0x20","0x20","0x20","0x20","0x20","0x20","0x20","0x20","0x20","0x20","0x20","0x20","0x20","0x20","0x20","0x20","0x20","0x20","0x20","0x20","0x20","0x20","0x20","0x20","0x20","0x20","0x20","0x20","0x20","0x20"
"33","0x0","0x1","0b0000000000000000","0b0000000000000000","0","0","0b0000000000000000","0b0000000000000000","0b0000000000000000","0b0000000000000000","0","0b0000000000000000","0b0000000000000000","0x00000011","0x72000000","1","0","0x00000000","0","0","0","0x00000000","0x00000000","0x00000000","0x00000000","0x00000000","0x00000000","0x00000000","0x00000000","0x00000000","0x00000000","0x00000000","0x00000000","0x00000000","0x00000000","0x00000000","0x00000000","0x00000000","0x00000000","0x00000000","0x00000000","0x00000000","0x00000000","0x00000000","0x00000000","0x00000000","0x00000000","0x00000000","0x00000001","0xFFFFFFFF","0x00000000","0x00000000","0x00000040","0","0","0","0","0","0","0","0","0x0","0x0","0x0","0x0","0","0","0","0","0","0","0","0","0","0","0","0","0x00","0x00","0x00","0x00","0x0","0x0","0x0","0x0","1","0","0","0x0","0x00000000","0x00000000","0x00000000","0x00000000","0x00000000","0x00000000","0x00000000","0x00000000","0x00","0x00","0x00","0x00","0x00","0x00","0x00","0x00","0x000","0x000","0x000","0x000","0x000","0x000","0x000","0x000","0x00","0x00","0x00","0x20","0x20","0x20","0x20","0x20","0x20","0x20","0x20","0x20","0x20","0x20","0x20","0x20","0x20","0x20","0x20","0x20","0x20","0x20","0x20","0x20","0x20","0x20","0x20","0x20","0x20","0x20","0x20","0x20","0x20","0x20","0x20"
"34","0x0","0x1","0b0000000000000000","0b0000000000000000","0","0","0b0000000000000000","0b0000000000000000","0b0000000000000000","0b0000000000000000","1","0b0000000000000000","0b0000000000000000","0x00000012","0x72000000","1","0","0x00000000","0","0","0","0x00000000","0x00000000","0x00000000","0x00000000","0x00000000","0x00000000","0x00000000","0x00000000","0x00000000","0x00000000","0x00000000","0x00000000","0x00000000","0x00000000","0x00000000","0x00000000","0x00000000","0x00000000","0x00000000","0x00000000","0x00000000","0x00000000","0x00000000","0x00000000","0x00000000","0x00000000","0x00000000","0x00000001","0xFFFFFFFF","0x00000000","0x00000000","0x00000040","0","0","0","0","0","0","0","0","0x0","0x0","0x0","0x0","0","0","0","0","0","0","0","0","0","0","0","0","0x00","0x00","0x00","0x00","0x0","0x0","0x0","0x0","1","0","0","0x0","0x00000000","0x00000000","0x00000000","0x00000000","0x00000000","0x00000000","0x00000000","0x00000000","0x00","0x00","0x00","0x00","0x00","0x00","0x00","0x00","0x000","0x000","0x000","0x000","0x000","0x000","0x000","0x000","0x00","0x00","0x00","0x20","0x20","0x20","0x20","0x20","0x20","0x20","0x20","0x20","0x20","0x20","0x20","0x20","0x20","0x20","0x20","0x20","0x20","0x20","0x20","0x20","0x20","0x20","0x20","0x20","0x20","0x20","0x20","0x20","0x20","0x20","0x20"
"35","0x0","0x1","0b0000000000000000","0b0000000000000000","0","0","0b0000000000000000","0b0000000000000000","0b0000000000000000","0b0000000000000000","0","0b0000000000000000","0b0000000000000000","0x00000012","0x72000000","1","0","0x00000000","0","0","0","0x00000000","0x00000000","0x00000000","0x00000000","0x00000000","0x00000000","0x00000000","0x00000000","0x00000000","0x00000000","0x00000000","0x00000000","0x00000000","0x00000000","0x00000000","0x00000000","0x00000000","0x00000000","0x00000000","0x00000000","0x00000000","0x00000000","0x00000000","0x00000000","0x00000000","0x00000000","0x00000000","0x00000001","0xFFFFFFFF","0x00000000","0x00000000","0x00000040","0","0","0","0","0","0","0","0","0x0","0x0","0x0","0x0","0","0","0","0","0","0","0","0","0","0","0","0","0x00","0x00","0x00","0x00","0x0","0x0","0x0","0x0","1","0","0","0x0","0x00000000","0x00000000","0x00000000","0x00000000","0x00000000","0x00000000","0x00000000","0x00000000","0x00","0x00","0x00","0x00","0x00","0x00","0x00","0x00","0x000","0x000","0x000","0x000","0x000","0x000","0x000","0x000","0x00","0x00","0x00","0x20","0x20","0x20","0x20","0x20","0x20","0x20","0x20","0x20","0x20","0x20","0x20","0x20","0x20","0x20","0x20","0x20","0x20","0x20","0x20","0x20","0x20","0x20","0x20","0x20","0x20","0x20","0x20","0x20","0x20","0x20","0x20"
"36","0x0","0x1","0b0000000000000000","0b0000000000000000","0","0","0b0000000000000000","0b0000000000000000","0b0000000000000000","0b0000000000000000","1","0b0000000000000000","0b0000000000000000","0x00000013","0x72000000","1","0","0x00000000","0","0","0","0x00000000","0x00000000","0x00000000","0x00000000","0x00000000","0x00000000","0x00000000","0x00000000","0x00000000","0x00000000","0x00000000","0x00000000","0x00000000","0x00000000","0x00000000","0x00000000","0x00000000","0x00000000","0x00000000","0x00000000","0x00000000","0x00000000","0x00000000","0x00000000","0x00000000","0x00000000","0x00000000","0x00000001","0xFFFFFFFF","0x00000000","0x00000000","0x00000040","0","0","0","0","0","0","0","0","0x0","0x0","0x0","0x0","0","0","0","0","0","0","0","0","0","0","0","0","0x00","0x00","0x00","0x00","0x0","0x0","0x0","0x0","1","0","0","0x0","0x00000000","0x00000000","0x00000000","0x00000000","0x00000000","0x00000000","0x00000000","0x00000000","0x00","0x00","0x00","0x00","0x00","0x00","0x00","0x00","0x000","0x000","0x000","0x000","0x000","0x000","0x000","0x000","0x00","0x00","0x00","0x20","0x20","0x20","0x20","0x20","0x20","0x20","0x20","0x20","0x20","0x20","0x20","0x20","0x20","0x20","0x20","0x20","0x20","0x20","0x20","0x20","0x20","0x20","0x20","0x20","0x20","0x20","0x20","0x20","0x20","0x20","0x20"
"37","0x0","0x1","0b0000000000000000","0b0000000000000000","0","0","0b0000000000000000","0b0000000000000000","0b0000000000000000","0b0000000000000000","0","0b0000000000000000","0b0000000000000000","0x00000013","0x72000000","1","0","0x00000000","0","0","0","0x00000000","0x00000000","0x00000000","0x00000000","0x00000000","0x00000000","0x00000000","0x00000000","0x00000000","0x00000000","0x00000000","0x00000000","0x00000000","0x00000000","0x00000000","0x00000000","0x00000000","0x00000000","0x00000000","0x00000000","0x00000000","0x00000000","0x00000000","0x00000000","0x00000000","0x00000000","0x00000000","0x00000001","0xFFFFFFFF","0x00000000","0x00000000","0x00000040","0","0","0","0","0","0","0","0","0x0","0x0","0x0","0x0","0","0","0","0","0","0","0","0","0","0","0","0","0x00","0x00","0x00","0x00","0x0","0x0","0x0","0x0","1","0","0","0x0","0x00000000","0x00000000","0x00000000","0x00000000","0x00000000","0x00000000","0x00000000","0x00000000","0x00","0x00","0x00","0x00","0x00","0x00","0x00","0x00","0x000","0x000","0x000","0x000","0x000","0x000","0x000","0x000","0x00","0x00","0x00","0x20","0x20","0x20","0x20","0x20","0x20","0x20","0x20","0x20","0x20","0x20","0x20","0x20","0x20","0x20","0x20","0x20","0x20","0x20","0x20","0x20","0x20","0x20","0x20","0x20","0x20","0x20","0x20","0x20","0x20","0x20","0x20"
"38","0x0","0x1","0b0000000000000000","0b0000000000000000","0","0","0b0000000000000000","0b0000000000000000","0b0000000000000000","0b0000000000000000","1","0b0000000000000000","0b0000000000000000","0x00000014","0x72000000","1","1","0x00000000","0","0","0","0x00000000","0x00000000","0x00000000","0x00000000","0x00000000","0x00000000","0x00000000","0x00000000","0x00000000","0x00000000","0x00000000","0x00000000","0x00000000","0x00000000","0x00000000","0x00000000","0x00000000","0x00000000","0x00000000","0x00000000","0x00000000","0x00000000","0x00000000","0x00000000","0x00000000","0x00000000","0x00000000","0x00000001","0xFFFFFFFF","0x00000000","0x00000000","0x00000040","0","0","0","0","0","0","0","0","0x0","0x0","0x0","0x0","0","0","0","0","0","0","0","0","0","0","0","0","0x00","0x00","0x00","0x00","0x0","0x0","0x0","0x0","1","0","0","0x0","0x00000000","0x00000000","0x00000000","0x00000000","0x00000000","0x00000000","0x00000000","0x00000000","0x00","0x00","0x00","0x00","0x00","0x00","0x00","0x00","0x000","0x000","0x000","0x000","0x000","0x000","0x000","0x000","0x00","0x00","0x00","0x20","0x20","0x20","0x20","0x20","0x20","0x20","0x20","0x20","0x20","0x20","0x20","0x20","0x20","0x20","0x20","0x20","0x20","0x20","0x20","0x20","0x20","0x20","0x20","0x20","0x20","0x20","0x20","0x20","0x20","0x20","0x20"
"39","0x0","0x1","0b0000000000000000","0b0000000000000000","0","0","0b0000000000000000","0b0000000000000000","0b0000000000000000","0b0000000000000000","0","0b0000000000000000","0b0000000000000000","0x00000014","0x72000000","1","1","0x00000000","0","0","0","0x00000000","0x00000000","0x00000000","0x00000000","0x00000000","0x00000000","0x00000000","0x00000000","0x00000000","0x00000000","0x00000000","0x00000000","0x00000000","0x00000000","0x00000000","0x00000000","0x00000000","0x00000000","0x00000000","0x00000000","0x00000000","0x00000000","0x00000000","0x00000000","0x00000000","0x00000000","0x00000000","0x00000001","0xFFFFFFFF","0x00000000","0x00000000","0x00000040","0","0","0","0","0","0","0","0","0x0","0x0","0x0","0x0","0","0","0","0","0","0","0","0","0","0","0","0","0x00","0x00","0x00","0x00","0x0","0x0","0x0","0x0","1","0","0","0x0","0x00000000","0x00000000","0x00000000","0x00000000","0x00000000","0x00000000","0x00000000","0x00000000","0x00","0x00","0x00","0x00","0x00","0x00","0x00","0x00","0x000","0x000","0x000","0x000","0x000","0x000","0x000","0x000","0x00","0x00","0x00","0x20","0x20","0x20","0x20","0x20","0x20","0x20","0x20","0x20","0x20","0x20","0x20","0x20","0x20","0x20","0x20","0x20","0x20","0x20","0x20","0x20","0x20","0x20","0x20","0x20","0x20","0x20","0x20","0x20","0x20","0x20","0x20"
"40","0x0","0x1","0b0000000000000000","0b0000000000000000","0","0","0b0000000000000000","0b0000000000000000","0b0000000000000000","0b0000000000000000","1","0b0000000000000000","0b0000000000000000","0x00000015","0x72000000","1","1","0x00000001","0","0","0","0x00000000","0x00000000","0x00000000","0x00000000","0x00000000","0x00000000","0x00000000","0x00000000","0x00000000","0x00000000","0x00000000","0x00000000","0x00000000","0x00000000","0x00000000","0x00000000","0x00000000","0x00000000","0x00000000","0x00000000","0x00000000","0x00000000","0x00000000","0x00000000","0x00000000","0x00000000","0x00000000","0x00000001","0xFFFFFFFF","0x00000000","0x00000000","0x00000040","0","0","0","0","0","0","0","0","0x0","0x0","0x0","0x0","0","0","0","0","0","0","0","0","0","0","0","0","0x00","0x00","0x00","0x00","0x0","0x0","0x0","0x0","1","0","0","0x0","0x00000000","0x00000000","0x00000000","0x00000000","0x00000000","0x00000000","0x00000000","0x00000000","0x00","0x00","0x00","0x00","0x00","0x00","0x00","0x00","0x000","0x000","0x000","0x000","0x000","0x000","0x000","0x000","0x00","0x00","0x00","0x20","0x20","0x20","0x20","0x20","0x20","0x20","0x20","0x20","0x20","0x20","0x20","0x20","0x20","0x20","0x20","0x20","0x20","0x20","0x20","0x20","0x20","0x20","0x20","0x20","0x20","0x20","0x20","0x20","0x20","0x20","0x20"
"41","0x0","0x1","0b0000000000000000","0b0000000000000000","0","0","0b0000000000000000","0b0000000000000000","0b0000000000000000","0b0000000000000000","0","0b0000000000000000","0b0000000000000000","0x00000015","0x72000000","1","1","0x00000001","0","0","0","0x00000000","0x00000000","0x00000000","0x00000000","0x00000000","0x00000000","0x00000000","0x00000000","0x00000000","0x00000000","0x00000000","0x00000000","0x00000000","0x00000000","0x00000000","0x00000000","0x00000000","0x00000000","0x00000000","0x00000000","0x00000000","0x00000000","0x00000000","0x00000000","0x00000000","0x00000000","0x00000000","0x00000001","0xFFFFFFFF","0x00000000","0x00000000","0x00000040","0","0","0","0","0","0","0","0","0x0","0x0","0x0","0x0","0","0","0","0","0","0","0","0","0","0","0","0","0x00","0x00","0x00","0x00","0x0","0x0","0x0","0x0","1","0","0","0x0","0x00000000","0x00000000","0x00000000","0x00000000","0x00000000","0x00000000","0x00000000","0x00000000","0x00","0x00","0x00","0x00","0x00","0x00","0x00","0x00","0x000","0x000","0x000","0x000","0x000","0x000","0x000","0x000","0x00","0x00","0x00","0x20","0x20","0x20","0x20","0x20","0x20","0x20","0x20","0x20","0x20","0x20","0x20","0x20","0x20","0x20","0x20","0x20","0x20","0x20","0x20","0x20","0x20","0x20","0x20","0x20","0x20","0x20","0x20","0x20","0x20","0x20","0x20"
"42","0x0","0x1","0b0000000000000000","0b0000000000000000","0","0","0b0000000000000000","0b0000000000000000","0b0000000000000000","0b0000000000000000","1","0b0000000000000000","0b0000000000000000","0x00000016","0x72000000","1","0","0x00000002","0","0","0","0x00000000","0x00000000","0x00000000","0x00000000","0x00000000","0x00000000","0x00000000","0x00000000","0x00000000","0x00000000","0x00000000","0x00000000","0x00000000","0x00000000","0x00000000","0x00000000","0x00000000","0x00000000","0x00000000","0x00000000","0x00000000","0x00000000","0x00000000","0x00000000","0x00000000","0x00000000","0x00000000","0x00000001","0xFFFFFFFF","0x00000000","0x00000000","0x00000040","0","0","0","0","0","0","0","0","0x0","0x0","0x0","0x0","0","0","0","0","0","0","0","0","0","0","0","0","0x00","0x00","0x00","0x00","0x0","0x0","0x0","0x0","1","0","0","0x0","0x00000000","0x00000000","0x00000000","0x00000000","0x00000000","0x00000000","0x00000000","0x00000000","0x00","0x00","0x00","0x00","0x00","0x00","0x00","0x00","0x000","0x000","0x000","0x000","0x000","0x000","0x000","0x000","0x00","0x00","0x00","0x20","0x20","0x20","0x20","0x20","0x20","0x20","0x20","0x20","0x20","0x20","0x20","0x20","0x20","0x20","0x20","0x20","0x20","0x20","0x20","0x20","0x20","0x20","0x20","0x20","0x20","0x20","0x20","0x20","0x20","0x20","0x20"
"43","0x0","0x1","0b0000000000000000","0b0000000000000000","0","0","0b0000000000000000","0b0000000000000000","0b0000000000000000","0b0000000000000000","0","0b0000000000000000","0b0000000000000000","0x00000016","0x72000000","1","0","0x00000002","1","0","0","0x00000000","0x00000000","0x00000000","0x00000000","0x00000000","0x00000000","0x00000000","0x00000000","0x00000000","0x00000000","0x00000000","0x00000000","0x00000000","0x00000000","0x00000000","0x00000000","0x00000000","0x00000000","0x00000000","0x00000000","0x00000000","0x00000000","0x00000000","0x00000000","0x00000000","0x00000000","0x00000000","0x00000001","0xFFFFFFFF","0x00000000","0x00000000","0x00000040","0","0","0","0","0","0","0","0","0x0","0x0","0x0","0x0","0","0","0","0","0","0","0","0","0","0","0","0","0x00","0x00","0x00","0x00","0x0","0x0","0x0","0x0","1","0","0","0x0","0x00000000","0x00000000","0x00000000","0x00000000","0x00000000","0x00000000","0x00000000","0x00000000","0x00","0x00","0x00","0x00","0x00","0x00","0x00","0x00","0x000","0x000","0x000","0x000","0x000","0x000","0x000","0x000","0x00","0x00","0x00","0x20","0x20","0x20","0x20","0x20","0x20","0x20","0x20","0x20","0x20","0x20","0x20","0x20","0x20","0x20","0x20","0x20","0x20","0x20","0x20","0x20","0x20","0x20","0x20","0x20","0x20","0x20","0x20","0x20","0x20","0x20","0x20"
"44","0x0","0x1","0b0000000000000000","0b0000000000000000","0","0","0b0000000000000000","0b0000000000000000","0b0000000000000000","0b0000000000000000","1","0b0000000000000000","0b0000000000000000","0x00000017","0x72000000","1","0","0x00000003","1","0","0","0x00000000","0x00000000","0x00000000","0x00000000","0x00000000","0x00000000","0x00000000","0x00000000","0x00000000","0x00000000","0x00000000","0x00000000","0x00000000","0x00000000","0x00000000","0x00000000","0x00000000","0x00000000","0x00000000","0x00000000","0x00000000","0x00000000","0x00000000","0x00000000","0x00000000","0x00000000","0x00000000","0x00000001","0xFFFFFFFF","0x00000000","0x00000000","0x00000040","0","0","0","0","0","0","0","0","0x0","0x0","0x0","0x0","0","0","0","0","0","0","0","0","0","0","0","0","0x00","0x00","0x00","0x00","0x0","0x0","0x0","0x0","1","0","0","0x0","0x00000000","0x00000000","0x00000000","0x00000000","0x00000000","0x00000000","0x00000000","0x00000000","0x00","0x00","0x00","0x00","0x00","0x00","0x00","0x00","0x000","0x000","0x000","0x000","0x000","0x000","0x000","0x000","0x00","0x00","0x00","0x20","0x20","0x20","0x20","0x20","0x20","0x20","0x20","0x20","0x20","0x20","0x20","0x20","0x20","0x20","0x20","0x20","0x20","0x20","0x20","0x20","0x20","0x20","0x20","0x20","0x20","0x20","0x20","0x20","0x20","0x20","0x20"
"45","0x0","0x1","0b0000000000000000","0b0000000000000001","0","0","0b0000000000000000","0b0000000000000000","0b0000000000000000","0b0000000000000000","0","0b0000000000000000","0b0000000000000000","0x00000017","0x1AC40400","1","0","0x00000003","1","0","0","0x00000000","0x00000000","0x00000000","0x00000000","0x00000000","0x00000000","0x00000000","0x00000000","0x00000000","0x00000000","0x00000000","0x00000000","0x00000000","0x00000000","0x00000000","0x00000000","0x00000000","0x00000000","0x00000000","0x00000000","0x00000000","0x00000000","0x00000000","0x00000000","0x00000000","0x00000000","0x00000000","0x00000001","0xFFFFFFFF","0x00000000","0x00000000","0x00000040","0","0","0","0","0","0","0","0","0x0","0x0","0x0","0x0","0","0","0","0","0","0","0","0","0","0","0","0","0x00","0x00","0x00","0x00","0x0","0x0","0x0","0x0","1","0","0","0x0","0x1AC40400","0x00000000","0x00000000","0x00000000","0x00000000","0x00000000","0x00000000","0x00000000","0x00","0x00","0x00","0x00","0x00","0x00","0x00","0x00","0x000","0x000","0x000","0x000","0x000","0x000","0x000","0x000","0x00","0x01","0x01","0x20","0x20","0x20","0x20","0x20","0x20","0x20","0x20","0x20","0x20","0x20","0x20","0x20","0x20","0x20","0x20","0x20","0x20","0x20","0x20","0x20","0x20","0x20","0x20","0x00","0x20","0x20","0x20","0x20","0x20","0x20","0x20"
"46","0x0","0x1","0b0000000000000000","0b0000000000000001","0","0","0b0000000000000000","0b0000000000000000","0b0000000000000000","0b0000000000000000","1","0b0000000000000000","0b0000000000000000","0x00000018","0x1AC40400","1","0","0x00000004","1","0","0","0x00000000","0x00000000","0x00000000","0x00000000","0x00000000","0x00000000","0x00000000","0x00000000","0x00000000","0x00000000","0x00000000","0x00000000","0x00000000","0x00000000","0x00000000","0x00000000","0x00000000","0x00000000","0x00000000","0x00000000","0x00000000","0x00000000","0x00000000","0x00000000","0x00000000","0x00000000","0x00000000","0x00000001","0xFFFFFFFF","0x00000000","0x00000000","0x00000040","0","0","0","0","0","0","0","0","0x0","0x0","0x0","0x0","0","0","0","0","0","0","0","0","0","0","0","0","0x00","0x00","0x00","0x00","0x0","0x0","0x0","0x0","1","0","0","0x0","0x1AC40400","0x00000000","0x00000000","0x00000000","0x00000000","0x00000000","0x00000000","0x00000000","0x00","0x00","0x00","0x00","0x00","0x00","0x00","0x00","0x000","0x000","0x000","0x000","0x000","0x000","0x000","0x000","0x00","0x01","0x01","0x20","0x20","0x20","0x20","0x20","0x20","0x20","0x20","0x20","0x20","0x20","0x20","0x20","0x20","0x20","0x20","0x20","0x20","0x20","0x20","0x20","0x20","0x20","0x20","0x00","0x20","0x20","0x20","0x20","0x20","0x20","0x20"
"47","0x0","0x1","0b0000000000000000","0b0000000000000011","0","0","0b0000000000000000","0b0000000000000000","0b0000000000000000","0b0000000000000001","0","0b0000000000000000","0b0000000000000001","0x00000018","0x1AC10000","1","0","0x00000004","1","0","0","0x00000000","0x00000000","0x00000000","0x00000000","0x00000000","0x00000000","0x00000000","0x00000000","0x00000000","0x00000000","0x00000000","0x00000000","0x00000000","0x00000000","0x00000000","0x00000000","0x00000000","0x00000000","0x00000000","0x00000000","0x00000000","0x00000000","0x00000000","0x00000000","0x00000000","0x00000000","0x00000000","0x00000001","0xFFFFFFFF","0x00000004","0x00000000","0x00000040","0","0","0","0","0","0","0","0","0x0","0x0","0x0","0x0","0","0","0","0","0","0","0","0","0","0","0","0","0x00","0x00","0x00","0x00","0x0","0x0","0x0","0x0","1","0","0","0x0","0x1AC10000","0x1AC40400","0x00000000","0x00000000","0x00000000","0x00000000","0x00000000","0x00000000","0x01","0x00","0x00","0x00","0x00","0x00","0x00","0x00","0x000","0x000","0x000","0x000","0x000","0x000","0x000","0x000","0x00","0x01","0x01","0x20","0x20","0x20","0x20","0x20","0x20","0x20","0x20","0x20","0x20","0x20","0x20","0x20","0x20","0x20","0x20","0x20","0x20","0x20","0x20","0x20","0x20","0x20","0x20","0x01","0x20","0x20","0x20","0x20","0x20","0x20","0x20"
"48","0x0","0x1","0b0000000000000000","0b0000000000000011","0","0","0b0000000000000000","0b0000000000000000","0b0000000000000000","0b0000000000000001","1","0b0000000000000000","0b0000000000000001","0x00000019","0x1AC10000","1","0","0x00000005","1","0","0","0x00000000","0x00000000","0x00000000","0x00000000","0x00000000","0x00000000","0x00000000","0x00000000","0x00000000","0x00000000","0x00000000","0x00000000","0x00000000","0x00000000","0x00000000","0x00000000","0x00000000","0x00000000","0x00000000","0x00000000","0x00000000","0x00000000","0x00000000","0x00000000","0x00000000","0x00000000","0x00000000","0x00000001","0xFFFFFFFF","0x00000004","0x00000000","0x00000040","0","0","0","0","0","0","0","0","0x0","0x0","0x0","0x0","0","0","0","0","0","0","0","0","0","0","0","0","0x00","0x00","0x00","0x00","0x0","0x0","0x0","0x0","1","0","0","0x0","0x1AC10000","0x1AC40400","0x00000000","0x00000000","0x00000000","0x00000000","0x00000000","0x00000000","0x01","0x00","0x00","0x00","0x00","0x00","0x00","0x00","0x000","0x000","0x000","0x000","0x000","0x000","0x000","0x000","0x00","0x01","0x01","0x20","0x20","0x20","0x20","0x20","0x20","0x20","0x20","0x20","0x20","0x20","0x20","0x20","0x20","0x20","0x20","0x20","0x20","0x20","0x20","0x20","0x20","0x20","0x20","0x01","0x20","0x20","0x20","0x20","0x20","0x20","0x20"
"49","0x0","0x1","0b0000000000000001","0b0000000000000111","0","1","0b0000000000000000","0b0000000000000001","0b0000000000000000","0b0000000000000010","0","0b0000000000000001","0b0000000000000010","0x00000019","0x1AF00264","1","0","0x00000005","1","0","0","0x00000000","0x00000000","0x00000000","0x00000000","0x00000000","0x00000000","0x00000000","0x00000000","0x00000000","0x00000000","0x00000000","0x00000000","0x00000000","0x00000000","0x00000000","0x00000000","0x00000000","0x00000000","0x00000000","0x00000000","0x00000000","0x00000000","0x00000000","0x00000000","0x00000000","0x00000000","0x00000000","0x00000001","0xFFFFFFFF","0x00000008","0x00000000","0x00000040","0","0","0","0","0","0","0","0","0x0","0x0","0x0","0x0","0","0","0","0","0","0","0","0","0","0","0","0","0x00","0x00","0x00","0x00","0x0","0x0","0x0","0x0","1","0","0","0x0","0x1AF00264","0x1AC10000","0x1AC40400","0x00000000","0x00000000","0x00000000","0x00000000","0x00000000","0x02","0x01","0x00","0x00","0x00","0x00","0x00","0x00","0x000","0x000","0x000","0x000","0x000","0x000","0x000","0x000","0x00","0x01","0x01","0x20","0x20","0x20","0x20","0x20","0x20","0x20","0x20","0x20","0x20","0x20","0x20","0x20","0x20","0x20","0x20","0x20","0x20","0x20","0x20","0x20","0x20","0x20","0x20","0x01","0x20","0x20","0x20","0x20","0x20","0x02","0x20"
"50","0x0","0x1","0b0000000000000001","0b0000000000000111","0","1","0b0000000000000000","0b0000000000000001","0b0000000000000000","0b0000000000000010","1","0b0000000000000001","0b0000000000000010","0x0000001A","0x1AF00264","1","0","0x00000006","1","0","0","0x00000000","0x00000000","0x00000000","0x00000000","0x00000000","0x00000000","0x00000000","0x00000000","0x00000000","0x00000000","0x00000000","0x00000000","0x00000000","0x00000000","0x00000000","0x00000000","0x00000000","0x00000000","0x00000000","0x00000000","0x00000000","0x00000000","0x00000000","0x00000000","0x04000000","0x00000000","0x00000000","0x00000001","0xFFFFFFFF","0x00000008","0x00000000","0x00000040","0","0","0","0","0","0","0","0","0x0","0x0","0x0","0x0","0","0","0","0","0","0","0","0","0","0","0","0","0x00","0x00","0x00","0x00","0x0","0x0","0x0","0x0","1","0","0","0x0","0x1AF00264","0x1AC10000","0x1AC40400","0x00000000","0x00000000","0x00000000","0x00000000","0x00000000","0x02","0x01","0x00","0x00","0x00","0x00","0x00","0x00","0x000","0x000","0x000","0x000","0x000","0x000","0x000","0x000","0x00","0x01","0x01","0x20","0x20","0x20","0x20","0x20","0x20","0x20","0x20","0x20","0x20","0x20","0x20","0x20","0x20","0x20","0x20","0x20","0x20","0x20","0x20","0x20","0x20","0x20","0x20","0x01","0x20","0x20","0x20","0x20","0x20","0x02","0x20"
"51","0x1","0x2","0b0000000000000010","0b0000000000001110","0","1","0b0000000000000000","0b0000000000000010","0b0000000000000000","0b0000000000000100","0","0b0000000000000010","0b0000000000000100","0x0000001A","0x1A080061","1","0","0x00000006","1","0","0","0x00000000","0x00000000","0x00000000","0x00000000","0x00000000","0x00000000","0x00000000","0x00000000","0x00000000","0x00000000","0x00000000","0x00000000","0x00000000","0x00000000","0x00000000","0x00000000","0x00000000","0x00000000","0x00000000","0x00000000","0x00000000","0x00000000","0x00000000","0x00000000","0x04000000","0x00000000","0x00000000","0x00000001","0xFFFFFFFF","0x0000000C","0x00000000","0x00000040","0","0","0","0","0","0","0","0","0x0","0x0","0x0","0x0","0","0","0","0","0","0","0","0","0","0","0","0","0x00","0x00","0x00","0x00","0x0","0x0","0x0","0x0","1","0","0","0x0","0x1A080061","0x1AF00264","0x1AC10000","0x1AC40400","0x00000000","0x00000000","0x00000000","0x00000000","0x03","0x02","0x01","0x00","0x00","0x00","0x00","0x00","0x000","0x000","0x000","0x000","0x000","0x000","0x000","0x000","0x00","0x01","0x01","0x20","0x03","0x20","0x20","0x20","0x20","0x20","0x20","0x20","0x20","0x20","0x20","0x20","0x20","0x20","0x20","0x20","0x20","0x20","0x20","0x20","0x20","0x20","0x20","0x01","0x20","0x20","0x20","0x20","0x20","0x02","0x20"
"52","0x1","0x2","0b0000000000000010","0b0000000000001110","0","1","0b0000000000000000","0b0000000000000010","0b0000000000000000","0b0000000000000100","1","0b0000000000000010","0b0000000000000100","0x0000001B","0x1A080061","1","0","0x00000007","1","0","0","0x00000000","0x00000000","0x00000000","0x00000000","0x00000000","0x00000000","0x00000000","0x00000000","0x00000000","0x00000000","0x00000000","0x00000000","0x00000000","0x00000000","0x00000000","0x00000000","0x00000000","0x00000000","0x00000000","0x00000000","0x00000000","0x00000000","0x00000000","0x00000000","0x04000000","0x00000000","0x00000000","0x00000001","0xFFFFFFFF","0x0000000C","0x00000000","0x00000040","0","0","0","0","0","0","0","1","0x0","0x0","0x0","0x4","0","0","0","0","0","0","0","0","0","0","0","0","0x00","0x00","0x00","0x00","0x0","0x0","0x0","0x0","1","0","0","0x0","0x1A080061","0x1AF00264","0x1AC10000","0x1AC40400","0x00000000","0x00000000","0x00000000","0x00000000","0x03","0x02","0x01","0x00","0x00","0x00","0x00","0x00","0x000","0x000","0x000","0x000","0x000","0x000","0x000","0x000","0x00","0x01","0x01","0x20","0x03","0x20","0x20","0x20","0x20","0x20","0x20","0x20","0x20","0x20","0x20","0x20","0x20","0x20","0x20","0x20","0x20","0x20","0x20","0x20","0x20","0x20","0x20","0x01","0x20","0x20","0x20","0x20","0x20","0x02","0x20"
"53","0x2","0x3","0b0000000000000100","0b0000000000011100","0","1","0b0000000000000000","0b0000000000000100","0b0000000000000000","0b0000000000001000","0","0b0000000000000100","0b0000000000001000","0x0000001B","0x7208000C","1","0","0x00000007","1","0","0","0x00000000","0x00000000","0x00000000","0x00000000","0x00000000","0x00000000","0x00000000","0x00000000","0x00000000","0x00000000","0x00000000","0x00000000","0x00000000","0x00000000","0x00000000","0x00000000","0x00000000","0x00000000","0x00000000","0x00000000","0x00000000","0x00000000","0x00000000","0x00000000","0x04000000","0x00000000","0x00000000","0x00000001","0xFFFFFFFF","0x00000010","0x00000000","0x00000040","0","0","0","0","0","0","0","1","0x0","0x0","0x0","0x4","0","0","0","0","0","0","0","0","0","0","0","0","0x00","0x00","0x00","0x00","0x0","0x0","0x0","0x0","1","0","0","0x0","0x5808000C","0x1A080061","0x1AF00264","0x1AC10000","0x1AC40400","0x00000000","0x00000000","0x00000000","0x04","0x03","0x02","0x01","0x00","0x00","0x00","0x00","0x130","0x000","0x000","0x000","0x000","0x000","0x000","0x000","0x00","0x00","0x01","0x20","0x03","0x20","0x20","0x20","0x20","0x20","0x20","0x20","0x20","0x20","0x20","0x20","0x20","0x20","0x20","0x20","0x20","0x20","0x20","0x20","0x20","0x20","0x20","0x20","0x20","0x20","0x20","0x20","0x20","0x02","0x20"
"54","0x2","0x3","0b0000000000000100","0b0000000000011100","0","1","0b0000000000000000","0b0000000000000100","0b0000000000000000","0b0000000000001000","1","0b0000000000000100","0b0000000000001000","0x0000001C","0x7208000C","1","0","0x00000008","1","0","0","0x00000000","0x00000000","0x00000000","0x00000000","0x00000000","0x00000000","0x00000000","0x00000000","0x00000000","0x00000000","0x00000000","0x00000000","0x00000000","0x00000000","0x00000000","0x00000000","0x00000000","0x00000000","0x00000000","0x00000000","0x00000000","0x00000000","0x00000000","0x00000000","0x04000000","0x00000000","0x00000000","0x00000001","0xFFFFFFFF","0x00000010","0x00000264","0x00000040","0","0","0","0","0","0","0","1","0x0","0x0","0x0","0x4","0","0","0","0","0","0","0","0","0","0","0","0","0x00","0x00","0x00","0x00","0x0","0x0","0x0","0x0","1","0","0","0x0","0x5808000C","0x1A080061","0x1AF00264","0x1AC10000","0x1AC40400","0x00000000","0x00000000","0x00000000","0x04","0x03","0x02","0x01","0x00","0x00","0x00","0x00","0x130","0x000","0x000","0x000","0x000","0x000","0x000","0x000","0x00","0x00","0x01","0x20","0x03","0x20","0x20","0x20","0x20","0x20","0x20","0x20","0x20","0x20","0x20","0x20","0x20","0x20","0x20","0x20","0x20","0x20","0x20","0x20","0x20","0x20","0x20","0x20","0x20","0x20","0x20","0x20","0x20","0x02","0x20"
"55","0x3","0x4","0b0000000000001000","0b0000000000111000","0","1","0b0000000000000000","0b0000000000001000","0b0000000000000000","0b0000000000000000","0","0b0000000000001000","0b0000000000000000","0x0000001C","0x1A08000A","1","0","0x00000008","1","0","0","0x00000000","0x00000000","0x00000000","0x00000000","0x00000000","0x00000000","0x00000000","0x00000000","0x00000000","0x00000000","0x00000000","0x00000000","0x00000000","0x00000000","0x00000000","0x00000000","0x00000000","0x00000000","0x00000000","0x00000000","0x00000000","0x00000000","0x00000000","0x00000000","0x04000000","0x00000000","0x00000000","0x00000001","0xFFFFFFFF","0x00000014","0x00000264","0x00000040","0","0","0","0","0","0","0","1","0x0","0x0","0x0","0x4","0","0","0","0","0","0","0","0","0","0","0","0","0x00","0x00","0x00","0x00","0x0","0x0","0x0","0x0","1","0","0","0x0","0x1A08000A","0x5808000C","0x1A080061","0x1AF00264","0x1AC10000","0x1AC40400","0x00000000","0x00000000","0x05","0x04","0x03","0x02","0x01","0x00","0x00","0x00","0x000","0x130","0x000","0x000","0x000","0x000","0x000","0x000","0x00","0x01","0x03","0x20","0x05","0x20","0x20","0x20","0x20","0x20","0x20","0x20","0x20","0x20","0x20","0x20","0x20","0x20","0x20","0x20","0x20","0x20","0x20","0x20","0x20","0x20","0x20","0x20","0x20","0x20","0x20","0x20","0x20","0x20","0x20"
"56","0x3","0x4","0b0000000000001000","0b0000000000111000","0","1","0b0000000000000000","0b0000000000001000","0b0000000000000000","0b0000000000000000","1","0b0000000000001000","0b0000000000000000","0x0000001D","0x1A08000A","1","0","0x00000009","1","0","0","0x00000000","0x00000061","0x00000000","0x00000000","0x00000000","0x00000000","0x00000000","0x00000000","0x00000000","0x00000000","0x00000000","0x00000000","0x00000000","0x00000000","0x00000000","0x00000000","0x00000000","0x00000000","0x00000000","0x00000000","0x00000000","0x00000000","0x00000000","0x00000000","0x04000000","0x00000000","0x00000000","0x00000001","0xFFFFFFFF","0x00000014","0x00000264","0x00000040","0","0","0","0","0","0","1","1","0x0","0x0","0x6","0x4","0","0","0","0","0","0","0","0","0","0","0","0","0x00","0x00","0x00","0x00","0x0","0x0","0x0","0x0","1","0","0","0x0","0x1A08000A","0x5808000C","0x1A080061","0x1AF00264","0x1AC10000","0x1AC40400","0x00000000","0x00000000","0x05","0x04","0x03","0x02","0x01","0x00","0x00","0x00","0x000","0x130","0x000","0x000","0x000","0x000","0x000","0x000","0x00","0x01","0x03","0x20","0x05","0x20","0x20","0x20","0x20","0x20","0x20","0x20","0x20","0x20","0x20","0x20","0x20","0x20","0x20","0x20","0x20","0x20","0x20","0x20","0x20","0x20","0x20","0x20","0x20","0x20","0x20","0x20","0x20","0x20","0x20"
"57","0x4","0x5","0b0000000000000000","0b0000000001110000","0","0","0b0000000000000000","0b0000000000000000","0b0000000000000000","0b0000000000100000","0","0b0000000000000000","0b0000000000100000","0x0000001D","0x5808000C","1","0","0x00000009","1","0","0","0x00000000","0x00000061","0x00000000","0x00000000","0x00000000","0x00000000","0x00000000","0x00000000","0x00000000","0x00000000","0x00000000","0x00000000","0x00000000","0x00000000","0x00000000","0x00000000","0x00000000","0x00000000","0x00000000","0x00000000","0x00000000","0x00000000","0x00000000","0x00000000","0x04000000","0x00000000","0x00000000","0x00000001","0xFFFFFFFF","0x00000010","0x00000264","0x00000040","0","0","0","0","0","0","1","1","0x0","0x0","0x6","0x4","0","0","0","0","0","0","0","0","0","0","0","0","0x00","0x00","0x00","0x00","0x0","0x0","0x0","0x0","1","0","0","0x0","0x5808000C","0x1A08000A","0x5808000C","0x1A080061","0x1AF00264","0x1AC10000","0x1AC40400","0x00000000","0x06","0x05","0x04","0x03","0x02","0x01","0x00","0x00","0x050","0x000","0x130","0x000","0x000","0x000","0x000","0x000","0x00","0x04","0x05","0x20","0x05","0x20","0x20","0x20","0x20","0x20","0x20","0x20","0x20","0x20","0x20","0x20","0x20","0x20","0x20","0x20","0x20","0x20","0x20","0x20","0x20","0x20","0x20","0x20","0x20","0x20","0x20","0x20","0x20","0x20","0x20"
"58","0x4","0x5","0b0000000000000000","0b0000000001110000","0","0","0b0000000000000000","0b0000000000000000","0b0000000000000000","0b0000000000100000","1","0b0000000000000000","0b0000000000100000","0x0000001E","0x5808000C","1","0","0x0000000A","1","0","0","0x00000000","0x00000061","0x00000000","0x00000000","0x00000000","0x00000000","0x00000000","0x00000000","0x00000000","0x00000000","0x00000000","0x00000000","0x00000000","0x00000000","0x00000000","0x00000000","0x00000000","0x00000000","0x00000000","0x00000000","0x00000000","0x00000000","0x00000000","0x00000000","0x04000000","0x00000000","0x00000000","0x00000001","0xFFFFFFFF","0x00000010","0x00000264","0x00000040","0","0","0","0","0","1","1","1","0x0","0x7","0x6","0x4","0","0","0","0","0","0","0","0","0","0","0","0","0x00","0x00","0x00","0x00","0x0","0x0","0x0","0x0","1","0","0","0x0","0x5808000C","0x1A08000A","0x5808000C","0x1A080061","0x1AF00264","0x1AC10000","0x1AC40400","0x00000000","0x06","0x05","0x04","0x03","0x02","0x01","0x00","0x00","0x050","0x000","0x130","0x000","0x000","0x000","0x000","0x000","0x00","0x04","0x05","0x20","0x05","0x20","0x20","0x20","0x20","0x20","0x20","0x20","0x20","0x20","0x20","0x20","0x20","0x20","0x20","0x20","0x20","0x20","0x20","0x20","0x20","0x20","0x20","0x20","0x20","0x20","0x20","0x20","0x20","0x20","0x20"
"59","0x4","0x5","0b0000000000100000","0b0000000011110000","0","0","0b0000000000000000","0b0000000000000000","0b0000000000000000","0b0000000000010000","0","0b0000000000100000","0b0000000000010000","0x0000001E","0x70D00074","1","0","0x0000000A","1","0","0","0x00000000","0x00000061","0x00000000","0x00000000","0x00000000","0x00000000","0x00000000","0x00000000","0x00000000","0x00000000","0x00000000","0x00000000","0x00000000","0x00000000","0x00000000","0x00000000","0x00000000","0x00000000","0x00000000","0x00000000","0x00000000","0x00000000","0x00000000","0x00000000","0x04000000","0x00000000","0x00000000","0x00000001","0xFFFFFFFF","0x0000001C","0x00000264","0x00000040","0","0","0","0","0","1","1","1","0x0","0x7","0x6","0x4","0","0","0","0","0","0","0","0","0","0","0","0","0x00","0x00","0x00","0x00","0x0","0x0","0x0","0x0","1","0","0","0x4","0x70D00074","0x5808000C","0x1A08000A","0x5808000C","0x1A080061","0x1AF00264","0x1AC10000","0x1AC40400","0x07","0x06","0x05","0x04","0x03","0x02","0x01","0x00","0x000","0x050","0x000","0x130","0x000","0x000","0x000","0x000","0x00","0x01","0x03","0x20","0x05","0x20","0x20","0x20","0x20","0x20","0x20","0x20","0x20","0x20","0x20","0x20","0x20","0x20","0x20","0x20","0x20","0x20","0x20","0x20","0x20","0x20","0x20","0x20","0x20","0x20","0x20","0x20","0x20","0x07","0x20"
"60","0x4","0x5","0b0000000000100000","0b0000000011110000","0","0","0b0000000000000000","0b0000000000000000","0b0000000000000000","0b0000000000010000","1","0b0000000000100000","0b0000000000010000","0x0000001F","0x70D00074","1","0","0x0000000B","1","0","0","0x00000000","0x00000061","0x00000000","0x00000000","0x00000000","0x00000000","0x00000000","0x00000000","0x00000000","0x00000000","0x00000000","0x00000000","0x00000000","0x00000000","0x00000000","0x00000000","0x00000000","0x00000000","0x00000000","0x00000000","0x00000000","0x00000000","0x00000000","0x00000000","0x04000000","0x00000000","0x00000000","0x00000001","0xFFFFFFFF","0x0000001C","0x00000260","0x00000040","0","0","0","0","1","1","1","1","0x8","0x7","0x6","0x4","0","0","0","0","0","0","0","0","0","0","0","0","0x00","0x00","0x00","0x00","0x0","0x0","0x0","0x0","1","0","0","0x4","0x70D00074","0x5808000C","0x1A08000A","0x5808000C","0x1A080061","0x1AF00264","0x1AC10000","0x1AC40400","0x07","0x06","0x05","0x04","0x03","0x02","0x01","0x00","0x000","0x050","0x000","0x130","0x000","0x000","0x000","0x000","0x00","0x01","0x03","0x20","0x05","0x20","0x20","0x20","0x20","0x20","0x20","0x20","0x20","0x20","0x20","0x20","0x20","0x20","0x20","0x20","0x20","0x20","0x20","0x20","0x20","0x20","0x20","0x20","0x20","0x20","0x20","0x20","0x20","0x07","0x20"
"61","0x4","0x5","0b0000000000110000","0b0000000111110000","1","1","0b0000000000100000","0b0000000000010000","0b0000001100000000","0b0000000010000000","0","0b0000000000110000","0b0000000010000000","0x0000001F","0x72D000C4","1","0","0x0000000B","0","0","1","0x00000000","0x00000061","0x00000000","0x00000000","0x00000000","0x00000000","0x00000000","0x00000000","0x00000000","0x00000000","0x00000000","0x00000000","0x00000000","0x00000000","0x00000000","0x00000000","0x00000000","0x00000000","0x00000000","0x00000000","0x00000000","0x00000000","0x00000000","0x00000000","0x04000000","0x00000000","0x00000000","0x00000001","0xFFFFFFFF","0x00000020","0x00000260","0x00000040","0","0","0","0","1","1","1","1","0x8","0x7","0x6","0x4","0","0","0","0","0","0","0","0","0","0","0","0","0x00","0x00","0x00","0x00","0x0","0x0","0x0","0x0","1","0","0","0x7","0x70D000C4","0x70D00074","0x5808000C","0x1A08000A","0x5808000C","0x1A080061","0x1AF00264","0x1AC10000","0x08","0x07","0x06","0x05","0x04","0x03","0x02","0x01","0x007","0x000","0x050","0x000","0x130","0x000","0x000","0x000","0x01","0x00","0x05","0x20","0x05","0x20","0x20","0x20","0x20","0x20","0x20","0x20","0x20","0x20","0x20","0x20","0x20","0x20","0x20","0x20","0x20","0x20","0x20","0x20","0x20","0x20","0x20","0x20","0x20","0x20","0x20","0x20","0x20","0x08","0x20"
"62","0x4","0x5","0b0000000000110000","0b0000000111110000","1","1","0b0000000000100000","0b0000000000010000","0b0000001100000000","0b0000000010000000","1","0b0000000000110000","0b0000000010000000","0x00000020","0x72D000C4","1","0","0x0000000C","0","0","1","0x00000000","0x0000000A","0x00000000","0x00000000","0x00000000","0x00000000","0x00000000","0x00000000","0x00000000","0x00000000","0x00000000","0x00000000","0x00000000","0x00000000","0x00000000","0x00000000","0x00000000","0x00000000","0x00000000","0x00000000","0x00000000","0x00000000","0x00000000","0x00000000","0x04000000","0x00000000","0x00000000","0x00000001","0xFFFFFFFF","0x00000020","0x00000260","0x00000040","0","0","0","1","0","1","1","1","0x8","0x7","0x6","0x4","0","0","0","0","0","0","0","0","0","0","0","0","0x00","0x00","0x00","0x00","0x0","0x0","0x0","0x0","1","0","0","0x7","0x70D000C4","0x70D00074","0x5808000C","0x1A08000A","0x5808000C","0x1A080061","0x1AF00264","0x1AC10000","0x08","0x07","0x06","0x05","0x04","0x03","0x02","0x01","0x007","0x000","0x050","0x000","0x130","0x000","0x000","0x000","0x01","0x00","0x05","0x20","0x05","0x20","0x20","0x20","0x20","0x20","0x20","0x20","0x20","0x20","0x20","0x20","0x20","0x20","0x20","0x20","0x20","0x20","0x20","0x20","0x20","0x20","0x20","0x20","0x20","0x20","0x20","0x20","0x20","0x08","0x20"
"63","0x6","0x7","0b0000000010000000","0b0000000011000000","0","0","0b0000000000000000","0b0000000000000000","0b0000000000000000","0b0000000000000000","0","0b0000000010000000","0b0000000000000000","0x00000020","0x5808000C","1","0","0x0000000C","0","0","0","0x00000000","0x0000000A","0x00000000","0x00000000","0x00000000","0x00000000","0x00000000","0x00000000","0x00000000","0x00000000","0x00000000","0x00000000","0x00000000","0x00000000","0x00000000","0x00000000","0x00000000","0x00000000","0x00000000","0x00000000","0x00000000","0x00000000","0x00000000","0x00000000","0x04000000","0x00000000","0x00000000","0x00000001","0xFFFFFFFF","0x00000018","0x00000260","0x00000040","0","0","0","1","0","1","1","1","0x8","0x7","0x6","0x4","0","0","0","0","0","0","0","0","0","0","0","0","0x00","0x00","0x00","0x00","0x0","0x0","0x0","0x0","1","0","0","0x7","0x5A000204","0x70D000C4","0x70D00074","0x5808000C","0x1A08000A","0x5808000C","0x1A080061","0x1AF00264","0x09","0x08","0x07","0x06","0x05","0x04","0x03","0x02","0x000","0x007","0x000","0x050","0x000","0x130","0x000","0x000","0x00","0x08","0x08","0x20","0x20","0x20","0x20","0x20","0x20","0x20","0x20","0x20","0x20","0x20","0x20","0x20","0x20","0x20","0x20","0x20","0x20","0x20","0x20","0x20","0x20","0x20","0x20","0x20","0x20","0x20","0x20","0x20","0x20","0x07","0x20"
"64","0x6","0x7","0b0000000010000000","0b0000000011000000","0","0","0b0000000000000000","0b0000000000000000","0b0000000000000000","0b0000000000000000","1","0b0000000010000000","0b0000000000000000","0x00000021","0x5808000C","1","0","0x0000000D","0","0","0","0x00000000","0x0000000A","0x00000000","0x00000000","0x00000000","0x00000000","0x00000000","0x00000000","0x00000000","0x00000000","0x00000000","0x00000000","0x00000000","0x00000000","0x00000000","0x00000000","0x00000000","0x00000000","0x00000000","0x00000000","0x00000000","0x00000000","0x00000000","0x00000000","0x04000000","0x00000000","0x00000000","0x00000001","0xFFFFFFFF","0x00000018","0x00000260","0x00000040","0","0","0","0","0","1","1","0","0x8","0x7","0x6","0x4","0","0","0","0","0","0","0","0","0","0","0","0","0x00","0x00","0x00","0x00","0x0","0x0","0x0","0x0","1","0","0","0x7","0x5A000204","0x70D000C4","0x70D00074","0x5808000C","0x1A08000A","0x5808000C","0x1A080061","0x1AF00264","0x09","0x08","0x07","0x06","0x05","0x04","0x03","0x02","0x000","0x007","0x000","0x050","0x000","0x130","0x000","0x000","0x00","0x08","0x08","0x20","0x20","0x20","0x20","0x20","0x20","0x20","0x20","0x20","0x20","0x20","0x20","0x20","0x20","0x20","0x20","0x20","0x20","0x20","0x20","0x20","0x20","0x20","0x20","0x20","0x20","0x20","0x20","0x20","0x20","0x07","0x20"
"65","0x6","0x7","0b0000000010000000","0b0000000011000000","0","0","0b0000000000000000","0b0000000000000000","0b0000000000000000","0b0000000001000000","0","0b0000000010000000","0b0000000001000000","0x00000021","0x72000204","1","0","0x0000000D","0","0","0","0x00000000","0x0000000A","0x00000000","0x00000000","0x00000000","0x00000000","0x00000000","0x00000000","0x00000000","0x00000000","0x00000000","0x00000000","0x00000000","0x00000000","0x00000000","0x00000000","0x00000000","0x00000000","0x00000000","0x00000000","0x00000000","0x00000000","0x00000000","0x00000000","0x04000000","0x00000000","0x00000000","0x00000001","0xFFFFFFFF","0x00000020","0x00000260","0x00000040","0","0","0","0","0","1","1","0","0x8","0x7","0x6","0x4","0","0","0","0","0","0","0","0","0","0","0","0","0x00","0x00","0x00","0x00","0x0","0x0","0x0","0x0","1","0","0","0x6","0x5A000204","0x5A000204","0x70D000C4","0x70D00074","0x5808000C","0x1A08000A","0x5808000C","0x1A080061","0x08","0x09","0x08","0x07","0x06","0x05","0x04","0x03","0x000","0x000","0x007","0x000","0x050","0x000","0x130","0x000","0x00","0x00","0x00","0x20","0x20","0x20","0x20","0x20","0x20","0x20","0x20","0x20","0x20","0x20","0x20","0x20","0x20","0x20","0x20","0x20","0x20","0x20","0x20","0x20","0x20","0x20","0x20","0x20","0x20","0x20","0x20","0x20","0x20","0x07","0x20"
"66","0x6","0x7","0b0000000010000000","0b0000000011000000","0","0","0b0000000000000000","0b0000000000000000","0b0000000000000000","0b0000000001000000","1","0b0000000010000000","0b0000000001000000","0x00000022","0x72000204","1","0","0x0000000E","0","0","0","0x00000000","0x0000000A","0x00000000","0x00000000","0x00000000","0x00000000","0x00000000","0x00000000","0x00000000","0x00000000","0x00000000","0x00000000","0x00000000","0x00000000","0x00000000","0x00000000","0x00000000","0x00000000","0x00000000","0x00000000","0x00000000","0x00000000","0x00000000","0x00000000","0x04000000","0x00000000","0x00000000","0x00000001","0xFFFFFFFF","0x00000020","0x00000260","0x00000040","0","0","0","0","0","1","1","0","0x8","0x7","0x6","0x4","0","0","0","0","0","0","0","0","0","0","0","0","0x00","0x00","0x00","0x00","0x0","0x0","0x0","0x0","1","0","0","0x6","0x5A000204","0x5A000204","0x70D000C4","0x70D00074","0x5808000C","0x1A08000A","0x5808000C","0x1A080061","0x08","0x09","0x08","0x07","0x06","0x05","0x04","0x03","0x000","0x000","0x007","0x000","0x050","0x000","0x130","0x000","0x00","0x00","0x00","0x20","0x20","0x20","0x20","0x20","0x20","0x20","0x20","0x20","0x20","0x20","0x20","0x20","0x20","0x20","0x20","0x20","0x20","0x20","0x20","0x20","0x20","0x20","0x20","0x20","0x20","0x20","0x20","0x20","0x20","0x07","0x20"
"67","0x6","0x7","0b0000000011000000","0b0000000011000000","1","1","0b0000000010000000","0b0000000001000000","0b0000000000000000","0b0000000000000000","0","0b0000000011000000","0b0000000000000000","0x00000022","0x72000204","1","0","0x0000000E","1","0","0","0x00000000","0x0000000A","0x00000000","0x00000000","0x00000000","0x00000000","0x00000000","0x00000000","0x00000000","0x00000000","0x00000000","0x00000000","0x00000000","0x00000000","0x00000000","0x00000000","0x00000000","0x00000000","0x00000000","0x00000000","0x00000000","0x00000000","0x00000000","0x00000000","0x04000000","0x00000000","0x00000000","0x00000001","0xFFFFFFFF","0x00000020","0x00000260","0x00000040","0","0","0","0","0","1","1","0","0x8","0x7","0x6","0x4","0","0","0","0","0","0","0","0","0","0","0","0","0x00","0x00","0x00","0x00","0x0","0x0","0x0","0x0","1","0","0","0x6","0x5A000204","0x5A000204","0x5A000204","0x70D000C4","0x70D00074","0x5808000C","0x1A08000A","0x5808000C","0x08","0x08","0x09","0x08","0x07","0x06","0x05","0x04","0x000","0x000","0x000","0x007","0x000","0x050","0x000","0x130","0x00","0x00","0x00","0x20","0x20","0x20","0x20","0x20","0x20","0x20","0x20","0x20","0x20","0x20","0x20","0x20","0x20","0x20","0x20","0x20","0x20","0x20","0x20","0x20","0x20","0x20","0x20","0x20","0x20","0x20","0x20","0x20","0x20","0x07","0x20"
"68","0x6","0x7","0b0000000011000000","0b0000000011000000","1","1","0b0000000010000000","0b0000000001000000","0b0000000000000000","0b0000000000000000","1","0b0000000011000000","0b0000000000000000","0x00000023","0x72000204","1","0","0x0000000F","1","0","0","0x00000000","0x0000000A","0x00000000","0x00000000","0x00000000","0x00000000","0x00000000","0x00000000","0x00000000","0x00000000","0x00000000","0x00000000","0x00000000","0x00000000","0x00000000","0x00000000","0x00000000","0x00000000","0x00000000","0x00000000","0x00000000","0x00000000","0x00000000","0x00000000","0x04000000","0x00000000","0x00000000","0x00000001","0xFFFFFFFF","0x00000074","0x00000260","0x00000040","0","1","1","0","0","1","1","0","0x8","0x7","0x6","0x4","0","0","0","0","0","0","0","0","0","0","0","0","0x00","0x00","0x00","0x00","0x0","0x0","0x0","0x0","1","0","0","0x6","0x5A000204","0x5A000204","0x5A000204","0x70D000C4","0x70D00074","0x5808000C","0x1A08000A","0x5808000C","0x08","0x08","0x09","0x08","0x07","0x06","0x05","0x04","0x000","0x000","0x000","0x007","0x000","0x050","0x000","0x130","0x00","0x00","0x00","0x20","0x20","0x20","0x20","0x20","0x20","0x20","0x20","0x20","0x20","0x20","0x20","0x20","0x20","0x20","0x20","0x20","0x20","0x20","0x20","0x20","0x20","0x20","0x20","0x20","0x20","0x20","0x20","0x20","0x20","0x07","0x20"
"69","0x8","0x9","0b0000000000000000","0b0000000100000000","0","0","0b0000000000000000","0b0000000000000000","0b0000000000000000","0b0000000000000000","0","0b0000000000000000","0b0000000000000000","0x00000023","0x1A080001","1","0","0x0000000F","1","0","0","0x00000000","0x0000000A","0x00000000","0x00000000","0x00000000","0x00000000","0x00000000","0x00000000","0x00000000","0x00000000","0x00000000","0x00000000","0x00000000","0x00000000","0x00000000","0x00000000","0x00000000","0x00000000","0x00000000","0x00000000","0x00000000","0x00000000","0x00000000","0x00000000","0x04000000","0x00000000","0x00000000","0x00000001","0xFFFFFFFF","0x00000074","0x00000260","0x00000040","0","1","1","0","0","1","1","0","0x8","0x7","0x6","0x4","0","0","0","0","0","0","0","0","0","0","0","0","0x00","0x00","0x00","0x00","0x0","0x0","0x0","0x0","1","0","0","0x6","0x1A080001","0x5A000204","0x5A000204","0x5A000204","0x70D000C4","0x70D00074","0x5808000C","0x1A08000A","0x08","0x08","0x08","0x09","0x08","0x07","0x06","0x05","0x000","0x000","0x000","0x000","0x007","0x000","0x050","0x000","0x00","0x01","0x01","0x20","0x08","0x20","0x20","0x20","0x20","0x20","0x20","0x20","0x20","0x20","0x20","0x20","0x20","0x20","0x20","0x20","0x20","0x20","0x20","0x20","0x20","0x20","0x20","0x20","0x20","0x20","0x20","0x20","0x20","0x20","0x20"
"70","0x8","0x9","0b0000000000000000","0b0000000100000000","0","0","0b0000000000000000","0b0000000000000000","0b0000000000000000","0b0000000000000000","1","0b0000000000000000","0b0000000000000000","0x00000024","0x1A080001","1","0","0x00000010","1","0","0","0x00000000","0x0000000A","0x00000000","0x00000000","0x00000000","0x00000000","0x00000000","0x00000000","0x00000000","0x00000000","0x00000000","0x00000000","0x00000000","0x00000000","0x00000000","0x00000000","0x00000000","0x00000000","0x00000000","0x00000000","0x00000000","0x00000000","0x00000000","0x00000000","0x04000000","0x00000000","0x00000000","0x00000001","0xFFFFFFFF","0x00000074","0x00000260","0x00000040","0","1","0","0","0","1","0","0","0x8","0x7","0x6","0x4","0","0","0","0","0","0","0","0","0","0","0","0","0x00","0x00","0x00","0x00","0x0","0x0","0x0","0x0","1","0","0","0x6","0x1A080001","0x5A000204","0x5A000204","0x5A000204","0x70D000C4","0x70D00074","0x5808000C","0x1A08000A","0x08","0x08","0x08","0x09","0x08","0x07","0x06","0x05","0x000","0x000","0x000","0x000","0x007","0x000","0x050","0x000","0x00","0x01","0x01","0x20","0x08","0x20","0x20","0x20","0x20","0x20","0x20","0x20","0x20","0x20","0x20","0x20","0x20","0x20","0x20","0x20","0x20","0x20","0x20","0x20","0x20","0x20","0x20","0x20","0x20","0x20","0x20","0x20","0x20","0x20","0x20"
"71","0x8","0x9","0b0000000000000000","0b0000001100000000","0","0","0b0000000000000000","0b0000000000000000","0b0000000000000000","0b0000000100000000","0","0b0000000000000000","0b0000000100000000","0x00000024","0x1A1001B4","1","0","0x00000010","1","0","0","0x00000000","0x0000000A","0x00000000","0x00000000","0x00000000","0x00000000","0x00000000","0x00000000","0x00000000","0x00000000","0x00000000","0x00000000","0x00000000","0x00000000","0x00000000","0x00000000","0x00000000","0x00000000","0x00000000","0x00000000","0x00000000","0x00000000","0x00000000","0x00000000","0x04000000","0x00000000","0x00000000","0x00000001","0xFFFFFFFF","0x00000078","0x00000260","0x00000040","0","1","0","0","0","1","0","0","0x8","0x7","0x6","0x4","0","0","0","0","0","0","0","0","0","0","0","0","0x00","0x00","0x00","0x00","0x0","0x0","0x0","0x0","1","0","0","0x6","0x1A1001B4","0x1A080001","0x5A000204","0x5A000204","0x5A000204","0x70D000C4","0x70D00074","0x5808000C","0x09","0x08","0x08","0x08","0x09","0x08","0x07","0x06","0x000","0x000","0x000","0x000","0x000","0x007","0x000","0x050","0x00","0x01","0x01","0x20","0x08","0x09","0x20","0x20","0x20","0x20","0x20","0x20","0x20","0x20","0x20","0x20","0x20","0x20","0x20","0x20","0x20","0x20","0x20","0x20","0x20","0x20","0x20","0x20","0x20","0x20","0x20","0x20","0x20","0x20","0x20"
"72","0x8","0x9","0b0000000000000000","0b0000001100000000","0","0","0b0000000000000000","0b0000000000000000","0b0000000000000000","0b0000000100000000","1","0b0000000000000000","0b0000000100000000","0x00000025","0x1A1001B4","1","0","0x00000011","1","0","0","0x00000000","0x0000000A","0x00000000","0x00000000","0x00000000","0x00000000","0x00000000","0x00000000","0x00000000","0x00000000","0x00000000","0x00000000","0x00000000","0x00000000","0x00000000","0x00000000","0x00000000","0x00000000","0x00000000","0x00000000","0x00000000","0x00000000","0x00000000","0x00000000","0x04000000","0x00000000","0x00000000","0x00000001","0xFFFFFFFF","0x00000078","0x00000260","0x00000040","0","0","0","0","0","0","0","0","0x8","0x7","0x6","0x4","0","0","0","0","0","0","0","0","0","0","0","0","0x00","0x00","0x00","0x00","0x0","0x0","0x0","0x0","1","0","0","0x6","0x1A1001B4","0x1A080001","0x5A000204","0x5A000204","0x5A000204","0x70D000C4","0x70D00074","0x5808000C","0x09","0x08","0x08","0x08","0x09","0x08","0x07","0x06","0x000","0x000","0x000","0x000","0x000","0x007","0x000","0x050","0x00","0x01","0x01","0x20","0x08","0x09","0x20","0x20","0x20","0x20","0x20","0x20","0x20","0x20","0x20","0x20","0x20","0x20","0x20","0x20","0x20","0x20","0x20","0x20","0x20","0x20","0x20","0x20","0x20","0x20","0x20","0x20","0x20","0x20","0x20"
"73","0x8","0x9","0b0000000100000000","0b0000011100000000","0","1","0b0000000000000000","0b0000000100000000","0b0000000000000000","0b0000001000000000","0","0b0000000100000000","0b0000001000000000","0x00000025","0x1A28006B","1","0","0x00000011","1","1","0","0x00000000","0x0000000A","0x00000000","0x00000000","0x00000000","0x00000000","0x00000000","0x00000000","0x00000000","0x00000000","0x00000000","0x00000000","0x00000000","0x00000000","0x00000000","0x00000000","0x00000000","0x00000000","0x00000000","0x00000000","0x00000000","0x00000000","0x00000000","0x00000000","0x04000000","0x00000000","0x00000000","0x00000001","0xFFFFFFFF","0x0000007C","0x00000260","0x00000040","0","0","0","0","0","0","0","0","0x8","0x7","0x6","0x4","0","0","0","0","0","0","0","0","0","0","0","0","0x00","0x00","0x00","0x00","0x0","0x0","0x0","0x0","1","0","0","0x6","0x1A28006B","0x1A1001B4","0x1A080001","0x5A000204","0x5A000204","0x5A000204","0x70D000C4","0x70D00074","0x0A","0x09","0x08","0x08","0x08","0x09","0x08","0x07","0x000","0x000","0x000","0x000","0x000","0x000","0x007","0x000","0x00","0x01","0x01","0x20","0x08","0x09","0x20","0x20","0x0A","0x20","0x20","0x20","0x20","0x20","0x20","0x20","0x20","0x20","0x20","0x20","0x20","0x20","0x20","0x20","0x20","0x20","0x20","0x20","0x20","0x20","0x20","0x20","0x20","0x20","0x20"
"74","0x8","0x9","0b0000000100000000","0b0000011100000000","0","1","0b0000000000000000","0b0000000100000000","0b0000000000000000","0b0000001000000000","1","0b0000000100000000","0b0000001000000000","0x00000026","0x1A28006B","1","0","0x00000012","1","1","0","0x00000000","0x00000001","0x00000000","0x00000000","0x00000000","0x00000000","0x00000000","0x00000000","0x00000000","0x00000000","0x00000000","0x00000000","0x00000000","0x00000000","0x00000000","0x00000000","0x00000000","0x00000000","0x00000000","0x00000000","0x00000000","0x00000000","0x00000000","0x00000000","0x04000000","0x00000000","0x00000000","0x00000001","0xFFFFFFFF","0x0000007C","0x00000260","0x00000040","0","0","0","0","0","0","0","0","0x8","0x7","0x6","0x4","0","0","0","1","0","0","0","0","0","0","0","0","0x00","0x00","0x00","0x00","0x0","0x0","0x0","0xB","1","0","0","0x6","0x1A28006B","0x1A1001B4","0x1A080001","0x5A000204","0x5A000204","0x5A000204","0x70D000C4","0x70D00074","0x0A","0x09","0x08","0x08","0x08","0x09","0x08","0x07","0x000","0x000","0x000","0x000","0x000","0x000","0x007","0x000","0x00","0x01","0x01","0x20","0x08","0x09","0x20","0x20","0x0A","0x20","0x20","0x20","0x20","0x20","0x20","0x20","0x20","0x20","0x20","0x20","0x20","0x20","0x20","0x20","0x20","0x20","0x20","0x20","0x20","0x20","0x20","0x20","0x20","0x20","0x20"
"75","0x9","0xA","0b0000001000000000","0b0000111000000000","0","1","0b0000000000000000","0b0000001000000000","0b0000000000000000","0b0000010000000000","0","0b0000001000000000","0b0000010000000000","0x00000026","0x38180004","1","0","0x00000012","1","0","0","0x00000000","0x00000001","0x00000000","0x00000000","0x00000000","0x00000000","0x00000000","0x00000000","0x00000000","0x00000000","0x00000000","0x00000000","0x00000000","0x00000000","0x00000000","0x00000000","0x00000000","0x00000000","0x00000000","0x00000000","0x00000000","0x00000000","0x00000000","0x00000000","0x04000000","0x00000000","0x00000000","0x00000001","0xFFFFFFFF","0x00000080","0x00000260","0x00000040","0","0","0","0","0","0","0","0","0x8","0x7","0x6","0x4","0","0","0","1","0","0","0","0","0","0","0","0","0x00","0x00","0x00","0x00","0x0","0x0","0x0","0xB","1","0","0","0x6","0x38180004","0x1A28006B","0x1A1001B4","0x1A080001","0x5A000204","0x5A000204","0x5A000204","0x70D000C4","0x0B","0x0A","0x09","0x08","0x08","0x08","0x09","0x08","0x000","0x000","0x000","0x000","0x000","0x000","0x000","0x007","0x00","0x01","0x01","0x20","0x20","0x09","0x0B","0x20","0x0A","0x20","0x20","0x20","0x20","0x20","0x20","0x20","0x20","0x20","0x20","0x20","0x20","0x20","0x20","0x20","0x20","0x20","0x20","0x20","0x20","0x20","0x20","0x20","0x20","0x20","0x20"
"76","0x9","0xA","0b0000001000000000","0b0000111000000000","0","1","0b0000000000000000","0b0000001000000000","0b0000000000000000","0b0000010000000000","1","0b0000001000000000","0b0000010000000000","0x00000027","0x38180004","1","0","0x00000013","1","0","0","0x00000000","0x00000001","0x000001B4","0x00000000","0x00000000","0x00000000","0x00000000","0x00000000","0x00000000","0x00000000","0x00000000","0x00000000","0x00000000","0x00000000","0x00000000","0x00000000","0x00000000","0x00000000","0x00000000","0x00000000","0x00000000","0x00000000","0x00000000","0x00000000","0x04000000","0x00000000","0x00000000","0x00000001","0xFFFFFFFF","0x00000080","0x00000260","0x00000040","0","0","0","0","0","0","0","0","0x8","0x7","0x6","0x4","0","0","0","1","0","0","0","0","0","0","0","0","0x00","0x00","0x00","0x00","0x0","0x0","0x0","0xB","1","0","0","0x6","0x38180004","0x1A28006B","0x1A1001B4","0x1A080001","0x5A000204","0x5A000204","0x5A000204","0x70D000C4","0x0B","0x0A","0x09","0x08","0x08","0x08","0x09","0x08","0x000","0x000","0x000","0x000","0x000","0x000","0x000","0x007","0x00","0x01","0x01","0x20","0x20","0x09","0x0B","0x20","0x0A","0x20","0x20","0x20","0x20","0x20","0x20","0x20","0x20","0x20","0x20","0x20","0x20","0x20","0x20","0x20","0x20","0x20","0x20","0x20","0x20","0x20","0x20","0x20","0x20","0x20","0x20"
"77","0xA","0xB","0b0000010000000000","0b0001110000000000","0","1","0b0000000000000000","0b0000010000000000","0b0000000000000000","0b0000000000000000","0","0b0000010000000000","0b0000000000000000","0x00000027","0x7218D000","1","0","0x00000013","1","0","0","0x00000000","0x00000001","0x000001B4","0x00000000","0x00000000","0x00000000","0x00000000","0x00000000","0x00000000","0x00000000","0x00000000","0x00000000","0x00000000","0x00000000","0x00000000","0x00000000","0x00000000","0x00000000","0x00000000","0x00000000","0x00000000","0x00000000","0x00000000","0x00000000","0x04000000","0x00000000","0x00000000","0x00000001","0xFFFFFFFF","0x00000084","0x00000260","0x00000040","0","0","0","0","0","0","0","0","0x8","0x7","0x6","0x4","0","0","0","1","0","0","0","0","0","0","0","0","0x00","0x00","0x00","0x00","0x0","0x0","0x0","0xB","0","0","1","0xB","0x1618D000","0x38180004","0x1A28006B","0x1A1001B4","0x1A080001","0x5A000204","0x5A000204","0x5A000204","0x0C","0x0B","0x0A","0x09","0x08","0x08","0x08","0x09","0xB00","0x000","0x000","0x000","0x000","0x000","0x000","0x000","0x00","0x00","0x01","0x20","0x20","0x20","0x0B","0x20","0x0A","0x20","0x20","0x20","0x20","0x20","0x20","0x20","0x20","0x20","0x20","0x20","0x20","0x20","0x20","0x20","0x20","0x20","0x20","0x20","0x20","0x20","0x20","0x20","0x20","0x20","0x0C"
"78","0xA","0xB","0b0000010000000000","0b0001110000000000","0","1","0b0000000000000000","0b0000010000000000","0b0000000000000000","0b0000000000000000","1","0b0000010000000000","0b0000000000000000","0x00000028","0x7218D000","1","0","0x00000014","1","0","0","0x00000000","0x00000001","0x000001B4","0x00000000","0x00000000","0x0000006B","0x00000000","0x00000000","0x00000000","0x00000000","0x00000000","0x00000000","0x00000000","0x00000000","0x00000000","0x00000000","0x00000000","0x00000000","0x00000000","0x00000000","0x00000000","0x00000000","0x00000000","0x00000000","0x04000000","0x00000000","0x00000000","0x00000001","0xFFFFFFFF","0x00000084","0x00000260","0x00000040","0","0","0","0","0","0","0","0","0x8","0x7","0x6","0x4","0","0","0","1","0","0","0","1","0","0","0","0","0x00","0x00","0x00","0x18","0x0","0x0","0x0","0xB","0","0","1","0xB","0x1618D000","0x38180004","0x1A28006B","0x1A1001B4","0x1A080001","0x5A000204","0x5A000204","0x5A000204","0x0C","0x0B","0x0A","0x09","0x08","0x08","0x08","0x09","0xB00","0x000","0x000","0x000","0x000","0x000","0x000","0x000","0x00","0x00","0x01","0x20","0x20","0x20","0x0B","0x20","0x0A","0x20","0x20","0x20","0x20","0x20","0x20","0x20","0x20","0x20","0x20","0x20","0x20","0x20","0x20","0x20","0x20","0x20","0x20","0x20","0x20","0x20","0x20","0x20","0x20","0x20","0x0C"
"79","0xB","0xC","0b0000000000000000","0b0011100000000000","0","0","0b0000000000000000","0b0000000000000000","0b0000000000000000","0b0000000000000000","0","0b0000000000000000","0b0000000000000000","0x00000028","0x72D000B4","1","0","0x00000014","1","1","0","0x00000000","0x00000001","0x000001B4","0x00000000","0x00000000","0x0000006B","0x00000000","0x00000000","0x00000000","0x00000000","0x00000000","0x00000000","0x00000000","0x00000000","0x00000000","0x00000000","0x00000000","0x00000000","0x00000000","0x00000000","0x00000000","0x00000000","0x00000000","0x00000000","0x04000000","0x00000000","0x00000000","0x00000001","0xFFFFFFFF","0x00000088","0x00000260","0x00000040","0","0","0","0","0","0","0","0","0x8","0x7","0x6","0x4","0","0","0","1","0","0","0","1","0","0","0","0","0x00","0x00","0x00","0x18","0x0","0x0","0x0","0xB","0","0","0","0xB","0x60D000B4","0x1618D000","0x38180004","0x1A28006B","0x1A1001B4","0x1A080001","0x5A000204","0x5A000204","0x0D","0x0C","0x0B","0x0A","0x09","0x08","0x08","0x08","0x00C","0xB00","0x000","0x000","0x000","0x000","0x000","0x000","0x00","0x00","0x03","0x20","0x20","0x20","0x0B","0x20","0x20","0x20","0x20","0x20","0x20","0x20","0x20","0x20","0x20","0x20","0x20","0x20","0x20","0x20","0x20","0x20","0x20","0x20","0x20","0x20","0x20","0x20","0x20","0x20","0x20","0x20","0x0C"
"80","0xB","0xC","0b0000000000000000","0b0011100000000000","0","0","0b0000000000000000","0b0000000000000000","0b0000000000000000","0b0000000000000000","1","0b0000000000000000","0b0000000000000000","0x00000029","0x72D000B4","1","0","0x00000015","1","1","0","0x00000000","0x00000001","0x000001B4","0x00000000","0x00000000","0x0000006B","0x00000000","0x00000000","0x00000000","0x00000000","0x00000000","0x00000000","0x00000000","0x00000000","0x00000000","0x00000000","0x00000000","0x00000000","0x00000000","0x00000000","0x00000000","0x00000000","0x00000000","0x00000000","0x04000000","0x00000000","0x00000000","0x00000001","0xFFFFFFFF","0x00000088","0x00000260","0x00000040","0","0","0","0","0","0","0","0","0x8","0x7","0x6","0x4","0","0","1","1","0","0","0","1","0","0","0","0","0x00","0x00","0x00","0x18","0x0","0x0","0xE","0xB","0","0","0","0xB","0x60D000B4","0x1618D000","0x38180004","0x1A28006B","0x1A1001B4","0x1A080001","0x5A000204","0x5A000204","0x0D","0x0C","0x0B","0x0A","0x09","0x08","0x08","0x08","0x00C","0xB00","0x000","0x000","0x000","0x000","0x000","0x000","0x00","0x00","0x03","0x20","0x20","0x20","0x0B","0x20","0x20","0x20","0x20","0x20","0x20","0x20","0x20","0x20","0x20","0x20","0x20","0x20","0x20","0x20","0x20","0x20","0x20","0x20","0x20","0x20","0x20","0x20","0x20","0x20","0x20","0x20","0x0C"
"81","0xB","0xC","0b0000000000000000","0b0111100000000000","0","0","0b0000000000000000","0b0000000000000000","0b0000000000000000","0b0000000000000000","0","0b0000000000000000","0b0000000000000000","0x00000029","0x38200000","1","0","0x00000015","1","0","0","0x00000000","0x00000001","0x000001B4","0x00000000","0x00000000","0x0000006B","0x00000000","0x00000000","0x00000000","0x00000000","0x00000000","0x00000000","0x00000000","0x00000000","0x00000000","0x00000000","0x00000000","0x00000000","0x00000000","0x00000000","0x00000000","0x00000000","0x00000000","0x00000000","0x04000000","0x00000000","0x00000000","0x00000001","0xFFFFFFFF","0x0000008C","0x00000260","0x00000040","0","0","0","0","0","0","0","0","0x8","0x7","0x6","0x4","0","0","1","1","0","0","0","1","0","0","0","0","0x00","0x00","0x00","0x18","0x0","0x0","0xE","0xB","0","0","0","0xB","0x38200000","0x60D000B4","0x1618D000","0x38180004","0x1A28006B","0x1A1001B4","0x1A080001","0x5A000204","0x0E","0x0D","0x0C","0x0B","0x0A","0x09","0x08","0x08","0x000","0x00C","0xB00","0x000","0x000","0x000","0x000","0x000","0x00","0x01","0x07","0x20","0x20","0x20","0x0B","0x0E","0x20","0x20","0x20","0x20","0x20","0x20","0x20","0x20","0x20","0x20","0x20","0x20","0x20","0x20","0x20","0x20","0x20","0x20","0x20","0x20","0x20","0x20","0x20","0x20","0x20","0x20","0x0C"
"82","0xB","0xC","0b0000000000000000","0b0111100000000000","0","0","0b0000000000000000","0b0000000000000000","0b0000000000000000","0b0000000000000000","1","0b0000000000000000","0b0000000000000000","0x0000002A","0x38200000","1","0","0x00000016","1","0","0","0x00000000","0x00000001","0x000001B4","0x00000000","0x00000000","0x0000006B","0x00000000","0x00000000","0x00000000","0x00000000","0x00000000","0x00000000","0x00000000","0x00000000","0x00000000","0x00000000","0x00000000","0x00000000","0x00000000","0x00000000","0x00000000","0x00000000","0x00000000","0x00000000","0x04000000","0x00000000","0x00000000","0x00000001","0xFFFFFFFF","0x0000008C","0x00000260","0x00000040","0","0","0","0","0","0","0","1","0x8","0x7","0x6","0xF","0","0","1","1","0","0","0","1","0","0","0","0","0x00","0x00","0x00","0x18","0x0","0x0","0xE","0xB","0","0","0","0xB","0x38200000","0x60D000B4","0x1618D000","0x38180004","0x1A28006B","0x1A1001B4","0x1A080001","0x5A000204","0x0E","0x0D","0x0C","0x0B","0x0A","0x09","0x08","0x08","0x000","0x00C","0xB00","0x000","0x000","0x000","0x000","0x000","0x00","0x01","0x07","0x20","0x20","0x20","0x0B","0x0E","0x20","0x20","0x20","0x20","0x20","0x20","0x20","0x20","0x20","0x20","0x20","0x20","0x20","0x20","0x20","0x20","0x20","0x20","0x20","0x20","0x20","0x20","0x20","0x20","0x20","0x20","0x0C"
"83","0xB","0xC","0b0000000000000000","0b1111100000000000","0","0","0b0000000000000000","0b0000000000000000","0b0000000000000000","0b0000000000000000","0","0b0000000000000000","0b0000000000000000","0x0000002A","0x58E00008","1","0","0x00000016","1","0","0","0x00000000","0x00000001","0x000001B4","0x00000000","0x00000000","0x0000006B","0x00000000","0x00000000","0x00000000","0x00000000","0x00000000","0x00000000","0x00000000","0x00000000","0x00000000","0x00000000","0x00000000","0x00000000","0x00000000","0x00000000","0x00000000","0x00000000","0x00000000","0x00000000","0x04000000","0x00000000","0x00000000","0x00000001","0xFFFFFFFF","0x00000090","0x00000260","0x00000040","0","0","0","0","0","0","0","1","0x8","0x7","0x6","0xF","0","0","1","1","0","0","0","1","0","0","0","0","0x00","0x00","0x00","0x18","0x0","0x0","0xE","0xB","0","0","1","0xE","0x58E00008","0x38200000","0x60D000B4","0x1618D000","0x38180004","0x1A28006B","0x1A1001B4","0x1A080001","0x0F","0x0E","0x0D","0x0C","0x0B","0x0A","0x09","0x08","0x000","0x000","0x00C","0xB00","0x000","0x000","0x000","0x000","0x00","0x01","0x0D","0x20","0x20","0x20","0x0B","0x0E","0x20","0x20","0x20","0x20","0x20","0x20","0x20","0x20","0x20","0x20","0x20","0x20","0x20","0x20","0x20","0x20","0x20","0x20","0x20","0x20","0x20","0x20","0x20","0x20","0x20","0x20","0x0C"
"84","0xB","0xC","0b0000000000000000","0b1111100000000000","0","0","0b0000000000000000","0b0000000000000000","0b0000000000000000","0b0000000000000000","1","0b0000000000000000","0b0000000000000000","0x0000002B","0x58E00008","1","0","0x00000017","1","0","0","0x00000000","0x00000001","0x000001B4","0x00000000","0x00000000","0x0000006B","0x00000000","0x00000000","0x00000000","0x00000000","0x00000000","0x00000000","0x00000000","0x00000000","0x00000000","0x00000000","0x00000000","0x00000000","0x00000000","0x00000000","0x00000000","0x00000000","0x00000000","0x00000000","0x04000000","0x00000000","0x00000000","0x00000001","0xFFFFFFFF","0x00000090","0x00000260","0x00000040","0","0","0","0","0","0","1","1","0x8","0x7","0x0","0xF","0","0","1","1","0","0","1","1","0","0","0","1","0x00","0x00","0x20","0x18","0x0","0x0","0xE","0xB","0","0","1","0xE","0x58E00008","0x38200000","0x60D000B4","0x1618D000","0x38180004","0x1A28006B","0x1A1001B4","0x1A080001","0x0F","0x0E","0x0D","0x0C","0x0B","0x0A","0x09","0x08","0x000","0x000","0x00C","0xB00","0x000","0x000","0x000","0x000","0x00","0x01","0x0D","0x20","0x20","0x20","0x0B","0x0E","0x20","0x20","0x20","0x20","0x20","0x20","0x20","0x20","0x20","0x20","0x20","0x20","0x20","0x20","0x20","0x20","0x20","0x20","0x20","0x20","0x20","0x20","0x20","0x20","0x20","0x20","0x0C"
"85","0xB","0xC","0b0000000000000000","0b1111100000000001","0","0","0b0000000000000000","0b0000000000000000","0b0000000000000000","0b1000100000000000","0","0b0000000000000000","0b1000100000000000","0x0000002B","0x5828000C","1","0","0x00000017","1","0","0","0x00000000","0x00000001","0x000001B4","0x00000000","0x00000000","0x0000006B","0x00000000","0x00000000","0x00000000","0x00000000","0x00000000","0x00000000","0x00000000","0x00000000","0x00000000","0x00000000","0x00000000","0x00000000","0x00000000","0x00000000","0x00000000","0x00000000","0x00000000","0x00000000","0x04000000","0x00000000","0x00000000","0x00000001","0xFFFFFFFF","0x00000094","0x00000260","0x00000040","0","0","0","0","0","0","1","1","0x8","0x7","0x0","0xF","0","0","1","1","0","0","1","1","0","0","0","1","0x00","0x00","0x20","0x18","0x0","0x0","0xE","0xB","1","0","0","0xF","0x5828000C","0x58E00008","0x38200000","0x60D000B4","0x1618D000","0x38180004","0x1A28006B","0x1A1001B4","0x10","0x0F","0x0E","0x0D","0x0C","0x0B","0x0A","0x09","0x000","0x000","0x000","0x00C","0xB00","0x000","0x000","0x000","0x00","0x01","0x19","0x20","0x20","0x20","0x0B","0x0E","0x20","0x20","0x20","0x20","0x20","0x20","0x20","0x20","0x20","0x20","0x20","0x20","0x20","0x20","0x20","0x20","0x20","0x20","0x20","0x20","0x20","0x20","0x20","0x20","0x20","0x20","0x0C"
"86","0xB","0xC","0b0000000000000000","0b1111100000000001","0","0","0b0000000000000000","0b0000000000000000","0b0000000000000000","0b1000100000000000","1","0b0000000000000000","0b1000100000000000","0x0000002C","0x5828000C","1","0","0x00000018","1","0","0","0x00000000","0x00000001","0x000001B4","0x00000000","0x00000000","0x0000006B","0x00000000","0x00000000","0x00000000","0x00000000","0x00000000","0x00000000","0x00000000","0x00000000","0x00000000","0x00000000","0x00000000","0x00000000","0x00000000","0x00000000","0x00000000","0x00000000","0x00000000","0x00000000","0x04000000","0x00000000","0x00000000","0x00000001","0xFFFFFFFF","0x00000094","0x00000260","0x00000040","0","0","0","0","0","0","1","1","0x8","0x7","0x0","0xF","0","0","1","1","0","0","1","1","0","0","0","1","0x00","0x00","0x20","0x18","0x0","0x0","0xE","0xB","1","0","0","0xF","0x5828000C","0x58E00008","0x38200000","0x60D000B4","0x1618D000","0x38180004","0x1A28006B","0x1A1001B4","0x10","0x0F","0x0E","0x0D","0x0C","0x0B","0x0A","0x09","0x000","0x000","0x000","0x00C","0xB00","0x000","0x000","0x000","0x00","0x01","0x19","0x20","0x20","0x20","0x0B","0x0E","0x20","0x20","0x20","0x20","0x20","0x20","0x20","0x20","0x20","0x20","0x20","0x20","0x20","0x20","0x20","0x20","0x20","0x20","0x20","0x20","0x20","0x20","0x20","0x20","0x20","0x20","0x0C"
"87","0xB","0xC","0b1000100000000000","0b1111100000000011","0","1","0b0000000000000000","0b0000100000000000","0b0000000000000000","0b0000000000000001","0","0b1000100000000000","0b0000000000000001","0x0000002C","0x7220000A","1","0","0x00000018","1","0","0","0x00000000","0x00000001","0x000001B4","0x00000000","0x00000000","0x0000006B","0x00000000","0x00000000","0x00000000","0x00000000","0x00000000","0x00000000","0x00000000","0x00000000","0x00000000","0x00000000","0x00000000","0x00000000","0x00000000","0x00000000","0x00000000","0x00000000","0x00000000","0x00000000","0x04000000","0x00000000","0x00000000","0x00000001","0xFFFFFFFF","0x00000098","0x00000260","0x00000040","0","0","0","0","0","0","1","1","0x8","0x7","0x0","0xF","0","0","1","1","0","0","1","1","0","0","0","1","0x00","0x00","0x20","0x18","0x0","0x0","0xE","0xB","1","0","0","0x0","0x1720000A","0x5828000C","0x58E00008","0x38200000","0x60D000B4","0x1618D000","0x38180004","0x1A28006B","0x11","0x10","0x0F","0x0E","0x0D","0x0C","0x0B","0x0A","0xE00","0x000","0x000","0x000","0x00C","0xB00","0x000","0x000","0x00","0x00","0x31","0x20","0x20","0x20","0x0B","0x0E","0x20","0x20","0x20","0x20","0x20","0x20","0x20","0x20","0x20","0x20","0x20","0x20","0x20","0x20","0x20","0x20","0x20","0x20","0x20","0x20","0x20","0x20","0x20","0x20","0x20","0x20","0x11"
"88","0xB","0xC","0b1000100000000000","0b1111100000000011","0","1","0b0000000000000000","0b0000100000000000","0b0000000000000000","0b0000000000000001","1","0b1000100000000000","0b0000000000000001","0x0000002D","0x7220000A","1","0","0x00000019","1","0","0","0x00000000","0x00000001","0x000001B4","0x00000000","0x00000000","0x0000006B","0x00000000","0x00000000","0x00000000","0x00000000","0x00000000","0x00000000","0x00000000","0x00000000","0x00000000","0x00000000","0x00000000","0x00000000","0x00000000","0x00000000","0x00000000","0x00000000","0x00000000","0x00000000","0x04000000","0x00000000","0x00000000","0x00000001","0xFFFFFFFF","0x00000098","0x00000260","0x00000040","0","0","0","0","0","0","1","1","0x8","0x7","0x0","0xF","0","0","1","1","0","0","1","0","0","0","0","0","0x00","0x00","0x20","0x18","0x0","0x0","0xE","0xB","1","0","0","0x0","0x1720000A","0x5828000C","0x58E00008","0x38200000","0x60D000B4","0x1618D000","0x38180004","0x1A28006B","0x11","0x10","0x0F","0x0E","0x0D","0x0C","0x0B","0x0A","0xE00","0x000","0x000","0x000","0x00C","0xB00","0x000","0x000","0x00","0x00","0x31","0x20","0x20","0x20","0x0B","0x0E","0x20","0x20","0x20","0x20","0x20","0x20","0x20","0x20","0x20","0x20","0x20","0x20","0x20","0x20","0x20","0x20","0x20","0x20","0x20","0x20","0x20","0x20","0x20","0x20","0x20","0x20","0x11"
"89","0xC","0xD","0b1000000000000001","0b1111000000000111","0","0","0b0000000000000000","0b0000000000000000","0b0000000000000000","0b0000000000000000","0","0b1000000000000001","0b0000000000000000","0x0000002D","0x1618D000","1","0","0x00000019","1","0","0","0x00000000","0x00000001","0x000001B4","0x00000000","0x00000000","0x0000006B","0x00000000","0x00000000","0x00000000","0x00000000","0x00000000","0x00000000","0x00000000","0x00000000","0x00000000","0x00000000","0x00000000","0x00000000","0x00000000","0x00000000","0x00000000","0x00000000","0x00000000","0x00000000","0x04000000","0x00000000","0x00000000","0x00000001","0xFFFFFFFF","0x00000084","0x00000260","0x00000040","0","0","0","0","0","0","1","1","0x8","0x7","0x0","0xF","0","0","1","1","0","0","1","0","0","0","0","0","0x00","0x00","0x20","0x18","0x0","0x0","0xE","0xB","1","0","0","0x0","0x60D000B8","0x1720000A","0x5828000C","0x58E00008","0x38200000","0x60D000B4","0x1618D000","0x38180004","0x12","0x11","0x10","0x0F","0x0E","0x0D","0x0C","0x0B","0x001","0xE00","0x000","0x000","0x000","0x00C","0xB00","0x000","0x00","0x40","0x63","0x20","0x20","0x20","0x20","0x0E","0x20","0x20","0x20","0x20","0x20","0x20","0x20","0x20","0x20","0x20","0x20","0x20","0x20","0x20","0x20","0x20","0x20","0x20","0x20","0x20","0x20","0x20","0x20","0x20","0x20","0x20","0x11"
"90","0xC","0xD","0b1000000000000001","0b1111000000000111","0","0","0b0000000000000000","0b0000000000000000","0b0000000000000000","0b0000000000000000","1","0b1000000000000001","0b0000000000000000","0x0000002E","0x1618D000","1","0","0x0000001A","1","0","0","0x00000000","0x00000001","0x000001B4","0x00000000","0x00000000","0x0000006B","0x00000000","0x00000000","0x00000000","0x00000000","0x00000000","0x00000000","0x00000000","0x00000000","0x00000000","0x00000000","0x00000000","0x00000000","0x00000000","0x00000000","0x00000000","0x00000000","0x00000000","0x00000000","0x04000000","0x00000000","0x00000000","0x00000001","0xFFFFFFFF","0x00000084","0x00000260","0x00000040","0","0","0","0","0","1","1","1","0x8","0x3","0x0","0xF","0","0","1","1","0","0","1","0","0","0","1","0","0x00","0x00","0x20","0x18","0x0","0x0","0xE","0xB","1","0","0","0x0","0x60D000B8","0x1720000A","0x5828000C","0x58E00008","0x38200000","0x60D000B4","0x1618D000","0x38180004","0x12","0x11","0x10","0x0F","0x0E","0x0D","0x0C","0x0B","0x001","0xE00","0x000","0x000","0x000","0x00C","0xB00","0x000","0x00","0x40","0x63","0x20","0x20","0x20","0x20","0x0E","0x20","0x20","0x20","0x20","0x20","0x20","0x20","0x20","0x20","0x20","0x20","0x20","0x20","0x20","0x20","0x20","0x20","0x20","0x20","0x20","0x20","0x20","0x20","0x20","0x20","0x20","0x11"
"91","0xC","0xD","0b1000000000000001","0b1111000000001111","0","0","0b0000000000000000","0b0000000000000000","0b0000000000000000","0b0100000000000000","0","0b1000000000000001","0b0100000000000000","0x0000002E","0x72200000","1","0","0x0000001A","1","0","0","0x00000000","0x00000001","0x000001B4","0x00000000","0x00000000","0x0000006B","0x00000000","0x00000000","0x00000000","0x00000000","0x00000000","0x00000000","0x00000000","0x00000000","0x00000000","0x00000000","0x00000000","0x00000000","0x00000000","0x00000000","0x00000000","0x00000000","0x00000000","0x00000000","0x04000000","0x00000000","0x00000000","0x00000001","0xFFFFFFFF","0x000000A0","0x00000260","0x00000040","0","0","0","0","0","1","1","1","0x8","0x3","0x0","0xF","0","0","1","1","0","0","1","0","0","0","1","0","0x00","0x00","0x20","0x18","0x0","0x0","0xE","0xB","1","0","0","0x0","0x42200000","0x60D000B8","0x1720000A","0x5828000C","0x58E00008","0x38200000","0x60D000B4","0x1618D000","0x13","0x12","0x11","0x10","0x0F","0x0E","0x0D","0x0C","0x0E0","0x001","0xE00","0x000","0x000","0x000","0x00C","0xB00","0x00","0x00","0x47","0x20","0x20","0x20","0x20","0x0E","0x20","0x20","0x20","0x20","0x20","0x20","0x20","0x20","0x20","0x20","0x20","0x20","0x20","0x20","0x20","0x20","0x20","0x20","0x20","0x20","0x20","0x20","0x20","0x20","0x20","0x20","0x11"
"92","0xC","0xD","0b1000000000000001","0b1111000000001111","0","0","0b0000000000000000","0b0000000000000000","0b0000000000000000","0b0100000000000000","1","0b1000000000000001","0b0100000000000000","0x0000002F","0x72200000","1","0","0x0000001B","1","0","0","0x00000000","0x00000001","0x000001B4","0x00000000","0x00000000","0x0000006B","0x00000000","0x00000000","0x00000000","0x00000000","0x00000000","0x00000000","0x00000000","0x00000000","0x00000000","0x00000000","0x00000000","0x00000000","0x00000000","0x00000000","0x00000000","0x00000000","0x00000000","0x00000000","0x04000000","0x00000000","0x00000000","0x00000001","0xFFFFFFFF","0x000000A0","0x00000260","0x00000040","0","0","0","0","0","1","1","1","0x8","0x3","0x0","0xF","0","0","1","1","0","0","1","0","0","0","1","0","0x00","0x00","0x20","0x18","0x0","0x0","0xE","0xB","1","0","0","0x0","0x42200000","0x60D000B8","0x1720000A","0x5828000C","0x58E00008","0x38200000","0x60D000B4","0x1618D000","0x13","0x12","0x11","0x10","0x0F","0x0E","0x0D","0x0C","0x0E0","0x001","0xE00","0x000","0x000","0x000","0x00C","0xB00","0x00","0x00","0x47","0x20","0x20","0x20","0x20","0x0E","0x20","0x20","0x20","0x20","0x20","0x20","0x20","0x20","0x20","0x20","0x20","0x20","0x20","0x20","0x20","0x20","0x20","0x20","0x20","0x20","0x20","0x20","0x20","0x20","0x20","0x20","0x11"
"93","0xC","0xD","0b1100000000000001","0b1111000000011111","0","0","0b0000000000000000","0b0000000000000000","0b0000000000000000","0b0000000000000000","0","0b1100000000000001","0b0000000000000000","0x0000002F","0x02100004","1","0","0x0000001B","1","0","0","0x00000000","0x00000001","0x000001B4","0x00000000","0x00000000","0x0000006B","0x00000000","0x00000000","0x00000000","0x00000000","0x00000000","0x00000000","0x00000000","0x00000000","0x00000000","0x00000000","0x00000000","0x00000000","0x00000000","0x00000000","0x00000000","0x00000000","0x00000000","0x00000000","0x04000000","0x00000000","0x00000000","0x00000001","0xFFFFFFFF","0x000000A4","0x00000260","0x00000040","0","0","0","0","0","1","1","1","0x8","0x3","0x0","0xF","0","0","1","1","0","0","1","0","0","0","1","0","0x00","0x00","0x20","0x18","0x0","0x0","0xE","0xB","1","0","0","0x0","0x02100004","0x42200000","0x60D000B8","0x1720000A","0x5828000C","0x58E00008","0x38200000","0x60D000B4","0x14","0x13","0x12","0x11","0x10","0x0F","0x0E","0x0D","0x000","0x0E0","0x001","0xE00","0x000","0x000","0x000","0x00C","0x00","0x01","0x8F","0x20","0x20","0x14","0x20","0x0E","0x20","0x20","0x20","0x20","0x20","0x20","0x20","0x20","0x20","0x20","0x20","0x20","0x20","0x20","0x20","0x20","0x20","0x20","0x20","0x20","0x20","0x20","0x20","0x20","0x20","0x20","0x14"
"94","0xC","0xD","0b1100000000000001","0b1111000000011111","0","0","0b0000000000000000","0b0000000000000000","0b0000000000000000","0b0000000000000000","1","0b1100000000000001","0b0000000000000000","0x00000030","0x02100004","1","0","0x0000001C","1","0","0","0x00000000","0x00000001","0x000001B4","0x00000000","0x00000000","0x0000006B","0x00000000","0x00000000","0x00000000","0x00000000","0x00000000","0x00000000","0x00000000","0x00000000","0x00000000","0x00000000","0x00000000","0x00000000","0x00000000","0x00000000","0x00000000","0x00000000","0x00000000","0x00000000","0x04000000","0x00000000","0x00000000","0x00000001","0xFFFFFFFF","0x000000A4","0x00000260","0x00000040","0","0","0","0","0","1","1","1","0x8","0x3","0x0","0xF","0","0","1","1","0","0","1","0","0","0","1","0","0x00","0x00","0x20","0x18","0x0","0x0","0xE","0xB","1","0","0","0x0","0x02100004","0x42200000","0x60D000B8","0x1720000A","0x5828000C","0x58E00008","0x38200000","0x60D000B4","0x14","0x13","0x12","0x11","0x10","0x0F","0x0E","0x0D","0x000","0x0E0","0x001","0xE00","0x000","0x000","0x000","0x00C","0x00","0x01","0x8F","0x20","0x20","0x14","0x20","0x0E","0x20","0x20","0x20","0x20","0x20","0x20","0x20","0x20","0x20","0x20","0x20","0x20","0x20","0x20","0x20","0x20","0x20","0x20","0x20","0x20","0x20","0x20","0x20","0x20","0x20","0x20","0x14"
"95","0xC","0xD","0b1100000000000001","0b1111000000111111","0","0","0b0000000000000000","0b0000000000000000","0b0000000000000000","0b0001000000000000","0","0b1100000000000001","0b0001000000000000","0x00000030","0x02080001","1","0","0x0000001C","1","0","0","0x00000000","0x00000001","0x000001B4","0x00000000","0x00000000","0x0000006B","0x00000000","0x00000000","0x00000000","0x00000000","0x00000000","0x00000000","0x00000000","0x00000000","0x00000000","0x00000000","0x00000000","0x00000000","0x00000000","0x00000000","0x00000000","0x00000000","0x00000000","0x00000000","0x04000000","0x00000000","0x00000000","0x00000001","0xFFFFFFFF","0x000000A8","0x00000260","0x00000040","0","0","0","0","0","1","1","1","0x8","0x3","0x0","0xF","0","0","1","1","0","0","1","0","0","0","1","0","0x00","0x00","0x20","0x18","0x0","0x0","0xE","0xB","1","0","0","0x0","0x02080001","0x02100004","0x42200000","0x60D000B8","0x1720000A","0x5828000C","0x58E00008","0x60D000B4","0x15","0x14","0x13","0x12","0x11","0x10","0x0F","0x0D","0x000","0x000","0x0E0","0x001","0xE00","0x000","0x000","0x00C","0x00","0x01","0x9D","0x20","0x15","0x14","0x20","0x0E","0x20","0x20","0x20","0x20","0x20","0x20","0x20","0x20","0x20","0x20","0x20","0x20","0x20","0x20","0x20","0x20","0x20","0x20","0x20","0x20","0x20","0x20","0x20","0x20","0x20","0x20","0x15"
"96","0xC","0xD","0b1100000000000001","0b1111000000111111","0","0","0b0000000000000000","0b0000000000000000","0b0000000000000000","0b0001000000000000","1","0b1100000000000001","0b0001000000000000","0x00000031","0x02080001","1","0","0x0000001D","1","0","0","0x00000000","0x00000001","0x000001B4","0x00000000","0x00000000","0x0000006B","0x00000000","0x00000000","0x00000000","0x00000000","0x00000000","0x00000000","0x00000000","0x00000000","0x00000000","0x00000000","0x00000000","0x00000000","0x00000000","0x00000000","0x00000000","0x00000000","0x00000000","0x00000000","0x04000000","0x00000000","0x00000000","0x00000001","0xFFFFFFFF","0x000000A8","0x00000260","0x00000040","0","0","0","0","0","1","1","1","0x8","0x3","0x0","0xF","0","0","1","1","0","0","1","0","0","0","1","0","0x00","0x00","0x20","0x18","0x0","0x0","0xE","0xB","1","0","0","0x0","0x02080001","0x02100004","0x42200000","0x60D000B8","0x1720000A","0x5828000C","0x58E00008","0x60D000B4","0x15","0x14","0x13","0x12","0x11","0x10","0x0F","0x0D","0x000","0x000","0x0E0","0x001","0xE00","0x000","0x000","0x00C","0x00","0x01","0x9D","0x20","0x15","0x14","0x20","0x0E","0x20","0x20","0x20","0x20","0x20","0x20","0x20","0x20","0x20","0x20","0x20","0x20","0x20","0x20","0x20","0x20","0x20","0x20","0x20","0x20","0x20","0x20","0x20","0x20","0x20","0x20","0x15"
"97","0xC","0xD","0b1101000000000001","0b1111000001111111","0","1","0b0000000000000000","0b0001000000000000","0b0000000000000000","0b0000000000000000","0","0b1101000000000001","0b0000000000000000","0x00000031","0x72080014","1","0","0x0000001D","1","0","0","0x00000000","0x00000001","0x000001B4","0x00000000","0x00000000","0x0000006B","0x00000000","0x00000000","0x00000000","0x00000000","0x00000000","0x00000000","0x00000000","0x00000000","0x00000000","0x00000000","0x00000000","0x00000000","0x00000000","0x00000000","0x00000000","0x00000000","0x00000000","0x00000000","0x04000000","0x00000000","0x00000000","0x00000001","0xFFFFFFFF","0x000000AC","0x00000260","0x00000040","0","0","0","0","0","1","1","1","0x8","0x3","0x0","0xF","0","0","1","1","0","0","1","0","0","0","1","0","0x00","0x00","0x20","0x18","0x0","0x0","0xE","0xB","1","0","0","0x0","0x17080014","0x02080001","0x02100004","0x42200000","0x60D000B8","0x1720000A","0x5828000C","0x60D000B4","0x16","0x15","0x14","0x13","0x12","0x11","0x10","0x0D","0x500","0x000","0x000","0x0E0","0x001","0xE00","0x000","0x00C","0x00","0x00","0xB9","0x20","0x15","0x14","0x20","0x0E","0x20","0x20","0x20","0x20","0x20","0x20","0x20","0x20","0x20","0x20","0x20","0x20","0x20","0x20","0x20","0x20","0x20","0x20","0x20","0x20","0x20","0x20","0x20","0x20","0x20","0x20","0x16"
"98","0xC","0xD","0b1101000000000001","0b1111000001111111","0","1","0b0000000000000000","0b0001000000000000","0b0000000000000000","0b0000000000000000","1","0b1101000000000001","0b0000000000000000","0x00000032","0x72080014","1","0","0x0000001E","1","0","0","0x00000000","0x00000001","0x000001B4","0x00000000","0x00000000","0x0000006B","0x00000000","0x00000000","0x00000000","0x00000000","0x00000000","0x00000000","0x00000000","0x00000000","0x00000000","0x00000000","0x00000000","0x00000000","0x00000000","0x00000000","0x00000000","0x00000000","0x00000000","0x00000000","0x04000000","0x00000000","0x00000000","0x00000001","0xFFFFFFFF","0x000000AC","0x00000260","0x00000051","0","0","0","0","0","1","1","1","0x8","0x3","0x0","0xF","0","0","1","1","0","0","1","0","0","0","1","0","0x00","0x00","0x20","0x18","0x0","0x0","0xE","0xB","1","0","0","0x0","0x17080014","0x02080001","0x02100004","0x42200000","0x60D000B8","0x1720000A","0x5828000C","0x60D000B4","0x16","0x15","0x14","0x13","0x12","0x11","0x10","0x0D","0x500","0x000","0x000","0x0E0","0x001","0xE00","0x000","0x00C","0x00","0x00","0xB9","0x20","0x15","0x14","0x20","0x0E","0x20","0x20","0x20","0x20","0x20","0x20","0x20","0x20","0x20","0x20","0x20","0x20","0x20","0x20","0x20","0x20","0x20","0x20","0x20","0x20","0x20","0x20","0x20","0x20","0x20","0x20","0x16"
"99","0xD","0xE","0b1100000000000001","0b1110000011111111","0","0","0b0000000000000000","0b0000000000000000","0b0000000000000000","0b0000000000010000","0","0b1100000000000001","0b0000000000010000","0x00000032","0x60D000B4","1","0","0x0000001E","1","0","0","0x00000000","0x00000001","0x000001B4","0x00000000","0x00000000","0x0000006B","0x00000000","0x00000000","0x00000000","0x00000000","0x00000000","0x00000000","0x00000000","0x00000000","0x00000000","0x00000000","0x00000000","0x00000000","0x00000000","0x00000000","0x00000000","0x00000000","0x00000000","0x00000000","0x04000000","0x00000000","0x00000000","0x00000001","0xFFFFFFFF","0x00000088","0x00000260","0x00000051","0","0","0","0","0","1","1","1","0x8","0x3","0x0","0xF","0","0","1","1","0","0","1","0","0","0","1","0","0x00","0x00","0x20","0x18","0x0","0x0","0xE","0xB","1","0","0","0x0","0x60D000B8","0x17080014","0x02080001","0x02100004","0x42200000","0x60D000B8","0x1720000A","0x60D000B4","0x17","0x16","0x15","0x14","0x13","0x12","0x11","0x0D","0x006","0x500","0x000","0x000","0x0E0","0x001","0xE00","0x00C","0x00","0x80","0xF3","0x20","0x15","0x14","0x20","0x0E","0x20","0x20","0x20","0x20","0x20","0x20","0x20","0x20","0x20","0x20","0x20","0x20","0x20","0x20","0x20","0x20","0x20","0x20","0x20","0x20","0x20","0x20","0x20","0x20","0x20","0x20","0x16"
"100","0xD","0xE","0b1100000000000001","0b1110000011111111","0","0","0b0000000000000000","0b0000000000000000","0b0000000000000000","0b0000000000010000","1","0b1100000000000001","0b0000000000010000","0x00000033","0x60D000B4","1","0","0x0000001F","1","0","0","0x00000000","0x00000001","0x000001B4","0x00000000","0x00000000","0x0000006B","0x00000000","0x00000000","0x00000000","0x00000000","0x00000000","0x00000000","0x00000000","0x00000000","0x00000000","0x00000000","0x00000000","0x00000000","0x00000000","0x00000000","0x00000000","0x00000000","0x00000000","0x00000000","0x04000000","0x00000000","0x00000000","0x00000001","0xFFFFFFFF","0x00000088","0x00000260","0x00000051","0","0","0","0","0","1","1","1","0x8","0x3","0x0","0xF","0","0","1","1","0","0","1","0","0","0","1","0","0x00","0x00","0x20","0x18","0x0","0x0","0xE","0xB","1","0","0","0x0","0x60D000B8","0x17080014","0x02080001","0x02100004","0x42200000","0x60D000B8","0x1720000A","0x60D000B4","0x17","0x16","0x15","0x14","0x13","0x12","0x11","0x0D","0x006","0x500","0x000","0x000","0x0E0","0x001","0xE00","0x00C","0x00","0x80","0xF3","0x20","0x15","0x14","0x20","0x0E","0x20","0x20","0x20","0x20","0x20","0x20","0x20","0x20","0x20","0x20","0x20","0x20","0x20","0x20","0x20","0x20","0x20","0x20","0x20","0x20","0x20","0x20","0x20","0x20","0x20","0x20","0x16"
"101","0xD","0xE","0b1100000000010001","0b1110000111111111","0","0","0b0000000000000000","0b0000000000000000","0b1100001111111111","0b0010000000000000","0","0b1100000000010001","0b0010000000000000","0x00000033","0x72D00080","1","0","0x0000001F","1","0","1","0x00000000","0x00000001","0x000001B4","0x00000000","0x00000000","0x0000006B","0x00000000","0x00000000","0x00000000","0x00000000","0x00000000","0x00000000","0x00000000","0x00000000","0x00000000","0x00000000","0x00000000","0x00000000","0x00000000","0x00000000","0x00000000","0x00000000","0x00000000","0x00000000","0x04000000","0x00000000","0x00000000","0x00000001","0xFFFFFFFF","0x000000B4","0x00000260","0x00000051","0","0","0","0","0","1","1","1","0x8","0x3","0x0","0xF","0","0","1","1","0","0","1","0","0","0","1","0","0x00","0x00","0x20","0x18","0x0","0x0","0xE","0xB","1","0","0","0x0","0x66D00080","0x60D000B8","0x17080014","0x02080001","0x42200000","0x60D000B8","0x1720000A","0x1720000A","0x18","0x17","0x16","0x15","0x13","0x12","0x11","0x11","0x000","0x006","0x500","0x000","0x0E0","0x001","0xE00","0xE00","0xFF","0x01","0x77","0x20","0x15","0x14","0x20","0x0E","0x20","0x20","0x20","0x20","0x20","0x20","0x20","0x20","0x20","0x20","0x20","0x20","0x20","0x20","0x20","0x20","0x20","0x20","0x20","0x20","0x20","0x20","0x20","0x20","0x20","0x20","0x16"
"102","0xD","0xE","0b1100000000010001","0b1110000111111111","0","0","0b0000000000000000","0b0000000000000000","0b1100001111111111","0b0010000000000000","1","0b1100000000010001","0b0010000000000000","0x00000034","0x72D00080","1","0","0x00000020","1","0","1","0x00000000","0x00000001","0x000001B4","0x00000000","0x00000000","0x0000006B","0x00000000","0x00000000","0x00000000","0x00000000","0x00000000","0x00000000","0x00000000","0x00000000","0x00000000","0x00000000","0x00000000","0x00000000","0x00000000","0x00000000","0x00000000","0x00000000","0x00000000","0x00000000","0x04000000","0x00000000","0x00000000","0x00000001","0xFFFFFFFF","0x000000B4","0x00000260","0x00000051","0","0","0","0","0","0","0","0","0x8","0x3","0x0","0xF","0","0","1","1","0","0","0","0","0","0","0","0","0x00","0x00","0x20","0x18","0x0","0x0","0xE","0xB","1","0","0","0x0","0x66D00080","0x60D000B8","0x17080014","0x02080001","0x42200000","0x60D000B8","0x1720000A","0x1720000A","0x18","0x17","0x16","0x15","0x13","0x12","0x11","0x11","0x000","0x006","0x500","0x000","0x0E0","0x001","0xE00","0xE00","0xFF","0x01","0x77","0x20","0x15","0x14","0x20","0x0E","0x20","0x20","0x20","0x20","0x20","0x20","0x20","0x20","0x20","0x20","0x20","0x20","0x20","0x20","0x20","0x20","0x20","0x20","0x20","0x20","0x20","0x20","0x20","0x20","0x20","0x20","0x16"
"103","0xD","0xE","0b0010000000000000","0b0010000000000000","0","1","0b0000000000000000","0b0010000000000000","0b0000000000000000","0b0000000000000000","0","0b0010000000000000","0b0000000000000000","0x00000034","0x72200000","1","0","0x00000020","0","0","0","0x00000000","0x00000001","0x000001B4","0x00000000","0x00000000","0x0000006B","0x00000000","0x00000000","0x00000000","0x00000000","0x00000000","0x00000000","0x00000000","0x00000000","0x00000000","0x00000000","0x00000000","0x00000000","0x00000000","0x00000000","0x00000000","0x00000000","0x00000000","0x00000000","0x04000000","0x00000000","0x00000000","0x00000001","0xFFFFFFFF","0x000000B8","0x00000260","0x00000051","0","0","0","0","0","0","0","0","0x8","0x3","0x0","0xF","0","0","1","1","0","0","0","0","0","0","0","0","0x00","0x00","0x20","0x18","0x0","0x0","0xE","0xB","1","0","0","0x0","0x1A200000","0x66D00080","0x60D000B8","0x17080014","0x02080001","0x42200000","0x60D000B8","0x1720000A","0x19","0x18","0x17","0x16","0x15","0x13","0x12","0x11","0x000","0x000","0x006","0x500","0x000","0x0E0","0x001","0xE00","0x00","0x00","0x00","0x20","0x0D","0x0D","0x20","0x0D","0x20","0x20","0x20","0x20","0x20","0x20","0x20","0x20","0x20","0x20","0x20","0x20","0x20","0x20","0x20","0x20","0x20","0x20","0x20","0x20","0x20","0x20","0x20","0x20","0x20","0x20","0x0D"
"104","0xD","0xE","0b0010000000000000","0b0010000000000000","0","1","0b0000000000000000","0b0010000000000000","0b0000000000000000","0b0000000000000000","1","0b0010000000000000","0b0000000000000000","0x00000035","0x72200000","1","0","0x00000021","0","0","0","0x00000000","0x00000001","0x000001B4","0x00000000","0x00000000","0x0000006B","0x00000000","0x00000000","0x00000000","0x00000000","0x00000000","0x00000000","0x00000000","0x00000000","0x00000000","0x00000000","0x00000000","0x00000000","0x00000000","0x00000000","0x00000000","0x00000000","0x00000000","0x00000000","0x04000000","0x00000000","0x00000000","0x00000001","0xFFFFFFFF","0x000000B8","0x00000260","0x00000051","0","0","0","0","0","0","0","0","0x8","0x3","0x0","0xF","0","0","1","1","0","0","0","0","0","0","0","0","0x00","0x00","0x20","0x18","0x0","0x0","0xE","0xB","1","0","0","0x0","0x1A200000","0x66D00080","0x60D000B8","0x17080014","0x02080001","0x42200000","0x60D000B8","0x1720000A","0x19","0x18","0x17","0x16","0x15","0x13","0x12","0x11","0x000","0x000","0x006","0x500","0x000","0x0E0","0x001","0xE00","0x00","0x00","0x00","0x20","0x0D","0x0D","0x20","0x0D","0x20","0x20","0x20","0x20","0x20","0x20","0x20","0x20","0x20","0x20","0x20","0x20","0x20","0x20","0x20","0x20","0x20","0x20","0x20","0x20","0x20","0x20","0x20","0x20","0x20","0x20","0x0D"
"105","0xE","0xF","0b0000000000000000","0b0000000000000000","0","0","0b0000000000000000","0b0000000000000000","0b0000000000000000","0b0000000000000000","0","0b0000000000000000","0b0000000000000000","0x00000035","0x72200000","1","0","0x00000021","0","0","0","0x00000000","0x00000001","0x000001B4","0x00000000","0x00000000","0x0000006B","0x00000000","0x00000000","0x00000000","0x00000000","0x00000000","0x00000000","0x00000000","0x00000000","0x00000000","0x00000000","0x00000000","0x00000000","0x00000000","0x00000000","0x00000000","0x00000000","0x00000000","0x00000000","0x04000000","0x00000000","0x00000000","0x00000001","0xFFFFFFFF","0x0000008C","0x00000260","0x00000051","0","0","0","0","0","0","0","0","0x8","0x3","0x0","0xF","0","0","1","1","0","0","0","0","0","0","0","0","0x00","0x00","0x20","0x18","0x0","0x0","0xE","0xB","1","0","0","0x0","0x42200000","0x1A200000","0x66D00080","0x60D000B8","0x17080014","0x02080001","0x42200000","0x60D000B8","0x0E","0x19","0x18","0x17","0x16","0x15","0x13","0x12","0xDD0","0x000","0x000","0x006","0x500","0x000","0x0E0","0x001","0x00","0x00","0x00","0x20","0x20","0x20","0x20","0x20","0x20","0x20","0x20","0x20","0x20","0x20","0x20","0x20","0x20","0x20","0x20","0x20","0x20","0x20","0x20","0x20","0x20","0x20","0x20","0x20","0x20","0x20","0x20","0x20","0x20","0x20","0x20"
"106","0xE","0xF","0b0000000000000000","0b0000000000000000","0","0","0b0000000000000000","0b0000000000000000","0b0000000000000000","0b0000000000000000","1","0b0000000000000000","0b0000000000000000","0x00000036","0x72200000","1","0","0x00000022","0","0","0","0x00000000","0x00000001","0x000001B4","0x00000000","0x00000000","0x0000006B","0x00000000","0x00000000","0x00000000","0x00000000","0x00000000","0x00000000","0x00000000","0x00000000","0x00000000","0x00000000","0x00000000","0x00000000","0x00000000","0x00000000","0x00000000","0x00000000","0x00000000","0x00000000","0x04000000","0x00000000","0x00000000","0x00000001","0xFFFFFFFF","0x0000008C","0x00000260","0x00000051","0","0","0","0","0","0","0","0","0x8","0x3","0x0","0xF","0","0","1","1","0","0","0","0","0","0","0","0","0x00","0x00","0x20","0x18","0x0","0x0","0xE","0xB","1","0","0","0x0","0x42200000","0x1A200000","0x66D00080","0x60D000B8","0x17080014","0x02080001","0x42200000","0x60D000B8","0x0E","0x19","0x18","0x17","0x16","0x15","0x13","0x12","0xDD0","0x000","0x000","0x006","0x500","0x000","0x0E0","0x001","0x00","0x00","0x00","0x20","0x20","0x20","0x20","0x20","0x20","0x20","0x20","0x20","0x20","0x20","0x20","0x20","0x20","0x20","0x20","0x20","0x20","0x20","0x20","0x20","0x20","0x20","0x20","0x20","0x20","0x20","0x20","0x20","0x20","0x20","0x20"
"107","0xE","0xF","0b0000000000000000","0b0000000000000000","0","0","0b0000000000000000","0b0000000000000000","0b0000000000000000","0b0000000000000000","0","0b0000000000000000","0b0000000000000000","0x00000036","0x72200000","1","0","0x00000022","1","0","0","0x00000000","0x00000001","0x000001B4","0x00000000","0x00000000","0x0000006B","0x00000000","0x00000000","0x00000000","0x00000000","0x00000000","0x00000000","0x00000000","0x00000000","0x00000000","0x00000000","0x00000000","0x00000000","0x00000000","0x00000000","0x00000000","0x00000000","0x00000000","0x00000000","0x04000000","0x00000000","0x00000000","0x00000001","0xFFFFFFFF","0x0000008C","0x00000260","0x00000051","0","0","0","0","0","0","0","0","0x8","0x3","0x0","0xF","0","0","1","1","0","0","0","0","0","0","0","0","0x00","0x00","0x20","0x18","0x0","0x0","0xE","0xB","1","0","0","0x0","0x42200000","0x42200000","0x1A200000","0x66D00080","0x60D000B8","0x17080014","0x02080001","0x42200000","0x0E","0x0E","0x19","0x18","0x17","0x16","0x15","0x13","0x000","0xDD0","0x000","0x000","0x006","0x500","0x000","0x0E0","0x00","0x00","0x00","0x20","0x20","0x20","0x20","0x20","0x20","0x20","0x20","0x20","0x20","0x20","0x20","0x20","0x20","0x20","0x20","0x20","0x20","0x20","0x20","0x20","0x20","0x20","0x20","0x20","0x20","0x20","0x20","0x20","0x20","0x20","0x20"
"108","0xE","0xF","0b0000000000000000","0b0000000000000000","0","0","0b0000000000000000","0b0000000000000000","0b0000000000000000","0b0000000000000000","1","0b0000000000000000","0b0000000000000000","0x00000037","0x72200000","1","0","0x00000023","1","0","0","0x00000000","0x00000001","0x000001B4","0x00000000","0x00000000","0x0000006B","0x00000000","0x00000000","0x00000000","0x00000000","0x00000000","0x00000000","0x00000000","0x00000000","0x00000000","0x00000000","0x00000000","0x00000000","0x00000000","0x00000000","0x00000000","0x00000000","0x00000000","0x00000000","0x04000000","0x00000000","0x00000000","0x00000001","0xFFFFFFFF","0x000000B4","0x00000260","0x00000051","0","0","0","0","0","0","0","0","0x8","0x3","0x0","0xF","0","0","1","1","0","0","0","0","0","0","0","0","0x00","0x00","0x20","0x18","0x0","0x0","0xE","0xB","1","0","0","0x0","0x42200000","0x42200000","0x1A200000","0x66D00080","0x60D000B8","0x17080014","0x02080001","0x42200000","0x0E","0x0E","0x19","0x18","0x17","0x16","0x15","0x13","0x000","0xDD0","0x000","0x000","0x006","0x500","0x000","0x0E0","0x00","0x00","0x00","0x20","0x20","0x20","0x20","0x20","0x20","0x20","0x20","0x20","0x20","0x20","0x20","0x20","0x20","0x20","0x20","0x20","0x20","0x20","0x20","0x20","0x20","0x20","0x20","0x20","0x20","0x20","0x20","0x20","0x20","0x20","0x20"
"109","0xE","0xF","0b0000000000000000","0b0100000000000000","0","0","0b0000000000000000","0b0000000000000000","0b0000000000000000","0b0000000000000000","0","0b0000000000000000","0b0000000000000000","0x00000037","0x66D00080","1","0","0x00000023","1","0","0","0x00000000","0x00000001","0x000001B4","0x00000000","0x00000000","0x0000006B","0x00000000","0x00000000","0x00000000","0x00000000","0x00000000","0x00000000","0x00000000","0x00000000","0x00000000","0x00000000","0x00000000","0x00000000","0x00000000","0x00000000","0x00000000","0x00000000","0x00000000","0x00000000","0x04000000","0x00000000","0x00000000","0x00000001","0xFFFFFFFF","0x000000B4","0x00000260","0x00000051","0","0","0","0","0","0","0","0","0x8","0x3","0x0","0xF","0","0","1","1","0","0","0","0","0","0","0","0","0x00","0x00","0x20","0x18","0x0","0x0","0xE","0xB","1","0","0","0x0","0x66D00080","0x42200000","0x42200000","0x1A200000","0x66D00080","0x60D000B8","0x17080014","0x02080001","0x0E","0x0E","0x0E","0x19","0x18","0x17","0x16","0x15","0x000","0x000","0xDD0","0x000","0x000","0x006","0x500","0x000","0x00","0x01","0x01","0x20","0x20","0x20","0x20","0x20","0x20","0x20","0x20","0x20","0x20","0x20","0x20","0x20","0x20","0x20","0x20","0x20","0x20","0x20","0x20","0x20","0x20","0x20","0x20","0x20","0x20","0x20","0x20","0x20","0x20","0x20","0x20"
"110","0xE","0xF","0b0000000000000000","0b0100000000000000","0","0","0b0000000000000000","0b0000000000000000","0b0000000000000000","0b0000000000000000","1","0b0000000000000000","0b0000000000000000","0x00000038","0x66D00080","1","0","0x00000024","1","0","0","0x00000000","0x00000001","0x000001B4","0x00000000","0x00000000","0x0000006B","0x00000000","0x00000000","0x00000000","0x00000000","0x00000000","0x00000000","0x00000000","0x00000000","0x00000000","0x00000000","0x00000000","0x00000000","0x00000000","0x00000000","0x00000000","0x00000000","0x00000000","0x00000000","0x04000000","0x00000000","0x00000000","0x00000001","0xFFFFFFFF","0x000000B4","0x00000260","0x00000051","0","0","0","0","0","0","0","0","0x8","0x3","0x0","0xF","0","0","1","1","0","0","0","0","0","0","0","0","0x00","0x00","0x20","0x18","0x0","0x0","0xE","0xB","1","0","0","0x0","0x66D00080","0x42200000","0x42200000","0x1A200000","0x66D00080","0x60D000B8","0x17080014","0x02080001","0x0E","0x0E","0x0E","0x19","0x18","0x17","0x16","0x15","0x000","0x000","0xDD0","0x000","0x000","0x006","0x500","0x000","0x00","0x01","0x01","0x20","0x20","0x20","0x20","0x20","0x20","0x20","0x20","0x20","0x20","0x20","0x20","0x20","0x20","0x20","0x20","0x20","0x20","0x20","0x20","0x20","0x20","0x20","0x20","0x20","0x20","0x20","0x20","0x20","0x20","0x20","0x20"
"111","0xE","0xF","0b0000000000000000","0b1100000000000000","0","0","0b0000000000000000","0b0000000000000000","0b1000000000000001","0b0100000000000000","0","0b0000000000000000","0b0100000000000000","0x00000038","0x72200000","1","0","0x00000024","1","0","1","0x00000000","0x00000001","0x000001B4","0x00000000","0x00000000","0x0000006B","0x00000000","0x00000000","0x00000000","0x00000000","0x00000000","0x00000000","0x00000000","0x00000000","0x00000000","0x00000000","0x00000000","0x00000000","0x00000000","0x00000000","0x00000000","0x00000000","0x00000000","0x00000000","0x04000000","0x00000000","0x00000000","0x00000001","0xFFFFFFFF","0x000000B8","0x00000260","0x00000051","0","0","0","0","0","0","0","0","0x8","0x3","0x0","0xF","0","0","1","1","0","0","0","0","0","0","0","0","0x00","0x00","0x20","0x18","0x0","0x0","0xE","0xB","1","0","0","0x0","0x1A200000","0x66D00080","0x42200000","0x42200000","0x1A200000","0x66D00080","0x60D000B8","0x17080014","0x0F","0x0E","0x0E","0x0E","0x19","0x18","0x17","0x16","0x000","0x000","0x000","0xDD0","0x000","0x000","0x006","0x500","0xF1","0x01","0x01","0x20","0x20","0x20","0x20","0x0F","0x20","0x20","0x20","0x20","0x20","0x20","0x20","0x20","0x20","0x20","0x20","0x20","0x20","0x20","0x20","0x20","0x20","0x20","0x20","0x20","0x20","0x20","0x20","0x20","0x20","0x20","0x20"
"112","0xE","0xF","0b0000000000000000","0b1100000000000000","0","0","0b0000000000000000","0b0000000000000000","0b1000000000000001","0b0100000000000000","1","0b0000000000000000","0b0100000000000000","0x00000039","0x72200000","1","0","0x00000025","1","0","1","0x00000000","0x00000001","0x000001B4","0x00000000","0x00000000","0x0000006B","0x00000000","0x00000000","0x00000000","0x00000000","0x00000000","0x00000000","0x00000000","0x00000000","0x00000000","0x00000000","0x00000000","0x00000000","0x00000000","0x00000000","0x00000000","0x00000000","0x00000000","0x00000000","0x04000000","0x00000000","0x00000000","0x00000001","0xFFFFFFFF","0x000000B8","0x00000260","0x00000051","0","0","0","0","0","0","0","0","0x8","0x3","0x0","0xF","0","0","1","1","0","0","0","0","0","0","0","0","0x00","0x00","0x20","0x18","0x0","0x0","0xE","0xB","1","0","0","0x0","0x1A200000","0x66D00080","0x42200000","0x42200000","0x1A200000","0x66D00080","0x60D000B8","0x17080014","0x0F","0x0E","0x0E","0x0E","0x19","0x18","0x17","0x16","0x000","0x000","0x000","0xDD0","0x000","0x000","0x006","0x500","0xF1","0x01","0x01","0x20","0x20","0x20","0x20","0x0F","0x20","0x20","0x20","0x20","0x20","0x20","0x20","0x20","0x20","0x20","0x20","0x20","0x20","0x20","0x20","0x20","0x20","0x20","0x20","0x20","0x20","0x20","0x20","0x20","0x20","0x20","0x20"
"113","0xE","0xF","0b0100000000000000","0b0100000000000000","0","1","0b0000000000000000","0b0100000000000000","0b0000000000000000","0b0000000000000000","0","0b0100000000000000","0b0000000000000000","0x00000039","0x72200000","1","0","0x00000025","0","0","0","0x00000000","0x00000001","0x000001B4","0x00000000","0x00000000","0x0000006B","0x00000000","0x00000000","0x00000000","0x00000000","0x00000000","0x00000000","0x00000000","0x00000000","0x00000000","0x00000000","0x00000000","0x00000000","0x00000000","0x00000000","0x00000000","0x00000000","0x00000000","0x00000000","0x04000000","0x00000000","0x00000000","0x00000001","0xFFFFFFFF","0x000000BC","0x00000260","0x00000051","0","0","0","0","0","0","0","0","0x8","0x3","0x0","0xF","0","0","1","1","0","0","0","0","0","0","0","0","0x00","0x00","0x20","0x18","0x0","0x0","0xE","0xB","1","0","0","0x0","0x42200000","0x1A200000","0x66D00080","0x42200000","0x42200000","0x1A200000","0x66D00080","0x60D000B8","0x10","0x0F","0x0E","0x0E","0x0E","0x19","0x18","0x17","0x0F0","0x000","0x000","0x000","0xDD0","0x000","0x000","0x006","0x00","0x00","0x00","0x20","0x20","0x20","0x20","0x0E","0x20","0x20","0x20","0x20","0x20","0x20","0x20","0x20","0x20","0x20","0x20","0x20","0x20","0x20","0x20","0x20","0x20","0x20","0x20","0x20","0x20","0x20","0x20","0x20","0x20","0x20","0x20"
"114","0xE","0xF","0b0100000000000000","0b0100000000000000","0","1","0b0000000000000000","0b0100000000000000","0b0000000000000000","0b0000000000000000","1","0b0100000000000000","0b0000000000000000","0x0000003A","0x72200000","1","0","0x00000026","0","0","0","0x00000000","0x00000001","0x000001B4","0x00000000","0x00000000","0x0000006B","0x00000000","0x00000000","0x00000000","0x00000000","0x00000000","0x00000000","0x00000000","0x00000000","0x00000000","0x00000000","0x00000000","0x00000000","0x00000000","0x00000000","0x00000000","0x00000000","0x00000000","0x00000000","0x04000000","0x00000000","0x00000000","0x00000001","0xFFFFFFFF","0x000000BC","0x00000260","0x00000051","0","0","0","0","0","0","0","0","0x8","0x3","0x0","0xF","0","0","1","1","0","0","0","0","0","0","0","0","0x00","0x00","0x20","0x18","0x0","0x0","0xE","0xB","1","0","0","0x0","0x42200000","0x1A200000","0x66D00080","0x42200000","0x42200000","0x1A200000","0x66D00080","0x60D000B8","0x10","0x0F","0x0E","0x0E","0x0E","0x19","0x18","0x17","0x0F0","0x000","0x000","0x000","0xDD0","0x000","0x000","0x006","0x00","0x00","0x00","0x20","0x20","0x20","0x20","0x0E","0x20","0x20","0x20","0x20","0x20","0x20","0x20","0x20","0x20","0x20","0x20","0x20","0x20","0x20","0x20","0x20","0x20","0x20","0x20","0x20","0x20","0x20","0x20","0x20","0x20","0x20","0x20"
"115","0xF","0x0","0b0000000000000000","0b0000000000000000","0","0","0b0000000000000000","0b0000000000000000","0b0000000000000000","0b0000000000000000","0","0b0000000000000000","0b0000000000000000","0x0000003A","0x72000000","1","0","0x00000026","0","0","0","0x00000000","0x00000001","0x000001B4","0x00000000","0x00000000","0x0000006B","0x00000000","0x00000000","0x00000000","0x00000000","0x00000000","0x00000000","0x00000000","0x00000000","0x00000000","0x00000000","0x00000000","0x00000000","0x00000000","0x00000000","0x00000000","0x00000000","0x00000000","0x00000000","0x04000000","0x00000000","0x00000000","0x00000001","0xFFFFFFFF","0x000000B8","0x00000260","0x00000051","0","0","0","0","0","0","0","0","0x8","0x3","0x0","0xF","0","0","1","1","0","0","0","0","0","0","0","0","0x00","0x00","0x20","0x18","0x0","0x0","0xE","0xB","1","0","0","0x0","0x71000000","0x42200000","0x1A200000","0x66D00080","0x42200000","0x42200000","0x1A200000","0x66D00080","0x0F","0x10","0x0F","0x0E","0x0E","0x0E","0x19","0x18","0x000","0x0F0","0x000","0x000","0x000","0xDD0","0x000","0x000","0x00","0x00","0x00","0x20","0x20","0x20","0x20","0x20","0x20","0x20","0x20","0x20","0x20","0x20","0x20","0x20","0x20","0x20","0x20","0x20","0x20","0x20","0x20","0x20","0x20","0x20","0x20","0x20","0x20","0x20","0x20","0x20","0x20","0x20","0x20"
"116","0xF","0x0","0b0000000000000000","0b0000000000000000","0","0","0b0000000000000000","0b0000000000000000","0b0000000000000000","0b0000000000000000","1","0b0000000000000000","0b0000000000000000","0x0000003B","0x72000000","1","0","0x00000027","0","0","0","0x00000000","0x00000001","0x000001B4","0x00000000","0x00000000","0x0000006B","0x00000000","0x00000000","0x00000000","0x00000000","0x00000000","0x00000000","0x00000000","0x00000000","0x00000000","0x00000000","0x00000000","0x00000000","0x00000000","0x00000000","0x00000000","0x00000000","0x00000000","0x00000000","0x04000000","0x00000000","0x00000000","0x00000001","0xFFFFFFFF","0x000000B8","0x00000260","0x00000051","0","0","0","0","0","0","0","0","0x8","0x3","0x0","0xF","0","0","1","1","0","0","0","0","0","0","0","0","0x00","0x00","0x20","0x18","0x0","0x0","0xE","0xB","1","0","0","0x0","0x71000000","0x42200000","0x1A200000","0x66D00080","0x42200000","0x42200000","0x1A200000","0x66D00080","0x0F","0x10","0x0F","0x0E","0x0E","0x0E","0x19","0x18","0x000","0x0F0","0x000","0x000","0x000","0xDD0","0x000","0x000","0x00","0x00","0x00","0x20","0x20","0x20","0x20","0x20","0x20","0x20","0x20","0x20","0x20","0x20","0x20","0x20","0x20","0x20","0x20","0x20","0x20","0x20","0x20","0x20","0x20","0x20","0x20","0x20","0x20","0x20","0x20","0x20","0x20","0x20","0x20"
"117","0xF","0x0","0b0000000000000000","0b0000000000000000","0","0","0b0000000000000000","0b0000000000000000","0b0000000000000000","0b0000000000000000","0","0b0000000000000000","0b0000000000000000","0x0000003B","0x72000000","1","0","0x00000027","1","1","0","0x00000000","0x00000001","0x000001B4","0x00000000","0x00000000","0x0000006B","0x00000000","0x00000000","0x00000000","0x00000000","0x00000000","0x00000000","0x00000000","0x00000000","0x00000000","0x00000000","0x00000000","0x00000000","0x00000000","0x00000000","0x00000000","0x00000000","0x00000000","0x00000000","0x04000000","0x00000000","0x00000000","0x00000001","0xFFFFFFFF","0x000000B8","0x00000260","0x00000051","0","0","0","0","0","0","0","0","0x8","0x3","0x0","0xF","0","0","1","1","0","0","0","0","0","0","0","0","0x00","0x00","0x20","0x18","0x0","0x0","0xE","0xB","1","0","0","0x0","0x71000000","0x71000000","0x42200000","0x1A200000","0x66D00080","0x42200000","0x42200000","0x1A200000","0x0F","0x0F","0x10","0x0F","0x0E","0x0E","0x0E","0x19","0x000","0x000","0x0F0","0x000","0x000","0x000","0xDD0","0x000","0x00","0x00","0x00","0x20","0x20","0x20","0x20","0x20","0x20","0x20","0x20","0x20","0x20","0x20","0x20","0x20","0x20","0x20","0x20","0x20","0x20","0x20","0x20","0x20","0x20","0x20","0x20","0x20","0x20","0x20","0x20","0x20","0x20","0x20","0x20"
"118","0xF","0x0","0b0000000000000000","0b0000000000000000","0","0","0b0000000000000000","0b0000000000000000","0b0000000000000000","0b0000000000000000","1","0b0000000000000000","0b0000000000000000","0x0000003C","0x72000000","1","0","0x00000028","1","1","0","0x00000000","0x00000001","0x000001B4","0x00000000","0x00000000","0x0000006B","0x00000000","0x00000000","0x00000000","0x00000000","0x00000000","0x00000000","0x00000000","0x00000000","0x00000000","0x00000000","0x00000000","0x00000000","0x00000000","0x00000000","0x00000000","0x00000000","0x00000000","0x00000000","0x04000000","0x00000000","0x00000000","0x00000001","0xFFFFFFFF","0x00000080","0x00000260","0x00000051","0","0","0","0","0","0","0","0","0x8","0x3","0x0","0xF","0","1","1","1","0","0","0","0","0","0","0","0","0x00","0x00","0x20","0x18","0x0","0xF","0xE","0xB","1","0","0","0x0","0x71000000","0x71000000","0x42200000","0x1A200000","0x66D00080","0x42200000","0x42200000","0x1A200000","0x0F","0x0F","0x10","0x0F","0x0E","0x0E","0x0E","0x19","0x000","0x000","0x0F0","0x000","0x000","0x000","0xDD0","0x000","0x00","0x00","0x00","0x20","0x20","0x20","0x20","0x20","0x20","0x20","0x20","0x20","0x20","0x20","0x20","0x20","0x20","0x20","0x20","0x20","0x20","0x20","0x20","0x20","0x20","0x20","0x20","0x20","0x20","0x20","0x20","0x20","0x20","0x20","0x20"
"119","0xF","0x0","0b0000000000000000","0b1000000000000000","0","0","0b0000000000000000","0b0000000000000000","0b0000000000000000","0b0000000000000000","0","0b0000000000000000","0b0000000000000000","0x0000003C","0x38180004","1","0","0x00000028","1","0","0","0x00000000","0x00000001","0x000001B4","0x00000000","0x00000000","0x0000006B","0x00000000","0x00000000","0x00000000","0x00000000","0x00000000","0x00000000","0x00000000","0x00000000","0x00000000","0x00000000","0x00000000","0x00000000","0x00000000","0x00000000","0x00000000","0x00000000","0x00000000","0x00000000","0x04000000","0x00000000","0x00000000","0x00000001","0xFFFFFFFF","0x00000080","0x00000260","0x00000051","0","0","0","0","0","0","0","0","0x8","0x3","0x0","0xF","0","1","1","1","0","0","0","0","0","0","0","0","0x00","0x00","0x20","0x18","0x0","0xF","0xE","0xB","1","0","0","0x0","0x38180004","0x71000000","0x71000000","0x42200000","0x1A200000","0x66D00080","0x42200000","0x42200000","0x0F","0x0F","0x0F","0x10","0x0F","0x0E","0x0E","0x0E","0x000","0x000","0x000","0x0F0","0x000","0x000","0x000","0xDD0","0x00","0x01","0x01","0x20","0x20","0x20","0x0F","0x20","0x20","0x20","0x20","0x20","0x20","0x20","0x20","0x20","0x20","0x20","0x20","0x20","0x20","0x20","0x20","0x20","0x20","0x20","0x20","0x20","0x20","0x20","0x20","0x20","0x20","0x20","0x20"
"120","0xF","0x0","0b0000000000000000","0b1000000000000000","0","0","0b0000000000000000","0b0000000000000000","0b0000000000000000","0b0000000000000000","1","0b0000000000000000","0b0000000000000000","0x0000003D","0x38180004","1","0","0x00000029","1","0","0","0x00000000","0x00000001","0x000001B4","0x00000000","0x00000000","0x0000006B","0x00000000","0x00000000","0x00000000","0x00000000","0x00000000","0x00000000","0x00000000","0x00000000","0x00000000","0x00000000","0x00000000","0x00000000","0x00000000","0x00000000","0x00000000","0x00000000","0x00000000","0x00000000","0x04000000","0x00000000","0x00000000","0x00000001","0xFFFFFFFF","0x00000080","0x00000260","0x00000051","0","0","0","0","0","0","0","0","0x8","0x3","0x0","0xF","0","1","1","1","0","0","0","0","0","0","0","0","0x00","0x00","0x20","0x18","0x0","0xF","0xE","0xB","1","0","0","0x0","0x38180004","0x71000000","0x71000000","0x42200000","0x1A200000","0x66D00080","0x42200000","0x42200000","0x0F","0x0F","0x0F","0x10","0x0F","0x0E","0x0E","0x0E","0x000","0x000","0x000","0x0F0","0x000","0x000","0x000","0xDD0","0x00","0x01","0x01","0x20","0x20","0x20","0x0F","0x20","0x20","0x20","0x20","0x20","0x20","0x20","0x20","0x20","0x20","0x20","0x20","0x20","0x20","0x20","0x20","0x20","0x20","0x20","0x20","0x20","0x20","0x20","0x20","0x20","0x20","0x20","0x20"
"121","0xF","0x0","0b0000000000000000","0b1000000000000001","0","0","0b0000000000000000","0b0000000000000000","0b0000000000000000","0b0000000000000000","0","0b0000000000000000","0b0000000000000000","0x0000003D","0x7218D000","1","0","0x00000029","1","0","0","0x00000000","0x00000001","0x000001B4","0x00000000","0x00000000","0x0000006B","0x00000000","0x00000000","0x00000000","0x00000000","0x00000000","0x00000000","0x00000000","0x00000000","0x00000000","0x00000000","0x00000000","0x00000000","0x00000000","0x00000000","0x00000000","0x00000000","0x00000000","0x00000000","0x04000000","0x00000000","0x00000000","0x00000001","0xFFFFFFFF","0x00000084","0x00000260","0x00000051","0","0","0","0","0","0","0","0","0x8","0x3","0x0","0xF","0","1","1","1","0","0","0","0","0","0","0","0","0x00","0x00","0x20","0x18","0x0","0xF","0xE","0xB","0","0","1","0xF","0x1618D000","0x38180004","0x71000000","0x71000000","0x42200000","0x1A200000","0x66D00080","0x42200000","0x10","0x0F","0x0F","0x0F","0x10","0x0F","0x0E","0x0E","0xF00","0x000","0x000","0x000","0x0F0","0x000","0x000","0x000","0x00","0x00","0x01","0x20","0x20","0x20","0x0F","0x20","0x20","0x20","0x20","0x20","0x20","0x20","0x20","0x20","0x20","0x20","0x20","0x20","0x20","0x20","0x20","0x20","0x20","0x20","0x20","0x20","0x20","0x20","0x20","0x20","0x20","0x20","0x10"
"122","0xF","0x0","0b0000000000000000","0b1000000000000001","0","0","0b0000000000000000","0b0000000000000000","0b0000000000000000","0b0000000000000000","1","0b0000000000000000","0b0000000000000000","0x0000003E","0x7218D000","1","0","0x0000002A","1","0","0","0x00000000","0x00000001","0x000001B4","0x00000000","0x00000000","0x0000006B","0x00000000","0x00000000","0x00000000","0x00000000","0x00000000","0x00000000","0x00000000","0x00000000","0x00000000","0x00000000","0x00000000","0x00000000","0x00000000","0x00000000","0x00000000","0x00000000","0x00000000","0x00000000","0x04000000","0x00000000","0x00000000","0x00000001","0xFFFFFFFF","0x00000084","0x00000260","0x00000051","0","0","0","0","0","0","0","0","0x8","0x3","0x0","0xF","0","1","1","1","0","1","0","0","0","0","0","0","0x00","0x18","0x20","0x18","0x0","0xF","0xE","0xB","0","0","1","0xF","0x1618D000","0x38180004","0x71000000","0x71000000","0x42200000","0x1A200000","0x66D00080","0x42200000","0x10","0x0F","0x0F","0x0F","0x10","0x0F","0x0E","0x0E","0xF00","0x000","0x000","0x000","0x0F0","0x000","0x000","0x000","0x00","0x00","0x01","0x20","0x20","0x20","0x0F","0x20","0x20","0x20","0x20","0x20","0x20","0x20","0x20","0x20","0x20","0x20","0x20","0x20","0x20","0x20","0x20","0x20","0x20","0x20","0x20","0x20","0x20","0x20","0x20","0x20","0x20","0x20","0x10"
"123","0xF","0x0","0b0000000000000000","0b1000000000000011","0","0","0b0000000000000000","0b0000000000000000","0b0000000000000000","0b0000000000000000","0","0b0000000000000000","0b0000000000000000","0x0000003E","0x72D000B4","1","0","0x0000002A","1","0","0","0x00000000","0x00000001","0x000001B4","0x00000000","0x00000000","0x0000006B","0x00000000","0x00000000","0x00000000","0x00000000","0x00000000","0x00000000","0x00000000","0x00000000","0x00000000","0x00000000","0x00000000","0x00000000","0x00000000","0x00000000","0x00000000","0x00000000","0x00000000","0x00000000","0x04000000","0x00000000","0x00000000","0x00000001","0xFFFFFFFF","0x00000088","0x00000260","0x00000051","0","0","0","0","0","0","0","0","0x8","0x3","0x0","0xF","0","1","1","1","0","1","0","0","0","0","0","0","0x00","0x18","0x20","0x18","0x0","0xF","0xE","0xB","0","0","0","0xF","0x60D000B4","0x1618D000","0x38180004","0x71000000","0x71000000","0x42200000","0x1A200000","0x66D00080","0x11","0x10","0x0F","0x0F","0x0F","0x10","0x0F","0x0E","0x000","0xF00","0x000","0x000","0x000","0x0F0","0x000","0x000","0x00","0x00","0x03","0x20","0x20","0x20","0x0F","0x20","0x20","0x20","0x20","0x20","0x20","0x20","0x20","0x20","0x20","0x20","0x20","0x20","0x20","0x20","0x20","0x20","0x20","0x20","0x20","0x20","0x20","0x20","0x20","0x20","0x20","0x20","0x10"
"124","0xF","0x0","0b0000000000000000","0b1000000000000011","0","0","0b0000000000000000","0b0000000000000000","0b0000000000000000","0b0000000000000000","1","0b0000000000000000","0b0000000000000000","0x0000003F","0x72D000B4","1","0","0x0000002B","1","0","0","0x00000000","0x00000001","0x000001B4","0x00000000","0x00000000","0x0000006B","0x00000000","0x00000000","0x00000000","0x00000000","0x00000000","0x00000000","0x00000000","0x00000000","0x00000000","0x00000000","0x00000000","0x00000000","0x00000000","0x00000000","0x00000000","0x00000000","0x00000000","0x00000000","0x04000000","0x00000000","0x00000000","0x00000001","0xFFFFFFFF","0x00000088","0x00000260","0x00000051","0","0","0","0","0","0","0","0","0x8","0x3","0x0","0xF","0","1","1","1","0","1","0","0","0","0","0","0","0x00","0x18","0x20","0x18","0x0","0xF","0xE","0xB","0","0","0","0xF","0x60D000B4","0x1618D000","0x38180004","0x71000000","0x71000000","0x42200000","0x1A200000","0x66D00080","0x11","0x10","0x0F","0x0F","0x0F","0x10","0x0F","0x0E","0x000","0xF00","0x000","0x000","0x000","0x0F0","0x000","0x000","0x00","0x00","0x03","0x20","0x20","0x20","0x0F","0x20","0x20","0x20","0x20","0x20","0x20","0x20","0x20","0x20","0x20","0x20","0x20","0x20","0x20","0x20","0x20","0x20","0x20","0x20","0x20","0x20","0x20","0x20","0x20","0x20","0x20","0x20","0x10"
"125","0xF","0x0","0b0000000000000000","0b1000000000000111","0","0","0b0000000000000000","0b0000000000000000","0b0000000000000000","0b0000000000000000","0","0b0000000000000000","0b0000000000000000","0x0000003F","0x66D00080","1","0","0x0000002B","1","1","0","0x00000000","0x00000001","0x000001B4","0x00000000","0x00000000","0x0000006B","0x00000000","0x00000000","0x00000000","0x00000000","0x00000000","0x00000000","0x00000000","0x00000000","0x00000000","0x00000000","0x00000000","0x00000000","0x00000000","0x00000000","0x00000000","0x00000000","0x00000000","0x00000000","0x04000000","0x00000000","0x00000000","0x00000001","0xFFFFFFFF","0x000000B4","0x00000260","0x00000051","0","0","0","0","0","0","0","0","0x8","0x3","0x0","0xF","0","1","1","1","0","1","0","0","0","0","0","0","0x00","0x18","0x20","0x18","0x0","0xF","0xE","0xB","0","0","0","0xF","0x66D00080","0x60D000B4","0x1618D000","0x38180004","0x71000000","0x71000000","0x42200000","0x1A200000","0x12","0x11","0x10","0x0F","0x0F","0x0F","0x10","0x0F","0x000","0x000","0xF00","0x000","0x000","0x000","0x0F0","0x000","0x00","0x01","0x07","0x20","0x20","0x20","0x0F","0x20","0x20","0x20","0x20","0x20","0x20","0x20","0x20","0x20","0x20","0x20","0x20","0x20","0x20","0x20","0x20","0x20","0x20","0x20","0x20","0x20","0x20","0x20","0x20","0x20","0x20","0x20","0x10"
"126","0xF","0x0","0b0000000000000000","0b1000000000000111","0","0","0b0000000000000000","0b0000000000000000","0b0000000000000000","0b0000000000000000","1","0b0000000000000000","0b0000000000000000","0x00000040","0x66D00080","1","0","0x0000002C","1","1","0","0x00000000","0x00000001","0x000001B4","0x00000000","0x00000000","0x0000006B","0x00000000","0x00000000","0x00000000","0x00000000","0x00000000","0x00000000","0x00000000","0x00000000","0x00000000","0x00000000","0x00000000","0x00000000","0x00000000","0x00000000","0x00000000","0x00000000","0x00000000","0x00000000","0x04000000","0x00000000","0x00000000","0x00000001","0xFFFFFFFF","0x000000B4","0x00000260","0x00000051","0","0","0","0","0","0","0","0","0x8","0x3","0x0","0xF","1","1","1","1","0","1","0","0","0","0","0","0","0x00","0x18","0x20","0x18","0x3","0xF","0xE","0xB","0","0","0","0xF","0x66D00080","0x60D000B4","0x1618D000","0x38180004","0x71000000","0x71000000","0x42200000","0x1A200000","0x12","0x11","0x10","0x0F","0x0F","0x0F","0x10","0x0F","0x000","0x000","0xF00","0x000","0x000","0x000","0x0F0","0x000","0x00","0x01","0x07","0x20","0x20","0x20","0x0F","0x20","0x20","0x20","0x20","0x20","0x20","0x20","0x20","0x20","0x20","0x20","0x20","0x20","0x20","0x20","0x20","0x20","0x20","0x20","0x20","0x20","0x20","0x20","0x20","0x20","0x20","0x20","0x10"
"127","0xF","0x0","0b0000000000000000","0b1000000000001111","0","0","0b0000000000000000","0b0000000000000000","0b0000000000000000","0b0000000000000100","0","0b0000000000000000","0b0000000000000100","0x00000040","0x38180004","1","0","0x0000002C","0","0","0","0x00000000","0x00000001","0x000001B4","0x00000000","0x00000000","0x0000006B","0x00000000","0x00000000","0x00000000","0x00000000","0x00000000","0x00000000","0x00000000","0x00000000","0x00000000","0x00000000","0x00000000","0x00000000","0x00000000","0x00000000","0x00000000","0x00000000","0x00000000","0x00000000","0x04000000","0x00000000","0x00000000","0x00000001","0xFFFFFFFF","0x00000080","0x00000260","0x00000051","0","0","0","0","0","0","0","0","0x8","0x3","0x0","0xF","1","1","1","1","0","1","0","0","0","0","0","0","0x00","0x18","0x20","0x18","0x3","0xF","0xE","0xB","0","0","0","0xF","0x38180004","0x66D00080","0x60D000B4","0x1618D000","0x38180004","0x71000000","0x71000000","0x42200000","0x13","0x12","0x11","0x10","0x0F","0x0F","0x0F","0x10","0x000","0x000","0x000","0xF00","0x000","0x000","0x000","0x0F0","0x00","0x01","0x0D","0x20","0x20","0x20","0x13","0x20","0x20","0x20","0x20","0x20","0x20","0x20","0x20","0x20","0x20","0x20","0x20","0x20","0x20","0x20","0x20","0x20","0x20","0x20","0x20","0x20","0x20","0x20","0x20","0x20","0x20","0x20","0x10"
"128","0xF","0x0","0b0000000000000000","0b1000000000001111","0","0","0b0000000000000000","0b0000000000000000","0b0000000000000000","0b0000000000000100","1","0b0000000000000000","0b0000000000000100","0x00000041","0x38180004","1","0","0x0000002D","0","0","0","0x00000000","0x00000001","0x000001B4","0x00000000","0x00000000","0x0000006B","0x00000000","0x00000000","0x00000000","0x00000000","0x00000000","0x00000000","0x00000000","0x00000000","0x00000000","0x00000000","0x00000000","0x00000000","0x00000000","0x00000000","0x00000000","0x00000000","0x00000000","0x00000000","0x04000000","0x00000000","0x00000000","0x00000001","0xFFFFFFFF","0x00000080","0x00000260","0x00000051","0","0","0","0","0","0","0","0","0x8","0x3","0x0","0xF","1","1","1","1","0","1","0","0","0","1","0","0","0x00","0x18","0x20","0x18","0x3","0xF","0xE","0xB","0","0","0","0xF","0x38180004","0x66D00080","0x60D000B4","0x1618D000","0x38180004","0x71000000","0x71000000","0x42200000","0x13","0x12","0x11","0x10","0x0F","0x0F","0x0F","0x10","0x000","0x000","0x000","0xF00","0x000","0x000","0x000","0x0F0","0x00","0x01","0x0D","0x20","0x20","0x20","0x13","0x20","0x20","0x20","0x20","0x20","0x20","0x20","0x20","0x20","0x20","0x20","0x20","0x20","0x20","0x20","0x20","0x20","0x20","0x20","0x20","0x20","0x20","0x20","0x20","0x20","0x20","0x20","0x10"
"129","0xF","0x0","0b0000000000000100","0b1000000000001111","0","0","0b0000000000000000","0b0000000000000000","0b0000000000000000","0b1000000000000000","0","0b0000000000000100","0b1000000000000000","0x00000041","0x7218D000","1","0","0x0000002D","0","0","0","0x00000000","0x00000001","0x000001B4","0x00000000","0x00000000","0x0000006B","0x00000000","0x00000000","0x00000000","0x00000000","0x00000000","0x00000000","0x00000000","0x00000000","0x00000000","0x00000000","0x00000000","0x00000000","0x00000000","0x00000000","0x00000000","0x00000000","0x00000000","0x00000000","0x04000000","0x00000000","0x00000000","0x00000001","0xFFFFFFFF","0x000000A4","0x00000260","0x00000051","0","0","0","0","0","0","0","0","0x8","0x3","0x0","0xF","1","1","1","1","0","1","0","0","0","1","0","0","0x00","0x18","0x20","0x18","0x3","0xF","0xE","0xB","0","0","1","0x3","0x1618D000","0x38180004","0x66D00080","0x60D000B4","0x1618D000","0x38180004","0x71000000","0x71000000","0x14","0x13","0x12","0x11","0x10","0x0F","0x0F","0x0F","0x300","0x000","0x000","0x000","0xF00","0x000","0x000","0x000","0x00","0x00","0x18","0x20","0x20","0x20","0x13","0x20","0x20","0x20","0x20","0x20","0x20","0x20","0x20","0x20","0x20","0x20","0x20","0x20","0x20","0x20","0x20","0x20","0x20","0x20","0x20","0x20","0x20","0x20","0x20","0x20","0x20","0x20","0x10"
"130","0xF","0x0","0b0000000000000100","0b1000000000001111","0","0","0b0000000000000000","0b0000000000000000","0b0000000000000000","0b1000000000000000","1","0b0000000000000100","0b1000000000000000","0x00000042","0x7218D000","1","0","0x0000002E","0","0","0","0x00000000","0x00000001","0x000001B4","0x00000000","0x00000000","0x0000006B","0x00000000","0x00000000","0x00000000","0x00000000","0x00000000","0x00000000","0x00000000","0x00000000","0x00000000","0x00000000","0x00000000","0x00000000","0x00000000","0x00000000","0x00000000","0x00000000","0x00000000","0x00000000","0x04000000","0x00000000","0x00000000","0x00000001","0xFFFFFFFF","0x000000A4","0x00000260","0x00000051","0","0","0","0","0","0","0","0","0x8","0x3","0x0","0xF","1","1","1","1","1","1","0","0","0","1","0","0","0x18","0x18","0x20","0x18","0x3","0xF","0xE","0xB","0","0","1","0x3","0x1618D000","0x38180004","0x66D00080","0x60D000B4","0x1618D000","0x38180004","0x71000000","0x71000000","0x14","0x13","0x12","0x11","0x10","0x0F","0x0F","0x0F","0x300","0x000","0x000","0x000","0xF00","0x000","0x000","0x000","0x00","0x00","0x18","0x20","0x20","0x20","0x13","0x20","0x20","0x20","0x20","0x20","0x20","0x20","0x20","0x20","0x20","0x20","0x20","0x20","0x20","0x20","0x20","0x20","0x20","0x20","0x20","0x20","0x20","0x20","0x20","0x20","0x20","0x20","0x10"
"131","0xF","0x0","0b1000000000000100","0b1000000000001111","0","1","0b0000000000000000","0b1000000000000000","0b0000000000000000","0b0000000000000000","0","0b1000000000000100","0b0000000000000000","0x00000042","0x7218D000","1","0","0x0000002E","0","0","0","0x00000000","0x00000001","0x000001B4","0x00000000","0x00000000","0x0000006B","0x00000000","0x00000000","0x00000000","0x00000000","0x00000000","0x00000000","0x00000000","0x00000000","0x00000000","0x00000000","0x00000000","0x00000000","0x00000000","0x00000000","0x00000000","0x00000000","0x00000000","0x00000000","0x04000000","0x00000000","0x00000000","0x00000001","0xFFFFFFFF","0x000000A4","0x00000260","0x00000051","0","0","0","0","0","0","0","0","0x8","0x3","0x0","0xF","1","1","1","1","1","1","0","0","0","1","0","0","0x18","0x18","0x20","0x18","0x3","0xF","0xE","0xB","0","0","0","0x3","0x1618D000","0x1618D000","0x38180004","0x66D00080","0x60D000B4","0x1618D000","0x38180004","0x71000000","0x14","0x14","0x13","0x12","0x11","0x10","0x0F","0x0F","0x300","0x300","0x000","0x000","0x000","0xF00","0x000","0x000","0x00","0x00","0x30","0x20","0x20","0x20","0x13","0x20","0x20","0x20","0x20","0x20","0x20","0x20","0x20","0x20","0x20","0x20","0x20","0x20","0x20","0x20","0x20","0x20","0x20","0x20","0x20","0x20","0x20","0x20","0x20","0x20","0x20","0x20","0x10"
"132","0xF","0x0","0b1000000000000100","0b1000000000001111","0","1","0b0000000000000000","0b1000000000000000","0b0000000000000000","0b0000000000000000","1","0b1000000000000100","0b0000000000000000","0x00000043","0x7218D000","1","0","0x0000002F","0","0","0","0x00000000","0x00000001","0x000001B4","0x00000000","0x00000000","0x0000006B","0x00000000","0x00000000","0x00000000","0x00000000","0x00000000","0x00000000","0x00000000","0x00000000","0x00000000","0x00000000","0x00000000","0x00000000","0x00000000","0x00000000","0x00000000","0x00000000","0x00000000","0x00000000","0x04000000","0x00000000","0x00000000","0x00000001","0xFFFFFFFF","0x000000A4","0x00000260","0x00000051","0","0","0","0","0","0","0","0","0x8","0x3","0x0","0xF","1","1","1","1","1","0","0","0","0","0","0","0","0x18","0x18","0x20","0x18","0x3","0xF","0xE","0xB","0","0","0","0x3","0x1618D000","0x1618D000","0x38180004","0x66D00080","0x60D000B4","0x1618D000","0x38180004","0x71000000","0x14","0x14","0x13","0x12","0x11","0x10","0x0F","0x0F","0x300","0x300","0x000","0x000","0x000","0xF00","0x000","0x000","0x00","0x00","0x30","0x20","0x20","0x20","0x13","0x20","0x20","0x20","0x20","0x20","0x20","0x20","0x20","0x20","0x20","0x20","0x20","0x20","0x20","0x20","0x20","0x20","0x20","0x20","0x20","0x20","0x20","0x20","0x20","0x20","0x20","0x20","0x10"
"133","0x0","0x1","0b0000000000000100","0b0000000000001111","0","0","0b0000000000000000","0b0000000000000000","0b0000000000000000","0b0000000000000000","0","0b0000000000000100","0b0000000000000000","0x00000043","0x1618D000","1","0","0x0000002F","0","0","0","0x00000000","0x00000001","0x000001B4","0x00000000","0x00000000","0x0000006B","0x00000000","0x00000000","0x00000000","0x00000000","0x00000000","0x00000000","0x00000000","0x00000000","0x00000000","0x00000000","0x00000000","0x00000000","0x00000000","0x00000000","0x00000000","0x00000000","0x00000000","0x00000000","0x04000000","0x00000000","0x00000000","0x00000001","0xFFFFFFFF","0x00000084","0x00000260","0x00000051","0","0","0","0","0","0","0","0","0x8","0x3","0x0","0xF","1","1","1","1","1","0","0","0","0","0","0","0","0x18","0x18","0x20","0x18","0x3","0xF","0xE","0xB","0","0","0","0x3","0x1618D000","0x1618D000","0x1618D000","0x38180004","0x66D00080","0x60D000B4","0x1618D000","0x38180004","0x14","0x14","0x14","0x13","0x12","0x11","0x10","0x0F","0x300","0x300","0x300","0x000","0x000","0x000","0xF00","0x000","0x00","0x40","0x60","0x20","0x20","0x20","0x13","0x20","0x20","0x20","0x20","0x20","0x20","0x20","0x20","0x20","0x20","0x20","0x20","0x20","0x20","0x20","0x20","0x20","0x20","0x20","0x20","0x20","0x20","0x20","0x20","0x20","0x20","0x20","0x10"
"134","0x0","0x1","0b0000000000000100","0b0000000000001111","0","0","0b0000000000000000","0b0000000000000000","0b0000000000000000","0b0000000000000000","1","0b0000000000000100","0b0000000000000000","0x00000044","0x1618D000","1","0","0x00000030","0","0","0","0x00000000","0x00000001","0x000001B4","0x00000000","0x00000000","0x0000006B","0x00000000","0x00000000","0x00000000","0x00000000","0x00000000","0x00000000","0x00000000","0x00000000","0x00000000","0x00000000","0x00000000","0x00000000","0x00000000","0x00000000","0x00000000","0x00000000","0x00000000","0x00000000","0x04000000","0x00000000","0x00000000","0x00000001","0xFFFFFFFF","0x00000084","0x00000260","0x00000051","0","0","0","0","0","0","0","0","0x8","0x3","0x0","0xF","1","1","1","1","1","0","0","0","0","0","0","0","0x18","0x18","0x20","0x18","0x3","0xF","0xE","0xB","0","0","0","0x3","0x1618D000","0x1618D000","0x1618D000","0x38180004","0x66D00080","0x60D000B4","0x1618D000","0x38180004","0x14","0x14","0x14","0x13","0x12","0x11","0x10","0x0F","0x300","0x300","0x300","0x000","0x000","0x000","0xF00","0x000","0x00","0x40","0x60","0x20","0x20","0x20","0x13","0x20","0x20","0x20","0x20","0x20","0x20","0x20","0x20","0x20","0x20","0x20","0x20","0x20","0x20","0x20","0x20","0x20","0x20","0x20","0x20","0x20","0x20","0x20","0x20","0x20","0x20","0x20","0x10"
"135","0x0","0x1","0b0000000000000100","0b0000000000001111","0","0","0b0000000000000000","0b0000000000000000","0b0000000000000000","0b0000000000000000","0","0b0000000000000100","0b0000000000000000","0x00000044","0x7218D000","1","0","0x00000030","0","0","0","0x00000000","0x00000001","0x000001B4","0x00000000","0x00000000","0x0000006B","0x00000000","0x00000000","0x00000000","0x00000000","0x00000000","0x00000000","0x00000000","0x00000000","0x00000000","0x00000000","0x00000000","0x00000000","0x00000000","0x00000000","0x00000000","0x00000000","0x00000000","0x00000000","0x04000000","0x00000000","0x00000000","0x00000001","0xFFFFFFFF","0x000000A4","0x00000260","0x00000051","0","0","0","0","0","0","0","0","0x8","0x3","0x0","0xF","1","1","1","1","1","0","0","0","0","0","0","0","0x18","0x18","0x20","0x18","0x3","0xF","0xE","0xB","0","0","0","0x3","0x1618D000","0x1618D000","0x1618D000","0x1618D000","0x38180004","0x66D00080","0x60D000B4","0x1618D000","0x14","0x14","0x14","0x14","0x13","0x12","0x11","0x10","0x300","0x300","0x300","0x300","0x000","0x000","0x000","0xF00","0x00","0x00","0x40","0x20","0x20","0x20","0x13","0x20","0x20","0x20","0x20","0x20","0x20","0x20","0x20","0x20","0x20","0x20","0x20","0x20","0x20","0x20","0x20","0x20","0x20","0x20","0x20","0x20","0x20","0x20","0x20","0x20","0x20","0x20","0x10"
"136","0x0","0x1","0b0000000000000100","0b0000000000001111","0","0","0b0000000000000000","0b0000000000000000","0b0000000000000000","0b0000000000000000","1","0b0000000000000100","0b0000000000000000","0x00000045","0x7218D000","1","0","0x00000031","0","0","0","0x00000000","0x00000001","0x000001B4","0x00000000","0x00000000","0x0000006B","0x00000000","0x00000000","0x00000000","0x00000000","0x00000000","0x00000000","0x00000000","0x00000000","0x00000000","0x00000000","0x00000000","0x00000000","0x00000000","0x00000000","0x00000000","0x00000000","0x00000000","0x00000000","0x04000000","0x00000000","0x00000000","0x00000001","0xFFFFFFFF","0x000000A4","0x00000260","0x00000051","0","0","0","0","0","0","0","0","0x8","0x3","0x0","0xF","1","1","1","1","1","0","0","0","1","0","0","0","0x18","0x18","0x20","0x18","0x3","0xF","0xE","0xB","0","0","0","0x3","0x1618D000","0x1618D000","0x1618D000","0x1618D000","0x38180004","0x66D00080","0x60D000B4","0x1618D000","0x14","0x14","0x14","0x14","0x13","0x12","0x11","0x10","0x300","0x300","0x300","0x300","0x000","0x000","0x000","0xF00","0x00","0x00","0x40","0x20","0x20","0x20","0x13","0x20","0x20","0x20","0x20","0x20","0x20","0x20","0x20","0x20","0x20","0x20","0x20","0x20","0x20","0x20","0x20","0x20","0x20","0x20","0x20","0x20","0x20","0x20","0x20","0x20","0x20","0x20","0x10"
"137","0x0","0x1","0b0000000000000100","0b0000000000001111","0","0","0b0000000000000000","0b0000000000000000","0b0000000000000000","0b0000000000001000","0","0b0000000000000100","0b0000000000001000","0x00000045","0x7218D000","1","0","0x00000031","0","0","0","0x00000000","0x00000001","0x000001B4","0x00000000","0x00000000","0x0000006B","0x00000000","0x00000000","0x00000000","0x00000000","0x00000000","0x00000000","0x00000000","0x00000000","0x00000000","0x00000000","0x00000000","0x00000000","0x00000000","0x00000000","0x00000000","0x00000000","0x00000000","0x00000000","0x04000000","0x00000000","0x00000000","0x00000001","0xFFFFFFFF","0x000000A4","0x00000260","0x00000051","0","0","0","0","0","0","0","0","0x8","0x3","0x0","0xF","1","1","1","1","1","0","0","0","1","0","0","0","0x18","0x18","0x20","0x18","0x3","0xF","0xE","0xB","0","0","0","0x3","0x1618D000","0x1618D000","0x1618D000","0x1618D000","0x1618D000","0x38180004","0x66D00080","0x60D000B4","0x14","0x14","0x14","0x14","0x14","0x13","0x12","0x11","0x300","0x300","0x300","0x300","0x300","0x000","0x000","0x000","0x00","0x00","0x80","0x20","0x20","0x20","0x13","0x20","0x20","0x20","0x20","0x20","0x20","0x20","0x20","0x20","0x20","0x20","0x20","0x20","0x20","0x20","0x20","0x20","0x20","0x20","0x20","0x20","0x20","0x20","0x20","0x20","0x20","0x20","0x10"
"138","0x0","0x1","0b0000000000000100","0b0000000000001111","0","0","0b0000000000000000","0b0000000000000000","0b0000000000000000","0b0000000000001000","1","0b0000000000000100","0b0000000000001000","0x00000046","0x7218D000","1","0","0x00000032","0","0","0","0x00000000","0x00000001","0x000001B4","0x00000000","0x00000000","0x0000006B","0x00000000","0x00000000","0x00000000","0x00000000","0x00000000","0x00000000","0x00000000","0x00000000","0x00000000","0x00000000","0x00000000","0x00000000","0x00000000","0x00000000","0x00000000","0x00000000","0x00000000","0x00000000","0x04000000","0x00000000","0x00000000","0x00000001","0xFFFFFFFF","0x000000A4","0x00000260","0x00000051","0","0","0","0","0","0","0","0","0x8","0x3","0x0","0xF","1","1","1","1","1","0","0","0","1","0","0","0","0x18","0x18","0x20","0x18","0x3","0xF","0xE","0xB","0","0","0","0x3","0x1618D000","0x1618D000","0x1618D000","0x1618D000","0x1618D000","0x38180004","0x66D00080","0x60D000B4","0x14","0x14","0x14","0x14","0x14","0x13","0x12","0x11","0x300","0x300","0x300","0x300","0x300","0x000","0x000","0x000","0x00","0x00","0x80","0x20","0x20","0x20","0x13","0x20","0x20","0x20","0x20","0x20","0x20","0x20","0x20","0x20","0x20","0x20","0x20","0x20","0x20","0x20","0x20","0x20","0x20","0x20","0x20","0x20","0x20","0x20","0x20","0x20","0x20","0x20","0x10"
"139","0x0","0x1","0b0000000000001100","0b0000000000001111","0","0","0b0000000000000000","0b0000000000000000","0b0000000000000000","0b0000000000000001","0","0b0000000000001100","0b0000000000000001","0x00000046","0x7218D000","1","0","0x00000032","0","0","0","0x00000000","0x00000001","0x000001B4","0x00000000","0x00000000","0x0000006B","0x00000000","0x00000000","0x00000000","0x00000000","0x00000000","0x00000000","0x00000000","0x00000000","0x00000000","0x00000000","0x00000000","0x00000000","0x00000000","0x00000000","0x00000000","0x00000000","0x00000000","0x00000000","0x04000000","0x00000000","0x00000000","0x00000001","0xFFFFFFFF","0x000000A4","0x00000260","0x00000051","0","0","0","0","0","0","0","0","0x8","0x3","0x0","0xF","1","1","1","1","1","0","0","0","1","0","0","0","0x18","0x18","0x20","0x18","0x3","0xF","0xE","0xB","0","0","0","0x3","0x1618D000","0x1618D000","0x1618D000","0x1618D000","0x1618D000","0x1618D000","0x38180004","0x60D000B4","0x14","0x14","0x14","0x14","0x14","0x14","0x13","0x11","0x300","0x300","0x300","0x300","0x300","0x300","0x000","0x000","0x00","0x00","0x80","0x20","0x20","0x20","0x13","0x20","0x20","0x20","0x20","0x20","0x20","0x20","0x20","0x20","0x20","0x20","0x20","0x20","0x20","0x20","0x20","0x20","0x20","0x20","0x20","0x20","0x20","0x20","0x20","0x20","0x20","0x20","0x10"
"140","0x0","0x1","0b0000000000001100","0b0000000000001111","0","0","0b0000000000000000","0b0000000000000000","0b0000000000000000","0b0000000000000001","1","0b0000000000001100","0b0000000000000001","0x00000047","0x7218D000","1","0","0x00000033","0","0","0","0x00000000","0x00000001","0x000001B4","0x00000000","0x00000000","0x0000006B","0x00000000","0x00000000","0x00000000","0x00000000","0x00000000","0x00000000","0x00000000","0x00000000","0x00000000","0x00000000","0x00000000","0x00000000","0x00000000","0x00000000","0x00000000","0x00000000","0x00000000","0x00000000","0x04000000","0x00000000","0x00000000","0x00000001","0xFFFFFFFF","0x000000A4","0x00000260","0x00000051","0","0","0","0","0","0","0","0","0x8","0x3","0x0","0xF","1","1","1","1","1","0","0","0","1","0","0","0","0x18","0x18","0x20","0x18","0x3","0xF","0xE","0xB","0","0","0","0x3","0x1618D000","0x1618D000","0x1618D000","0x1618D000","0x1618D000","0x1618D000","0x38180004","0x60D000B4","0x14","0x14","0x14","0x14","0x14","0x14","0x13","0x11","0x300","0x300","0x300","0x300","0x300","0x300","0x000","0x000","0x00","0x00","0x80","0x20","0x20","0x20","0x13","0x20","0x20","0x20","0x20","0x20","0x20","0x20","0x20","0x20","0x20","0x20","0x20","0x20","0x20","0x20","0x20","0x20","0x20","0x20","0x20","0x20","0x20","0x20","0x20","0x20","0x20","0x20","0x10"
"141","0x0","0x1","0b0000000000001101","0b0000000000001111","0","1","0b0000000000000000","0b0000000000000001","0b0000000000000000","0b0000000000000000","0","0b0000000000001101","0b0000000000000000","0x00000047","0x7218D000","1","0","0x00000033","0","0","0","0x00000000","0x00000001","0x000001B4","0x00000000","0x00000000","0x0000006B","0x00000000","0x00000000","0x00000000","0x00000000","0x00000000","0x00000000","0x00000000","0x00000000","0x00000000","0x00000000","0x00000000","0x00000000","0x00000000","0x00000000","0x00000000","0x00000000","0x00000000","0x00000000","0x04000000","0x00000000","0x00000000","0x00000001","0xFFFFFFFF","0x000000A4","0x00000260","0x00000051","0","0","0","0","0","0","0","0","0x8","0x3","0x0","0xF","1","1","1","1","1","0","0","0","1","0","0","0","0x18","0x18","0x20","0x18","0x3","0xF","0xE","0xB","0","0","0","0x3","0x1618D000","0x1618D000","0x1618D000","0x1618D000","0x1618D000","0x1618D000","0x1618D000","0x60D000B4","0x14","0x14","0x14","0x14","0x14","0x14","0x14","0x11","0x300","0x300","0x300","0x300","0x300","0x300","0x300","0x000","0x00","0x00","0x80","0x20","0x20","0x20","0x13","0x20","0x20","0x20","0x20","0x20","0x20","0x20","0x20","0x20","0x20","0x20","0x20","0x20","0x20","0x20","0x20","0x20","0x20","0x20","0x20","0x20","0x20","0x20","0x20","0x20","0x20","0x20","0x10"
"142","0x0","0x1","0b0000000000001101","0b0000000000001111","0","1","0b0000000000000000","0b0000000000000001","0b0000000000000000","0b0000000000000000","1","0b0000000000001101","0b0000000000000000","0x00000048","0x7218D000","1","0","0x00000034","0","0","0","0x00000000","0x00000001","0x000001B4","0x00000000","0x00000000","0x0000006B","0x00000000","0x00000000","0x00000000","0x00000000","0x00000000","0x00000000","0x00000000","0x00000000","0x00000000","0x00000000","0x00000000","0x00000000","0x00000000","0x00000000","0x00000000","0x00000000","0x00000000","0x00000000","0x04000000","0x00000000","0x00000000","0x00000001","0xFFFFFFFF","0x000000A4","0x00000260","0x00000051","0","0","0","0","0","0","0","0","0x8","0x3","0x0","0xF","1","1","1","1","1","0","0","0","1","0","0","0","0x18","0x18","0x20","0x18","0x3","0xF","0xE","0xB","0","0","0","0x3","0x1618D000","0x1618D000","0x1618D000","0x1618D000","0x1618D000","0x1618D000","0x1618D000","0x60D000B4","0x14","0x14","0x14","0x14","0x14","0x14","0x14","0x11","0x300","0x300","0x300","0x300","0x300","0x300","0x300","0x000","0x00","0x00","0x80","0x20","0x20","0x20","0x13","0x20","0x20","0x20","0x20","0x20","0x20","0x20","0x20","0x20","0x20","0x20","0x20","0x20","0x20","0x20","0x20","0x20","0x20","0x20","0x20","0x20","0x20","0x20","0x20","0x20","0x20","0x20","0x10"
"143","0x1","0x2","0b0000000000001100","0b0000000000001110","0","0","0b0000000000000000","0b0000000000000000","0b0000000000000000","0b0000000000000000","0","0b0000000000001100","0b0000000000000000","0x00000048","0x60D000B4","1","0","0x00000034","0","0","0","0x00000000","0x00000001","0x000001B4","0x00000000","0x00000000","0x0000006B","0x00000000","0x00000000","0x00000000","0x00000000","0x00000000","0x00000000","0x00000000","0x00000000","0x00000000","0x00000000","0x00000000","0x00000000","0x00000000","0x00000000","0x00000000","0x00000000","0x00000000","0x00000000","0x04000000","0x00000000","0x00000000","0x00000001","0xFFFFFFFF","0x00000088","0x00000260","0x00000051","0","0","0","0","0","0","0","0","0x8","0x3","0x0","0xF","1","1","1","1","1","0","0","0","1","0","0","0","0x18","0x18","0x20","0x18","0x3","0xF","0xE","0xB","0","0","0","0x3","0x1618D000","0x1618D000","0x1618D000","0x1618D000","0x1618D000","0x1618D000","0x1618D000","0x60D000B4","0x14","0x14","0x14","0x14","0x14","0x14","0x14","0x11","0x300","0x300","0x300","0x300","0x300","0x300","0x300","0x000","0x00","0x80","0x80","0x20","0x20","0x20","0x13","0x20","0x20","0x20","0x20","0x20","0x20","0x20","0x20","0x20","0x20","0x20","0x20","0x20","0x20","0x20","0x20","0x20","0x20","0x20","0x20","0x20","0x20","0x20","0x20","0x20","0x20","0x20","0x20"
"144","0x1","0x2","0b0000000000001100","0b0000000000001110","0","0","0b0000000000000000","0b0000000000000000","0b0000000000000000","0b0000000000000000","1","0b0000000000001100","0b0000000000000000","0x00000049","0x60D000B4","1","0","0x00000035","0","0","0","0x00000000","0x00000001","0x000001B4","0x00000000","0x00000000","0x0000006B","0x00000000","0x00000000","0x00000000","0x00000000","0x00000000","0x00000000","0x00000000","0x00000000","0x00000000","0x00000000","0x00000000","0x00000000","0x00000000","0x00000000","0x00000000","0x00000000","0x00000000","0x00000000","0x04000000","0x00000000","0x00000000","0x00000001","0xFFFFFFFF","0x00000088","0x00000260","0x00000051","0","0","0","0","0","0","0","0","0x8","0x3","0x0","0xF","1","1","1","1","1","0","0","0","1","0","0","0","0x18","0x18","0x20","0x18","0x3","0xF","0xE","0xB","0","0","0","0x3","0x1618D000","0x1618D000","0x1618D000","0x1618D000","0x1618D000","0x1618D000","0x1618D000","0x60D000B4","0x14","0x14","0x14","0x14","0x14","0x14","0x14","0x11","0x300","0x300","0x300","0x300","0x300","0x300","0x300","0x000","0x00","0x80","0x80","0x20","0x20","0x20","0x13","0x20","0x20","0x20","0x20","0x20","0x20","0x20","0x20","0x20","0x20","0x20","0x20","0x20","0x20","0x20","0x20","0x20","0x20","0x20","0x20","0x20","0x20","0x20","0x20","0x20","0x20","0x20","0x20"
"145","0x1","0x2","0b0000000000001100","0b0000000000001110","0","0","0b0000000000000000","0b0000000000000000","0b0000000000000000","0b0000000000000010","0","0b0000000000001100","0b0000000000000010","0x00000049","0x7218D000","1","0","0x00000035","0","0","0","0x00000000","0x00000001","0x000001B4","0x00000000","0x00000000","0x0000006B","0x00000000","0x00000000","0x00000000","0x00000000","0x00000000","0x00000000","0x00000000","0x00000000","0x00000000","0x00000000","0x00000000","0x00000000","0x00000000","0x00000000","0x00000000","0x00000000","0x00000000","0x00000000","0x04000000","0x00000000","0x00000000","0x00000001","0xFFFFFFFF","0x000000A4","0x00000260","0x00000051","0","0","0","0","0","0","0","0","0x8","0x3","0x0","0xF","1","1","1","1","1","0","0","0","1","0","0","0","0x18","0x18","0x20","0x18","0x3","0xF","0xE","0xB","0","0","0","0x3","0x1618D000","0x1618D000","0x1618D000","0x1618D000","0x1618D000","0x1618D000","0x1618D000","0x1618D000","0x14","0x14","0x14","0x14","0x14","0x14","0x14","0x14","0x300","0x300","0x300","0x300","0x300","0x300","0x300","0x300","0x00","0x00","0x00","0x20","0x20","0x20","0x13","0x20","0x20","0x20","0x20","0x20","0x20","0x20","0x20","0x20","0x20","0x20","0x20","0x20","0x20","0x20","0x20","0x20","0x20","0x20","0x20","0x20","0x20","0x20","0x20","0x20","0x20","0x20","0x20"
"146","0x1","0x2","0b0000000000001100","0b0000000000001110","0","0","0b0000000000000000","0b0000000000000000","0b0000000000000000","0b0000000000000010","1","0b0000000000001100","0b0000000000000010","0x0000004A","0x7218D000","1","0","0x00000036","0","0","0","0x00000000","0x00000001","0x000001B4","0x00000000","0x00000000","0x0000006B","0x00000000","0x00000000","0x00000000","0x00000000","0x00000000","0x00000000","0x00000000","0x00000000","0x00000000","0x00000000","0x00000000","0x00000000","0x00000000","0x00000000","0x00000000","0x00000000","0x00000000","0x00000000","0x04000000","0x00000000","0x00000000","0x00000001","0xFFFFFFFF","0x000000A4","0x00000260","0x00000051","0","0","0","0","0","0","0","0","0x8","0x3","0x0","0xF","1","1","1","1","1","0","0","0","1","0","0","0","0x18","0x18","0x20","0x18","0x3","0xF","0xE","0xB","0","0","0","0x3","0x1618D000","0x1618D000","0x1618D000","0x1618D000","0x1618D000","0x1618D000","0x1618D000","0x1618D000","0x14","0x14","0x14","0x14","0x14","0x14","0x14","0x14","0x300","0x300","0x300","0x300","0x300","0x300","0x300","0x300","0x00","0x00","0x00","0x20","0x20","0x20","0x13","0x20","0x20","0x20","0x20","0x20","0x20","0x20","0x20","0x20","0x20","0x20","0x20","0x20","0x20","0x20","0x20","0x20","0x20","0x20","0x20","0x20","0x20","0x20","0x20","0x20","0x20","0x20","0x20"
"147","0x1","0x2","0b0000000000001110","0b0000000000001110","1","1","0b0000000000000100","0b0000000000000010","0b0000000000000000","0b0000000000000000","0","0b0000000000001110","0b0000000000000000","0x0000004A","0x7218D000","1","0","0x00000036","0","0","0","0x00000000","0x00000001","0x000001B4","0x00000000","0x00000000","0x0000006B","0x00000000","0x00000000","0x00000000","0x00000000","0x00000000","0x00000000","0x00000000","0x00000000","0x00000000","0x00000000","0x00000000","0x00000000","0x00000000","0x00000000","0x00000000","0x00000000","0x00000000","0x00000000","0x04000000","0x00000000","0x00000000","0x00000001","0xFFFFFFFF","0x000000A4","0x00000260","0x00000051","0","0","0","0","0","0","0","0","0x8","0x3","0x0","0xF","1","1","1","1","1","0","0","0","1","0","0","0","0x18","0x18","0x20","0x18","0x3","0xF","0xE","0xB","0","0","0","0x3","0x1618D000","0x1618D000","0x1618D000","0x1618D000","0x1618D000","0x1618D000","0x1618D000","0x1618D000","0x14","0x14","0x14","0x14","0x14","0x14","0x14","0x14","0x300","0x300","0x300","0x300","0x300","0x300","0x300","0x300","0x00","0x00","0x00","0x20","0x20","0x20","0x13","0x20","0x20","0x20","0x20","0x20","0x20","0x20","0x20","0x20","0x20","0x20","0x20","0x20","0x20","0x20","0x20","0x20","0x20","0x20","0x20","0x20","0x20","0x20","0x20","0x20","0x20","0x20","0x20"
"148","0x1","0x2","0b0000000000001110","0b0000000000001110","1","1","0b0000000000000100","0b0000000000000010","0b0000000000000000","0b0000000000000000","1","0b0000000000001110","0b0000000000000000","0x0000004B","0x7218D000","1","0","0x00000037","0","0","0","0x00000000","0x00000001","0x000001B4","0x00000000","0x00000000","0x0000006B","0x00000000","0x00000000","0x00000000","0x00000000","0x00000000","0x00000000","0x00000000","0x00000000","0x00000000","0x00000000","0x00000000","0x00000000","0x00000000","0x00000000","0x00000000","0x00000000","0x00000000","0x00000000","0x04000000","0x00000000","0x00000000","0x00000001","0xFFFFFFFF","0x000000A4","0x00000260","0x00000051","0","0","0","0","0","0","0","0","0x8","0x3","0x0","0xF","1","1","1","1","1","0","0","0","1","0","0","0","0x18","0x18","0x20","0x18","0x3","0xF","0xE","0xB","0","0","0","0x3","0x1618D000","0x1618D000","0x1618D000","0x1618D000","0x1618D000","0x1618D000","0x1618D000","0x1618D000","0x14","0x14","0x14","0x14","0x14","0x14","0x14","0x14","0x300","0x300","0x300","0x300","0x300","0x300","0x300","0x300","0x00","0x00","0x00","0x20","0x20","0x20","0x13","0x20","0x20","0x20","0x20","0x20","0x20","0x20","0x20","0x20","0x20","0x20","0x20","0x20","0x20","0x20","0x20","0x20","0x20","0x20","0x20","0x20","0x20","0x20","0x20","0x20","0x20","0x20","0x20"
"149","0x3","0x4","0b0000000000001000","0b0000000000001000","0","1","0b0000000000000000","0b0000000000001000","0b0000000000000000","0b0000000000000000","0","0b0000000000001000","0b0000000000000000","0x0000004B","0x7218D000","1","0","0x00000037","0","0","0","0x00000000","0x00000001","0x000001B4","0x00000000","0x00000000","0x0000006B","0x00000000","0x00000000","0x00000000","0x00000000","0x00000000","0x00000000","0x00000000","0x00000000","0x00000000","0x00000000","0x00000000","0x00000000","0x00000000","0x00000000","0x00000000","0x00000000","0x00000000","0x00000000","0x04000000","0x00000000","0x00000000","0x00000001","0xFFFFFFFF","0x000000A4","0x00000260","0x00000051","0","0","0","0","0","0","0","0","0x8","0x3","0x0","0xF","1","1","1","1","1","0","0","0","1","0","0","0","0x18","0x18","0x20","0x18","0x3","0xF","0xE","0xB","0","0","0","0x3","0x1618D000","0x1618D000","0x1618D000","0x1618D000","0x1618D000","0x1618D000","0x1618D000","0x1618D000","0x14","0x14","0x14","0x14","0x14","0x14","0x14","0x14","0x300","0x300","0x300","0x300","0x300","0x300","0x300","0x300","0x00","0x00","0x00","0x20","0x20","0x20","0x13","0x20","0x20","0x20","0x20","0x20","0x20","0x20","0x20","0x20","0x20","0x20","0x20","0x20","0x20","0x20","0x20","0x20","0x20","0x20","0x20","0x20","0x20","0x20","0x20","0x20","0x20","0x20","0x20"
"150","0x3","0x4","0b0000000000001000","0b0000000000001000","0","1","0b0000000000000000","0b0000000000001000","0b0000000000000000","0b0000000000000000","1","0b0000000000001000","0b0000000000000000","0x0000004C","0x7218D000","1","0","0x00000038","0","0","0","0x00000000","0x00000001","0x000001B4","0x00000000","0x00000000","0x0000006B","0x00000000","0x00000000","0x00000000","0x00000000","0x00000000","0x00000000","0x00000000","0x00000000","0x00000000","0x00000000","0x00000000","0x00000000","0x00000000","0x00000000","0x00000000","0x00000000","0x00000000","0x00000000","0x04000000","0x00000000","0x00000000","0x00000001","0xFFFFFFFF","0x000000A4","0x00000260","0x00000051","0","0","0","0","0","0","0","0","0x8","0x3","0x0","0xF","0","1","1","1","0","0","0","0","0","0","0","0","0x18","0x18","0x20","0x18","0x3","0xF","0xE","0xB","1","0","0","0x3","0x1618D000","0x1618D000","0x1618D000","0x1618D000","0x1618D000","0x1618D000","0x1618D000","0x1618D000","0x14","0x14","0x14","0x14","0x14","0x14","0x14","0x14","0x300","0x300","0x300","0x300","0x300","0x300","0x300","0x300","0x00","0x00","0x00","0x20","0x20","0x20","0x13","0x20","0x20","0x20","0x20","0x20","0x20","0x20","0x20","0x20","0x20","0x20","0x20","0x20","0x20","0x20","0x20","0x20","0x20","0x20","0x20","0x20","0x20","0x20","0x20","0x20","0x20","0x20","0x20"
"151","0x4","0x5","0b0000000000000000","0b0000000000000000","0","0","0b0000000000000000","0b0000000000000000","0b0000000000000000","0b0000000000000000","0","0b0000000000000000","0b0000000000000000","0x0000004C","0x7218D000","1","0","0x00000038","1","0","0","0x00000000","0x00000001","0x000001B4","0x00000000","0x00000000","0x0000006B","0x00000000","0x00000000","0x00000000","0x00000000","0x00000000","0x00000000","0x00000000","0x00000000","0x00000000","0x00000000","0x00000000","0x00000000","0x00000000","0x00000000","0x00000000","0x00000000","0x00000000","0x00000000","0x04000000","0x00000000","0x00000000","0x00000001","0xFFFFFFFF","0x000000A4","0x00000260","0x00000051","0","0","0","0","0","0","0","0","0x8","0x3","0x0","0xF","0","1","1","1","0","0","0","0","0","0","0","0","0x18","0x18","0x20","0x18","0x3","0xF","0xE","0xB","1","0","0","0x3","0x1618D000","0x1618D000","0x1618D000","0x1618D000","0x1618D000","0x1618D000","0x1618D000","0x1618D000","0x14","0x14","0x14","0x14","0x14","0x14","0x14","0x14","0x300","0x300","0x300","0x300","0x300","0x300","0x300","0x300","0x00","0x00","0x00","0x20","0x20","0x20","0x20","0x20","0x20","0x20","0x20","0x20","0x20","0x20","0x20","0x20","0x20","0x20","0x20","0x20","0x20","0x20","0x20","0x20","0x20","0x20","0x20","0x20","0x20","0x20","0x20","0x20","0x20","0x20","0x20"
"152","0x4","0x5","0b0000000000000000","0b0000000000000000","0","0","0b0000000000000000","0b0000000000000000","0b0000000000000000","0b0000000000000000","1","0b0000000000000000","0b0000000000000000","0x0000004D","0x7218D000","1","0","0x00000039","1","0","0","0x00000000","0x00000001","0x000001B4","0x00000000","0x00000000","0x0000006B","0x00000000","0x00000000","0x00000000","0x00000000","0x00000000","0x00000000","0x00000000","0x00000000","0x00000000","0x00000000","0x00000000","0x00000000","0x00000000","0x00000000","0x00000000","0x00000000","0x00000000","0x00000000","0x04000000","0x00000000","0x00000000","0x00000001","0xFFFFFFFF","0x00000084","0x00000260","0x00000051","0","0","0","0","0","0","0","0","0x8","0x3","0x0","0xF","0","1","1","1","0","0","0","0","0","0","0","0","0x18","0x18","0x20","0x18","0x3","0xF","0xE","0xB","1","0","0","0x3","0x1618D000","0x1618D000","0x1618D000","0x1618D000","0x1618D000","0x1618D000","0x1618D000","0x1618D000","0x14","0x14","0x14","0x14","0x14","0x14","0x14","0x14","0x300","0x300","0x300","0x300","0x300","0x300","0x300","0x300","0x00","0x00","0x00","0x20","0x20","0x20","0x20","0x20","0x20","0x20","0x20","0x20","0x20","0x20","0x20","0x20","0x20","0x20","0x20","0x20","0x20","0x20","0x20","0x20","0x20","0x20","0x20","0x20","0x20","0x20","0x20","0x20","0x20","0x20","0x20"
"153","0x4","0x5","0b0000000000000000","0b0000000000010000","0","0","0b0000000000000000","0b0000000000000000","0b0000000000000000","0b0000000000000000","0","0b0000000000000000","0b0000000000000000","0x0000004D","0x1618D000","1","0","0x00000039","1","0","0","0x00000000","0x00000001","0x000001B4","0x00000000","0x00000000","0x0000006B","0x00000000","0x00000000","0x00000000","0x00000000","0x00000000","0x00000000","0x00000000","0x00000000","0x00000000","0x00000000","0x00000000","0x00000000","0x00000000","0x00000000","0x00000000","0x00000000","0x00000000","0x00000000","0x04000000","0x00000000","0x00000000","0x00000001","0xFFFFFFFF","0x00000084","0x00000260","0x00000051","0","0","0","0","0","0","0","0","0x8","0x3","0x0","0xF","0","1","1","1","0","0","0","0","0","0","0","0","0x18","0x18","0x20","0x18","0x3","0xF","0xE","0xB","1","0","0","0x3","0x1618D000","0x1618D000","0x1618D000","0x1618D000","0x1618D000","0x1618D000","0x1618D000","0x1618D000","0x14","0x14","0x14","0x14","0x14","0x14","0x14","0x14","0x000","0x300","0x300","0x300","0x300","0x300","0x300","0x300","0x00","0x01","0x01","0x20","0x20","0x20","0x20","0x20","0x20","0x20","0x20","0x20","0x20","0x20","0x20","0x20","0x20","0x20","0x20","0x20","0x20","0x20","0x20","0x20","0x20","0x20","0x20","0x20","0x20","0x20","0x20","0x20","0x20","0x20","0x14"
"154","0x4","0x5","0b0000000000000000","0b0000000000010000","0","0","0b0000000000000000","0b0000000000000000","0b0000000000000000","0b0000000000000000","1","0b0000000000000000","0b0000000000000000","0x0000004E","0x1618D000","1","0","0x0000003A","1","0","0","0x00000000","0x00000001","0x000001B4","0x00000000","0x00000000","0x0000006B","0x00000000","0x00000000","0x00000000","0x00000000","0x00000000","0x00000000","0x00000000","0x00000000","0x00000000","0x00000000","0x00000000","0x00000000","0x00000000","0x00000000","0x00000000","0x00000000","0x00000000","0x00000000","0x04000000","0x00000000","0x00000000","0x00000001","0xFFFFFFFF","0x00000084","0x00000260","0x00000051","0","0","0","0","0","0","0","0","0x8","0x3","0x0","0xF","0","1","1","1","0","0","0","0","0","0","0","0","0x18","0x18","0x20","0x18","0x3","0xF","0xE","0xB","1","0","0","0x3","0x1618D000","0x1618D000","0x1618D000","0x1618D000","0x1618D000","0x1618D000","0x1618D000","0x1618D000","0x14","0x14","0x14","0x14","0x14","0x14","0x14","0x14","0x000","0x300","0x300","0x300","0x300","0x300","0x300","0x300","0x00","0x01","0x01","0x20","0x20","0x20","0x20","0x20","0x20","0x20","0x20","0x20","0x20","0x20","0x20","0x20","0x20","0x20","0x20","0x20","0x20","0x20","0x20","0x20","0x20","0x20","0x20","0x20","0x20","0x20","0x20","0x20","0x20","0x20","0x14"
"155","0x4","0x5","0b0000000000000000","0b0000000000110000","0","0","0b0000000000000000","0b0000000000000000","0b0000000000000000","0b0000000000000000","0","0b0000000000000000","0b0000000000000000","0x0000004E","0x72D000B4","1","0","0x0000003A","1","0","0","0x00000000","0x00000001","0x000001B4","0x00000000","0x00000000","0x0000006B","0x00000000","0x00000000","0x00000000","0x00000000","0x00000000","0x00000000","0x00000000","0x00000000","0x00000000","0x00000000","0x00000000","0x00000000","0x00000000","0x00000000","0x00000000","0x00000000","0x00000000","0x00000000","0x04000000","0x00000000","0x00000000","0x00000001","0xFFFFFFFF","0x00000088","0x00000260","0x00000051","0","0","0","0","0","0","0","0","0x8","0x3","0x0","0xF","0","1","1","1","0","0","0","0","0","0","0","0","0x18","0x18","0x20","0x18","0x3","0xF","0xE","0xB","1","0","0","0x3","0x60D000B4","0x1618D000","0x1618D000","0x1618D000","0x1618D000","0x1618D000","0x1618D000","0x1618D000","0x15","0x14","0x14","0x14","0x14","0x14","0x14","0x14","0x004","0x000","0x300","0x300","0x300","0x300","0x300","0x300","0x00","0x00","0x01","0x20","0x20","0x20","0x20","0x20","0x20","0x20","0x20","0x20","0x20","0x20","0x20","0x20","0x20","0x20","0x20","0x20","0x20","0x20","0x20","0x20","0x20","0x20","0x20","0x20","0x20","0x20","0x20","0x20","0x20","0x20","0x14"
"156","0x4","0x5","0b0000000000000000","0b0000000000110000","0","0","0b0000000000000000","0b0000000000000000","0b0000000000000000","0b0000000000000000","1","0b0000000000000000","0b0000000000000000","0x0000004F","0x72D000B4","1","0","0x0000003B","1","0","0","0x00000000","0x00000001","0x000001B4","0x00000000","0x00000000","0x0000006B","0x00000000","0x00000000","0x00000000","0x00000000","0x00000000","0x00000000","0x00000000","0x00000000","0x00000000","0x00000000","0x00000000","0x00000000","0x00000000","0x00000000","0x00000000","0x00000000","0x00000000","0x00000000","0x04000000","0x00000000","0x00000000","0x00000001","0xFFFFFFFF","0x00000088","0x00000260","0x00000051","0","0","0","0","0","0","0","0","0x8","0x3","0x0","0xF","0","1","1","1","0","0","0","0","0","0","0","0","0x18","0x18","0x20","0x18","0x3","0xF","0xE","0xB","1","0","0","0x3","0x60D000B4","0x1618D000","0x1618D000","0x1618D000","0x1618D000","0x1618D000","0x1618D000","0x1618D000","0x15","0x14","0x14","0x14","0x14","0x14","0x14","0x14","0x004","0x000","0x300","0x300","0x300","0x300","0x300","0x300","0x00","0x00","0x01","0x20","0x20","0x20","0x20","0x20","0x20","0x20","0x20","0x20","0x20","0x20","0x20","0x20","0x20","0x20","0x20","0x20","0x20","0x20","0x20","0x20","0x20","0x20","0x20","0x20","0x20","0x20","0x20","0x20","0x20","0x20","0x14"
"157","0x4","0x5","0b0000000000000000","0b0000000001110000","0","0","0b0000000000000000","0b0000000000000000","0b0000000000000000","0b0000000000000000","0","0b0000000000000000","0b0000000000000000","0x0000004F","0x66D00080","1","0","0x0000003B","1","1","0","0x00000000","0x00000001","0x000001B4","0x00000000","0x00000000","0x0000006B","0x00000000","0x00000000","0x00000000","0x00000000","0x00000000","0x00000000","0x00000000","0x00000000","0x00000000","0x00000000","0x00000000","0x00000000","0x00000000","0x00000000","0x00000000","0x00000000","0x00000000","0x00000000","0x04000000","0x00000000","0x00000000","0x00000001","0xFFFFFFFF","0x000000B4","0x00000260","0x00000051","0","0","0","0","0","0","0","0","0x8","0x3","0x0","0xF","0","1","1","1","0","0","0","0","0","0","0","0","0x18","0x18","0x20","0x18","0x3","0xF","0xE","0xB","1","0","0","0x3","0x66D00080","0x60D000B4","0x1618D000","0x1618D000","0x1618D000","0x1618D000","0x1618D000","0x1618D000","0x16","0x15","0x14","0x14","0x14","0x14","0x14","0x14","0x000","0x004","0x000","0x300","0x300","0x300","0x300","0x300","0x00","0x01","0x03","0x20","0x20","0x20","0x20","0x20","0x20","0x20","0x20","0x20","0x20","0x20","0x20","0x20","0x20","0x20","0x20","0x20","0x20","0x20","0x20","0x20","0x20","0x20","0x20","0x20","0x20","0x20","0x20","0x20","0x20","0x20","0x14"
"158","0x4","0x5","0b0000000000000000","0b0000000001110000","0","0","0b0000000000000000","0b0000000000000000","0b0000000000000000","0b0000000000000000","1","0b0000000000000000","0b0000000000000000","0x00000050","0x66D00080","1","0","0x0000003C","1","1","0","0x00000000","0x00000001","0x000001B4","0x00000000","0x00000000","0x0000006B","0x00000000","0x00000000","0x00000000","0x00000000","0x00000000","0x00000000","0x00000000","0x00000000","0x00000000","0x00000000","0x00000000","0x00000000","0x00000000","0x00000000","0x00000000","0x00000000","0x00000000","0x00000000","0x04000000","0x00000000","0x00000000","0x00000001","0xFFFFFFFF","0x000000B4","0x00000260","0x00000051","0","0","0","0","0","0","0","0","0x8","0x3","0x0","0xF","1","1","1","1","0","0","0","0","0","0","0","0","0x18","0x18","0x20","0x18","0x7","0xF","0xE","0xB","1","0","0","0x3","0x66D00080","0x60D000B4","0x1618D000","0x1618D000","0x1618D000","0x1618D000","0x1618D000","0x1618D000","0x16","0x15","0x14","0x14","0x14","0x14","0x14","0x14","0x000","0x004","0x000","0x300","0x300","0x300","0x300","0x300","0x00","0x01","0x03","0x20","0x20","0x20","0x20","0x20","0x20","0x20","0x20","0x20","0x20","0x20","0x20","0x20","0x20","0x20","0x20","0x20","0x20","0x20","0x20","0x20","0x20","0x20","0x20","0x20","0x20","0x20","0x20","0x20","0x20","0x20","0x14"
"159","0x4","0x5","0b0000000000000000","0b0000000011110000","0","0","0b0000000000000000","0b0000000000000000","0b0000000000000000","0b0000000001010000","0","0b0000000000000000","0b0000000001010000","0x00000050","0x38180004","1","0","0x0000003C","0","0","0","0x00000000","0x00000001","0x000001B4","0x00000000","0x00000000","0x0000006B","0x00000000","0x00000000","0x00000000","0x00000000","0x00000000","0x00000000","0x00000000","0x00000000","0x00000000","0x00000000","0x00000000","0x00000000","0x00000000","0x00000000","0x00000000","0x00000000","0x00000000","0x00000000","0x04000000","0x00000000","0x00000000","0x00000001","0xFFFFFFFF","0x00000080","0x00000260","0x00000051","0","0","0","0","0","0","0","0","0x8","0x3","0x0","0xF","1","1","1","1","0","0","0","0","0","0","0","0","0x18","0x18","0x20","0x18","0x7","0xF","0xE","0xB","1","0","0","0x3","0x38180004","0x66D00080","0x60D000B4","0x1618D000","0x1618D000","0x1618D000","0x1618D000","0x1618D000","0x17","0x16","0x15","0x14","0x14","0x14","0x14","0x14","0x000","0x000","0x004","0x000","0x300","0x300","0x300","0x300","0x00","0x01","0x05","0x20","0x20","0x20","0x17","0x20","0x20","0x20","0x20","0x20","0x20","0x20","0x20","0x20","0x20","0x20","0x20","0x20","0x20","0x20","0x20","0x20","0x20","0x20","0x20","0x20","0x20","0x20","0x20","0x20","0x20","0x20","0x14"
"160","0x4","0x5","0b0000000000000000","0b0000000011110000","0","0","0b0000000000000000","0b0000000000000000","0b0000000000000000","0b0000000001010000","1","0b0000000000000000","0b0000000001010000","0x00000051","0x38180004","1","0","0x0000003D","0","0","0","0x00000000","0x00000001","0x000001B4","0x00000000","0x00000000","0x0000006B","0x00000000","0x00000000","0x00000000","0x00000000","0x00000000","0x00000000","0x00000000","0x00000000","0x00000000","0x00000000","0x00000000","0x00000000","0x00000000","0x00000000","0x00000000","0x00000000","0x00000000","0x00000000","0x04000000","0x00000000","0x00000000","0x00000001","0xFFFFFFFF","0x00000080","0x00000260","0x00000051","0","0","0","0","0","0","0","0","0x8","0x3","0x0","0xF","1","1","1","1","0","0","0","0","0","0","0","0","0x18","0x18","0x20","0x18","0x7","0xF","0xE","0xB","1","0","0","0x3","0x38180004","0x66D00080","0x60D000B4","0x1618D000","0x1618D000","0x1618D000","0x1618D000","0x1618D000","0x17","0x16","0x15","0x14","0x14","0x14","0x14","0x14","0x000","0x000","0x004","0x000","0x300","0x300","0x300","0x300","0x00","0x01","0x05","0x20","0x20","0x20","0x17","0x20","0x20","0x20","0x20","0x20","0x20","0x20","0x20","0x20","0x20","0x20","0x20","0x20","0x20","0x20","0x20","0x20","0x20","0x20","0x20","0x20","0x20","0x20","0x20","0x20","0x20","0x20","0x14"
"161","0x4","0x5","0b0000000001010000","0b0000000011110000","0","1","0b0000000000000000","0b0000000000010000","0b0000000000000000","0b0000000000000000","0","0b0000000001010000","0b0000000000000000","0x00000051","0x7218D000","1","0","0x0000003D","0","0","0","0x00000000","0x00000001","0x000001B4","0x00000000","0x00000000","0x0000006B","0x00000000","0x00000000","0x00000000","0x00000000","0x00000000","0x00000000","0x00000000","0x00000000","0x00000000","0x00000000","0x00000000","0x00000000","0x00000000","0x00000000","0x00000000","0x00000000","0x00000000","0x00000000","0x04000000","0x00000000","0x00000000","0x00000001","0xFFFFFFFF","0x000000B4","0x00000260","0x00000051","0","0","0","0","0","0","0","0","0x8","0x3","0x0","0xF","1","1","1","1","0","0","0","0","0","0","0","0","0x18","0x18","0x20","0x18","0x7","0xF","0xE","0xB","0","0","1","0x7","0x1618D000","0x38180004","0x66D00080","0x60D000B4","0x1618D000","0x1618D000","0x1618D000","0x1618D000","0x18","0x17","0x16","0x15","0x14","0x14","0x14","0x14","0x700","0x000","0x000","0x004","0x000","0x300","0x300","0x300","0x00","0x00","0x08","0x20","0x20","0x20","0x17","0x20","0x20","0x20","0x20","0x20","0x20","0x20","0x20","0x20","0x20","0x20","0x20","0x20","0x20","0x20","0x20","0x20","0x20","0x20","0x20","0x20","0x20","0x20","0x20","0x20","0x20","0x20","0x14"
"162","0x4","0x5","0b0000000001010000","0b0000000011110000","0","1","0b0000000000000000","0b0000000000010000","0b0000000000000000","0b0000000000000000","1","0b0000000001010000","0b0000000000000000","0x00000052","0x7218D000","1","0","0x0000003E","0","0","0","0x00000000","0x00000001","0x000001B4","0x00000000","0x00000000","0x0000006B","0x00000000","0x00000000","0x00000000","0x00000000","0x00000000","0x00000000","0x00000000","0x00000000","0x00000000","0x00000000","0x00000000","0x00000000","0x00000000","0x00000000","0x00000000","0x00000000","0x00000000","0x00000000","0x04000000","0x00000000","0x00000000","0x00000001","0xFFFFFFFF","0x000000B4","0x00000260","0x00000051","0","0","0","0","0","0","0","0","0x8","0x3","0x0","0xF","1","1","1","1","1","0","0","0","0","0","0","0","0x18","0x18","0x20","0x18","0x7","0xF","0xE","0xB","0","0","1","0x7","0x1618D000","0x38180004","0x66D00080","0x60D000B4","0x1618D000","0x1618D000","0x1618D000","0x1618D000","0x18","0x17","0x16","0x15","0x14","0x14","0x14","0x14","0x700","0x000","0x000","0x004","0x000","0x300","0x300","0x300","0x00","0x00","0x08","0x20","0x20","0x20","0x17","0x20","0x20","0x20","0x20","0x20","0x20","0x20","0x20","0x20","0x20","0x20","0x20","0x20","0x20","0x20","0x20","0x20","0x20","0x20","0x20","0x20","0x20","0x20","0x20","0x20","0x20","0x20","0x14"
"163","0x5","0x6","0b0000000001000000","0b0000000011100000","0","0","0b0000000000000000","0b0000000000000000","0b0000000000000000","0b0000000000000000","0","0b0000000001000000","0b0000000000000000","0x00000052","0x60D000B4","1","0","0x0000003E","0","0","0","0x00000000","0x00000001","0x000001B4","0x00000000","0x00000000","0x0000006B","0x00000000","0x00000000","0x00000000","0x00000000","0x00000000","0x00000000","0x00000000","0x00000000","0x00000000","0x00000000","0x00000000","0x00000000","0x00000000","0x00000000","0x00000000","0x00000000","0x00000000","0x00000000","0x04000000","0x00000000","0x00000000","0x00000001","0xFFFFFFFF","0x00000088","0x00000260","0x00000051","0","0","0","0","0","0","0","0","0x8","0x3","0x0","0xF","1","1","1","1","1","0","0","0","0","0","0","0","0x18","0x18","0x20","0x18","0x7","0xF","0xE","0xB","0","0","0","0x7","0x1618D000","0x1618D000","0x38180004","0x66D00080","0x60D000B4","0x1618D000","0x1618D000","0x1618D000","0x18","0x18","0x17","0x16","0x15","0x14","0x14","0x14","0x700","0x700","0x000","0x000","0x004","0x000","0x300","0x300","0x00","0x10","0x10","0x20","0x20","0x20","0x17","0x20","0x20","0x20","0x20","0x20","0x20","0x20","0x20","0x20","0x20","0x20","0x20","0x20","0x20","0x20","0x20","0x20","0x20","0x20","0x20","0x20","0x20","0x20","0x20","0x20","0x20","0x20","0x20"
"164","0x5","0x6","0b0000000001000000","0b0000000011100000","0","0","0b0000000000000000","0b0000000000000000","0b0000000000000000","0b0000000000000000","1","0b0000000001000000","0b0000000000000000","0x00000053","0x60D000B4","1","0","0x0000003F","0","0","0","0x00000000","0x00000001","0x000001B4","0x00000000","0x00000000","0x0000006B","0x00000000","0x00000000","0x00000000","0x00000000","0x00000000","0x00000000","0x00000000","0x00000000","0x00000000","0x00000000","0x00000000","0x00000000","0x00000000","0x00000000","0x00000000","0x00000000","0x00000000","0x00000000","0x04000000","0x00000000","0x00000000","0x00000001","0xFFFFFFFF","0x00000088","0x00000260","0x00000051","0","0","0","0","0","0","0","0","0x8","0x3","0x0","0xF","1","1","1","1","1","0","0","0","0","0","0","0","0x18","0x18","0x20","0x18","0x7","0xF","0xE","0xB","0","0","0","0x7","0x1618D000","0x1618D000","0x38180004","0x66D00080","0x60D000B4","0x1618D000","0x1618D000","0x1618D000","0x18","0x18","0x17","0x16","0x15","0x14","0x14","0x14","0x700","0x700","0x000","0x000","0x004","0x000","0x300","0x300","0x00","0x10","0x10","0x20","0x20","0x20","0x17","0x20","0x20","0x20","0x20","0x20","0x20","0x20","0x20","0x20","0x20","0x20","0x20","0x20","0x20","0x20","0x20","0x20","0x20","0x20","0x20","0x20","0x20","0x20","0x20","0x20","0x20","0x20","0x20"
"165","0x5","0x6","0b0000000001000000","0b0000000011100000","0","0","0b0000000000000000","0b0000000000000000","0b0000000000000000","0b0000000000100000","0","0b0000000001000000","0b0000000000100000","0x00000053","0x7218D000","1","0","0x0000003F","0","0","0","0x00000000","0x00000001","0x000001B4","0x00000000","0x00000000","0x0000006B","0x00000000","0x00000000","0x00000000","0x00000000","0x00000000","0x00000000","0x00000000","0x00000000","0x00000000","0x00000000","0x00000000","0x00000000","0x00000000","0x00000000","0x00000000","0x00000000","0x00000000","0x00000000","0x04000000","0x00000000","0x00000000","0x00000001","0xFFFFFFFF","0x000000B4","0x00000260","0x00000051","0","0","0","0","0","0","0","0","0x8","0x3","0x0","0xF","1","1","1","1","1","0","0","0","0","0","0","0","0x18","0x18","0x20","0x18","0x7","0xF","0xE","0xB","0","0","0","0x7","0x1618D000","0x1618D000","0x1618D000","0x38180004","0x66D00080","0x60D000B4","0x1618D000","0x1618D000","0x18","0x18","0x18","0x17","0x16","0x15","0x14","0x14","0x700","0x700","0x700","0x000","0x000","0x004","0x000","0x300","0x00","0x00","0x00","0x20","0x20","0x20","0x17","0x20","0x20","0x20","0x20","0x20","0x20","0x20","0x20","0x20","0x20","0x20","0x20","0x20","0x20","0x20","0x20","0x20","0x20","0x20","0x20","0x20","0x20","0x20","0x20","0x20","0x20","0x20","0x20"
"166","0x5","0x6","0b0000000001000000","0b0000000011100000","0","0","0b0000000000000000","0b0000000000000000","0b0000000000000000","0b0000000000100000","1","0b0000000001000000","0b0000000000100000","0x00000054","0x7218D000","1","0","0x00000040","0","0","0","0x00000000","0x00000001","0x000001B4","0x00000000","0x00000000","0x0000006B","0x00000000","0x00000000","0x00000000","0x00000000","0x00000000","0x00000000","0x00000000","0x00000000","0x00000000","0x00000000","0x00000000","0x00000000","0x00000000","0x00000000","0x00000000","0x00000000","0x00000000","0x00000000","0x04000000","0x00000000","0x00000000","0x00000001","0xFFFFFFFF","0x000000B4","0x00000260","0x00000051","0","0","0","0","0","0","0","0","0x8","0x3","0x0","0xF","1","1","1","1","1","0","0","0","0","0","0","0","0x18","0x18","0x20","0x18","0x7","0xF","0xE","0xB","0","0","0","0x7","0x1618D000","0x1618D000","0x1618D000","0x38180004","0x66D00080","0x60D000B4","0x1618D000","0x1618D000","0x18","0x18","0x18","0x17","0x16","0x15","0x14","0x14","0x700","0x700","0x700","0x000","0x000","0x004","0x000","0x300","0x00","0x00","0x00","0x20","0x20","0x20","0x17","0x20","0x20","0x20","0x20","0x20","0x20","0x20","0x20","0x20","0x20","0x20","0x20","0x20","0x20","0x20","0x20","0x20","0x20","0x20","0x20","0x20","0x20","0x20","0x20","0x20","0x20","0x20","0x20"
"167","0x5","0x6","0b0000000001100000","0b0000000011100000","1","1","0b0000000001000000","0b0000000000100000","0b0000000000000000","0b0000000000000000","0","0b0000000001100000","0b0000000000000000","0x00000054","0x7218D000","1","0","0x00000040","0","0","0","0x00000000","0x00000001","0x000001B4","0x00000000","0x00000000","0x0000006B","0x00000000","0x00000000","0x00000000","0x00000000","0x00000000","0x00000000","0x00000000","0x00000000","0x00000000","0x00000000","0x00000000","0x00000000","0x00000000","0x00000000","0x00000000","0x00000000","0x00000000","0x00000000","0x04000000","0x00000000","0x00000000","0x00000001","0xFFFFFFFF","0x000000B4","0x00000260","0x00000051","0","0","0","0","0","0","0","0","0x8","0x3","0x0","0xF","1","1","1","1","1","0","0","0","0","0","0","0","0x18","0x18","0x20","0x18","0x7","0xF","0xE","0xB","0","0","0","0x7","0x1618D000","0x1618D000","0x1618D000","0x1618D000","0x38180004","0x66D00080","0x60D000B4","0x1618D000","0x18","0x18","0x18","0x18","0x17","0x16","0x15","0x14","0x700","0x700","0x700","0x700","0x000","0x000","0x004","0x000","0x00","0x00","0x00","0x20","0x20","0x20","0x17","0x20","0x20","0x20","0x20","0x20","0x20","0x20","0x20","0x20","0x20","0x20","0x20","0x20","0x20","0x20","0x20","0x20","0x20","0x20","0x20","0x20","0x20","0x20","0x20","0x20","0x20","0x20","0x20"
"168","0x5","0x6","0b0000000001100000","0b0000000011100000","1","1","0b0000000001000000","0b0000000000100000","0b0000000000000000","0b0000000000000000","1","0b0000000001100000","0b0000000000000000","0x00000055","0x7218D000","1","0","0x00000041","0","0","0","0x00000000","0x00000001","0x000001B4","0x00000000","0x00000000","0x0000006B","0x00000000","0x00000000","0x00000000","0x00000000","0x00000000","0x00000000","0x00000000","0x00000000","0x00000000","0x00000000","0x00000000","0x00000000","0x00000000","0x00000000","0x00000000","0x00000000","0x00000000","0x00000000","0x04000000","0x00000000","0x00000000","0x00000001","0xFFFFFFFF","0x000000B4","0x00000260","0x00000051","0","0","0","0","0","0","0","0","0x8","0x3","0x0","0xF","1","1","1","1","1","0","0","0","1","0","0","0","0x18","0x18","0x20","0x18","0x7","0xF","0xE","0xB","0","0","0","0x7","0x1618D000","0x1618D000","0x1618D000","0x1618D000","0x38180004","0x66D00080","0x60D000B4","0x1618D000","0x18","0x18","0x18","0x18","0x17","0x16","0x15","0x14","0x700","0x700","0x700","0x700","0x000","0x000","0x004","0x000","0x00","0x00","0x00","0x20","0x20","0x20","0x17","0x20","0x20","0x20","0x20","0x20","0x20","0x20","0x20","0x20","0x20","0x20","0x20","0x20","0x20","0x20","0x20","0x20","0x20","0x20","0x20","0x20","0x20","0x20","0x20","0x20","0x20","0x20","0x20"
"169","0x7","0x8","0b0000000000000000","0b0000000010000000","0","0","0b0000000000000000","0b0000000000000000","0b0000000000000000","0b0000000010000000","0","0b0000000000000000","0b0000000010000000","0x00000055","0x7218D000","1","0","0x00000041","0","0","0","0x00000000","0x00000001","0x000001B4","0x00000000","0x00000000","0x0000006B","0x00000000","0x00000000","0x00000000","0x00000000","0x00000000","0x00000000","0x00000000","0x00000000","0x00000000","0x00000000","0x00000000","0x00000000","0x00000000","0x00000000","0x00000000","0x00000000","0x00000000","0x00000000","0x04000000","0x00000000","0x00000000","0x00000001","0xFFFFFFFF","0x000000B4","0x00000260","0x00000051","0","0","0","0","0","0","0","0","0x8","0x3","0x0","0xF","1","1","1","1","1","0","0","0","1","0","0","0","0x18","0x18","0x20","0x18","0x7","0xF","0xE","0xB","0","0","0","0x7","0x1618D000","0x1618D000","0x1618D000","0x1618D000","0x1618D000","0x38180004","0x66D00080","0x60D000B4","0x18","0x18","0x18","0x18","0x18","0x17","0x16","0x15","0x700","0x700","0x700","0x700","0x700","0x000","0x000","0x004","0x00","0x00","0x00","0x20","0x20","0x20","0x17","0x20","0x20","0x20","0x20","0x20","0x20","0x20","0x20","0x20","0x20","0x20","0x20","0x20","0x20","0x20","0x20","0x20","0x20","0x20","0x20","0x20","0x20","0x20","0x20","0x20","0x20","0x20","0x20"
"170","0x7","0x8","0b0000000000000000","0b0000000010000000","0","0","0b0000000000000000","0b0000000000000000","0b0000000000000000","0b0000000010000000","1","0b0000000000000000","0b0000000010000000","0x00000056","0x7218D000","1","0","0x00000042","0","0","0","0x00000000","0x00000001","0x000001B4","0x00000000","0x00000000","0x0000006B","0x00000000","0x00000000","0x00000000","0x00000000","0x00000000","0x00000000","0x00000000","0x00000000","0x00000000","0x00000000","0x00000000","0x00000000","0x00000000","0x00000000","0x00000000","0x00000000","0x00000000","0x00000000","0x04000000","0x00000000","0x00000000","0x00000001","0xFFFFFFFF","0x000000B4","0x00000260","0x00000051","0","0","0","0","0","0","0","0","0x8","0x3","0x0","0xF","1","1","1","1","1","0","0","0","1","0","0","0","0x18","0x18","0x20","0x18","0x7","0xF","0xE","0xB","0","0","0","0x7","0x1618D000","0x1618D000","0x1618D000","0x1618D000","0x1618D000","0x38180004","0x66D00080","0x60D000B4","0x18","0x18","0x18","0x18","0x18","0x17","0x16","0x15","0x700","0x700","0x700","0x700","0x700","0x000","0x000","0x004","0x00","0x00","0x00","0x20","0x20","0x20","0x17","0x20","0x20","0x20","0x20","0x20","0x20","0x20","0x20","0x20","0x20","0x20","0x20","0x20","0x20","0x20","0x20","0x20","0x20","0x20","0x20","0x20","0x20","0x20","0x20","0x20","0x20","0x20","0x20"
"171","0x7","0x8","0b0000000010000000","0b0000000010000000","0","1","0b0000000000000000","0b0000000010000000","0b0000000000000000","0b0000000000000000","0","0b0000000010000000","0b0000000000000000","0x00000056","0x7218D000","1","0","0x00000042","0","0","0","0x00000000","0x00000001","0x000001B4","0x00000000","0x00000000","0x0000006B","0x00000000","0x00000000","0x00000000","0x00000000","0x00000000","0x00000000","0x00000000","0x00000000","0x00000000","0x00000000","0x00000000","0x00000000","0x00000000","0x00000000","0x00000000","0x00000000","0x00000000","0x00000000","0x04000000","0x00000000","0x00000000","0x00000001","0xFFFFFFFF","0x000000B4","0x00000260","0x00000051","0","0","0","0","0","0","0","0","0x8","0x3","0x0","0xF","1","1","1","1","1","0","0","0","1","0","0","0","0x18","0x18","0x20","0x18","0x7","0xF","0xE","0xB","0","0","0","0x7","0x1618D000","0x1618D000","0x1618D000","0x1618D000","0x1618D000","0x1618D000","0x38180004","0x66D00080","0x18","0x18","0x18","0x18","0x18","0x18","0x17","0x16","0x700","0x700","0x700","0x700","0x700","0x700","0x000","0x000","0x00","0x00","0x00","0x20","0x20","0x20","0x17","0x20","0x20","0x20","0x20","0x20","0x20","0x20","0x20","0x20","0x20","0x20","0x20","0x20","0x20","0x20","0x20","0x20","0x20","0x20","0x20","0x20","0x20","0x20","0x20","0x20","0x20","0x20","0x20"
"172","0x7","0x8","0b0000000010000000","0b0000000010000000","0","1","0b0000000000000000","0b0000000010000000","0b0000000000000000","0b0000000000000000","1","0b0000000010000000","0b0000000000000000","0x00000057","0x7218D000","1","0","0x00000043","0","0","0","0x00000000","0x00000001","0x000001B4","0x00000000","0x00000000","0x0000006B","0x00000000","0x00000000","0x00000000","0x00000000","0x00000000","0x00000000","0x00000000","0x00000000","0x00000000","0x00000000","0x00000000","0x00000000","0x00000000","0x00000000","0x00000000","0x00000000","0x00000000","0x00000000","0x04000000","0x00000000","0x00000000","0x00000001","0xFFFFFFFF","0x000000B4","0x00000260","0x00000051","0","0","0","0","0","0","0","0","0x8","0x3","0x0","0xF","0","1","1","1","0","0","0","0","0","0","0","0","0x18","0x18","0x20","0x18","0x7","0xF","0xE","0xB","1","0","0","0x7","0x1618D000","0x1618D000","0x1618D000","0x1618D000","0x1618D000","0x1618D000","0x38180004","0x66D00080","0x18","0x18","0x18","0x18","0x18","0x18","0x17","0x16","0x700","0x700","0x700","0x700","0x700","0x700","0x000","0x000","0x00","0x00","0x00","0x20","0x20","0x20","0x17","0x20","0x20","0x20","0x20","0x20","0x20","0x20","0x20","0x20","0x20","0x20","0x20","0x20","0x20","0x20","0x20","0x20","0x20","0x20","0x20","0x20","0x20","0x20","0x20","0x20","0x20","0x20","0x20"
"173","0x8","0x9","0b0000000000000000","0b0000000000000000","0","0","0b0000000000000000","0b0000000000000000","0b0000000000000000","0b0000000000000000","0","0b0000000000000000","0b0000000000000000","0x00000057","0x7218D000","1","0","0x00000043","1","0","0","0x00000000","0x00000001","0x000001B4","0x00000000","0x00000000","0x0000006B","0x00000000","0x00000000","0x00000000","0x00000000","0x00000000","0x00000000","0x00000000","0x00000000","0x00000000","0x00000000","0x00000000","0x00000000","0x00000000","0x00000000","0x00000000","0x00000000","0x00000000","0x00000000","0x04000000","0x00000000","0x00000000","0x00000001","0xFFFFFFFF","0x000000B4","0x00000260","0x00000051","0","0","0","0","0","0","0","0","0x8","0x3","0x0","0xF","0","1","1","1","0","0","0","0","0","0","0","0","0x18","0x18","0x20","0x18","0x7","0xF","0xE","0xB","1","0","0","0x7","0x1618D000","0x1618D000","0x1618D000","0x1618D000","0x1618D000","0x1618D000","0x1618D000","0x38180004","0x18","0x18","0x18","0x18","0x18","0x18","0x18","0x17","0x700","0x700","0x700","0x700","0x700","0x700","0x700","0x000","0x00","0x00","0x00","0x20","0x20","0x20","0x20","0x20","0x20","0x20","0x20","0x20","0x20","0x20","0x20","0x20","0x20","0x20","0x20","0x20","0x20","0x20","0x20","0x20","0x20","0x20","0x20","0x20","0x20","0x20","0x20","0x20","0x20","0x20","0x20"
"174","0x8","0x9","0b0000000000000000","0b0000000000000000","0","0","0b0000000000000000","0b0000000000000000","0b0000000000000000","0b0000000000000000","1","0b0000000000000000","0b0000000000000000","0x00000058","0x7218D000","1","0","0x00000044","1","0","0","0x00000000","0x00000001","0x000001B4","0x00000000","0x00000000","0x0000006B","0x00000000","0x00000000","0x00000000","0x00000000","0x00000000","0x00000000","0x00000000","0x00000000","0x00000000","0x00000000","0x00000000","0x00000000","0x00000000","0x00000000","0x00000000","0x00000000","0x00000000","0x00000000","0x04000000","0x00000000","0x00000000","0x00000001","0xFFFFFFFF","0x00000084","0x00000260","0x00000051","0","0","0","0","0","0","0","0","0x8","0x3","0x0","0xF","0","1","1","1","0","0","0","0","0","0","0","0","0x18","0x18","0x20","0x18","0x7","0xF","0xE","0xB","1","0","0","0x7","0x1618D000","0x1618D000","0x1618D000","0x1618D000","0x1618D000","0x1618D000","0x1618D000","0x38180004","0x18","0x18","0x18","0x18","0x18","0x18","0x18","0x17","0x700","0x700","0x700","0x700","0x700","0x700","0x700","0x000","0x00","0x00","0x00","0x20","0x20","0x20","0x20","0x20","0x20","0x20","0x20","0x20","0x20","0x20","0x20","0x20","0x20","0x20","0x20","0x20","0x20","0x20","0x20","0x20","0x20","0x20","0x20","0x20","0x20","0x20","0x20","0x20","0x20","0x20","0x20"
"175","0x8","0x9","0b0000000000000000","0b0000000100000000","0","0","0b0000000000000000","0b0000000000000000","0b0000000000000000","0b0000000000000000","0","0b0000000000000000","0b0000000000000000","0x00000058","0x1618D000","1","0","0x00000044","1","0","0","0x00000000","0x00000001","0x000001B4","0x00000000","0x00000000","0x0000006B","0x00000000","0x00000000","0x00000000","0x00000000","0x00000000","0x00000000","0x00000000","0x00000000","0x00000000","0x00000000","0x00000000","0x00000000","0x00000000","0x00000000","0x00000000","0x00000000","0x00000000","0x00000000","0x04000000","0x00000000","0x00000000","0x00000001","0xFFFFFFFF","0x00000084","0x00000260","0x00000051","0","0","0","0","0","0","0","0","0x8","0x3","0x0","0xF","0","1","1","1","0","0","0","0","0","0","0","0","0x18","0x18","0x20","0x18","0x7","0xF","0xE","0xB","1","0","0","0x7","0x1618D000","0x1618D000","0x1618D000","0x1618D000","0x1618D000","0x1618D000","0x1618D000","0x1618D000","0x18","0x18","0x18","0x18","0x18","0x18","0x18","0x18","0x000","0x700","0x700","0x700","0x700","0x700","0x700","0x700","0x00","0x01","0x01","0x20","0x20","0x20","0x20","0x20","0x20","0x20","0x20","0x20","0x20","0x20","0x20","0x20","0x20","0x20","0x20","0x20","0x20","0x20","0x20","0x20","0x20","0x20","0x20","0x20","0x20","0x20","0x20","0x20","0x20","0x20","0x18"
"176","0x8","0x9","0b0000000000000000","0b0000000100000000","0","0","0b0000000000000000","0b0000000000000000","0b0000000000000000","0b0000000000000000","1","0b0000000000000000","0b0000000000000000","0x00000059","0x1618D000","1","0","0x00000045","1","0","0","0x00000000","0x00000001","0x000001B4","0x00000000","0x00000000","0x0000006B","0x00000000","0x00000000","0x00000000","0x00000000","0x00000000","0x00000000","0x00000000","0x00000000","0x00000000","0x00000000","0x00000000","0x00000000","0x00000000","0x00000000","0x00000000","0x00000000","0x00000000","0x00000000","0x04000000","0x00000000","0x00000000","0x00000001","0xFFFFFFFF","0x00000084","0x00000260","0x00000051","0","0","0","0","0","0","0","0","0x8","0x3","0x0","0xF","0","1","1","1","0","0","0","0","0","0","0","0","0x18","0x18","0x20","0x18","0x7","0xF","0xE","0xB","1","0","0","0x7","0x1618D000","0x1618D000","0x1618D000","0x1618D000","0x1618D000","0x1618D000","0x1618D000","0x1618D000","0x18","0x18","0x18","0x18","0x18","0x18","0x18","0x18","0x000","0x700","0x700","0x700","0x700","0x700","0x700","0x700","0x00","0x01","0x01","0x20","0x20","0x20","0x20","0x20","0x20","0x20","0x20","0x20","0x20","0x20","0x20","0x20","0x20","0x20","0x20","0x20","0x20","0x20","0x20","0x20","0x20","0x20","0x20","0x20","0x20","0x20","0x20","0x20","0x20","0x20","0x18"
"177","0x8","0x9","0b0000000000000000","0b0000001100000000","0","0","0b0000000000000000","0b0000000000000000","0b0000000000000000","0b0000000000000000","0","0b0000000000000000","0b0000000000000000","0x00000059","0x72D000B4","1","0","0x00000045","1","0","0","0x00000000","0x00000001","0x000001B4","0x00000000","0x00000000","0x0000006B","0x00000000","0x00000000","0x00000000","0x00000000","0x00000000","0x00000000","0x00000000","0x00000000","0x00000000","0x00000000","0x00000000","0x00000000","0x00000000","0x00000000","0x00000000","0x00000000","0x00000000","0x00000000","0x04000000","0x00000000","0x00000000","0x00000001","0xFFFFFFFF","0x00000088","0x00000260","0x00000051","0","0","0","0","0","0","0","0","0x8","0x3","0x0","0xF","0","1","1","1","0","0","0","0","0","0","0","0","0x18","0x18","0x20","0x18","0x7","0xF","0xE","0xB","1","0","0","0x7","0x60D000B4","0x1618D000","0x1618D000","0x1618D000","0x1618D000","0x1618D000","0x1618D000","0x1618D000","0x19","0x18","0x18","0x18","0x18","0x18","0x18","0x18","0x008","0x000","0x700","0x700","0x700","0x700","0x700","0x700","0x00","0x00","0x01","0x20","0x20","0x20","0x20","0x20","0x20","0x20","0x20","0x20","0x20","0x20","0x20","0x20","0x20","0x20","0x20","0x20","0x20","0x20","0x20","0x20","0x20","0x20","0x20","0x20","0x20","0x20","0x20","0x20","0x20","0x20","0x18"
"178","0x8","0x9","0b0000000000000000","0b0000001100000000","0","0","0b0000000000000000","0b0000000000000000","0b0000000000000000","0b0000000000000000","1","0b0000000000000000","0b0000000000000000","0x0000005A","0x72D000B4","1","0","0x00000046","1","0","0","0x00000000","0x00000001","0x000001B4","0x00000000","0x00000000","0x0000006B","0x00000000","0x00000000","0x00000000","0x00000000","0x00000000","0x00000000","0x00000000","0x00000000","0x00000000","0x00000000","0x00000000","0x00000000","0x00000000","0x00000000","0x00000000","0x00000000","0x00000000","0x00000000","0x04000000","0x00000000","0x00000000","0x00000001","0xFFFFFFFF","0x00000088","0x00000260","0x00000051","0","0","0","0","0","0","0","0","0x8","0x3","0x0","0xF","0","1","1","1","0","0","0","0","0","0","0","0","0x18","0x18","0x20","0x18","0x7","0xF","0xE","0xB","1","0","0","0x7","0x60D000B4","0x1618D000","0x1618D000","0x1618D000","0x1618D000","0x1618D000","0x1618D000","0x1618D000","0x19","0x18","0x18","0x18","0x18","0x18","0x18","0x18","0x008","0x000","0x700","0x700","0x700","0x700","0x700","0x700","0x00","0x00","0x01","0x20","0x20","0x20","0x20","0x20","0x20","0x20","0x20","0x20","0x20","0x20","0x20","0x20","0x20","0x20","0x20","0x20","0x20","0x20","0x20","0x20","0x20","0x20","0x20","0x20","0x20","0x20","0x20","0x20","0x20","0x20","0x18"
"179","0x8","0x9","0b0000000000000000","0b0000011100000000","0","0","0b0000000000000000","0b0000000000000000","0b0000000000000000","0b0000000000000000","0","0b0000000000000000","0b0000000000000000","0x0000005A","0x66D00080","1","0","0x00000046","1","1","0","0x00000000","0x00000001","0x000001B4","0x00000000","0x00000000","0x0000006B","0x00000000","0x00000000","0x00000000","0x00000000","0x00000000","0x00000000","0x00000000","0x00000000","0x00000000","0x00000000","0x00000000","0x00000000","0x00000000","0x00000000","0x00000000","0x00000000","0x00000000","0x00000000","0x04000000","0x00000000","0x00000000","0x00000001","0xFFFFFFFF","0x000000B4","0x00000260","0x00000051","0","0","0","0","0","0","0","0","0x8","0x3","0x0","0xF","0","1","1","1","0","0","0","0","0","0","0","0","0x18","0x18","0x20","0x18","0x7","0xF","0xE","0xB","1","0","0","0x7","0x66D00080","0x60D000B4","0x1618D000","0x1618D000","0x1618D000","0x1618D000","0x1618D000","0x1618D000","0x1A","0x19","0x18","0x18","0x18","0x18","0x18","0x18","0x000","0x008","0x000","0x700","0x700","0x700","0x700","0x700","0x00","0x01","0x03","0x20","0x20","0x20","0x20","0x20","0x20","0x20","0x20","0x20","0x20","0x20","0x20","0x20","0x20","0x20","0x20","0x20","0x20","0x20","0x20","0x20","0x20","0x20","0x20","0x20","0x20","0x20","0x20","0x20","0x20","0x20","0x18"
"180","0x8","0x9","0b0000000000000000","0b0000011100000000","0","0","0b0000000000000000","0b0000000000000000","0b0000000000000000","0b0000000000000000","1","0b0000000000000000","0b0000000000000000","0x0000005B","0x66D00080","1","0","0x00000047","1","1","0","0x00000000","0x00000001","0x000001B4","0x00000000","0x00000000","0x0000006B","0x00000000","0x00000000","0x00000000","0x00000000","0x00000000","0x00000000","0x00000000","0x00000000","0x00000000","0x00000000","0x00000000","0x00000000","0x00000000","0x00000000","0x00000000","0x00000000","0x00000000","0x00000000","0x04000000","0x00000000","0x00000000","0x00000001","0xFFFFFFFF","0x000000B4","0x00000260","0x00000051","0","0","0","0","0","0","0","0","0x8","0x3","0x0","0xF","1","1","1","1","0","0","0","0","0","0","0","0","0x18","0x18","0x20","0x18","0xB","0xF","0xE","0xB","1","0","0","0x7","0x66D00080","0x60D000B4","0x1618D000","0x1618D000","0x1618D000","0x1618D000","0x1618D000","0x1618D000","0x1A","0x19","0x18","0x18","0x18","0x18","0x18","0x18","0x000","0x008","0x000","0x700","0x700","0x700","0x700","0x700","0x00","0x01","0x03","0x20","0x20","0x20","0x20","0x20","0x20","0x20","0x20","0x20","0x20","0x20","0x20","0x20","0x20","0x20","0x20","0x20","0x20","0x20","0x20","0x20","0x20","0x20","0x20","0x20","0x20","0x20","0x20","0x20","0x20","0x20","0x18"
"181","0x8","0x9","0b0000000000000000","0b0000111100000000","0","0","0b0000000000000000","0b0000000000000000","0b0000000000000000","0b0000010100000000","0","0b0000000000000000","0b0000010100000000","0x0000005B","0x38180004","1","0","0x00000047","0","0","0","0x00000000","0x00000001","0x000001B4","0x00000000","0x00000000","0x0000006B","0x00000000","0x00000000","0x00000000","0x00000000","0x00000000","0x00000000","0x00000000","0x00000000","0x00000000","0x00000000","0x00000000","0x00000000","0x00000000","0x00000000","0x00000000","0x00000000","0x00000000","0x00000000","0x04000000","0x00000000","0x00000000","0x00000001","0xFFFFFFFF","0x00000080","0x00000260","0x00000051","0","0","0","0","0","0","0","0","0x8","0x3","0x0","0xF","1","1","1","1","0","0","0","0","0","0","0","0","0x18","0x18","0x20","0x18","0xB","0xF","0xE","0xB","1","0","0","0x7","0x38180004","0x66D00080","0x60D000B4","0x1618D000","0x1618D000","0x1618D000","0x1618D000","0x1618D000","0x1B","0x1A","0x19","0x18","0x18","0x18","0x18","0x18","0x000","0x000","0x008","0x000","0x700","0x700","0x700","0x700","0x00","0x01","0x05","0x20","0x20","0x20","0x1B","0x20","0x20","0x20","0x20","0x20","0x20","0x20","0x20","0x20","0x20","0x20","0x20","0x20","0x20","0x20","0x20","0x20","0x20","0x20","0x20","0x20","0x20","0x20","0x20","0x20","0x20","0x20","0x18"
"182","0x8","0x9","0b0000000000000000","0b0000111100000000","0","0","0b0000000000000000","0b0000000000000000","0b0000000000000000","0b0000010100000000","1","0b0000000000000000","0b0000010100000000","0x0000005C","0x38180004","1","0","0x00000048","0","0","0","0x00000000","0x00000001","0x000001B4","0x00000000","0x00000000","0x0000006B","0x00000000","0x00000000","0x00000000","0x00000000","0x00000000","0x00000000","0x00000000","0x00000000","0x00000000","0x00000000","0x00000000","0x00000000","0x00000000","0x00000000","0x00000000","0x00000000","0x00000000","0x00000000","0x04000000","0x00000000","0x00000000","0x00000001","0xFFFFFFFF","0x00000080","0x00000260","0x00000051","0","0","0","0","0","0","0","0","0x8","0x3","0x0","0xF","1","1","1","1","0","0","0","0","0","0","0","0","0x18","0x18","0x20","0x18","0xB","0xF","0xE","0xB","1","0","0","0x7","0x38180004","0x66D00080","0x60D000B4","0x1618D000","0x1618D000","0x1618D000","0x1618D000","0x1618D000","0x1B","0x1A","0x19","0x18","0x18","0x18","0x18","0x18","0x000","0x000","0x008","0x000","0x700","0x700","0x700","0x700","0x00","0x01","0x05","0x20","0x20","0x20","0x1B","0x20","0x20","0x20","0x20","0x20","0x20","0x20","0x20","0x20","0x20","0x20","0x20","0x20","0x20","0x20","0x20","0x20","0x20","0x20","0x20","0x20","0x20","0x20","0x20","0x20","0x20","0x20","0x18"
"183","0x8","0x9","0b0000010100000000","0b0000111100000000","0","1","0b0000000000000000","0b0000000100000000","0b0000000000000000","0b0000000000000000","0","0b0000010100000000","0b0000000000000000","0x0000005C","0x7218D000","1","0","0x00000048","0","0","0","0x00000000","0x00000001","0x000001B4","0x00000000","0x00000000","0x0000006B","0x00000000","0x00000000","0x00000000","0x00000000","0x00000000","0x00000000","0x00000000","0x00000000","0x00000000","0x00000000","0x00000000","0x00000000","0x00000000","0x00000000","0x00000000","0x00000000","0x00000000","0x00000000","0x04000000","0x00000000","0x00000000","0x00000001","0xFFFFFFFF","0x00000084","0x00000260","0x00000051","0","0","0","0","0","0","0","0","0x8","0x3","0x0","0xF","1","1","1","1","0","0","0","0","0","0","0","0","0x18","0x18","0x20","0x18","0xB","0xF","0xE","0xB","0","0","1","0xB","0x1618D000","0x38180004","0x66D00080","0x60D000B4","0x1618D000","0x1618D000","0x1618D000","0x1618D000","0x1C","0x1B","0x1A","0x19","0x18","0x18","0x18","0x18","0xB00","0x000","0x000","0x008","0x000","0x700","0x700","0x700","0x00","0x00","0x08","0x20","0x20","0x20","0x1B","0x20","0x20","0x20","0x20","0x20","0x20","0x20","0x20","0x20","0x20","0x20","0x20","0x20","0x20","0x20","0x20","0x20","0x20","0x20","0x20","0x20","0x20","0x20","0x20","0x20","0x20","0x20","0x18"
"184","0x8","0x9","0b0000010100000000","0b0000111100000000","0","1","0b0000000000000000","0b0000000100000000","0b0000000000000000","0b0000000000000000","1","0b0000010100000000","0b0000000000000000","0x0000005D","0x7218D000","1","0","0x00000049","0","0","0","0x00000000","0x00000001","0x000001B4","0x00000000","0x00000000","0x0000006B","0x00000000","0x00000000","0x00000000","0x00000000","0x00000000","0x00000000","0x00000000","0x00000000","0x00000000","0x00000000","0x00000000","0x00000000","0x00000000","0x00000000","0x00000000","0x00000000","0x00000000","0x00000000","0x04000000","0x00000000","0x00000000","0x00000001","0xFFFFFFFF","0x00000084","0x00000260","0x00000051","0","0","0","0","0","0","0","0","0x8","0x3","0x0","0xF","1","1","1","1","1","0","0","1","0","0","0","0","0x18","0x18","0x20","0x18","0xB","0xF","0xE","0xB","0","0","1","0xB","0x1618D000","0x38180004","0x66D00080","0x60D000B4","0x1618D000","0x1618D000","0x1618D000","0x1618D000","0x1C","0x1B","0x1A","0x19","0x18","0x18","0x18","0x18","0xB00","0x000","0x000","0x008","0x000","0x700","0x700","0x700","0x00","0x00","0x08","0x20","0x20","0x20","0x1B","0x20","0x20","0x20","0x20","0x20","0x20","0x20","0x20","0x20","0x20","0x20","0x20","0x20","0x20","0x20","0x20","0x20","0x20","0x20","0x20","0x20","0x20","0x20","0x20","0x20","0x20","0x20","0x18"
"185","0x9","0xA","0b0000010000000000","0b0000111000000000","0","0","0b0000000000000000","0b0000000000000000","0b0000000000000000","0b0000000000000000","0","0b0000010000000000","0b0000000000000000","0x0000005D","0x60D000B4","1","0","0x00000049","0","0","0","0x00000000","0x00000001","0x000001B4","0x00000000","0x00000000","0x0000006B","0x00000000","0x00000000","0x00000000","0x00000000","0x00000000","0x00000000","0x00000000","0x00000000","0x00000000","0x00000000","0x00000000","0x00000000","0x00000000","0x00000000","0x00000000","0x00000000","0x00000000","0x00000000","0x04000000","0x00000000","0x00000000","0x00000001","0xFFFFFFFF","0x00000088","0x00000260","0x00000051","0","0","0","0","0","0","0","0","0x8","0x3","0x0","0xF","1","1","1","1","1","0","0","1","0","0","0","0","0x18","0x18","0x20","0x18","0xB","0xF","0xE","0xB","0","0","0","0xB","0x1618D000","0x1618D000","0x38180004","0x66D00080","0x60D000B4","0x1618D000","0x1618D000","0x1618D000","0x1C","0x1C","0x1B","0x1A","0x19","0x18","0x18","0x18","0xB00","0xB00","0x000","0x000","0x008","0x000","0x700","0x700","0x00","0x10","0x10","0x20","0x20","0x20","0x1B","0x20","0x20","0x20","0x20","0x20","0x20","0x20","0x20","0x20","0x20","0x20","0x20","0x20","0x20","0x20","0x20","0x20","0x20","0x20","0x20","0x20","0x20","0x20","0x20","0x20","0x20","0x20","0x20"
"186","0x9","0xA","0b0000010000000000","0b0000111000000000","0","0","0b0000000000000000","0b0000000000000000","0b0000000000000000","0b0000000000000000","1","0b0000010000000000","0b0000000000000000","0x0000005E","0x60D000B4","1","0","0x0000004A","0","0","0","0x00000000","0x00000001","0x000001B4","0x00000000","0x00000000","0x0000006B","0x00000000","0x00000000","0x00000000","0x00000000","0x00000000","0x00000000","0x00000000","0x00000000","0x00000000","0x00000000","0x00000000","0x00000000","0x00000000","0x00000000","0x00000000","0x00000000","0x00000000","0x00000000","0x04000000","0x00000000","0x00000000","0x00000001","0xFFFFFFFF","0x00000088","0x00000260","0x00000051","0","0","0","0","0","0","0","0","0x8","0x3","0x0","0xF","1","1","1","1","1","0","0","1","0","0","0","0","0x18","0x18","0x20","0x18","0xB","0xF","0xE","0xB","0","0","0","0xB","0x1618D000","0x1618D000","0x38180004","0x66D00080","0x60D000B4","0x1618D000","0x1618D000","0x1618D000","0x1C","0x1C","0x1B","0x1A","0x19","0x18","0x18","0x18","0xB00","0xB00","0x000","0x000","0x008","0x000","0x700","0x700","0x00","0x10","0x10","0x20","0x20","0x20","0x1B","0x20","0x20","0x20","0x20","0x20","0x20","0x20","0x20","0x20","0x20","0x20","0x20","0x20","0x20","0x20","0x20","0x20","0x20","0x20","0x20","0x20","0x20","0x20","0x20","0x20","0x20","0x20","0x20"
"187","0x9","0xA","0b0000010000000000","0b0000111000000000","0","0","0b0000000000000000","0b0000000000000000","0b0000000000000000","0b0000001000000000","0","0b0000010000000000","0b0000001000000000","0x0000005E","0x7218D000","1","0","0x0000004A","0","0","0","0x00000000","0x00000001","0x000001B4","0x00000000","0x00000000","0x0000006B","0x00000000","0x00000000","0x00000000","0x00000000","0x00000000","0x00000000","0x00000000","0x00000000","0x00000000","0x00000000","0x00000000","0x00000000","0x00000000","0x00000000","0x00000000","0x00000000","0x00000000","0x00000000","0x04000000","0x00000000","0x00000000","0x00000001","0xFFFFFFFF","0x00000084","0x00000260","0x00000051","0","0","0","0","0","0","0","0","0x8","0x3","0x0","0xF","1","1","1","1","1","0","0","1","0","0","0","0","0x18","0x18","0x20","0x18","0xB","0xF","0xE","0xB","0","0","0","0xB","0x1618D000","0x1618D000","0x1618D000","0x38180004","0x66D00080","0x60D000B4","0x1618D000","0x1618D000","0x1C","0x1C","0x1C","0x1B","0x1A","0x19","0x18","0x18","0xB00","0xB00","0xB00","0x000","0x000","0x008","0x000","0x700","0x00","0x00","0x00","0x20","0x20","0x20","0x1B","0x20","0x20","0x20","0x20","0x20","0x20","0x20","0x20","0x20","0x20","0x20","0x20","0x20","0x20","0x20","0x20","0x20","0x20","0x20","0x20","0x20","0x20","0x20","0x20","0x20","0x20","0x20","0x20"
"188","0x9","0xA","0b0000010000000000","0b0000111000000000","0","0","0b0000000000000000","0b0000000000000000","0b0000000000000000","0b0000001000000000","1","0b0000010000000000","0b0000001000000000","0x0000005F","0x7218D000","1","0","0x0000004B","0","0","0","0x00000000","0x00000001","0x000001B4","0x00000000","0x00000000","0x0000006B","0x00000000","0x00000000","0x00000000","0x00000000","0x00000000","0x00000000","0x00000000","0x00000000","0x00000000","0x00000000","0x00000000","0x00000000","0x00000000","0x00000000","0x00000000","0x00000000","0x00000000","0x00000000","0x04000000","0x00000000","0x00000000","0x00000001","0xFFFFFFFF","0x00000084","0x00000260","0x00000051","0","0","0","0","0","0","0","0","0x8","0x3","0x0","0xF","1","1","1","1","1","0","0","1","0","0","0","0","0x18","0x18","0x20","0x18","0xB","0xF","0xE","0xB","0","0","0","0xB","0x1618D000","0x1618D000","0x1618D000","0x38180004","0x66D00080","0x60D000B4","0x1618D000","0x1618D000","0x1C","0x1C","0x1C","0x1B","0x1A","0x19","0x18","0x18","0xB00","0xB00","0xB00","0x000","0x000","0x008","0x000","0x700","0x00","0x00","0x00","0x20","0x20","0x20","0x1B","0x20","0x20","0x20","0x20","0x20","0x20","0x20","0x20","0x20","0x20","0x20","0x20","0x20","0x20","0x20","0x20","0x20","0x20","0x20","0x20","0x20","0x20","0x20","0x20","0x20","0x20","0x20","0x20"
"189","0x9","0xA","0b0000011000000000","0b0000111000000000","1","1","0b0000010000000000","0b0000001000000000","0b0000000000000000","0b0000000000000000","0","0b0000011000000000","0b0000000000000000","0x0000005F","0x7218D000","1","0","0x0000004B","0","0","0","0x00000000","0x00000001","0x000001B4","0x00000000","0x00000000","0x0000006B","0x00000000","0x00000000","0x00000000","0x00000000","0x00000000","0x00000000","0x00000000","0x00000000","0x00000000","0x00000000","0x00000000","0x00000000","0x00000000","0x00000000","0x00000000","0x00000000","0x00000000","0x00000000","0x04000000","0x00000000","0x00000000","0x00000001","0xFFFFFFFF","0x00000084","0x00000260","0x00000051","0","0","0","0","0","0","0","0","0x8","0x3","0x0","0xF","1","1","1","1","1","0","0","1","0","0","0","0","0x18","0x18","0x20","0x18","0xB","0xF","0xE","0xB","0","0","0","0xB","0x1618D000","0x1618D000","0x1618D000","0x1618D000","0x38180004","0x66D00080","0x60D000B4","0x1618D000","0x1C","0x1C","0x1C","0x1C","0x1B","0x1A","0x19","0x18","0xB00","0xB00","0xB00","0xB00","0x000","0x000","0x008","0x000","0x00","0x00","0x00","0x20","0x20","0x20","0x1B","0x20","0x20","0x20","0x20","0x20","0x20","0x20","0x20","0x20","0x20","0x20","0x20","0x20","0x20","0x20","0x20","0x20","0x20","0x20","0x20","0x20","0x20","0x20","0x20","0x20","0x20","0x20","0x20"
"190","0x9","0xA","0b0000011000000000","0b0000111000000000","1","1","0b0000010000000000","0b0000001000000000","0b0000000000000000","0b0000000000000000","1","0b0000011000000000","0b0000000000000000","0x00000060","0x7218D000","1","0","0x0000004C","0","0","0","0x00000000","0x00000001","0x000001B4","0x00000000","0x00000000","0x0000006B","0x00000000","0x00000000","0x00000000","0x00000000","0x00000000","0x00000000","0x00000000","0x00000000","0x00000000","0x00000000","0x00000000","0x00000000","0x00000000","0x00000000","0x00000000","0x00000000","0x00000000","0x00000000","0x04000000","0x00000000","0x00000000","0x00000001","0xFFFFFFFF","0x00000084","0x00000260","0x00000051","0","0","0","0","0","0","0","0","0x8","0x3","0x0","0xF","1","1","1","1","1","0","0","1","1","0","0","1","0x18","0x18","0x20","0x18","0xB","0xF","0xE","0xB","0","0","0","0xB","0x1618D000","0x1618D000","0x1618D000","0x1618D000","0x38180004","0x66D00080","0x60D000B4","0x1618D000","0x1C","0x1C","0x1C","0x1C","0x1B","0x1A","0x19","0x18","0xB00","0xB00","0xB00","0xB00","0x000","0x000","0x008","0x000","0x00","0x00","0x00","0x20","0x20","0x20","0x1B","0x20","0x20","0x20","0x20","0x20","0x20","0x20","0x20","0x20","0x20","0x20","0x20","0x20","0x20","0x20","0x20","0x20","0x20","0x20","0x20","0x20","0x20","0x20","0x20","0x20","0x20","0x20","0x20"
"191","0xB","0xC","0b0000000000000000","0b0000100000000000","0","0","0b0000000000000000","0b0000000000000000","0b0000000000000000","0b0000100000000000","0","0b0000000000000000","0b0000100000000000","0x00000060","0x7218D000","1","0","0x0000004C","0","0","0","0x00000000","0x00000001","0x000001B4","0x00000000","0x00000000","0x0000006B","0x00000000","0x00000000","0x00000000","0x00000000","0x00000000","0x00000000","0x00000000","0x00000000","0x00000000","0x00000000","0x00000000","0x00000000","0x00000000","0x00000000","0x00000000","0x00000000","0x00000000","0x00000000","0x04000000","0x00000000","0x00000000","0x00000001","0xFFFFFFFF","0x00000084","0x00000260","0x00000051","0","0","0","0","0","0","0","0","0x8","0x3","0x0","0xF","1","1","1","1","1","0","0","1","1","0","0","1","0x18","0x18","0x20","0x18","0xB","0xF","0xE","0xB","0","0","0","0xB","0x1618D000","0x1618D000","0x1618D000","0x1618D000","0x1618D000","0x38180004","0x66D00080","0x60D000B4","0x1C","0x1C","0x1C","0x1C","0x1C","0x1B","0x1A","0x19","0xB00","0xB00","0xB00","0xB00","0xB00","0x000","0x000","0x008","0x00","0x00","0x00","0x20","0x20","0x20","0x1B","0x20","0x20","0x20","0x20","0x20","0x20","0x20","0x20","0x20","0x20","0x20","0x20","0x20","0x20","0x20","0x20","0x20","0x20","0x20","0x20","0x20","0x20","0x20","0x20","0x20","0x20","0x20","0x20"
"192","0xB","0xC","0b0000000000000000","0b0000100000000000","0","0","0b0000000000000000","0b0000000000000000","0b0000000000000000","0b0000100000000000","1","0b0000000000000000","0b0000100000000000","0x00000061","0x7218D000","1","0","0x0000004D","0","0","0","0x00000000","0x00000001","0x000001B4","0x00000000","0x00000000","0x0000006B","0x00000000","0x00000000","0x00000000","0x00000000","0x00000000","0x00000000","0x00000000","0x00000000","0x00000000","0x00000000","0x00000000","0x00000000","0x00000000","0x00000000","0x00000000","0x00000000","0x00000000","0x00000000","0x04000000","0x00000000","0x00000000","0x00000001","0xFFFFFFFF","0x00000084","0x00000260","0x00000051","0","0","0","0","0","0","0","0","0x8","0x3","0x0","0xF","1","1","1","1","1","0","0","1","1","0","0","1","0x18","0x18","0x20","0x18","0xB","0xF","0xE","0xB","0","0","0","0xB","0x1618D000","0x1618D000","0x1618D000","0x1618D000","0x1618D000","0x38180004","0x66D00080","0x60D000B4","0x1C","0x1C","0x1C","0x1C","0x1C","0x1B","0x1A","0x19","0xB00","0xB00","0xB00","0xB00","0xB00","0x000","0x000","0x008","0x00","0x00","0x00","0x20","0x20","0x20","0x1B","0x20","0x20","0x20","0x20","0x20","0x20","0x20","0x20","0x20","0x20","0x20","0x20","0x20","0x20","0x20","0x20","0x20","0x20","0x20","0x20","0x20","0x20","0x20","0x20","0x20","0x20","0x20","0x20"
"193","0xB","0xC","0b0000100000000000","0b0000100000000000","0","1","0b0000000000000000","0b0000100000000000","0b0000000000000000","0b0000100000000000","0","0b0000100000000000","0b0000100000000000","0x00000061","0x7218D000","1","0","0x0000004D","0","0","0","0x00000000","0x00000001","0x000001B4","0x00000000","0x00000000","0x0000006B","0x00000000","0x00000000","0x00000000","0x00000000","0x00000000","0x00000000","0x00000000","0x00000000","0x00000000","0x00000000","0x00000000","0x00000000","0x00000000","0x00000000","0x00000000","0x00000000","0x00000000","0x00000000","0x04000000","0x00000000","0x00000000","0x00000001","0xFFFFFFFF","0x00000084","0x00000260","0x00000051","0","0","0","0","0","0","0","0","0x8","0x3","0x0","0xF","1","1","1","1","1","0","0","1","1","0","0","1","0x18","0x18","0x20","0x18","0xB","0xF","0xE","0xB","0","0","0","0xB","0x1618D000","0x1618D000","0x1618D000","0x1618D000","0x1618D000","0x1618D000","0x38180004","0x66D00080","0x1C","0x1C","0x1C","0x1C","0x1C","0x1C","0x1B","0x1A","0xB00","0xB00","0xB00","0xB00","0xB00","0xB00","0x000","0x000","0x00","0x00","0x00","0x20","0x20","0x20","0x1B","0x20","0x20","0x20","0x20","0x20","0x20","0x20","0x20","0x20","0x20","0x20","0x20","0x20","0x20","0x20","0x20","0x20","0x20","0x20","0x20","0x20","0x20","0x20","0x20","0x20","0x20","0x20","0x20"
"194","0xB","0xC","0b0000100000000000","0b0000100000000000","0","1","0b0000000000000000","0b0000100000000000","0b0000000000000000","0b0000100000000000","1","0b0000100000000000","0b0000100000000000","0x00000062","0x7218D000","1","0","0x0000004E","0","0","0","0x00000000","0x00000001","0x000001B4","0x00000000","0x00000000","0x0000006B","0x00000000","0x00000000","0x00000000","0x00000000","0x00000000","0x00000000","0x00000000","0x00000000","0x00000000","0x00000000","0x00000000","0x00000000","0x00000000","0x00000000","0x00000000","0x00000000","0x00000000","0x00000000","0x04000000","0x00000000","0x00000000","0x00000001","0xFFFFFFFF","0x00000084","0x00000260","0x00000051","0","0","0","0","0","0","0","0","0x8","0x3","0x0","0xF","0","1","1","1","0","0","0","0","0","0","0","0","0x18","0x18","0x20","0x18","0xB","0xF","0xE","0xB","0","0","0","0xB","0x1618D000","0x1618D000","0x1618D000","0x1618D000","0x1618D000","0x1618D000","0x38180004","0x66D00080","0x1C","0x1C","0x1C","0x1C","0x1C","0x1C","0x1B","0x1A","0xB00","0xB00","0xB00","0xB00","0xB00","0xB00","0x000","0x000","0x00","0x00","0x00","0x20","0x20","0x20","0x1B","0x20","0x20","0x20","0x20","0x20","0x20","0x20","0x20","0x20","0x20","0x20","0x20","0x20","0x20","0x20","0x20","0x20","0x20","0x20","0x20","0x20","0x20","0x20","0x20","0x20","0x20","0x20","0x20"
"195","0xC","0xD","0b0000000000000000","0b0000000000000000","0","0","0b0000000000000000","0b0000000000000000","0b0000000000000000","0b0000000000000000","0","0b0000000000000000","0b0000000000000000","0x00000062","0x7218D000","1","0","0x0000004E","1","0","0","0x00000000","0x00000001","0x000001B4","0x00000000","0x00000000","0x0000006B","0x00000000","0x00000000","0x00000000","0x00000000","0x00000000","0x00000000","0x00000000","0x00000000","0x00000000","0x00000000","0x00000000","0x00000000","0x00000000","0x00000000","0x00000000","0x00000000","0x00000000","0x00000000","0x04000000","0x00000000","0x00000000","0x00000001","0xFFFFFFFF","0x00000084","0x00000260","0x00000051","0","0","0","0","0","0","0","0","0x8","0x3","0x0","0xF","0","1","1","1","0","0","0","0","0","0","0","0","0x18","0x18","0x20","0x18","0xB","0xF","0xE","0xB","0","0","0","0xB","0x1618D000","0x1618D000","0x1618D000","0x1618D000","0x1618D000","0x1618D000","0x1618D000","0x38180004","0x1C","0x1C","0x1C","0x1C","0x1C","0x1C","0x1C","0x1B","0xB00","0xB00","0xB00","0xB00","0xB00","0xB00","0xB00","0x000","0x00","0x00","0x00","0x20","0x20","0x20","0x20","0x20","0x20","0x20","0x20","0x20","0x20","0x20","0x20","0x20","0x20","0x20","0x20","0x20","0x20","0x20","0x20","0x20","0x20","0x20","0x20","0x20","0x20","0x20","0x20","0x20","0x20","0x20","0x20"
"196","0xC","0xD","0b0000000000000000","0b0000000000000000","0","0","0b0000000000000000","0b0000000000000000","0b0000000000000000","0b0000000000000000","1","0b0000000000000000","0b0000000000000000","0x00000063","0x7218D000","1","0","0x0000004F","1","0","0","0x00000000","0x00000001","0x000001B4","0x00000000","0x00000000","0x0000006B","0x00000000","0x00000000","0x00000000","0x00000000","0x00000000","0x00000000","0x00000000","0x00000000","0x00000000","0x00000000","0x00000000","0x00000000","0x00000000","0x00000000","0x00000000","0x00000000","0x00000000","0x00000000","0x04000000","0x00000000","0x00000000","0x00000001","0xFFFFFFFF","0x00000084","0x00000260","0x00000051","0","0","0","0","0","0","0","0","0x8","0x3","0x0","0xF","0","1","1","1","0","0","0","0","0","0","0","0","0x18","0x18","0x20","0x18","0xB","0xF","0xE","0xB","0","0","0","0xB","0x1618D000","0x1618D000","0x1618D000","0x1618D000","0x1618D000","0x1618D000","0x1618D000","0x38180004","0x1C","0x1C","0x1C","0x1C","0x1C","0x1C","0x1C","0x1B","0xB00","0xB00","0xB00","0xB00","0xB00","0xB00","0xB00","0x000","0x00","0x00","0x00","0x20","0x20","0x20","0x20","0x20","0x20","0x20","0x20","0x20","0x20","0x20","0x20","0x20","0x20","0x20","0x20","0x20","0x20","0x20","0x20","0x20","0x20","0x20","0x20","0x20","0x20","0x20","0x20","0x20","0x20","0x20","0x20"
"197","0xC","0xD","0b0000000000000000","0b0001000000000000","0","0","0b0000000000000000","0b0000000000000000","0b0000000000000000","0b0000000000000000","0","0b0000000000000000","0b0000000000000000","0x00000063","0x1618D000","1","0","0x0000004F","1","0","0","0x00000000","0x00000001","0x000001B4","0x00000000","0x00000000","0x0000006B","0x00000000","0x00000000","0x00000000","0x00000000","0x00000000","0x00000000","0x00000000","0x00000000","0x00000000","0x00000000","0x00000000","0x00000000","0x00000000","0x00000000","0x00000000","0x00000000","0x00000000","0x00000000","0x04000000","0x00000000","0x00000000","0x00000001","0xFFFFFFFF","0x00000084","0x00000260","0x00000051","0","0","0","0","0","0","0","0","0x8","0x3","0x0","0xF","0","1","1","1","0","0","0","0","0","0","0","0","0x18","0x18","0x20","0x18","0xB","0xF","0xE","0xB","0","0","0","0xB","0x1618D000","0x1618D000","0x1618D000","0x1618D000","0x1618D000","0x1618D000","0x1618D000","0x1618D000","0x1C","0x1C","0x1C","0x1C","0x1C","0x1C","0x1C","0x1C","0x000","0xB00","0xB00","0xB00","0xB00","0xB00","0xB00","0xB00","0x00","0x01","0x01","0x20","0x20","0x20","0x20","0x20","0x20","0x20","0x20","0x20","0x20","0x20","0x20","0x20","0x20","0x20","0x20","0x20","0x20","0x20","0x20","0x20","0x20","0x20","0x20","0x20","0x20","0x20","0x20","0x20","0x20","0x20","0x1C"
"198","0xC","0xD","0b0000000000000000","0b0001000000000000","0","0","0b0000000000000000","0b0000000000000000","0b0000000000000000","0b0000000000000000","1","0b0000000000000000","0b0000000000000000","0x00000064","0x1618D000","1","0","0x00000050","1","0","0","0x00000000","0x00000001","0x000001B4","0x00000000","0x00000000","0x0000006B","0x00000000","0x00000000","0x00000000","0x00000000","0x00000000","0x00000000","0x00000000","0x00000000","0x00000000","0x00000000","0x00000000","0x00000000","0x00000000","0x00000000","0x00000000","0x00000000","0x00000000","0x00000000","0x04000000","0x00000000","0x00000000","0x00000001","0xFFFFFFFF","0x00000084","0x00000260","0x00000051","0","0","0","0","0","0","0","0","0x8","0x3","0x0","0xF","0","1","1","1","0","0","0","0","0","0","0","0","0x18","0x18","0x20","0x18","0xB","0xF","0xE","0xB","0","0","0","0xB","0x1618D000","0x1618D000","0x1618D000","0x1618D000","0x1618D000","0x1618D000","0x1618D000","0x1618D000","0x1C","0x1C","0x1C","0x1C","0x1C","0x1C","0x1C","0x1C","0x000","0xB00","0xB00","0xB00","0xB00","0xB00","0xB00","0xB00","0x00","0x01","0x01","0x20","0x20","0x20","0x20","0x20","0x20","0x20","0x20","0x20","0x20","0x20","0x20","0x20","0x20","0x20","0x20","0x20","0x20","0x20","0x20","0x20","0x20","0x20","0x20","0x20","0x20","0x20","0x20","0x20","0x20","0x20","0x1C"
"199","0xC","0xD","0b0000000000000000","0b0011000000000000","0","0","0b0000000000000000","0b0000000000000000","0b0000000000000000","0b0000000000000000","0","0b0000000000000000","0b0000000000000000","0x00000064","0x72D000B4","1","0","0x00000050","1","0","0","0x00000000","0x00000001","0x000001B4","0x00000000","0x00000000","0x0000006B","0x00000000","0x00000000","0x00000000","0x00000000","0x00000000","0x00000000","0x00000000","0x00000000","0x00000000","0x00000000","0x00000000","0x00000000","0x00000000","0x00000000","0x00000000","0x00000000","0x00000000","0x00000000","0x04000000","0x00000000","0x00000000","0x00000001","0xFFFFFFFF","0x00000088","0x00000260","0x00000051","0","0","0","0","0","0","0","0","0x8","0x3","0x0","0xF","0","1","1","1","0","0","0","0","0","0","0","0","0x18","0x18","0x20","0x18","0xB","0xF","0xE","0xB","0","0","0","0xB","0x60D000B4","0x1618D000","0x1618D000","0x1618D000","0x1618D000","0x1618D000","0x1618D000","0x1618D000","0x1D","0x1C","0x1C","0x1C","0x1C","0x1C","0x1C","0x1C","0x00C","0x000","0xB00","0xB00","0xB00","0xB00","0xB00","0xB00","0x00","0x00","0x01","0x20","0x20","0x20","0x20","0x20","0x20","0x20","0x20","0x20","0x20","0x20","0x20","0x20","0x20","0x20","0x20","0x20","0x20","0x20","0x20","0x20","0x20","0x20","0x20","0x20","0x20","0x20","0x20","0x20","0x20","0x20","0x1C"
"200","0xC","0xD","0b0000000000000000","0b0011000000000000","0","0","0b0000000000000000","0b0000000000000000","0b0000000000000000","0b0000000000000000","1","0b0000000000000000","0b0000000000000000","0x00000065","0x72D000B4","1","0","0x00000051","1","0","0","0x00000000","0x00000001","0x000001B4","0x00000000","0x00000000","0x0000006B","0x00000000","0x00000000","0x00000000","0x00000000","0x00000000","0x00000000","0x00000000","0x00000000","0x00000000","0x00000000","0x00000000","0x00000000","0x00000000","0x00000000","0x00000000","0x00000000","0x00000000","0x00000000","0x04000000","0x00000000","0x00000000","0x00000001","0xFFFFFFFF","0x00000088","0x00000260","0x00000051","0","0","0","0","0","0","0","0","0x8","0x3","0x0","0xF","0","1","1","1","0","0","0","0","0","0","0","0","0x18","0x18","0x20","0x18","0xB","0xF","0xE","0xB","0","0","0","0xB","0x60D000B4","0x1618D000","0x1618D000","0x1618D000","0x1618D000","0x1618D000","0x1618D000","0x1618D000","0x1D","0x1C","0x1C","0x1C","0x1C","0x1C","0x1C","0x1C","0x00C","0x000","0xB00","0xB00","0xB00","0xB00","0xB00","0xB00","0x00","0x00","0x01","0x20","0x20","0x20","0x20","0x20","0x20","0x20","0x20","0x20","0x20","0x20","0x20","0x20","0x20","0x20","0x20","0x20","0x20","0x20","0x20","0x20","0x20","0x20","0x20","0x20","0x20","0x20","0x20","0x20","0x20","0x20","0x1C"
"201","0xC","0xD","0b0000000000000000","0b0111000000000000","0","0","0b0000000000000000","0b0000000000000000","0b0000000000000000","0b0000000000000000","0","0b0000000000000000","0b0000000000000000","0x00000065","0x66D00080","1","0","0x00000051","1","1","0","0x00000000","0x00000001","0x000001B4","0x00000000","0x00000000","0x0000006B","0x00000000","0x00000000","0x00000000","0x00000000","0x00000000","0x00000000","0x00000000","0x00000000","0x00000000","0x00000000","0x00000000","0x00000000","0x00000000","0x00000000","0x00000000","0x00000000","0x00000000","0x00000000","0x04000000","0x00000000","0x00000000","0x00000001","0xFFFFFFFF","0x000000B4","0x00000260","0x00000051","0","0","0","0","0","0","0","0","0x8","0x3","0x0","0xF","0","1","1","1","0","0","0","0","0","0","0","0","0x18","0x18","0x20","0x18","0xB","0xF","0xE","0xB","0","0","0","0xB","0x66D00080","0x60D000B4","0x1618D000","0x1618D000","0x1618D000","0x1618D000","0x1618D000","0x1618D000","0x1E","0x1D","0x1C","0x1C","0x1C","0x1C","0x1C","0x1C","0x000","0x00C","0x000","0xB00","0xB00","0xB00","0xB00","0xB00","0x00","0x01","0x03","0x20","0x20","0x20","0x20","0x20","0x20","0x20","0x20","0x20","0x20","0x20","0x20","0x20","0x20","0x20","0x20","0x20","0x20","0x20","0x20","0x20","0x20","0x20","0x20","0x20","0x20","0x20","0x20","0x20","0x20","0x20","0x1C"
"202","0xC","0xD","0b0000000000000000","0b0111000000000000","0","0","0b0000000000000000","0b0000000000000000","0b0000000000000000","0b0000000000000000","1","0b0000000000000000","0b0000000000000000","0x00000066","0x66D00080","1","0","0x00000052","1","1","0","0x00000000","0x00000001","0x000001B4","0x00000000","0x00000000","0x0000006B","0x00000000","0x00000000","0x00000000","0x00000000","0x00000000","0x00000000","0x00000000","0x00000000","0x00000000","0x00000000","0x00000000","0x00000000","0x00000000","0x00000000","0x00000000","0x00000000","0x00000000","0x00000000","0x04000000","0x00000000","0x00000000","0x00000001","0xFFFFFFFF","0x000000B4","0x00000260","0x00000051","0","0","0","0","0","0","0","0","0x8","0x3","0x0","0xF","1","1","1","1","0","0","0","0","0","0","0","0","0x18","0x18","0x20","0x18","0xF","0xF","0xE","0xB","0","0","0","0xB","0x66D00080","0x60D000B4","0x1618D000","0x1618D000","0x1618D000","0x1618D000","0x1618D000","0x1618D000","0x1E","0x1D","0x1C","0x1C","0x1C","0x1C","0x1C","0x1C","0x000","0x00C","0x000","0xB00","0xB00","0xB00","0xB00","0xB00","0x00","0x01","0x03","0x20","0x20","0x20","0x20","0x20","0x20","0x20","0x20","0x20","0x20","0x20","0x20","0x20","0x20","0x20","0x20","0x20","0x20","0x20","0x20","0x20","0x20","0x20","0x20","0x20","0x20","0x20","0x20","0x20","0x20","0x20","0x1C"
"203","0xC","0xD","0b0000000000000000","0b1111000000000000","0","0","0b0000000000000000","0b0000000000000000","0b0000000000000000","0b0101000000000000","0","0b0000000000000000","0b0101000000000000","0x00000066","0x38180004","1","0","0x00000052","0","0","0","0x00000000","0x00000001","0x000001B4","0x00000000","0x00000000","0x0000006B","0x00000000","0x00000000","0x00000000","0x00000000","0x00000000","0x00000000","0x00000000","0x00000000","0x00000000","0x00000000","0x00000000","0x00000000","0x00000000","0x00000000","0x00000000","0x00000000","0x00000000","0x00000000","0x04000000","0x00000000","0x00000000","0x00000001","0xFFFFFFFF","0x00000080","0x00000260","0x00000051","0","0","0","0","0","0","0","0","0x8","0x3","0x0","0xF","1","1","1","1","0","0","0","0","0","0","0","0","0x18","0x18","0x20","0x18","0xF","0xF","0xE","0xB","0","0","0","0xB","0x38180004","0x66D00080","0x60D000B4","0x1618D000","0x1618D000","0x1618D000","0x1618D000","0x1618D000","0x1F","0x1E","0x1D","0x1C","0x1C","0x1C","0x1C","0x1C","0x000","0x000","0x00C","0x000","0xB00","0xB00","0xB00","0xB00","0x00","0x01","0x05","0x20","0x20","0x20","0x1F","0x20","0x20","0x20","0x20","0x20","0x20","0x20","0x20","0x20","0x20","0x20","0x20","0x20","0x20","0x20","0x20","0x20","0x20","0x20","0x20","0x20","0x20","0x20","0x20","0x20","0x20","0x20","0x1C"
"204","0xC","0xD","0b0000000000000000","0b1111000000000000","0","0","0b0000000000000000","0b0000000000000000","0b0000000000000000","0b0101000000000000","1","0b0000000000000000","0b0101000000000000","0x00000067","0x38180004","1","0","0x00000053","0","0","0","0x00000000","0x00000001","0x000001B4","0x00000000","0x00000000","0x0000006B","0x00000000","0x00000000","0x00000000","0x00000000","0x00000000","0x00000000","0x00000000","0x00000000","0x00000000","0x00000000","0x00000000","0x00000000","0x00000000","0x00000000","0x00000000","0x00000000","0x00000000","0x00000000","0x04000000","0x00000000","0x00000000","0x00000001","0xFFFFFFFF","0x00000080","0x00000260","0x00000051","0","0","0","0","0","0","0","0","0x8","0x3","0x0","0xF","1","1","1","1","0","0","0","0","0","0","0","0","0x18","0x18","0x20","0x18","0xF","0xF","0xE","0xB","0","0","0","0xB","0x38180004","0x66D00080","0x60D000B4","0x1618D000","0x1618D000","0x1618D000","0x1618D000","0x1618D000","0x1F","0x1E","0x1D","0x1C","0x1C","0x1C","0x1C","0x1C","0x000","0x000","0x00C","0x000","0xB00","0xB00","0xB00","0xB00","0x00","0x01","0x05","0x20","0x20","0x20","0x1F","0x20","0x20","0x20","0x20","0x20","0x20","0x20","0x20","0x20","0x20","0x20","0x20","0x20","0x20","0x20","0x20","0x20","0x20","0x20","0x20","0x20","0x20","0x20","0x20","0x20","0x20","0x20","0x1C"
"205","0xC","0xD","0b0101000000000000","0b1111000000000000","0","1","0b0000000000000000","0b0001000000000000","0b0000000000000000","0b0000000000000000","0","0b0101000000000000","0b0000000000000000","0x00000067","0x7218D000","1","0","0x00000053","0","0","0","0x00000000","0x00000001","0x000001B4","0x00000000","0x00000000","0x0000006B","0x00000000","0x00000000","0x00000000","0x00000000","0x00000000","0x00000000","0x00000000","0x00000000","0x00000000","0x00000000","0x00000000","0x00000000","0x00000000","0x00000000","0x00000000","0x00000000","0x00000000","0x00000000","0x04000000","0x00000000","0x00000000","0x00000001","0xFFFFFFFF","0x00000084","0x00000260","0x00000051","0","0","0","0","0","0","0","0","0x8","0x3","0x0","0xF","1","1","1","1","0","0","0","0","0","0","0","0","0x18","0x18","0x20","0x18","0xF","0xF","0xE","0xB","0","0","1","0xF","0x1618D000","0x38180004","0x66D00080","0x60D000B4","0x1618D000","0x1618D000","0x1618D000","0x1618D000","0x00","0x1F","0x1E","0x1D","0x1C","0x1C","0x1C","0x1C","0xF00","0x000","0x000","0x00C","0x000","0xB00","0xB00","0xB00","0x00","0x00","0x08","0x20","0x20","0x20","0x1F","0x20","0x20","0x20","0x20","0x20","0x20","0x20","0x20","0x20","0x20","0x20","0x20","0x20","0x20","0x20","0x20","0x20","0x20","0x20","0x20","0x20","0x20","0x20","0x20","0x20","0x20","0x20","0x1C"
"206","0xC","0xD","0b0101000000000000","0b1111000000000000","0","1","0b0000000000000000","0b0001000000000000","0b0000000000000000","0b0000000000000000","1","0b0101000000000000","0b0000000000000000","0x00000068","0x7218D000","1","0","0x00000054","0","0","0","0x00000000","0x00000001","0x000001B4","0x00000000","0x00000000","0x0000006B","0x00000000","0x00000000","0x00000000","0x00000000","0x00000000","0x00000000","0x00000000","0x00000000","0x00000000","0x00000000","0x00000000","0x00000000","0x00000000","0x00000000","0x00000000","0x00000000","0x00000000","0x00000000","0x04000000","0x00000000","0x00000000","0x00000001","0xFFFFFFFF","0x00000084","0x00000260","0x00000051","0","0","0","0","0","0","0","0","0x8","0x3","0x0","0xF","1","1","1","1","1","1","0","0","0","0","0","0","0x18","0x18","0x20","0x18","0xF","0xF","0xE","0xB","0","0","1","0xF","0x1618D000","0x38180004","0x66D00080","0x60D000B4","0x1618D000","0x1618D000","0x1618D000","0x1618D000","0x00","0x1F","0x1E","0x1D","0x1C","0x1C","0x1C","0x1C","0xF00","0x000","0x000","0x00C","0x000","0xB00","0xB00","0xB00","0x00","0x00","0x08","0x20","0x20","0x20","0x1F","0x20","0x20","0x20","0x20","0x20","0x20","0x20","0x20","0x20","0x20","0x20","0x20","0x20","0x20","0x20","0x20","0x20","0x20","0x20","0x20","0x20","0x20","0x20","0x20","0x20","0x20","0x20","0x1C"
"207","0xD","0xE","0b0100000000000000","0b1110000000000000","0","0","0b0000000000000000","0b0000000000000000","0b0000000000000000","0b0000000000000000","0","0b0100000000000000","0b0000000000000000","0x00000068","0x60D000B4","1","0","0x00000054","0","0","0","0x00000000","0x00000001","0x000001B4","0x00000000","0x00000000","0x0000006B","0x00000000","0x00000000","0x00000000","0x00000000","0x00000000","0x00000000","0x00000000","0x00000000","0x00000000","0x00000000","0x00000000","0x00000000","0x00000000","0x00000000","0x00000000","0x00000000","0x00000000","0x00000000","0x04000000","0x00000000","0x00000000","0x00000001","0xFFFFFFFF","0x00000088","0x00000260","0x00000051","0","0","0","0","0","0","0","0","0x8","0x3","0x0","0xF","1","1","1","1","1","1","0","0","0","0","0","0","0x18","0x18","0x20","0x18","0xF","0xF","0xE","0xB","0","0","0","0xF","0x1618D000","0x1618D000","0x38180004","0x66D00080","0x60D000B4","0x1618D000","0x1618D000","0x1618D000","0x00","0x00","0x1F","0x1E","0x1D","0x1C","0x1C","0x1C","0xF00","0xF00","0x000","0x000","0x00C","0x000","0xB00","0xB00","0x00","0x10","0x10","0x20","0x20","0x20","0x1F","0x20","0x20","0x20","0x20","0x20","0x20","0x20","0x20","0x20","0x20","0x20","0x20","0x20","0x20","0x20","0x20","0x20","0x20","0x20","0x20","0x20","0x20","0x20","0x20","0x20","0x20","0x20","0x20"
"208","0xD","0xE","0b0100000000000000","0b1110000000000000","0","0","0b0000000000000000","0b0000000000000000","0b0000000000000000","0b0000000000000000","1","0b0100000000000000","0b0000000000000000","0x00000069","0x60D000B4","1","0","0x00000055","0","0","0","0x00000000","0x00000001","0x000001B4","0x00000000","0x00000000","0x0000006B","0x00000000","0x00000000","0x00000000","0x00000000","0x00000000","0x00000000","0x00000000","0x00000000","0x00000000","0x00000000","0x00000000","0x00000000","0x00000000","0x00000000","0x00000000","0x00000000","0x00000000","0x00000000","0x04000000","0x00000000","0x00000000","0x00000001","0xFFFFFFFF","0x00000088","0x00000260","0x00000051","0","0","0","0","0","0","0","0","0x8","0x3","0x0","0xF","1","1","1","1","1","1","0","0","0","0","0","0","0x18","0x18","0x20","0x18","0xF","0xF","0xE","0xB","0","0","0","0xF","0x1618D000","0x1618D000","0x38180004","0x66D00080","0x60D000B4","0x1618D000","0x1618D000","0x1618D000","0x00","0x00","0x1F","0x1E","0x1D","0x1C","0x1C","0x1C","0xF00","0xF00","0x000","0x000","0x00C","0x000","0xB00","0xB00","0x00","0x10","0x10","0x20","0x20","0x20","0x1F","0x20","0x20","0x20","0x20","0x20","0x20","0x20","0x20","0x20","0x20","0x20","0x20","0x20","0x20","0x20","0x20","0x20","0x20","0x20","0x20","0x20","0x20","0x20","0x20","0x20","0x20","0x20","0x20"
"209","0xD","0xE","0b0100000000000000","0b1110000000000000","0","0","0b0000000000000000","0b0000000000000000","0b0000000000000000","0b0010000000000000","0","0b0100000000000000","0b0010000000000000","0x00000069","0x7218D000","1","0","0x00000055","0","0","0","0x00000000","0x00000001","0x000001B4","0x00000000","0x00000000","0x0000006B","0x00000000","0x00000000","0x00000000","0x00000000","0x00000000","0x00000000","0x00000000","0x00000000","0x00000000","0x00000000","0x00000000","0x00000000","0x00000000","0x00000000","0x00000000","0x00000000","0x00000000","0x00000000","0x04000000","0x00000000","0x00000000","0x00000001","0xFFFFFFFF","0x00000084","0x00000260","0x00000051","0","0","0","0","0","0","0","0","0x8","0x3","0x0","0xF","1","1","1","1","1","1","0","0","0","0","0","0","0x18","0x18","0x20","0x18","0xF","0xF","0xE","0xB","0","0","0","0xF","0x1618D000","0x1618D000","0x1618D000","0x38180004","0x66D00080","0x60D000B4","0x1618D000","0x1618D000","0x00","0x00","0x00","0x1F","0x1E","0x1D","0x1C","0x1C","0xF00","0xF00","0xF00","0x000","0x000","0x00C","0x000","0xB00","0x00","0x00","0x00","0x20","0x20","0x20","0x1F","0x20","0x20","0x20","0x20","0x20","0x20","0x20","0x20","0x20","0x20","0x20","0x20","0x20","0x20","0x20","0x20","0x20","0x20","0x20","0x20","0x20","0x20","0x20","0x20","0x20","0x20","0x20","0x20"
"210","0xD","0xE","0b0100000000000000","0b1110000000000000","0","0","0b0000000000000000","0b0000000000000000","0b0000000000000000","0b0010000000000000","1","0b0100000000000000","0b0010000000000000","0x0000006A","0x7218D000","1","0","0x00000056","0","0","0","0x00000000","0x00000001","0x000001B4","0x00000000","0x00000000","0x0000006B","0x00000000","0x00000000","0x00000000","0x00000000","0x00000000","0x00000000","0x00000000","0x00000000","0x00000000","0x00000000","0x00000000","0x00000000","0x00000000","0x00000000","0x00000000","0x00000000","0x00000000","0x00000000","0x04000000","0x00000000","0x00000000","0x00000001","0xFFFFFFFF","0x00000084","0x00000260","0x00000051","0","0","0","0","0","0","0","0","0x8","0x3","0x0","0xF","1","1","1","1","1","1","0","0","0","0","0","0","0x18","0x18","0x20","0x18","0xF","0xF","0xE","0xB","0","0","0","0xF","0x1618D000","0x1618D000","0x1618D000","0x38180004","0x66D00080","0x60D000B4","0x1618D000","0x1618D000","0x00","0x00","0x00","0x1F","0x1E","0x1D","0x1C","0x1C","0xF00","0xF00","0xF00","0x000","0x000","0x00C","0x000","0xB00","0x00","0x00","0x00","0x20","0x20","0x20","0x1F","0x20","0x20","0x20","0x20","0x20","0x20","0x20","0x20","0x20","0x20","0x20","0x20","0x20","0x20","0x20","0x20","0x20","0x20","0x20","0x20","0x20","0x20","0x20","0x20","0x20","0x20","0x20","0x20"
"211","0xD","0xE","0b0110000000000000","0b1110000000000000","1","1","0b0100000000000000","0b0010000000000000","0b0000000000000000","0b0000000000000000","0","0b0110000000000000","0b0000000000000000","0x0000006A","0x7218D000","1","0","0x00000056","0","0","0","0x00000000","0x00000001","0x000001B4","0x00000000","0x00000000","0x0000006B","0x00000000","0x00000000","0x00000000","0x00000000","0x00000000","0x00000000","0x00000000","0x00000000","0x00000000","0x00000000","0x00000000","0x00000000","0x00000000","0x00000000","0x00000000","0x00000000","0x00000000","0x00000000","0x04000000","0x00000000","0x00000000","0x00000001","0xFFFFFFFF","0x00000084","0x00000260","0x00000051","0","0","0","0","0","0","0","0","0x8","0x3","0x0","0xF","1","1","1","1","1","1","0","0","0","0","0","0","0x18","0x18","0x20","0x18","0xF","0xF","0xE","0xB","0","0","0","0xF","0x1618D000","0x1618D000","0x1618D000","0x1618D000","0x38180004","0x66D00080","0x60D000B4","0x1618D000","0x00","0x00","0x00","0x00","0x1F","0x1E","0x1D","0x1C","0xF00","0xF00","0xF00","0xF00","0x000","0x000","0x00C","0x000","0x00","0x00","0x00","0x20","0x20","0x20","0x1F","0x20","0x20","0x20","0x20","0x20","0x20","0x20","0x20","0x20","0x20","0x20","0x20","0x20","0x20","0x20","0x20","0x20","0x20","0x20","0x20","0x20","0x20","0x20","0x20","0x20","0x20","0x20","0x20"
"212","0xD","0xE","0b0110000000000000","0b1110000000000000","1","1","0b0100000000000000","0b0010000000000000","0b0000000000000000","0b0000000000000000","1","0b0110000000000000","0b0000000000000000","0x0000006B","0x7218D000","1","0","0x00000057","0","0","0","0x00000000","0x00000001","0x000001B4","0x00000000","0x00000000","0x0000006B","0x00000000","0x00000000","0x00000000","0x00000000","0x00000000","0x00000000","0x00000000","0x00000000","0x00000000","0x00000000","0x00000000","0x00000000","0x00000000","0x00000000","0x00000000","0x00000000","0x00000000","0x00000000","0x04000000","0x00000000","0x00000000","0x00000001","0xFFFFFFFF","0x00000084","0x00000260","0x00000051","0","0","0","0","0","0","0","0","0x8","0x3","0x0","0xF","1","1","1","1","1","1","0","0","1","1","0","0","0x18","0x18","0x20","0x18","0xF","0xF","0xE","0xB","0","0","0","0xF","0x1618D000","0x1618D000","0x1618D000","0x1618D000","0x38180004","0x66D00080","0x60D000B4","0x1618D000","0x00","0x00","0x00","0x00","0x1F","0x1E","0x1D","0x1C","0xF00","0xF00","0xF00","0xF00","0x000","0x000","0x00C","0x000","0x00","0x00","0x00","0x20","0x20","0x20","0x1F","0x20","0x20","0x20","0x20","0x20","0x20","0x20","0x20","0x20","0x20","0x20","0x20","0x20","0x20","0x20","0x20","0x20","0x20","0x20","0x20","0x20","0x20","0x20","0x20","0x20","0x20","0x20","0x20"
"213","0xF","0x0","0b0000000000000000","0b1000000000000000","0","0","0b0000000000000000","0b0000000000000000","0b0000000000000000","0b1000000000000000","0","0b0000000000000000","0b1000000000000000","0x0000006B","0x7218D000","1","0","0x00000057","0","0","0","0x00000000","0x00000001","0x000001B4","0x00000000","0x00000000","0x0000006B","0x00000000","0x00000000","0x00000000","0x00000000","0x00000000","0x00000000","0x00000000","0x00000000","0x00000000","0x00000000","0x00000000","0x00000000","0x00000000","0x00000000","0x00000000","0x00000000","0x00000000","0x00000000","0x04000000","0x00000000","0x00000000","0x00000001","0xFFFFFFFF","0x00000084","0x00000260","0x00000051","0","0","0","0","0","0","0","0","0x8","0x3","0x0","0xF","1","1","1","1","1","1","0","0","1","1","0","0","0x18","0x18","0x20","0x18","0xF","0xF","0xE","0xB","0","0","0","0xF","0x1618D000","0x1618D000","0x1618D000","0x1618D000","0x1618D000","0x38180004","0x66D00080","0x60D000B4","0x00","0x00","0x00","0x00","0x00","0x1F","0x1E","0x1D","0xF00","0xF00","0xF00","0xF00","0xF00","0x000","0x000","0x00C","0x00","0x00","0x00","0x20","0x20","0x20","0x1F","0x20","0x20","0x20","0x20","0x20","0x20","0x20","0x20","0x20","0x20","0x20","0x20","0x20","0x20","0x20","0x20","0x20","0x20","0x20","0x20","0x20","0x20","0x20","0x20","0x20","0x20","0x20","0x20"
"214","0xF","0x0","0b0000000000000000","0b1000000000000000","0","0","0b0000000000000000","0b0000000000000000","0b0000000000000000","0b1000000000000000","1","0b0000000000000000","0b1000000000000000","0x0000006C","0x7218D000","1","0","0x00000058","0","0","0","0x00000000","0x00000001","0x000001B4","0x00000000","0x00000000","0x0000006B","0x00000000","0x00000000","0x00000000","0x00000000","0x00000000","0x00000000","0x00000000","0x00000000","0x00000000","0x00000000","0x00000000","0x00000000","0x00000000","0x00000000","0x00000000","0x00000000","0x00000000","0x00000000","0x04000000","0x00000000","0x00000000","0x00000001","0xFFFFFFFF","0x00000084","0x00000260","0x00000051","0","0","0","0","0","0","0","0","0x8","0x3","0x0","0xF","1","1","1","1","1","1","0","0","1","1","0","0","0x18","0x18","0x20","0x18","0xF","0xF","0xE","0xB","0","0","0","0xF","0x1618D000","0x1618D000","0x1618D000","0x1618D000","0x1618D000","0x38180004","0x66D00080","0x60D000B4","0x00","0x00","0x00","0x00","0x00","0x1F","0x1E","0x1D","0xF00","0xF00","0xF00","0xF00","0xF00","0x000","0x000","0x00C","0x00","0x00","0x00","0x20","0x20","0x20","0x1F","0x20","0x20","0x20","0x20","0x20","0x20","0x20","0x20","0x20","0x20","0x20","0x20","0x20","0x20","0x20","0x20","0x20","0x20","0x20","0x20","0x20","0x20","0x20","0x20","0x20","0x20","0x20","0x20"
"215","0xF","0x0","0b1000000000000000","0b1000000000000000","0","1","0b0000000000000000","0b1000000000000000","0b0000000000000000","0b1000000000000000","0","0b1000000000000000","0b1000000000000000","0x0000006C","0x7218D000","1","0","0x00000058","0","0","0","0x00000000","0x00000001","0x000001B4","0x00000000","0x00000000","0x0000006B","0x00000000","0x00000000","0x00000000","0x00000000","0x00000000","0x00000000","0x00000000","0x00000000","0x00000000","0x00000000","0x00000000","0x00000000","0x00000000","0x00000000","0x00000000","0x00000000","0x00000000","0x00000000","0x04000000","0x00000000","0x00000000","0x00000001","0xFFFFFFFF","0x00000084","0x00000260","0x00000051","0","0","0","0","0","0","0","0","0x8","0x3","0x0","0xF","1","1","1","1","1","1","0","0","1","1","0","0","0x18","0x18","0x20","0x18","0xF","0xF","0xE","0xB","0","0","0","0xF","0x1618D000","0x1618D000","0x1618D000","0x1618D000","0x1618D000","0x1618D000","0x38180004","0x66D00080","0x00","0x00","0x00","0x00","0x00","0x00","0x1F","0x1E","0xF00","0xF00","0xF00","0xF00","0xF00","0xF00","0x000","0x000","0x00","0x00","0x00","0x20","0x20","0x20","0x1F","0x20","0x20","0x20","0x20","0x20","0x20","0x20","0x20","0x20","0x20","0x20","0x20","0x20","0x20","0x20","0x20","0x20","0x20","0x20","0x20","0x20","0x20","0x20","0x20","0x20","0x20","0x20","0x20"
"216","0xF","0x0","0b1000000000000000","0b1000000000000000","0","1","0b0000000000000000","0b1000000000000000","0b0000000000000000","0b1000000000000000","1","0b1000000000000000","0b1000000000000000","0x0000006D","0x7218D000","1","0","0x00000059","0","0","0","0x00000000","0x00000001","0x000001B4","0x00000000","0x00000000","0x0000006B","0x00000000","0x00000000","0x00000000","0x00000000","0x00000000","0x00000000","0x00000000","0x00000000","0x00000000","0x00000000","0x00000000","0x00000000","0x00000000","0x00000000","0x00000000","0x00000000","0x00000000","0x00000000","0x04000000","0x00000000","0x00000000","0x00000001","0xFFFFFFFF","0x00000084","0x00000260","0x00000051","0","0","0","0","0","0","0","0","0x8","0x3","0x0","0xF","0","1","1","1","0","0","0","0","0","0","0","0","0x18","0x18","0x20","0x18","0xF","0xF","0xE","0xB","0","0","0","0xF","0x1618D000","0x1618D000","0x1618D000","0x1618D000","0x1618D000","0x1618D000","0x38180004","0x66D00080","0x00","0x00","0x00","0x00","0x00","0x00","0x1F","0x1E","0xF00","0xF00","0xF00","0xF00","0xF00","0xF00","0x000","0x000","0x00","0x00","0x00","0x20","0x20","0x20","0x1F","0x20","0x20","0x20","0x20","0x20","0x20","0x20","0x20","0x20","0x20","0x20","0x20","0x20","0x20","0x20","0x20","0x20","0x20","0x20","0x20","0x20","0x20","0x20","0x20","0x20","0x20","0x20","0x20"
"217","0x0","0x1","0b0000000000000000","0b0000000000000000","0","0","0b0000000000000000","0b0000000000000000","0b0000000000000000","0b0000000000000000","0","0b0000000000000000","0b0000000000000000","0x0000006D","0x7218D000","1","0","0x00000059","1","0","0","0x00000000","0x00000001","0x000001B4","0x00000000","0x00000000","0x0000006B","0x00000000","0x00000000","0x00000000","0x00000000","0x00000000","0x00000000","0x00000000","0x00000000","0x00000000","0x00000000","0x00000000","0x00000000","0x00000000","0x00000000","0x00000000","0x00000000","0x00000000","0x00000000","0x04000000","0x00000000","0x00000000","0x00000001","0xFFFFFFFF","0x00000084","0x00000260","0x00000051","0","0","0","0","0","0","0","0","0x8","0x3","0x0","0xF","0","1","1","1","0","0","0","0","0","0","0","0","0x18","0x18","0x20","0x18","0xF","0xF","0xE","0xB","0","0","0","0xF","0x1618D000","0x1618D000","0x1618D000","0x1618D000","0x1618D000","0x1618D000","0x1618D000","0x38180004","0x00","0x00","0x00","0x00","0x00","0x00","0x00","0x1F","0xF00","0xF00","0xF00","0xF00","0xF00","0xF00","0xF00","0x000","0x00","0x00","0x00","0x20","0x20","0x20","0x20","0x20","0x20","0x20","0x20","0x20","0x20","0x20","0x20","0x20","0x20","0x20","0x20","0x20","0x20","0x20","0x20","0x20","0x20","0x20","0x20","0x20","0x20","0x20","0x20","0x20","0x20","0x20","0x20"
"218","0x0","0x1","0b0000000000000000","0b0000000000000000","0","0","0b0000000000000000","0b0000000000000000","0b0000000000000000","0b0000000000000000","1","0b0000000000000000","0b0000000000000000","0x0000006E","0x7218D000","1","0","0x0000005A","1","0","0","0x00000000","0x00000001","0x000001B4","0x00000000","0x00000000","0x0000006B","0x00000000","0x00000000","0x00000000","0x00000000","0x00000000","0x00000000","0x00000000","0x00000000","0x00000000","0x00000000","0x00000000","0x00000000","0x00000000","0x00000000","0x00000000","0x00000000","0x00000000","0x00000000","0x04000000","0x00000000","0x00000000","0x00000001","0xFFFFFFFF","0x00000084","0x00000260","0x00000051","0","0","0","0","0","0","0","0","0x8","0x3","0x0","0xF","0","1","1","1","0","0","0","0","0","0","0","0","0x18","0x18","0x20","0x18","0xF","0xF","0xE","0xB","0","0","0","0xF","0x1618D000","0x1618D000","0x1618D000","0x1618D000","0x1618D000","0x1618D000","0x1618D000","0x38180004","0x00","0x00","0x00","0x00","0x00","0x00","0x00","0x1F","0xF00","0xF00","0xF00","0xF00","0xF00","0xF00","0xF00","0x000","0x00","0x00","0x00","0x20","0x20","0x20","0x20","0x20","0x20","0x20","0x20","0x20","0x20","0x20","0x20","0x20","0x20","0x20","0x20","0x20","0x20","0x20","0x20","0x20","0x20","0x20","0x20","0x20","0x20","0x20","0x20","0x20","0x20","0x20","0x20"
"219","0x0","0x1","0b0000000000000000","0b0000000000000001","0","0","0b0000000000000000","0b0000000000000000","0b0000000000000000","0b0000000000000000","0","0b0000000000000000","0b0000000000000000","0x0000006E","0x1618D000","1","0","0x0000005A","1","0","0","0x00000000","0x00000001","0x000001B4","0x00000000","0x00000000","0x0000006B","0x00000000","0x00000000","0x00000000","0x00000000","0x00000000","0x00000000","0x00000000","0x00000000","0x00000000","0x00000000","0x00000000","0x00000000","0x00000000","0x00000000","0x00000000","0x00000000","0x00000000","0x00000000","0x04000000","0x00000000","0x00000000","0x00000001","0xFFFFFFFF","0x00000084","0x00000260","0x00000051","0","0","0","0","0","0","0","0","0x8","0x3","0x0","0xF","0","1","1","1","0","0","0","0","0","0","0","0","0x18","0x18","0x20","0x18","0xF","0xF","0xE","0xB","0","0","0","0xF","0x1618D000","0x1618D000","0x1618D000","0x1618D000","0x1618D000","0x1618D000","0x1618D000","0x1618D000","0x00","0x00","0x00","0x00","0x00","0x00","0x00","0x00","0x000","0xF00","0xF00","0xF00","0xF00","0xF00","0xF00","0xF00","0x00","0x01","0x01","0x20","0x20","0x20","0x20","0x20","0x20","0x20","0x20","0x20","0x20","0x20","0x20","0x20","0x20","0x20","0x20","0x20","0x20","0x20","0x20","0x20","0x20","0x20","0x20","0x20","0x20","0x20","0x20","0x20","0x20","0x20","0x00"
"220","0x0","0x1","0b0000000000000000","0b0000000000000001","0","0","0b0000000000000000","0b0000000000000000","0b0000000000000000","0b0000000000000000","1","0b0000000000000000","0b0000000000000000","0x0000006F","0x1618D000","1","0","0x0000005B","1","0","0","0x00000000","0x00000001","0x000001B4","0x00000000","0x00000000","0x0000006B","0x00000000","0x00000000","0x00000000","0x00000000","0x00000000","0x00000000","0x00000000","0x00000000","0x00000000","0x00000000","0x00000000","0x00000000","0x00000000","0x00000000","0x00000000","0x00000000","0x00000000","0x00000000","0x04000000","0x00000000","0x00000000","0x00000001","0xFFFFFFFF","0x00000084","0x00000260","0x00000051","0","0","0","0","0","0","0","0","0x8","0x3","0x0","0xF","0","1","1","1","0","0","0","0","0","0","0","0","0x18","0x18","0x20","0x18","0xF","0xF","0xE","0xB","0","0","0","0xF","0x1618D000","0x1618D000","0x1618D000","0x1618D000","0x1618D000","0x1618D000","0x1618D000","0x1618D000","0x00","0x00","0x00","0x00","0x00","0x00","0x00","0x00","0x000","0xF00","0xF00","0xF00","0xF00","0xF00","0xF00","0xF00","0x00","0x01","0x01","0x20","0x20","0x20","0x20","0x20","0x20","0x20","0x20","0x20","0x20","0x20","0x20","0x20","0x20","0x20","0x20","0x20","0x20","0x20","0x20","0x20","0x20","0x20","0x20","0x20","0x20","0x20","0x20","0x20","0x20","0x20","0x00"
"221","0x0","0x1","0b0000000000000000","0b0000000000000011","0","0","0b0000000000000000","0b0000000000000000","0b0000000000000000","0b0000000000000000","0","0b0000000000000000","0b0000000000000000","0x0000006F","0x72D000B4","1","0","0x0000005B","1","0","0","0x00000000","0x00000001","0x000001B4","0x00000000","0x00000000","0x0000006B","0x00000000","0x00000000","0x00000000","0x00000000","0x00000000","0x00000000","0x00000000","0x00000000","0x00000000","0x00000000","0x00000000","0x00000000","0x00000000","0x00000000","0x00000000","0x00000000","0x00000000","0x00000000","0x04000000","0x00000000","0x00000000","0x00000001","0xFFFFFFFF","0x00000088","0x00000260","0x00000051","0","0","0","0","0","0","0","0","0x8","0x3","0x0","0xF","0","1","1","1","0","0","0","0","0","0","0","0","0x18","0x18","0x20","0x18","0xF","0xF","0xE","0xB","0","0","0","0xF","0x60D000B4","0x1618D000","0x1618D000","0x1618D000","0x1618D000","0x1618D000","0x1618D000","0x1618D000","0x01","0x00","0x00","0x00","0x00","0x00","0x00","0x00","0x000","0x000","0xF00","0xF00","0xF00","0xF00","0xF00","0xF00","0x00","0x00","0x01","0x20","0x20","0x20","0x20","0x20","0x20","0x20","0x20","0x20","0x20","0x20","0x20","0x20","0x20","0x20","0x20","0x20","0x20","0x20","0x20","0x20","0x20","0x20","0x20","0x20","0x20","0x20","0x20","0x20","0x20","0x20","0x00"
"222","0x0","0x1","0b0000000000000000","0b0000000000000011","0","0","0b0000000000000000","0b0000000000000000","0b0000000000000000","0b0000000000000000","1","0b0000000000000000","0b0000000000000000","0x00000070","0x72D000B4","1","0","0x0000005C","1","0","0","0x00000000","0x00000001","0x000001B4","0x00000000","0x00000000","0x0000006B","0x00000000","0x00000000","0x00000000","0x00000000","0x00000000","0x00000000","0x00000000","0x00000000","0x00000000","0x00000000","0x00000000","0x00000000","0x00000000","0x00000000","0x00000000","0x00000000","0x00000000","0x00000000","0x04000000","0x00000000","0x00000000","0x00000001","0xFFFFFFFF","0x00000088","0x00000260","0x00000051","0","0","0","0","0","0","0","0","0x8","0x3","0x0","0xF","0","1","1","1","0","0","0","0","0","0","0","0","0x18","0x18","0x20","0x18","0xF","0xF","0xE","0xB","0","0","0","0xF","0x60D000B4","0x1618D000","0x1618D000","0x1618D000","0x1618D000","0x1618D000","0x1618D000","0x1618D000","0x01","0x00","0x00","0x00","0x00","0x00","0x00","0x00","0x000","0x000","0xF00","0xF00","0xF00","0xF00","0xF00","0xF00","0x00","0x00","0x01","0x20","0x20","0x20","0x20","0x20","0x20","0x20","0x20","0x20","0x20","0x20","0x20","0x20","0x20","0x20","0x20","0x20","0x20","0x20","0x20","0x20","0x20","0x20","0x20","0x20","0x20","0x20","0x20","0x20","0x20","0x20","0x00"
"223","0x0","0x1","0b0000000000000000","0b0000000000000111","0","0","0b0000000000000000","0b0000000000000000","0b0000000000000000","0b0000000000000000","0","0b0000000000000000","0b0000000000000000","0x00000070","0x66D00080","1","0","0x0000005C","1","1","0","0x00000000","0x00000001","0x000001B4","0x00000000","0x00000000","0x0000006B","0x00000000","0x00000000","0x00000000","0x00000000","0x00000000","0x00000000","0x00000000","0x00000000","0x00000000","0x00000000","0x00000000","0x00000000","0x00000000","0x00000000","0x00000000","0x00000000","0x00000000","0x00000000","0x04000000","0x00000000","0x00000000","0x00000001","0xFFFFFFFF","0x000000B4","0x00000260","0x00000051","0","0","0","0","0","0","0","0","0x8","0x3","0x0","0xF","0","1","1","1","0","0","0","0","0","0","0","0","0x18","0x18","0x20","0x18","0xF","0xF","0xE","0xB","0","0","0","0xF","0x66D00080","0x60D000B4","0x1618D000","0x1618D000","0x1618D000","0x1618D000","0x1618D000","0x1618D000","0x02","0x01","0x00","0x00","0x00","0x00","0x00","0x00","0x000","0x000","0x000","0xF00","0xF00","0xF00","0xF00","0xF00","0x00","0x01","0x03","0x20","0x20","0x20","0x20","0x20","0x20","0x20","0x20","0x20","0x20","0x20","0x20","0x20","0x20","0x20","0x20","0x20","0x20","0x20","0x20","0x20","0x20","0x20","0x20","0x20","0x20","0x20","0x20","0x20","0x20","0x20","0x00"
"224","0x0","0x1","0b0000000000000000","0b0000000000000111","0","0","0b0000000000000000","0b0000000000000000","0b0000000000000000","0b0000000000000000","1","0b0000000000000000","0b0000000000000000","0x00000071","0x66D00080","1","0","0x0000005D","1","1","0","0x00000000","0x00000001","0x000001B4","0x00000000","0x00000000","0x0000006B","0x00000000","0x00000000","0x00000000","0x00000000","0x00000000","0x00000000","0x00000000","0x00000000","0x00000000","0x00000000","0x00000000","0x00000000","0x00000000","0x00000000","0x00000000","0x00000000","0x00000000","0x00000000","0x04000000","0x00000000","0x00000000","0x00000001","0xFFFFFFFF","0x000000B4","0x00000260","0x00000051","0","0","0","0","0","0","0","0","0x8","0x3","0x0","0xF","1","1","1","1","0","0","0","0","0","0","0","0","0x18","0x18","0x20","0x18","0x3","0xF","0xE","0xB","0","0","0","0xF","0x66D00080","0x60D000B4","0x1618D000","0x1618D000","0x1618D000","0x1618D000","0x1618D000","0x1618D000","0x02","0x01","0x00","0x00","0x00","0x00","0x00","0x00","0x000","0x000","0x000","0xF00","0xF00","0xF00","0xF00","0xF00","0x00","0x01","0x03","0x20","0x20","0x20","0x20","0x20","0x20","0x20","0x20","0x20","0x20","0x20","0x20","0x20","0x20","0x20","0x20","0x20","0x20","0x20","0x20","0x20","0x20","0x20","0x20","0x20","0x20","0x20","0x20","0x20","0x20","0x20","0x00"
"225","0x0","0x1","0b0000000000000000","0b0000000000001111","0","0","0b0000000000000000","0b0000000000000000","0b0000000000000000","0b0000000000000101","0","0b0000000000000000","0b0000000000000101","0x00000071","0x38180004","1","0","0x0000005D","0","0","0","0x00000000","0x00000001","0x000001B4","0x00000000","0x00000000","0x0000006B","0x00000000","0x00000000","0x00000000","0x00000000","0x00000000","0x00000000","0x00000000","0x00000000","0x00000000","0x00000000","0x00000000","0x00000000","0x00000000","0x00000000","0x00000000","0x00000000","0x00000000","0x00000000","0x04000000","0x00000000","0x00000000","0x00000001","0xFFFFFFFF","0x00000080","0x00000260","0x00000051","0","0","0","0","0","0","0","0","0x8","0x3","0x0","0xF","1","1","1","1","0","0","0","0","0","0","0","0","0x18","0x18","0x20","0x18","0x3","0xF","0xE","0xB","0","0","0","0xF","0x38180004","0x66D00080","0x60D000B4","0x1618D000","0x1618D000","0x1618D000","0x1618D000","0x1618D000","0x03","0x02","0x01","0x00","0x00","0x00","0x00","0x00","0x000","0x000","0x000","0x000","0xF00","0xF00","0xF00","0xF00","0x00","0x01","0x05","0x20","0x20","0x20","0x03","0x20","0x20","0x20","0x20","0x20","0x20","0x20","0x20","0x20","0x20","0x20","0x20","0x20","0x20","0x20","0x20","0x20","0x20","0x20","0x20","0x20","0x20","0x20","0x20","0x20","0x20","0x20","0x00"
"226","0x0","0x1","0b0000000000000000","0b0000000000001111","0","0","0b0000000000000000","0b0000000000000000","0b0000000000000000","0b0000000000000101","1","0b0000000000000000","0b0000000000000101","0x00000072","0x38180004","1","0","0x0000005E","0","0","0","0x00000000","0x00000001","0x000001B4","0x00000000","0x00000000","0x0000006B","0x00000000","0x00000000","0x00000000","0x00000000","0x00000000","0x00000000","0x00000000","0x00000000","0x00000000","0x00000000","0x00000000","0x00000000","0x00000000","0x00000000","0x00000000","0x00000000","0x00000000","0x00000000","0x04000000","0x00000000","0x00000000","0x00000001","0xFFFFFFFF","0x00000080","0x00000260","0x00000051","0","0","0","0","0","0","0","0","0x8","0x3","0x0","0xF","1","1","1","1","0","0","0","0","0","0","0","0","0x18","0x18","0x20","0x18","0x3","0xF","0xE","0xB","0","0","0","0xF","0x38180004","0x66D00080","0x60D000B4","0x1618D000","0x1618D000","0x1618D000","0x1618D000","0x1618D000","0x03","0x02","0x01","0x00","0x00","0x00","0x00","0x00","0x000","0x000","0x000","0x000","0xF00","0xF00","0xF00","0xF00","0x00","0x01","0x05","0x20","0x20","0x20","0x03","0x20","0x20","0x20","0x20","0x20","0x20","0x20","0x20","0x20","0x20","0x20","0x20","0x20","0x20","0x20","0x20","0x20","0x20","0x20","0x20","0x20","0x20","0x20","0x20","0x20","0x20","0x20","0x00"
"227","0x0","0x1","0b0000000000000101","0b0000000000001111","0","1","0b0000000000000000","0b0000000000000001","0b0000000000000000","0b0000000000000000","0","0b0000000000000101","0b0000000000000000","0x00000072","0x7218D000","1","0","0x0000005E","0","0","0","0x00000000","0x00000001","0x000001B4","0x00000000","0x00000000","0x0000006B","0x00000000","0x00000000","0x00000000","0x00000000","0x00000000","0x00000000","0x00000000","0x00000000","0x00000000","0x00000000","0x00000000","0x00000000","0x00000000","0x00000000","0x00000000","0x00000000","0x00000000","0x00000000","0x04000000","0x00000000","0x00000000","0x00000001","0xFFFFFFFF","0x00000084","0x00000260","0x00000051","0","0","0","0","0","0","0","0","0x8","0x3","0x0","0xF","1","1","1","1","0","0","0","0","0","0","0","0","0x18","0x18","0x20","0x18","0x3","0xF","0xE","0xB","0","0","1","0x3","0x1618D000","0x38180004","0x66D00080","0x60D000B4","0x1618D000","0x1618D000","0x1618D000","0x1618D000","0x04","0x03","0x02","0x01","0x00","0x00","0x00","0x00","0x300","0x000","0x000","0x000","0x000","0xF00","0xF00","0xF00","0x00","0x00","0x08","0x20","0x20","0x20","0x03","0x20","0x20","0x20","0x20","0x20","0x20","0x20","0x20","0x20","0x20","0x20","0x20","0x20","0x20","0x20","0x20","0x20","0x20","0x20","0x20","0x20","0x20","0x20","0x20","0x20","0x20","0x20","0x00"
"228","0x0","0x1","0b0000000000000101","0b0000000000001111","0","1","0b0000000000000000","0b0000000000000001","0b0000000000000000","0b0000000000000000","1","0b0000000000000101","0b0000000000000000","0x00000073","0x7218D000","1","0","0x0000005F","0","0","0","0x00000000","0x00000001","0x000001B4","0x00000000","0x00000000","0x0000006B","0x00000000","0x00000000","0x00000000","0x00000000","0x00000000","0x00000000","0x00000000","0x00000000","0x00000000","0x00000000","0x00000000","0x00000000","0x00000000","0x00000000","0x00000000","0x00000000","0x00000000","0x00000000","0x04000000","0x00000000","0x00000000","0x00000001","0xFFFFFFFF","0x00000084","0x00000260","0x00000051","0","0","0","0","0","0","0","0","0x8","0x3","0x0","0xF","1","1","1","1","1","0","0","0","0","0","0","0","0x18","0x18","0x20","0x18","0x3","0xF","0xE","0xB","0","0","1","0x3","0x1618D000","0x38180004","0x66D00080","0x60D000B4","0x1618D000","0x1618D000","0x1618D000","0x1618D000","0x04","0x03","0x02","0x01","0x00","0x00","0x00","0x00","0x300","0x000","0x000","0x000","0x000","0xF00","0xF00","0xF00","0x00","0x00","0x08","0x20","0x20","0x20","0x03","0x20","0x20","0x20","0x20","0x20","0x20","0x20","0x20","0x20","0x20","0x20","0x20","0x20","0x20","0x20","0x20","0x20","0x20","0x20","0x20","0x20","0x20","0x20","0x20","0x20","0x20","0x20","0x00"
"229","0x1","0x2","0b0000000000000100","0b0000000000001110","0","0","0b0000000000000000","0b0000000000000000","0b0000000000000000","0b0000000000000000","0","0b0000000000000100","0b0000000000000000","0x00000073","0x60D000B4","1","0","0x0000005F","0","0","0","0x00000000","0x00000001","0x000001B4","0x00000000","0x00000000","0x0000006B","0x00000000","0x00000000","0x00000000","0x00000000","0x00000000","0x00000000","0x00000000","0x00000000","0x00000000","0x00000000","0x00000000","0x00000000","0x00000000","0x00000000","0x00000000","0x00000000","0x00000000","0x00000000","0x04000000","0x00000000","0x00000000","0x00000001","0xFFFFFFFF","0x00000088","0x00000260","0x00000051","0","0","0","0","0","0","0","0","0x8","0x3","0x0","0xF","1","1","1","1","1","0","0","0","0","0","0","0","0x18","0x18","0x20","0x18","0x3","0xF","0xE","0xB","0","0","0","0x3","0x1618D000","0x1618D000","0x38180004","0x66D00080","0x60D000B4","0x1618D000","0x1618D000","0x1618D000","0x04","0x04","0x03","0x02","0x01","0x00","0x00","0x00","0x300","0x300","0x000","0x000","0x000","0x000","0xF00","0xF00","0x00","0x10","0x10","0x20","0x20","0x20","0x03","0x20","0x20","0x20","0x20","0x20","0x20","0x20","0x20","0x20","0x20","0x20","0x20","0x20","0x20","0x20","0x20","0x20","0x20","0x20","0x20","0x20","0x20","0x20","0x20","0x20","0x20","0x20","0x20"
"230","0x1","0x2","0b0000000000000100","0b0000000000001110","0","0","0b0000000000000000","0b0000000000000000","0b0000000000000000","0b0000000000000000","1","0b0000000000000100","0b0000000000000000","0x00000074","0x60D000B4","1","0","0x00000060","0","0","0","0x00000000","0x00000001","0x000001B4","0x00000000","0x00000000","0x0000006B","0x00000000","0x00000000","0x00000000","0x00000000","0x00000000","0x00000000","0x00000000","0x00000000","0x00000000","0x00000000","0x00000000","0x00000000","0x00000000","0x00000000","0x00000000","0x00000000","0x00000000","0x00000000","0x04000000","0x00000000","0x00000000","0x00000001","0xFFFFFFFF","0x00000088","0x00000260","0x00000051","0","0","0","0","0","0","0","0","0x8","0x3","0x0","0xF","1","1","1","1","1","0","0","0","0","0","0","0","0x18","0x18","0x20","0x18","0x3","0xF","0xE","0xB","0","0","0","0x3","0x1618D000","0x1618D000","0x38180004","0x66D00080","0x60D000B4","0x1618D000","0x1618D000","0x1618D000","0x04","0x04","0x03","0x02","0x01","0x00","0x00","0x00","0x300","0x300","0x000","0x000","0x000","0x000","0xF00","0xF00","0x00","0x10","0x10","0x20","0x20","0x20","0x03","0x20","0x20","0x20","0x20","0x20","0x20","0x20","0x20","0x20","0x20","0x20","0x20","0x20","0x20","0x20","0x20","0x20","0x20","0x20","0x20","0x20","0x20","0x20","0x20","0x20","0x20","0x20","0x20"
"231","0x1","0x2","0b0000000000000100","0b0000000000001110","0","0","0b0000000000000000","0b0000000000000000","0b0000000000000000","0b0000000000000010","0","0b0000000000000100","0b0000000000000010","0x00000074","0x7218D000","1","0","0x00000060","0","0","0","0x00000000","0x00000001","0x000001B4","0x00000000","0x00000000","0x0000006B","0x00000000","0x00000000","0x00000000","0x00000000","0x00000000","0x00000000","0x00000000","0x00000000","0x00000000","0x00000000","0x00000000","0x00000000","0x00000000","0x00000000","0x00000000","0x00000000","0x00000000","0x00000000","0x04000000","0x00000000","0x00000000","0x00000001","0xFFFFFFFF","0x00000084","0x00000260","0x00000051","0","0","0","0","0","0","0","0","0x8","0x3","0x0","0xF","1","1","1","1","1","0","0","0","0","0","0","0","0x18","0x18","0x20","0x18","0x3","0xF","0xE","0xB","0","0","0","0x3","0x1618D000","0x1618D000","0x1618D000","0x38180004","0x66D00080","0x60D000B4","0x1618D000","0x1618D000","0x04","0x04","0x04","0x03","0x02","0x01","0x00","0x00","0x300","0x300","0x300","0x000","0x000","0x000","0x000","0xF00","0x00","0x00","0x00","0x20","0x20","0x20","0x03","0x20","0x20","0x20","0x20","0x20","0x20","0x20","0x20","0x20","0x20","0x20","0x20","0x20","0x20","0x20","0x20","0x20","0x20","0x20","0x20","0x20","0x20","0x20","0x20","0x20","0x20","0x20","0x20"
"232","0x1","0x2","0b0000000000000100","0b0000000000001110","0","0","0b0000000000000000","0b0000000000000000","0b0000000000000000","0b0000000000000010","1","0b0000000000000100","0b0000000000000010","0x00000075","0x7218D000","1","0","0x00000061","0","0","0","0x00000000","0x00000001","0x000001B4","0x00000000","0x00000000","0x0000006B","0x00000000","0x00000000","0x00000000","0x00000000","0x00000000","0x00000000","0x00000000","0x00000000","0x00000000","0x00000000","0x00000000","0x00000000","0x00000000","0x00000000","0x00000000","0x00000000","0x00000000","0x00000000","0x04000000","0x00000000","0x00000000","0x00000001","0xFFFFFFFF","0x00000084","0x00000260","0x00000051","0","0","0","0","0","0","0","0","0x8","0x3","0x0","0xF","1","1","1","1","1","0","0","0","0","0","0","0","0x18","0x18","0x20","0x18","0x3","0xF","0xE","0xB","0","0","0","0x3","0x1618D000","0x1618D000","0x1618D000","0x38180004","0x66D00080","0x60D000B4","0x1618D000","0x1618D000","0x04","0x04","0x04","0x03","0x02","0x01","0x00","0x00","0x300","0x300","0x300","0x000","0x000","0x000","0x000","0xF00","0x00","0x00","0x00","0x20","0x20","0x20","0x03","0x20","0x20","0x20","0x20","0x20","0x20","0x20","0x20","0x20","0x20","0x20","0x20","0x20","0x20","0x20","0x20","0x20","0x20","0x20","0x20","0x20","0x20","0x20","0x20","0x20","0x20","0x20","0x20"
"233","0x1","0x2","0b0000000000000110","0b0000000000001110","1","1","0b0000000000000100","0b0000000000000010","0b0000000000000000","0b0000000000000000","0","0b0000000000000110","0b0000000000000000","0x00000075","0x7218D000","1","0","0x00000061","0","0","0","0x00000000","0x00000001","0x000001B4","0x00000000","0x00000000","0x0000006B","0x00000000","0x00000000","0x00000000","0x00000000","0x00000000","0x00000000","0x00000000","0x00000000","0x00000000","0x00000000","0x00000000","0x00000000","0x00000000","0x00000000","0x00000000","0x00000000","0x00000000","0x00000000","0x04000000","0x00000000","0x00000000","0x00000001","0xFFFFFFFF","0x00000084","0x00000260","0x00000051","0","0","0","0","0","0","0","0","0x8","0x3","0x0","0xF","1","1","1","1","1","0","0","0","0","0","0","0","0x18","0x18","0x20","0x18","0x3","0xF","0xE","0xB","0","0","0","0x3","0x1618D000","0x1618D000","0x1618D000","0x1618D000","0x38180004","0x66D00080","0x60D000B4","0x1618D000","0x04","0x04","0x04","0x04","0x03","0x02","0x01","0x00","0x300","0x300","0x300","0x300","0x000","0x000","0x000","0x000","0x00","0x00","0x00","0x20","0x20","0x20","0x03","0x20","0x20","0x20","0x20","0x20","0x20","0x20","0x20","0x20","0x20","0x20","0x20","0x20","0x20","0x20","0x20","0x20","0x20","0x20","0x20","0x20","0x20","0x20","0x20","0x20","0x20","0x20","0x20"
"234","0x1","0x2","0b0000000000000110","0b0000000000001110","1","1","0b0000000000000100","0b0000000000000010","0b0000000000000000","0b0000000000000000","1","0b0000000000000110","0b0000000000000000","0x00000076","0x7218D000","1","0","0x00000062","0","0","0","0x00000000","0x00000001","0x000001B4","0x00000000","0x00000000","0x0000006B","0x00000000","0x00000000","0x00000000","0x00000000","0x00000000","0x00000000","0x00000000","0x00000000","0x00000000","0x00000000","0x00000000","0x00000000","0x00000000","0x00000000","0x00000000","0x00000000","0x00000000","0x00000000","0x04000000","0x00000000","0x00000000","0x00000001","0xFFFFFFFF","0x00000084","0x00000260","0x00000051","0","0","0","0","0","0","0","0","0x8","0x3","0x0","0xF","1","1","1","1","1","0","0","0","1","0","0","0","0x18","0x18","0x20","0x18","0x3","0xF","0xE","0xB","0","0","0","0x3","0x1618D000","0x1618D000","0x1618D000","0x1618D000","0x38180004","0x66D00080","0x60D000B4","0x1618D000","0x04","0x04","0x04","0x04","0x03","0x02","0x01","0x00","0x300","0x300","0x300","0x300","0x000","0x000","0x000","0x000","0x00","0x00","0x00","0x20","0x20","0x20","0x03","0x20","0x20","0x20","0x20","0x20","0x20","0x20","0x20","0x20","0x20","0x20","0x20","0x20","0x20","0x20","0x20","0x20","0x20","0x20","0x20","0x20","0x20","0x20","0x20","0x20","0x20","0x20","0x20"
"235","0x3","0x4","0b0000000000000000","0b0000000000001000","0","0","0b0000000000000000","0b0000000000000000","0b0000000000000000","0b0000000000001000","0","0b0000000000000000","0b0000000000001000","0x00000076","0x7218D000","1","0","0x00000062","0","0","0","0x00000000","0x00000001","0x000001B4","0x00000000","0x00000000","0x0000006B","0x00000000","0x00000000","0x00000000","0x00000000","0x00000000","0x00000000","0x00000000","0x00000000","0x00000000","0x00000000","0x00000000","0x00000000","0x00000000","0x00000000","0x00000000","0x00000000","0x00000000","0x00000000","0x04000000","0x00000000","0x00000000","0x00000001","0xFFFFFFFF","0x00000084","0x00000260","0x00000051","0","0","0","0","0","0","0","0","0x8","0x3","0x0","0xF","1","1","1","1","1","0","0","0","1","0","0","0","0x18","0x18","0x20","0x18","0x3","0xF","0xE","0xB","0","0","0","0x3","0x1618D000","0x1618D000","0x1618D000","0x1618D000","0x1618D000","0x38180004","0x66D00080","0x60D000B4","0x04","0x04","0x04","0x04","0x04","0x03","0x02","0x01","0x300","0x300","0x300","0x300","0x300","0x000","0x000","0x000","0x00","0x00","0x00","0x20","0x20","0x20","0x03","0x20","0x20","0x20","0x20","0x20","0x20","0x20","0x20","0x20","0x20","0x20","0x20","0x20","0x20","0x20","0x20","0x20","0x20","0x20","0x20","0x20","0x20","0x20","0x20","0x20","0x20","0x20","0x20"
"236","0x3","0x4","0b0000000000000000","0b0000000000001000","0","0","0b0000000000000000","0b0000000000000000","0b0000000000000000","0b0000000000001000","1","0b0000000000000000","0b0000000000001000","0x00000077","0x7218D000","1","0","0x00000063","0","0","0","0x00000000","0x00000001","0x000001B4","0x00000000","0x00000000","0x0000006B","0x00000000","0x00000000","0x00000000","0x00000000","0x00000000","0x00000000","0x00000000","0x00000000","0x00000000","0x00000000","0x00000000","0x00000000","0x00000000","0x00000000","0x00000000","0x00000000","0x00000000","0x00000000","0x04000000","0x00000000","0x00000000","0x00000001","0xFFFFFFFF","0x00000084","0x00000260","0x00000051","0","0","0","0","0","0","0","0","0x8","0x3","0x0","0xF","1","1","1","1","1","0","0","0","1","0","0","0","0x18","0x18","0x20","0x18","0x3","0xF","0xE","0xB","0","0","0","0x3","0x1618D000","0x1618D000","0x1618D000","0x1618D000","0x1618D000","0x38180004","0x66D00080","0x60D000B4","0x04","0x04","0x04","0x04","0x04","0x03","0x02","0x01","0x300","0x300","0x300","0x300","0x300","0x000","0x000","0x000","0x00","0x00","0x00","0x20","0x20","0x20","0x03","0x20","0x20","0x20","0x20","0x20","0x20","0x20","0x20","0x20","0x20","0x20","0x20","0x20","0x20","0x20","0x20","0x20","0x20","0x20","0x20","0x20","0x20","0x20","0x20","0x20","0x20","0x20","0x20"
"237","0x3","0x4","0b0000000000001000","0b0000000000001000","0","1","0b0000000000000000","0b0000000000001000","0b0000000000000000","0b0000000000000000","0","0b0000000000001000","0b0000000000000000","0x00000077","0x7218D000","1","0","0x00000063","0","0","0","0x00000000","0x00000001","0x000001B4","0x00000000","0x00000000","0x0000006B","0x00000000","0x00000000","0x00000000","0x00000000","0x00000000","0x00000000","0x00000000","0x00000000","0x00000000","0x00000000","0x00000000","0x00000000","0x00000000","0x00000000","0x00000000","0x00000000","0x00000000","0x00000000","0x04000000","0x00000000","0x00000000","0x00000001","0xFFFFFFFF","0x00000084","0x00000260","0x00000051","0","0","0","0","0","0","0","0","0x8","0x3","0x0","0xF","1","1","1","1","1","0","0","0","1","0","0","0","0x18","0x18","0x20","0x18","0x3","0xF","0xE","0xB","0","0","0","0x3","0x1618D000","0x1618D000","0x1618D000","0x1618D000","0x1618D000","0x1618D000","0x38180004","0x66D00080","0x04","0x04","0x04","0x04","0x04","0x04","0x03","0x02","0x300","0x300","0x300","0x300","0x300","0x300","0x000","0x000","0x00","0x00","0x00","0x20","0x20","0x20","0x03","0x20","0x20","0x20","0x20","0x20","0x20","0x20","0x20","0x20","0x20","0x20","0x20","0x20","0x20","0x20","0x20","0x20","0x20","0x20","0x20","0x20","0x20","0x20","0x20","0x20","0x20","0x20","0x20"
"238","0x3","0x4","0b0000000000001000","0b0000000000001000","0","1","0b0000000000000000","0b0000000000001000","0b0000000000000000","0b0000000000000000","1","0b0000000000001000","0b0000000000000000","0x00000078","0x7218D000","1","0","0x00000064","0","0","0","0x00000000","0x00000001","0x000001B4","0x00000000","0x00000000","0x0000006B","0x00000000","0x00000000","0x00000000","0x00000000","0x00000000","0x00000000","0x00000000","0x00000000","0x00000000","0x00000000","0x00000000","0x00000000","0x00000000","0x00000000","0x00000000","0x00000000","0x00000000","0x00000000","0x04000000","0x00000000","0x00000000","0x00000001","0xFFFFFFFF","0x00000084","0x00000260","0x00000051","0","0","0","0","0","0","0","0","0x8","0x3","0x0","0xF","0","1","1","1","0","0","0","0","0","0","0","0","0x18","0x18","0x20","0x18","0x3","0xF","0xE","0xB","1","0","0","0x3","0x1618D000","0x1618D000","0x1618D000","0x1618D000","0x1618D000","0x1618D000","0x38180004","0x66D00080","0x04","0x04","0x04","0x04","0x04","0x04","0x03","0x02","0x300","0x300","0x300","0x300","0x300","0x300","0x000","0x000","0x00","0x00","0x00","0x20","0x20","0x20","0x03","0x20","0x20","0x20","0x20","0x20","0x20","0x20","0x20","0x20","0x20","0x20","0x20","0x20","0x20","0x20","0x20","0x20","0x20","0x20","0x20","0x20","0x20","0x20","0x20","0x20","0x20","0x20","0x20"
"239","0x4","0x5","0b0000000000000000","0b0000000000000000","0","0","0b0000000000000000","0b0000000000000000","0b0000000000000000","0b0000000000000000","0","0b0000000000000000","0b0000000000000000","0x00000078","0x7218D000","1","0","0x00000064","1","0","0","0x00000000","0x00000001","0x000001B4","0x00000000","0x00000000","0x0000006B","0x00000000","0x00000000","0x00000000","0x00000000","0x00000000","0x00000000","0x00000000","0x00000000","0x00000000","0x00000000","0x00000000","0x00000000","0x00000000","0x00000000","0x00000000","0x00000000","0x00000000","0x00000000","0x04000000","0x00000000","0x00000000","0x00000001","0xFFFFFFFF","0x00000084","0x00000260","0x00000051","0","0","0","0","0","0","0","0","0x8","0x3","0x0","0xF","0","1","1","1","0","0","0","0","0","0","0","0","0x18","0x18","0x20","0x18","0x3","0xF","0xE","0xB","1","0","0","0x3","0x1618D000","0x1618D000","0x1618D000","0x1618D000","0x1618D000","0x1618D000","0x1618D000","0x38180004","0x04","0x04","0x04","0x04","0x04","0x04","0x04","0x03","0x300","0x300","0x300","0x300","0x300","0x300","0x300","0x000","0x00","0x00","0x00","0x20","0x20","0x20","0x20","0x20","0x20","0x20","0x20","0x20","0x20","0x20","0x20","0x20","0x20","0x20","0x20","0x20","0x20","0x20","0x20","0x20","0x20","0x20","0x20","0x20","0x20","0x20","0x20","0x20","0x20","0x20","0x20"
"240","0x4","0x5","0b0000000000000000","0b0000000000000000","0","0","0b0000000000000000","0b0000000000000000","0b0000000000000000","0b0000000000000000","1","0b0000000000000000","0b0000000000000000","0x00000079","0x7218D000","1","0","0x00000065","1","0","0","0x00000000","0x00000001","0x000001B4","0x00000000","0x00000000","0x0000006B","0x00000000","0x00000000","0x00000000","0x00000000","0x00000000","0x00000000","0x00000000","0x00000000","0x00000000","0x00000000","0x00000000","0x00000000","0x00000000","0x00000000","0x00000000","0x00000000","0x00000000","0x00000000","0x04000000","0x00000000","0x00000000","0x00000001","0xFFFFFFFF","0x00000084","0x00000260","0x00000051","0","0","0","0","0","0","0","0","0x8","0x3","0x0","0xF","0","1","1","1","0","0","0","0","0","0","0","0","0x18","0x18","0x20","0x18","0x3","0xF","0xE","0xB","1","0","0","0x3","0x1618D000","0x1618D000","0x1618D000","0x1618D000","0x1618D000","0x1618D000","0x1618D000","0x38180004","0x04","0x04","0x04","0x04","0x04","0x04","0x04","0x03","0x300","0x300","0x300","0x300","0x300","0x300","0x300","0x000","0x00","0x00","0x00","0x20","0x20","0x20","0x20","0x20","0x20","0x20","0x20","0x20","0x20","0x20","0x20","0x20","0x20","0x20","0x20","0x20","0x20","0x20","0x20","0x20","0x20","0x20","0x20","0x20","0x20","0x20","0x20","0x20","0x20","0x20","0x20"
"241","0x4","0x5","0b0000000000000000","0b0000000000010000","0","0","0b0000000000000000","0b0000000000000000","0b0000000000000000","0b0000000000000000","0","0b0000000000000000","0b0000000000000000","0x00000079","0x1618D000","1","0","0x00000065","1","0","0","0x00000000","0x00000001","0x000001B4","0x00000000","0x00000000","0x0000006B","0x00000000","0x00000000","0x00000000","0x00000000","0x00000000","0x00000000","0x00000000","0x00000000","0x00000000","0x00000000","0x00000000","0x00000000","0x00000000","0x00000000","0x00000000","0x00000000","0x00000000","0x00000000","0x04000000","0x00000000","0x00000000","0x00000001","0xFFFFFFFF","0x00000084","0x00000260","0x00000051","0","0","0","0","0","0","0","0","0x8","0x3","0x0","0xF","0","1","1","1","0","0","0","0","0","0","0","0","0x18","0x18","0x20","0x18","0x3","0xF","0xE","0xB","1","0","0","0x3","0x1618D000","0x1618D000","0x1618D000","0x1618D000","0x1618D000","0x1618D000","0x1618D000","0x1618D000","0x04","0x04","0x04","0x04","0x04","0x04","0x04","0x04","0x000","0x300","0x300","0x300","0x300","0x300","0x300","0x300","0x00","0x01","0x01","0x20","0x20","0x20","0x20","0x20","0x20","0x20","0x20","0x20","0x20","0x20","0x20","0x20","0x20","0x20","0x20","0x20","0x20","0x20","0x20","0x20","0x20","0x20","0x20","0x20","0x20","0x20","0x20","0x20","0x20","0x20","0x04"
"242","0x4","0x5","0b0000000000000000","0b0000000000010000","0","0","0b0000000000000000","0b0000000000000000","0b0000000000000000","0b0000000000000000","1","0b0000000000000000","0b0000000000000000","0x0000007A","0x1618D000","1","0","0x00000066","1","0","0","0x00000000","0x00000001","0x000001B4","0x00000000","0x00000000","0x0000006B","0x00000000","0x00000000","0x00000000","0x00000000","0x00000000","0x00000000","0x00000000","0x00000000","0x00000000","0x00000000","0x00000000","0x00000000","0x00000000","0x00000000","0x00000000","0x00000000","0x00000000","0x00000000","0x04000000","0x00000000","0x00000000","0x00000001","0xFFFFFFFF","0x00000084","0x00000260","0x00000051","0","0","0","0","0","0","0","0","0x8","0x3","0x0","0xF","0","1","1","1","0","0","0","0","0","0","0","0","0x18","0x18","0x20","0x18","0x3","0xF","0xE","0xB","1","0","0","0x3","0x1618D000","0x1618D000","0x1618D000","0x1618D000","0x1618D000","0x1618D000","0x1618D000","0x1618D000","0x04","0x04","0x04","0x04","0x04","0x04","0x04","0x04","0x000","0x300","0x300","0x300","0x300","0x300","0x300","0x300","0x00","0x01","0x01","0x20","0x20","0x20","0x20","0x20","0x20","0x20","0x20","0x20","0x20","0x20","0x20","0x20","0x20","0x20","0x20","0x20","0x20","0x20","0x20","0x20","0x20","0x20","0x20","0x20","0x20","0x20","0x20","0x20","0x20","0x20","0x04"
"243","0x4","0x5","0b0000000000000000","0b0000000000110000","0","0","0b0000000000000000","0b0000000000000000","0b0000000000000000","0b0000000000000000","0","0b0000000000000000","0b0000000000000000","0x0000007A","0x72D000B4","1","0","0x00000066","1","0","0","0x00000000","0x00000001","0x000001B4","0x00000000","0x00000000","0x0000006B","0x00000000","0x00000000","0x00000000","0x00000000","0x00000000","0x00000000","0x00000000","0x00000000","0x00000000","0x00000000","0x00000000","0x00000000","0x00000000","0x00000000","0x00000000","0x00000000","0x00000000","0x00000000","0x04000000","0x00000000","0x00000000","0x00000001","0xFFFFFFFF","0x00000088","0x00000260","0x00000051","0","0","0","0","0","0","0","0","0x8","0x3","0x0","0xF","0","1","1","1","0","0","0","0","0","0","0","0","0x18","0x18","0x20","0x18","0x3","0xF","0xE","0xB","1","0","0","0x3","0x60D000B4","0x1618D000","0x1618D000","0x1618D000","0x1618D000","0x1618D000","0x1618D000","0x1618D000","0x05","0x04","0x04","0x04","0x04","0x04","0x04","0x04","0x004","0x000","0x300","0x300","0x300","0x300","0x300","0x300","0x00","0x00","0x01","0x20","0x20","0x20","0x20","0x20","0x20","0x20","0x20","0x20","0x20","0x20","0x20","0x20","0x20","0x20","0x20","0x20","0x20","0x20","0x20","0x20","0x20","0x20","0x20","0x20","0x20","0x20","0x20","0x20","0x20","0x20","0x04"
"244","0x4","0x5","0b0000000000000000","0b0000000000110000","0","0","0b0000000000000000","0b0000000000000000","0b0000000000000000","0b0000000000000000","1","0b0000000000000000","0b0000000000000000","0x0000007B","0x72D000B4","1","0","0x00000067","1","0","0","0x00000000","0x00000001","0x000001B4","0x00000000","0x00000000","0x0000006B","0x00000000","0x00000000","0x00000000","0x00000000","0x00000000","0x00000000","0x00000000","0x00000000","0x00000000","0x00000000","0x00000000","0x00000000","0x00000000","0x00000000","0x00000000","0x00000000","0x00000000","0x00000000","0x04000000","0x00000000","0x00000000","0x00000001","0xFFFFFFFF","0x00000088","0x00000260","0x00000051","0","0","0","0","0","0","0","0","0x8","0x3","0x0","0xF","0","1","1","1","0","0","0","0","0","0","0","0","0x18","0x18","0x20","0x18","0x3","0xF","0xE","0xB","1","0","0","0x3","0x60D000B4","0x1618D000","0x1618D000","0x1618D000","0x1618D000","0x1618D000","0x1618D000","0x1618D000","0x05","0x04","0x04","0x04","0x04","0x04","0x04","0x04","0x004","0x000","0x300","0x300","0x300","0x300","0x300","0x300","0x00","0x00","0x01","0x20","0x20","0x20","0x20","0x20","0x20","0x20","0x20","0x20","0x20","0x20","0x20","0x20","0x20","0x20","0x20","0x20","0x20","0x20","0x20","0x20","0x20","0x20","0x20","0x20","0x20","0x20","0x20","0x20","0x20","0x20","0x04"
"245","0x4","0x5","0b0000000000000000","0b0000000001110000","0","0","0b0000000000000000","0b0000000000000000","0b0000000000000000","0b0000000000000000","0","0b0000000000000000","0b0000000000000000","0x0000007B","0x66D00080","1","0","0x00000067","1","1","0","0x00000000","0x00000001","0x000001B4","0x00000000","0x00000000","0x0000006B","0x00000000","0x00000000","0x00000000","0x00000000","0x00000000","0x00000000","0x00000000","0x00000000","0x00000000","0x00000000","0x00000000","0x00000000","0x00000000","0x00000000","0x00000000","0x00000000","0x00000000","0x00000000","0x04000000","0x00000000","0x00000000","0x00000001","0xFFFFFFFF","0x000000B4","0x00000260","0x00000051","0","0","0","0","0","0","0","0","0x8","0x3","0x0","0xF","0","1","1","1","0","0","0","0","0","0","0","0","0x18","0x18","0x20","0x18","0x3","0xF","0xE","0xB","1","0","0","0x3","0x66D00080","0x60D000B4","0x1618D000","0x1618D000","0x1618D000","0x1618D000","0x1618D000","0x1618D000","0x06","0x05","0x04","0x04","0x04","0x04","0x04","0x04","0x000","0x004","0x000","0x300","0x300","0x300","0x300","0x300","0x00","0x01","0x03","0x20","0x20","0x20","0x20","0x20","0x20","0x20","0x20","0x20","0x20","0x20","0x20","0x20","0x20","0x20","0x20","0x20","0x20","0x20","0x20","0x20","0x20","0x20","0x20","0x20","0x20","0x20","0x20","0x20","0x20","0x20","0x04"
"246","0x4","0x5","0b0000000000000000","0b0000000001110000","0","0","0b0000000000000000","0b0000000000000000","0b0000000000000000","0b0000000000000000","1","0b0000000000000000","0b0000000000000000","0x0000007C","0x66D00080","1","0","0x00000068","1","1","0","0x00000000","0x00000001","0x000001B4","0x00000000","0x00000000","0x0000006B","0x00000000","0x00000000","0x00000000","0x00000000","0x00000000","0x00000000","0x00000000","0x00000000","0x00000000","0x00000000","0x00000000","0x00000000","0x00000000","0x00000000","0x00000000","0x00000000","0x00000000","0x00000000","0x04000000","0x00000000","0x00000000","0x00000001","0xFFFFFFFF","0x000000B4","0x00000260","0x00000051","0","0","0","0","0","0","0","0","0x8","0x3","0x0","0xF","1","1","1","1","0","0","0","0","0","0","0","0","0x18","0x18","0x20","0x18","0x7","0xF","0xE","0xB","1","0","0","0x3","0x66D00080","0x60D000B4","0x1618D000","0x1618D000","0x1618D000","0x1618D000","0x1618D000","0x1618D000","0x06","0x05","0x04","0x04","0x04","0x04","0x04","0x04","0x000","0x004","0x000","0x300","0x300","0x300","0x300","0x300","0x00","0x01","0x03","0x20","0x20","0x20","0x20","0x20","0x20","0x20","0x20","0x20","0x20","0x20","0x20","0x20","0x20","0x20","0x20","0x20","0x20","0x20","0x20","0x20","0x20","0x20","0x20","0x20","0x20","0x20","0x20","0x20","0x20","0x20","0x04"
"247","0x4","0x5","0b0000000000000000","0b0000000011110000","0","0","0b0000000000000000","0b0000000000000000","0b0000000000000000","0b0000000001010000","0","0b0000000000000000","0b0000000001010000","0x0000007C","0x38180004","1","0","0x00000068","0","0","0","0x00000000","0x00000001","0x000001B4","0x00000000","0x00000000","0x0000006B","0x00000000","0x00000000","0x00000000","0x00000000","0x00000000","0x00000000","0x00000000","0x00000000","0x00000000","0x00000000","0x00000000","0x00000000","0x00000000","0x00000000","0x00000000","0x00000000","0x00000000","0x00000000","0x04000000","0x00000000","0x00000000","0x00000001","0xFFFFFFFF","0x00000080","0x00000260","0x00000051","0","0","0","0","0","0","0","0","0x8","0x3","0x0","0xF","1","1","1","1","0","0","0","0","0","0","0","0","0x18","0x18","0x20","0x18","0x7","0xF","0xE","0xB","1","0","0","0x3","0x38180004","0x66D00080","0x60D000B4","0x1618D000","0x1618D000","0x1618D000","0x1618D000","0x1618D000","0x07","0x06","0x05","0x04","0x04","0x04","0x04","0x04","0x000","0x000","0x004","0x000","0x300","0x300","0x300","0x300","0x00","0x01","0x05","0x20","0x20","0x20","0x07","0x20","0x20","0x20","0x20","0x20","0x20","0x20","0x20","0x20","0x20","0x20","0x20","0x20","0x20","0x20","0x20","0x20","0x20","0x20","0x20","0x20","0x20","0x20","0x20","0x20","0x20","0x20","0x04"
"248","0x4","0x5","0b0000000000000000","0b0000000011110000","0","0","0b0000000000000000","0b0000000000000000","0b0000000000000000","0b0000000001010000","1","0b0000000000000000","0b0000000001010000","0x0000007D","0x38180004","1","0","0x00000069","0","0","0","0x00000000","0x00000001","0x000001B4","0x00000000","0x00000000","0x0000006B","0x00000000","0x00000000","0x00000000","0x00000000","0x00000000","0x00000000","0x00000000","0x00000000","0x00000000","0x00000000","0x00000000","0x00000000","0x00000000","0x00000000","0x00000000","0x00000000","0x00000000","0x00000000","0x04000000","0x00000000","0x00000000","0x00000001","0xFFFFFFFF","0x00000080","0x00000260","0x00000051","0","0","0","0","0","0","0","0","0x8","0x3","0x0","0xF","1","1","1","1","0","0","0","0","0","0","0","0","0x18","0x18","0x20","0x18","0x7","0xF","0xE","0xB","1","0","0","0x3","0x38180004","0x66D00080","0x60D000B4","0x1618D000","0x1618D000","0x1618D000","0x1618D000","0x1618D000","0x07","0x06","0x05","0x04","0x04","0x04","0x04","0x04","0x000","0x000","0x004","0x000","0x300","0x300","0x300","0x300","0x00","0x01","0x05","0x20","0x20","0x20","0x07","0x20","0x20","0x20","0x20","0x20","0x20","0x20","0x20","0x20","0x20","0x20","0x20","0x20","0x20","0x20","0x20","0x20","0x20","0x20","0x20","0x20","0x20","0x20","0x20","0x20","0x20","0x20","0x04"
"249","0x4","0x5","0b0000000001010000","0b0000000011110000","0","1","0b0000000000000000","0b0000000000010000","0b0000000000000000","0b0000000000000000","0","0b0000000001010000","0b0000000000000000","0x0000007D","0x7218D000","1","0","0x00000069","0","0","0","0x00000000","0x00000001","0x000001B4","0x00000000","0x00000000","0x0000006B","0x00000000","0x00000000","0x00000000","0x00000000","0x00000000","0x00000000","0x00000000","0x00000000","0x00000000","0x00000000","0x00000000","0x00000000","0x00000000","0x00000000","0x00000000","0x00000000","0x00000000","0x00000000","0x04000000","0x00000000","0x00000000","0x00000001","0xFFFFFFFF","0x00000084","0x00000260","0x00000051","0","0","0","0","0","0","0","0","0x8","0x3","0x0","0xF","1","1","1","1","0","0","0","0","0","0","0","0","0x18","0x18","0x20","0x18","0x7","0xF","0xE","0xB","0","0","1","0x7","0x1618D000","0x38180004","0x66D00080","0x60D000B4","0x1618D000","0x1618D000","0x1618D000","0x1618D000","0x08","0x07","0x06","0x05","0x04","0x04","0x04","0x04","0x700","0x000","0x000","0x004","0x000","0x300","0x300","0x300","0x00","0x00","0x08","0x20","0x20","0x20","0x07","0x20","0x20","0x20","0x20","0x20","0x20","0x20","0x20","0x20","0x20","0x20","0x20","0x20","0x20","0x20","0x20","0x20","0x20","0x20","0x20","0x20","0x20","0x20","0x20","0x20","0x20","0x20","0x04"
"250","0x4","0x5","0b0000000001010000","0b0000000011110000","0","1","0b0000000000000000","0b0000000000010000","0b0000000000000000","0b0000000000000000","1","0b0000000001010000","0b0000000000000000","0x0000007E","0x7218D000","1","0","0x0000006A","0","0","0","0x00000000","0x00000001","0x000001B4","0x00000000","0x00000000","0x0000006B","0x00000000","0x00000000","0x00000000","0x00000000","0x00000000","0x00000000","0x00000000","0x00000000","0x00000000","0x00000000","0x00000000","0x00000000","0x00000000","0x00000000","0x00000000","0x00000000","0x00000000","0x00000000","0x04000000","0x00000000","0x00000000","0x00000001","0xFFFFFFFF","0x00000084","0x00000260","0x00000051","0","0","0","0","0","0","0","0","0x8","0x3","0x0","0xF","1","1","1","1","1","0","0","0","0","0","0","0","0x18","0x18","0x20","0x18","0x7","0xF","0xE","0xB","0","0","1","0x7","0x1618D000","0x38180004","0x66D00080","0x60D000B4","0x1618D000","0x1618D000","0x1618D000","0x1618D000","0x08","0x07","0x06","0x05","0x04","0x04","0x04","0x04","0x700","0x000","0x000","0x004","0x000","0x300","0x300","0x300","0x00","0x00","0x08","0x20","0x20","0x20","0x07","0x20","0x20","0x20","0x20","0x20","0x20","0x20","0x20","0x20","0x20","0x20","0x20","0x20","0x20","0x20","0x20","0x20","0x20","0x20","0x20","0x20","0x20","0x20","0x20","0x20","0x20","0x20","0x04"
"251","0x5","0x6","0b0000000001000000","0b0000000011100000","0","0","0b0000000000000000","0b0000000000000000","0b0000000000000000","0b0000000000000000","0","0b0000000001000000","0b0000000000000000","0x0000007E","0x60D000B4","1","0","0x0000006A","0","0","0","0x00000000","0x00000001","0x000001B4","0x00000000","0x00000000","0x0000006B","0x00000000","0x00000000","0x00000000","0x00000000","0x00000000","0x00000000","0x00000000","0x00000000","0x00000000","0x00000000","0x00000000","0x00000000","0x00000000","0x00000000","0x00000000","0x00000000","0x00000000","0x00000000","0x04000000","0x00000000","0x00000000","0x00000001","0xFFFFFFFF","0x00000088","0x00000260","0x00000051","0","0","0","0","0","0","0","0","0x8","0x3","0x0","0xF","1","1","1","1","1","0","0","0","0","0","0","0","0x18","0x18","0x20","0x18","0x7","0xF","0xE","0xB","0","0","0","0x7","0x1618D000","0x1618D000","0x38180004","0x66D00080","0x60D000B4","0x1618D000","0x1618D000","0x1618D000","0x08","0x08","0x07","0x06","0x05","0x04","0x04","0x04","0x700","0x700","0x000","0x000","0x004","0x000","0x300","0x300","0x00","0x10","0x10","0x20","0x20","0x20","0x07","0x20","0x20","0x20","0x20","0x20","0x20","0x20","0x20","0x20","0x20","0x20","0x20","0x20","0x20","0x20","0x20","0x20","0x20","0x20","0x20","0x20","0x20","0x20","0x20","0x20","0x20","0x20","0x20"
"252","0x5","0x6","0b0000000001000000","0b0000000011100000","0","0","0b0000000000000000","0b0000000000000000","0b0000000000000000","0b0000000000000000","1","0b0000000001000000","0b0000000000000000","0x0000007F","0x60D000B4","1","0","0x0000006B","0","0","0","0x00000000","0x00000001","0x000001B4","0x00000000","0x00000000","0x0000006B","0x00000000","0x00000000","0x00000000","0x00000000","0x00000000","0x00000000","0x00000000","0x00000000","0x00000000","0x00000000","0x00000000","0x00000000","0x00000000","0x00000000","0x00000000","0x00000000","0x00000000","0x00000000","0x04000000","0x00000000","0x00000000","0x00000001","0xFFFFFFFF","0x00000088","0x00000260","0x00000051","0","0","0","0","0","0","0","0","0x8","0x3","0x0","0xF","1","1","1","1","1","0","0","0","0","0","0","0","0x18","0x18","0x20","0x18","0x7","0xF","0xE","0xB","0","0","0","0x7","0x1618D000","0x1618D000","0x38180004","0x66D00080","0x60D000B4","0x1618D000","0x1618D000","0x1618D000","0x08","0x08","0x07","0x06","0x05","0x04","0x04","0x04","0x700","0x700","0x000","0x000","0x004","0x000","0x300","0x300","0x00","0x10","0x10","0x20","0x20","0x20","0x07","0x20","0x20","0x20","0x20","0x20","0x20","0x20","0x20","0x20","0x20","0x20","0x20","0x20","0x20","0x20","0x20","0x20","0x20","0x20","0x20","0x20","0x20","0x20","0x20","0x20","0x20","0x20","0x20"
"253","0x5","0x6","0b0000000001000000","0b0000000011100000","0","0","0b0000000000000000","0b0000000000000000","0b0000000000000000","0b0000000000100000","0","0b0000000001000000","0b0000000000100000","0x0000007F","0x7218D000","1","0","0x0000006B","0","0","0","0x00000000","0x00000001","0x000001B4","0x00000000","0x00000000","0x0000006B","0x00000000","0x00000000","0x00000000","0x00000000","0x00000000","0x00000000","0x00000000","0x00000000","0x00000000","0x00000000","0x00000000","0x00000000","0x00000000","0x00000000","0x00000000","0x00000000","0x00000000","0x00000000","0x04000000","0x00000000","0x00000000","0x00000001","0xFFFFFFFF","0x00000084","0x00000260","0x00000051","0","0","0","0","0","0","0","0","0x8","0x3","0x0","0xF","1","1","1","1","1","0","0","0","0","0","0","0","0x18","0x18","0x20","0x18","0x7","0xF","0xE","0xB","0","0","0","0x7","0x1618D000","0x1618D000","0x1618D000","0x38180004","0x66D00080","0x60D000B4","0x1618D000","0x1618D000","0x08","0x08","0x08","0x07","0x06","0x05","0x04","0x04","0x700","0x700","0x700","0x000","0x000","0x004","0x000","0x300","0x00","0x00","0x00","0x20","0x20","0x20","0x07","0x20","0x20","0x20","0x20","0x20","0x20","0x20","0x20","0x20","0x20","0x20","0x20","0x20","0x20","0x20","0x20","0x20","0x20","0x20","0x20","0x20","0x20","0x20","0x20","0x20","0x20","0x20","0x20"
"254","0x5","0x6","0b0000000001000000","0b0000000011100000","0","0","0b0000000000000000","0b0000000000000000","0b0000000000000000","0b0000000000100000","1","0b0000000001000000","0b0000000000100000","0x00000080","0x7218D000","1","0","0x0000006C","0","0","0","0x00000000","0x00000001","0x000001B4","0x00000000","0x00000000","0x0000006B","0x00000000","0x00000000","0x00000000","0x00000000","0x00000000","0x00000000","0x00000000","0x00000000","0x00000000","0x00000000","0x00000000","0x00000000","0x00000000","0x00000000","0x00000000","0x00000000","0x00000000","0x00000000","0x04000000","0x00000000","0x00000000","0x00000001","0xFFFFFFFF","0x00000084","0x00000260","0x00000051","0","0","0","0","0","0","0","0","0x8","0x3","0x0","0xF","1","1","1","1","1","0","0","0","0","0","0","0","0x18","0x18","0x20","0x18","0x7","0xF","0xE","0xB","0","0","0","0x7","0x1618D000","0x1618D000","0x1618D000","0x38180004","0x66D00080","0x60D000B4","0x1618D000","0x1618D000","0x08","0x08","0x08","0x07","0x06","0x05","0x04","0x04","0x700","0x700","0x700","0x000","0x000","0x004","0x000","0x300","0x00","0x00","0x00","0x20","0x20","0x20","0x07","0x20","0x20","0x20","0x20","0x20","0x20","0x20","0x20","0x20","0x20","0x20","0x20","0x20","0x20","0x20","0x20","0x20","0x20","0x20","0x20","0x20","0x20","0x20","0x20","0x20","0x20","0x20","0x20"
"255","0x5","0x6","0b0000000001100000","0b0000000011100000","1","1","0b0000000001000000","0b0000000000100000","0b0000000000000000","0b0000000000000000","0","0b0000000001100000","0b0000000000000000","0x00000080","0x7218D000","1","0","0x0000006C","0","0","0","0x00000000","0x00000001","0x000001B4","0x00000000","0x00000000","0x0000006B","0x00000000","0x00000000","0x00000000","0x00000000","0x00000000","0x00000000","0x00000000","0x00000000","0x00000000","0x00000000","0x00000000","0x00000000","0x00000000","0x00000000","0x00000000","0x00000000","0x00000000","0x00000000","0x04000000","0x00000000","0x00000000","0x00000001","0xFFFFFFFF","0x00000084","0x00000260","0x00000051","0","0","0","0","0","0","0","0","0x8","0x3","0x0","0xF","1","1","1","1","1","0","0","0","0","0","0","0","0x18","0x18","0x20","0x18","0x7","0xF","0xE","0xB","0","0","0","0x7","0x1618D000","0x1618D000","0x1618D000","0x1618D000","0x38180004","0x66D00080","0x60D000B4","0x1618D000","0x08","0x08","0x08","0x08","0x07","0x06","0x05","0x04","0x700","0x700","0x700","0x700","0x000","0x000","0x004","0x000","0x00","0x00","0x00","0x20","0x20","0x20","0x07","0x20","0x20","0x20","0x20","0x20","0x20","0x20","0x20","0x20","0x20","0x20","0x20","0x20","0x20","0x20","0x20","0x20","0x20","0x20","0x20","0x20","0x20","0x20","0x20","0x20","0x20","0x20","0x20"
"256","0x5","0x6","0b0000000001100000","0b0000000011100000","1","1","0b0000000001000000","0b0000000000100000","0b0000000000000000","0b0000000000000000","1","0b0000000001100000","0b0000000000000000","0x00000081","0x7218D000","1","0","0x0000006D","0","0","0","0x00000000","0x00000001","0x000001B4","0x00000000","0x00000000","0x0000006B","0x00000000","0x00000000","0x00000000","0x00000000","0x00000000","0x00000000","0x00000000","0x00000000","0x00000000","0x00000000","0x00000000","0x00000000","0x00000000","0x00000000","0x00000000","0x00000000","0x00000000","0x00000000","0x04000000","0x00000000","0x00000000","0x00000001","0xFFFFFFFF","0x00000084","0x00000260","0x00000051","0","0","0","0","0","0","0","0","0x8","0x3","0x0","0xF","1","1","1","1","1","0","0","0","1","0","0","0","0x18","0x18","0x20","0x18","0x7","0xF","0xE","0xB","0","0","0","0x7","0x1618D000","0x1618D000","0x1618D000","0x1618D000","0x38180004","0x66D00080","0x60D000B4","0x1618D000","0x08","0x08","0x08","0x08","0x07","0x06","0x05","0x04","0x700","0x700","0x700","0x700","0x000","0x000","0x004","0x000","0x00","0x00","0x00","0x20","0x20","0x20","0x07","0x20","0x20","0x20","0x20","0x20","0x20","0x20","0x20","0x20","0x20","0x20","0x20","0x20","0x20","0x20","0x20","0x20","0x20","0x20","0x20","0x20","0x20","0x20","0x20","0x20","0x20","0x20","0x20"
"257","0x7","0x8","0b0000000000000000","0b0000000010000000","0","0","0b0000000000000000","0b0000000000000000","0b0000000000000000","0b0000000010000000","0","0b0000000000000000","0b0000000010000000","0x00000081","0x7218D000","1","0","0x0000006D","0","0","0","0x00000000","0x00000001","0x000001B4","0x00000000","0x00000000","0x0000006B","0x00000000","0x00000000","0x00000000","0x00000000","0x00000000","0x00000000","0x00000000","0x00000000","0x00000000","0x00000000","0x00000000","0x00000000","0x00000000","0x00000000","0x00000000","0x00000000","0x00000000","0x00000000","0x04000000","0x00000000","0x00000000","0x00000001","0xFFFFFFFF","0x00000084","0x00000260","0x00000051","0","0","0","0","0","0","0","0","0x8","0x3","0x0","0xF","1","1","1","1","1","0","0","0","1","0","0","0","0x18","0x18","0x20","0x18","0x7","0xF","0xE","0xB","0","0","0","0x7","0x1618D000","0x1618D000","0x1618D000","0x1618D000","0x1618D000","0x38180004","0x66D00080","0x60D000B4","0x08","0x08","0x08","0x08","0x08","0x07","0x06","0x05","0x700","0x700","0x700","0x700","0x700","0x000","0x000","0x004","0x00","0x00","0x00","0x20","0x20","0x20","0x07","0x20","0x20","0x20","0x20","0x20","0x20","0x20","0x20","0x20","0x20","0x20","0x20","0x20","0x20","0x20","0x20","0x20","0x20","0x20","0x20","0x20","0x20","0x20","0x20","0x20","0x20","0x20","0x20"
"258","0x7","0x8","0b0000000000000000","0b0000000010000000","0","0","0b0000000000000000","0b0000000000000000","0b0000000000000000","0b0000000010000000","1","0b0000000000000000","0b0000000010000000","0x00000082","0x7218D000","1","0","0x0000006E","0","0","0","0x00000000","0x00000001","0x000001B4","0x00000000","0x00000000","0x0000006B","0x00000000","0x00000000","0x00000000","0x00000000","0x00000000","0x00000000","0x00000000","0x00000000","0x00000000","0x00000000","0x00000000","0x00000000","0x00000000","0x00000000","0x00000000","0x00000000","0x00000000","0x00000000","0x04000000","0x00000000","0x00000000","0x00000001","0xFFFFFFFF","0x00000084","0x00000260","0x00000051","0","0","0","0","0","0","0","0","0x8","0x3","0x0","0xF","1","1","1","1","1","0","0","0","1","0","0","0","0x18","0x18","0x20","0x18","0x7","0xF","0xE","0xB","0","0","0","0x7","0x1618D000","0x1618D000","0x1618D000","0x1618D000","0x1618D000","0x38180004","0x66D00080","0x60D000B4","0x08","0x08","0x08","0x08","0x08","0x07","0x06","0x05","0x700","0x700","0x700","0x700","0x700","0x000","0x000","0x004","0x00","0x00","0x00","0x20","0x20","0x20","0x07","0x20","0x20","0x20","0x20","0x20","0x20","0x20","0x20","0x20","0x20","0x20","0x20","0x20","0x20","0x20","0x20","0x20","0x20","0x20","0x20","0x20","0x20","0x20","0x20","0x20","0x20","0x20","0x20"
"259","0x7","0x8","0b0000000010000000","0b0000000010000000","0","1","0b0000000000000000","0b0000000010000000","0b0000000000000000","0b0000000000000000","0","0b0000000010000000","0b0000000000000000","0x00000082","0x7218D000","1","0","0x0000006E","0","0","0","0x00000000","0x00000001","0x000001B4","0x00000000","0x00000000","0x0000006B","0x00000000","0x00000000","0x00000000","0x00000000","0x00000000","0x00000000","0x00000000","0x00000000","0x00000000","0x00000000","0x00000000","0x00000000","0x00000000","0x00000000","0x00000000","0x00000000","0x00000000","0x00000000","0x04000000","0x00000000","0x00000000","0x00000001","0xFFFFFFFF","0x00000084","0x00000260","0x00000051","0","0","0","0","0","0","0","0","0x8","0x3","0x0","0xF","1","1","1","1","1","0","0","0","1","0","0","0","0x18","0x18","0x20","0x18","0x7","0xF","0xE","0xB","0","0","0","0x7","0x1618D000","0x1618D000","0x1618D000","0x1618D000","0x1618D000","0x1618D000","0x38180004","0x66D00080","0x08","0x08","0x08","0x08","0x08","0x08","0x07","0x06","0x700","0x700","0x700","0x700","0x700","0x700","0x000","0x000","0x00","0x00","0x00","0x20","0x20","0x20","0x07","0x20","0x20","0x20","0x20","0x20","0x20","0x20","0x20","0x20","0x20","0x20","0x20","0x20","0x20","0x20","0x20","0x20","0x20","0x20","0x20","0x20","0x20","0x20","0x20","0x20","0x20","0x20","0x20"
"260","0x7","0x8","0b0000000010000000","0b0000000010000000","0","1","0b0000000000000000","0b0000000010000000","0b0000000000000000","0b0000000000000000","1","0b0000000010000000","0b0000000000000000","0x00000083","0x7218D000","1","0","0x0000006F","0","0","0","0x00000000","0x00000001","0x000001B4","0x00000001","0x00000000","0x0000006B","0x00000000","0x00000000","0x00000000","0x00000000","0x00000000","0x00000000","0x00000000","0x00000000","0x00000000","0x00000000","0x00000000","0x00000000","0x00000000","0x00000000","0x00000000","0x00000000","0x00000000","0x00000000","0x04000000","0x00000000","0x00000000","0x00000001","0xFFFFFFFF","0x00000084","0x00000260","0x00000051","0","0","0","0","0","0","0","0","0x8","0x3","0x0","0xF","0","1","1","1","0","0","0","0","0","0","0","0","0x18","0x18","0x20","0x18","0x7","0xF","0xE","0xB","1","0","0","0x7","0x1618D000","0x1618D000","0x1618D000","0x1618D000","0x1618D000","0x1618D000","0x38180004","0x66D00080","0x08","0x08","0x08","0x08","0x08","0x08","0x07","0x06","0x700","0x700","0x700","0x700","0x700","0x700","0x000","0x000","0x00","0x00","0x00","0x20","0x20","0x20","0x07","0x20","0x20","0x20","0x20","0x20","0x20","0x20","0x20","0x20","0x20","0x20","0x20","0x20","0x20","0x20","0x20","0x20","0x20","0x20","0x20","0x20","0x20","0x20","0x20","0x20","0x20","0x20","0x20"
"261","0x8","0x9","0b0000000000000000","0b0000000000000000","0","0","0b0000000000000000","0b0000000000000000","0b0000000000000000","0b0000000000000000","0","0b0000000000000000","0b0000000000000000","0x00000083","0x7218D000","1","0","0x0000006F","1","0","0","0x00000000","0x00000001","0x000001B4","0x00000001","0x00000000","0x0000006B","0x00000000","0x00000000","0x00000000","0x00000000","0x00000000","0x00000000","0x00000000","0x00000000","0x00000000","0x00000000","0x00000000","0x00000000","0x00000000","0x00000000","0x00000000","0x00000000","0x00000000","0x00000000","0x04000000","0x00000000","0x00000000","0x00000001","0xFFFFFFFF","0x00000084","0x00000260","0x00000051","0","0","0","0","0","0","0","0","0x8","0x3","0x0","0xF","0","1","1","1","0","0","0","0","0","0","0","0","0x18","0x18","0x20","0x18","0x7","0xF","0xE","0xB","1","0","0","0x7","0x1618D000","0x1618D000","0x1618D000","0x1618D000","0x1618D000","0x1618D000","0x1618D000","0x38180004","0x08","0x08","0x08","0x08","0x08","0x08","0x08","0x07","0x700","0x700","0x700","0x700","0x700","0x700","0x700","0x000","0x00","0x00","0x00","0x20","0x20","0x20","0x20","0x20","0x20","0x20","0x20","0x20","0x20","0x20","0x20","0x20","0x20","0x20","0x20","0x20","0x20","0x20","0x20","0x20","0x20","0x20","0x20","0x20","0x20","0x20","0x20","0x20","0x20","0x20","0x20"
"262","0x8","0x9","0b0000000000000000","0b0000000000000000","0","0","0b0000000000000000","0b0000000000000000","0b0000000000000000","0b0000000000000000","1","0b0000000000000000","0b0000000000000000","0x00000084","0x7218D000","1","0","0x00000070","1","0","0","0x00000000","0x00000001","0x000001B4","0x00000001","0x00000000","0x0000006B","0x00000000","0x00000000","0x00000000","0x00000000","0x00000000","0x00000000","0x00000000","0x00000000","0x00000000","0x00000000","0x00000000","0x00000000","0x00000000","0x00000000","0x00000000","0x00000000","0x00000000","0x00000000","0x04000000","0x00000000","0x00000000","0x00000001","0xFFFFFFFF","0x00000084","0x00000260","0x00000051","0","0","0","0","0","0","0","0","0x8","0x3","0x0","0xF","0","1","1","1","0","0","0","0","0","0","0","0","0x18","0x18","0x20","0x18","0x7","0xF","0xE","0xB","1","0","0","0x7","0x1618D000","0x1618D000","0x1618D000","0x1618D000","0x1618D000","0x1618D000","0x1618D000","0x38180004","0x08","0x08","0x08","0x08","0x08","0x08","0x08","0x07","0x700","0x700","0x700","0x700","0x700","0x700","0x700","0x000","0x00","0x00","0x00","0x20","0x20","0x20","0x20","0x20","0x20","0x20","0x20","0x20","0x20","0x20","0x20","0x20","0x20","0x20","0x20","0x20","0x20","0x20","0x20","0x20","0x20","0x20","0x20","0x20","0x20","0x20","0x20","0x20","0x20","0x20","0x20"
"263","0x8","0x9","0b0000000000000000","0b0000000100000000","0","0","0b0000000000000000","0b0000000000000000","0b0000000000000000","0b0000000000000000","0","0b0000000000000000","0b0000000000000000","0x00000084","0x1618D000","1","0","0x00000070","1","0","0","0x00000000","0x00000001","0x000001B4","0x00000001","0x00000000","0x0000006B","0x00000000","0x00000000","0x00000000","0x00000000","0x00000000","0x00000000","0x00000000","0x00000000","0x00000000","0x00000000","0x00000000","0x00000000","0x00000000","0x00000000","0x00000000","0x00000000","0x00000000","0x00000000","0x04000000","0x00000000","0x00000000","0x00000001","0xFFFFFFFF","0x00000084","0x00000260","0x00000051","0","0","0","0","0","0","0","0","0x8","0x3","0x0","0xF","0","1","1","1","0","0","0","0","0","0","0","0","0x18","0x18","0x20","0x18","0x7","0xF","0xE","0xB","1","0","0","0x7","0x1618D000","0x1618D000","0x1618D000","0x1618D000","0x1618D000","0x1618D000","0x1618D000","0x1618D000","0x08","0x08","0x08","0x08","0x08","0x08","0x08","0x08","0x000","0x700","0x700","0x700","0x700","0x700","0x700","0x700","0x00","0x01","0x01","0x20","0x20","0x20","0x20","0x20","0x20","0x20","0x20","0x20","0x20","0x20","0x20","0x20","0x20","0x20","0x20","0x20","0x20","0x20","0x20","0x20","0x20","0x20","0x20","0x20","0x20","0x20","0x20","0x20","0x20","0x20","0x08"
"264","0x8","0x9","0b0000000000000000","0b0000000100000000","0","0","0b0000000000000000","0b0000000000000000","0b0000000000000000","0b0000000000000000","1","0b0000000000000000","0b0000000000000000","0x00000085","0x1618D000","1","0","0x00000071","1","0","0","0x00000000","0x00000001","0x000001B4","0x00000001","0x00000000","0x0000006B","0x00000000","0x00000000","0x00000000","0x00000000","0x00000000","0x00000000","0x00000000","0x00000000","0x00000000","0x00000000","0x00000000","0x00000000","0x00000000","0x00000000","0x00000000","0x00000000","0x00000000","0x00000000","0x04000000","0x00000000","0x00000000","0x00000001","0xFFFFFFFF","0x00000084","0x00000260","0x00000051","0","0","0","0","0","0","0","0","0x8","0x3","0x0","0xF","0","1","1","1","0","0","0","0","0","0","0","0","0x18","0x18","0x20","0x18","0x7","0xF","0xE","0xB","1","0","0","0x7","0x1618D000","0x1618D000","0x1618D000","0x1618D000","0x1618D000","0x1618D000","0x1618D000","0x1618D000","0x08","0x08","0x08","0x08","0x08","0x08","0x08","0x08","0x000","0x700","0x700","0x700","0x700","0x700","0x700","0x700","0x00","0x01","0x01","0x20","0x20","0x20","0x20","0x20","0x20","0x20","0x20","0x20","0x20","0x20","0x20","0x20","0x20","0x20","0x20","0x20","0x20","0x20","0x20","0x20","0x20","0x20","0x20","0x20","0x20","0x20","0x20","0x20","0x20","0x20","0x08"
"265","0x8","0x9","0b0000000000000000","0b0000001100000000","0","0","0b0000000000000000","0b0000000000000000","0b0000000000000000","0b0000000000000000","0","0b0000000000000000","0b0000000000000000","0x00000085","0x72D000B4","1","0","0x00000071","1","0","0","0x00000000","0x00000001","0x000001B4","0x00000001","0x00000000","0x0000006B","0x00000000","0x00000000","0x00000000","0x00000000","0x00000000","0x00000000","0x00000000","0x00000000","0x00000000","0x00000000","0x00000000","0x00000000","0x00000000","0x00000000","0x00000000","0x00000000","0x00000000","0x00000000","0x04000000","0x00000000","0x00000000","0x00000001","0xFFFFFFFF","0x00000088","0x00000260","0x00000051","0","0","0","0","0","0","0","0","0x8","0x3","0x0","0xF","0","1","1","1","0","0","0","0","0","0","0","0","0x18","0x18","0x20","0x18","0x7","0xF","0xE","0xB","1","0","0","0x7","0x60D000B4","0x1618D000","0x1618D000","0x1618D000","0x1618D000","0x1618D000","0x1618D000","0x1618D000","0x09","0x08","0x08","0x08","0x08","0x08","0x08","0x08","0x008","0x000","0x700","0x700","0x700","0x700","0x700","0x700","0x00","0x00","0x01","0x20","0x20","0x20","0x20","0x20","0x20","0x20","0x20","0x20","0x20","0x20","0x20","0x20","0x20","0x20","0x20","0x20","0x20","0x20","0x20","0x20","0x20","0x20","0x20","0x20","0x20","0x20","0x20","0x20","0x20","0x20","0x08"
"266","0x8","0x9","0b0000000000000000","0b0000001100000000","0","0","0b0000000000000000","0b0000000000000000","0b0000000000000000","0b0000000000000000","1","0b0000000000000000","0b0000000000000000","0x00000086","0x72D000B4","1","0","0x00000072","1","0","0","0x00000000","0x00000001","0x000001B4","0x00000001","0x00000000","0x0000006B","0x00000000","0x00000000","0x00000000","0x00000000","0x00000000","0x00000000","0x00000000","0x00000000","0x00000000","0x00000000","0x00000000","0x00000000","0x00000000","0x00000000","0x00000000","0x00000000","0x00000000","0x00000000","0x04000000","0x00000000","0x00000000","0x00000001","0xFFFFFFFF","0x00000088","0x00000260","0x00000051","0","0","0","0","0","0","0","0","0x8","0x3","0x0","0xF","0","1","1","1","0","0","0","0","0","0","0","0","0x18","0x18","0x20","0x18","0x7","0xF","0xE","0xB","1","0","0","0x7","0x60D000B4","0x1618D000","0x1618D000","0x1618D000","0x1618D000","0x1618D000","0x1618D000","0x1618D000","0x09","0x08","0x08","0x08","0x08","0x08","0x08","0x08","0x008","0x000","0x700","0x700","0x700","0x700","0x700","0x700","0x00","0x00","0x01","0x20","0x20","0x20","0x20","0x20","0x20","0x20","0x20","0x20","0x20","0x20","0x20","0x20","0x20","0x20","0x20","0x20","0x20","0x20","0x20","0x20","0x20","0x20","0x20","0x20","0x20","0x20","0x20","0x20","0x20","0x20","0x08"
"267","0x8","0x9","0b0000000000000000","0b0000011100000000","0","0","0b0000000000000000","0b0000000000000000","0b0000000000000000","0b0000000000000000","0","0b0000000000000000","0b0000000000000000","0x00000086","0x66D00080","1","0","0x00000072","1","1","0","0x00000000","0x00000001","0x000001B4","0x00000001","0x00000000","0x0000006B","0x00000000","0x00000000","0x00000000","0x00000000","0x00000000","0x00000000","0x00000000","0x00000000","0x00000000","0x00000000","0x00000000","0x00000000","0x00000000","0x00000000","0x00000000","0x00000000","0x00000000","0x00000000","0x04000000","0x00000000","0x00000000","0x00000001","0xFFFFFFFF","0x000000B4","0x00000260","0x00000051","0","0","0","0","0","0","0","0","0x8","0x3","0x0","0xF","0","1","1","1","0","0","0","0","0","0","0","0","0x18","0x18","0x20","0x18","0x7","0xF","0xE","0xB","1","0","0","0x7","0x66D00080","0x60D000B4","0x1618D000","0x1618D000","0x1618D000","0x1618D000","0x1618D000","0x1618D000","0x0A","0x09","0x08","0x08","0x08","0x08","0x08","0x08","0x000","0x008","0x000","0x700","0x700","0x700","0x700","0x700","0x00","0x01","0x03","0x20","0x20","0x20","0x20","0x20","0x20","0x20","0x20","0x20","0x20","0x20","0x20","0x20","0x20","0x20","0x20","0x20","0x20","0x20","0x20","0x20","0x20","0x20","0x20","0x20","0x20","0x20","0x20","0x20","0x20","0x20","0x08"
"268","0x8","0x9","0b0000000000000000","0b0000011100000000","0","0","0b0000000000000000","0b0000000000000000","0b0000000000000000","0b0000000000000000","1","0b0000000000000000","0b0000000000000000","0x00000087","0x66D00080","1","0","0x00000073","1","1","0","0x00000000","0x00000001","0x000001B4","0x00000001","0x00000000","0x0000006B","0x00000000","0x00000000","0x00000000","0x00000000","0x00000000","0x00000000","0x00000000","0x00000000","0x00000000","0x00000000","0x00000000","0x00000000","0x00000000","0x00000000","0x00000000","0x00000000","0x00000000","0x00000000","0x04000000","0x00000000","0x00000000","0x00000001","0xFFFFFFFF","0x000000B4","0x00000260","0x00000051","0","0","0","0","0","0","0","0","0x8","0x3","0x0","0xF","1","1","1","1","0","0","0","0","0","0","0","0","0x18","0x18","0x20","0x18","0xB","0xF","0xE","0xB","1","0","0","0x7","0x66D00080","0x60D000B4","0x1618D000","0x1618D000","0x1618D000","0x1618D000","0x1618D000","0x1618D000","0x0A","0x09","0x08","0x08","0x08","0x08","0x08","0x08","0x000","0x008","0x000","0x700","0x700","0x700","0x700","0x700","0x00","0x01","0x03","0x20","0x20","0x20","0x20","0x20","0x20","0x20","0x20","0x20","0x20","0x20","0x20","0x20","0x20","0x20","0x20","0x20","0x20","0x20","0x20","0x20","0x20","0x20","0x20","0x20","0x20","0x20","0x20","0x20","0x20","0x20","0x08"
"269","0x8","0x9","0b0000000000000000","0b0000111100000000","0","0","0b0000000000000000","0b0000000000000000","0b0000000000000000","0b0000010100000000","0","0b0000000000000000","0b0000010100000000","0x00000087","0x38180004","1","0","0x00000073","0","0","0","0x00000000","0x00000001","0x000001B4","0x00000001","0x00000000","0x0000006B","0x00000000","0x00000000","0x00000000","0x00000000","0x00000000","0x00000000","0x00000000","0x00000000","0x00000000","0x00000000","0x00000000","0x00000000","0x00000000","0x00000000","0x00000000","0x00000000","0x00000000","0x00000000","0x04000000","0x00000000","0x00000000","0x00000001","0xFFFFFFFF","0x00000080","0x00000260","0x00000051","0","0","0","0","0","0","0","0","0x8","0x3","0x0","0xF","1","1","1","1","0","0","0","0","0","0","0","0","0x18","0x18","0x20","0x18","0xB","0xF","0xE","0xB","1","0","0","0x7","0x38180004","0x66D00080","0x60D000B4","0x1618D000","0x1618D000","0x1618D000","0x1618D000","0x1618D000","0x0B","0x0A","0x09","0x08","0x08","0x08","0x08","0x08","0x000","0x000","0x008","0x000","0x700","0x700","0x700","0x700","0x00","0x01","0x05","0x20","0x20","0x20","0x0B","0x20","0x20","0x20","0x20","0x20","0x20","0x20","0x20","0x20","0x20","0x20","0x20","0x20","0x20","0x20","0x20","0x20","0x20","0x20","0x20","0x20","0x20","0x20","0x20","0x20","0x20","0x20","0x08"
"270","0x8","0x9","0b0000000000000000","0b0000111100000000","0","0","0b0000000000000000","0b0000000000000000","0b0000000000000000","0b0000010100000000","1","0b0000000000000000","0b0000010100000000","0x00000088","0x38180004","1","0","0x00000074","0","0","0","0x00000000","0x00000001","0x000001B4","0x00000001","0x00000000","0x0000006B","0x00000000","0x00000000","0x00000000","0x00000000","0x00000000","0x00000000","0x00000000","0x00000000","0x00000000","0x00000000","0x00000000","0x00000000","0x00000000","0x00000000","0x00000000","0x00000000","0x00000000","0x00000000","0x04000000","0x00000000","0x00000000","0x00000001","0xFFFFFFFF","0x00000080","0x00000260","0x00000051","0","0","0","0","0","0","0","0","0x8","0x3","0x0","0xF","1","1","1","1","0","0","0","0","0","0","0","0","0x18","0x18","0x20","0x18","0xB","0xF","0xE","0xB","1","0","0","0x7","0x38180004","0x66D00080","0x60D000B4","0x1618D000","0x1618D000","0x1618D000","0x1618D000","0x1618D000","0x0B","0x0A","0x09","0x08","0x08","0x08","0x08","0x08","0x000","0x000","0x008","0x000","0x700","0x700","0x700","0x700","0x00","0x01","0x05","0x20","0x20","0x20","0x0B","0x20","0x20","0x20","0x20","0x20","0x20","0x20","0x20","0x20","0x20","0x20","0x20","0x20","0x20","0x20","0x20","0x20","0x20","0x20","0x20","0x20","0x20","0x20","0x20","0x20","0x20","0x20","0x08"
"271","0x8","0x9","0b0000010100000000","0b0000111100000000","0","1","0b0000000000000000","0b0000000100000000","0b0000000000000000","0b0000000000000000","0","0b0000010100000000","0b0000000000000000","0x00000088","0x7218D000","1","0","0x00000074","0","0","0","0x00000000","0x00000001","0x000001B4","0x00000001","0x00000000","0x0000006B","0x00000000","0x00000000","0x00000000","0x00000000","0x00000000","0x00000000","0x00000000","0x00000000","0x00000000","0x00000000","0x00000000","0x00000000","0x00000000","0x00000000","0x00000000","0x00000000","0x00000000","0x00000000","0x04000000","0x00000000","0x00000000","0x00000001","0xFFFFFFFF","0x00000084","0x00000260","0x00000051","0","0","0","0","0","0","0","0","0x8","0x3","0x0","0xF","1","1","1","1","0","0","0","0","0","0","0","0","0x18","0x18","0x20","0x18","0xB","0xF","0xE","0xB","0","0","1","0xB","0x1618D000","0x38180004","0x66D00080","0x60D000B4","0x1618D000","0x1618D000","0x1618D000","0x1618D000","0x0C","0x0B","0x0A","0x09","0x08","0x08","0x08","0x08","0xB00","0x000","0x000","0x008","0x000","0x700","0x700","0x700","0x00","0x00","0x08","0x20","0x20","0x20","0x0B","0x20","0x20","0x20","0x20","0x20","0x20","0x20","0x20","0x20","0x20","0x20","0x20","0x20","0x20","0x20","0x20","0x20","0x20","0x20","0x20","0x20","0x20","0x20","0x20","0x20","0x20","0x20","0x08"
"272","0x8","0x9","0b0000010100000000","0b0000111100000000","0","1","0b0000000000000000","0b0000000100000000","0b0000000000000000","0b0000000000000000","1","0b0000010100000000","0b0000000000000000","0x00000089","0x7218D000","1","0","0x00000075","0","0","0","0x00000000","0x00000001","0x000001B4","0x00000001","0x00000000","0x0000006B","0x00000000","0x00000000","0x00000000","0x00000000","0x00000000","0x00000000","0x00000000","0x00000000","0x00000000","0x00000000","0x00000000","0x00000000","0x00000000","0x00000000","0x00000000","0x00000000","0x00000000","0x00000000","0x04000000","0x00000000","0x00000000","0x00000001","0xFFFFFFFF","0x00000084","0x00000260","0x00000054","0","0","0","0","0","0","0","0","0x8","0x3","0x0","0xF","1","1","1","1","1","0","0","1","0","0","0","0","0x18","0x18","0x20","0x18","0xB","0xF","0xE","0xB","0","0","1","0xB","0x1618D000","0x38180004","0x66D00080","0x60D000B4","0x1618D000","0x1618D000","0x1618D000","0x1618D000","0x0C","0x0B","0x0A","0x09","0x08","0x08","0x08","0x08","0xB00","0x000","0x000","0x008","0x000","0x700","0x700","0x700","0x00","0x00","0x08","0x20","0x20","0x20","0x0B","0x20","0x20","0x20","0x20","0x20","0x20","0x20","0x20","0x20","0x20","0x20","0x20","0x20","0x20","0x20","0x20","0x20","0x20","0x20","0x20","0x20","0x20","0x20","0x20","0x20","0x20","0x20","0x08"
"273","0x9","0xA","0b0000010000000000","0b0000111000000000","0","0","0b0000000000000000","0b0000000000000000","0b0000000000000000","0b0000000000000000","0","0b0000010000000000","0b0000000000000000","0x00000089","0x60D000B4","1","0","0x00000075","0","0","0","0x00000000","0x00000001","0x000001B4","0x00000001","0x00000000","0x0000006B","0x00000000","0x00000000","0x00000000","0x00000000","0x00000000","0x00000000","0x00000000","0x00000000","0x00000000","0x00000000","0x00000000","0x00000000","0x00000000","0x00000000","0x00000000","0x00000000","0x00000000","0x00000000","0x04000000","0x00000000","0x00000000","0x00000001","0xFFFFFFFF","0x00000088","0x00000260","0x00000054","0","0","0","0","0","0","0","0","0x8","0x3","0x0","0xF","1","1","1","1","1","0","0","1","0","0","0","0","0x18","0x18","0x20","0x18","0xB","0xF","0xE","0xB","0","0","0","0xB","0x1618D000","0x1618D000","0x38180004","0x66D00080","0x60D000B4","0x1618D000","0x1618D000","0x1618D000","0x0C","0x0C","0x0B","0x0A","0x09","0x08","0x08","0x08","0xB00","0xB00","0x000","0x000","0x008","0x000","0x700","0x700","0x00","0x10","0x10","0x20","0x20","0x20","0x0B","0x20","0x20","0x20","0x20","0x20","0x20","0x20","0x20","0x20","0x20","0x20","0x20","0x20","0x20","0x20","0x20","0x20","0x20","0x20","0x20","0x20","0x20","0x20","0x20","0x20","0x20","0x20","0x20"
"274","0x9","0xA","0b0000010000000000","0b0000111000000000","0","0","0b0000000000000000","0b0000000000000000","0b0000000000000000","0b0000000000000000","1","0b0000010000000000","0b0000000000000000","0x0000008A","0x60D000B4","1","0","0x00000076","0","0","0","0x00000000","0x00000001","0x000001B4","0x00000001","0x00000000","0x0000006B","0x00000000","0x00000000","0x00000000","0x00000000","0x00000000","0x00000000","0x00000000","0x00000000","0x00000000","0x00000000","0x00000000","0x00000000","0x00000000","0x00000000","0x00000000","0x00000000","0x00000000","0x00000000","0x04000000","0x00000000","0x00000000","0x00000001","0xFFFFFFFF","0x00000088","0x00000260","0x00000054","0","0","0","0","0","0","0","0","0x8","0x3","0x0","0xF","1","1","1","1","1","0","0","1","0","0","0","0","0x18","0x18","0x20","0x18","0xB","0xF","0xE","0xB","0","0","0","0xB","0x1618D000","0x1618D000","0x38180004","0x66D00080","0x60D000B4","0x1618D000","0x1618D000","0x1618D000","0x0C","0x0C","0x0B","0x0A","0x09","0x08","0x08","0x08","0xB00","0xB00","0x000","0x000","0x008","0x000","0x700","0x700","0x00","0x10","0x10","0x20","0x20","0x20","0x0B","0x20","0x20","0x20","0x20","0x20","0x20","0x20","0x20","0x20","0x20","0x20","0x20","0x20","0x20","0x20","0x20","0x20","0x20","0x20","0x20","0x20","0x20","0x20","0x20","0x20","0x20","0x20","0x20"
"275","0x9","0xA","0b0000010000000000","0b0000111000000000","0","0","0b0000000000000000","0b0000000000000000","0b0001110000000000","0b0000001000000000","0","0b0000010000000000","0b0000001000000000","0x0000008A","0x7218D000","1","0","0x00000076","0","0","1","0x00000000","0x00000001","0x000001B4","0x00000001","0x00000000","0x0000006B","0x00000000","0x00000000","0x00000000","0x00000000","0x00000000","0x00000000","0x00000000","0x00000000","0x00000000","0x00000000","0x00000000","0x00000000","0x00000000","0x00000000","0x00000000","0x00000000","0x00000000","0x00000000","0x04000000","0x00000000","0x00000000","0x00000001","0xFFFFFFFF","0x00000084","0x00000260","0x00000054","0","0","0","0","0","0","0","0","0x8","0x3","0x0","0xF","1","1","1","1","1","0","0","1","0","0","0","0","0x18","0x18","0x20","0x18","0xB","0xF","0xE","0xB","0","0","0","0xB","0x1618D000","0x1618D000","0x1618D000","0x38180004","0x66D00080","0x60D000B4","0x1618D000","0x1618D000","0x0C","0x0C","0x0C","0x0B","0x0A","0x09","0x08","0x08","0xB00","0xB00","0xB00","0x000","0x000","0x008","0x000","0x700","0x1F","0x00","0x00","0x20","0x20","0x20","0x0B","0x20","0x20","0x20","0x20","0x20","0x20","0x20","0x20","0x20","0x20","0x20","0x20","0x20","0x20","0x20","0x20","0x20","0x20","0x20","0x20","0x20","0x20","0x20","0x20","0x20","0x20","0x20","0x20"
"276","0x9","0xA","0b0000010000000000","0b0000111000000000","0","0","0b0000000000000000","0b0000000000000000","0b0001110000000000","0b0000001000000000","1","0b0000010000000000","0b0000001000000000","0x0000008B","0x7218D000","1","0","0x00000077","0","0","1","0x00000000","0x00000001","0x000001B4","0x00000001","0x00000000","0x0000006B","0x00000000","0x00000000","0x00000000","0x00000000","0x00000000","0x00000000","0x00000000","0x00000000","0x00000000","0x00000000","0x00000000","0x00000000","0x00000000","0x00000000","0x00000000","0x00000000","0x00000000","0x00000000","0x04000000","0x00000000","0x00000000","0x00000001","0xFFFFFFFF","0x00000084","0x00000260","0x00000054","0","0","0","0","0","0","0","0","0x8","0x3","0x0","0xF","0","1","1","1","0","0","0","0","0","0","0","0","0x18","0x18","0x20","0x18","0xB","0xF","0xE","0xB","0","0","0","0xB","0x1618D000","0x1618D000","0x1618D000","0x38180004","0x66D00080","0x60D000B4","0x1618D000","0x1618D000","0x0C","0x0C","0x0C","0x0B","0x0A","0x09","0x08","0x08","0xB00","0xB00","0xB00","0x000","0x000","0x008","0x000","0x700","0x1F","0x00","0x00","0x20","0x20","0x20","0x0B","0x20","0x20","0x20","0x20","0x20","0x20","0x20","0x20","0x20","0x20","0x20","0x20","0x20","0x20","0x20","0x20","0x20","0x20","0x20","0x20","0x20","0x20","0x20","0x20","0x20","0x20","0x20","0x20"
"277","0x9","0xA","0b0000001000000000","0b0000001000000000","0","1","0b0000000000000000","0b0000001000000000","0b0000000000000000","0b0000000000000000","0","0b0000001000000000","0b0000000000000000","0x0000008B","0x7218D000","1","0","0x00000077","0","0","0","0x00000000","0x00000001","0x000001B4","0x00000001","0x00000000","0x0000006B","0x00000000","0x00000000","0x00000000","0x00000000","0x00000000","0x00000000","0x00000000","0x00000000","0x00000000","0x00000000","0x00000000","0x00000000","0x00000000","0x00000000","0x00000000","0x00000000","0x00000000","0x00000000","0x04000000","0x00000000","0x00000000","0x00000001","0xFFFFFFFF","0x00000084","0x00000260","0x00000054","0","0","0","0","0","0","0","0","0x8","0x3","0x0","0xF","0","1","1","1","0","0","0","0","0","0","0","0","0x18","0x18","0x20","0x18","0xB","0xF","0xE","0xB","0","0","0","0xB","0x1618D000","0x1618D000","0x1618D000","0x1618D000","0x38180004","0x66D00080","0x60D000B4","0x1618D000","0x0C","0x0C","0x0C","0x0C","0x0B","0x0A","0x09","0x08","0xB00","0xB00","0xB00","0xB00","0x000","0x000","0x008","0x000","0x00","0x00","0x00","0x20","0x20","0x20","0x09","0x20","0x20","0x20","0x20","0x20","0x20","0x20","0x20","0x20","0x20","0x20","0x20","0x20","0x20","0x20","0x20","0x20","0x20","0x20","0x20","0x20","0x20","0x20","0x20","0x20","0x20","0x20","0x20"
"278","0x9","0xA","0b0000001000000000","0b0000001000000000","0","1","0b0000000000000000","0b0000001000000000","0b0000000000000000","0b0000000000000000","1","0b0000001000000000","0b0000000000000000","0x0000008C","0x7218D000","1","0","0x00000078","0","0","0","0x00000000","0x00000001","0x000001B4","0x00000001","0x00000000","0x0000006B","0x00000000","0x00000000","0x00000000","0x00000000","0x00000000","0x00000000","0x00000000","0x00000000","0x00000000","0x00000000","0x00000000","0x00000000","0x00000000","0x00000000","0x00000000","0x00000000","0x00000000","0x00000000","0x04000000","0x00000000","0x00000000","0x00000001","0xFFFFFFFF","0x00000084","0x00000260","0x00000054","0","0","0","0","0","0","0","0","0x8","0x3","0x0","0xF","0","1","1","1","0","0","0","0","0","0","0","0","0x18","0x18","0x20","0x18","0xB","0xF","0xE","0xB","0","0","0","0xB","0x1618D000","0x1618D000","0x1618D000","0x1618D000","0x38180004","0x66D00080","0x60D000B4","0x1618D000","0x0C","0x0C","0x0C","0x0C","0x0B","0x0A","0x09","0x08","0xB00","0xB00","0xB00","0xB00","0x000","0x000","0x008","0x000","0x00","0x00","0x00","0x20","0x20","0x20","0x09","0x20","0x20","0x20","0x20","0x20","0x20","0x20","0x20","0x20","0x20","0x20","0x20","0x20","0x20","0x20","0x20","0x20","0x20","0x20","0x20","0x20","0x20","0x20","0x20","0x20","0x20","0x20","0x20"
"279","0xA","0xB","0b0000000000000000","0b0000000000000000","0","0","0b0000000000000000","0b0000000000000000","0b0000000000000000","0b0000000000000000","0","0b0000000000000000","0b0000000000000000","0x0000008C","0x7218D000","1","0","0x00000078","0","0","0","0x00000000","0x00000001","0x000001B4","0x00000001","0x00000000","0x0000006B","0x00000000","0x00000000","0x00000000","0x00000000","0x00000000","0x00000000","0x00000000","0x00000000","0x00000000","0x00000000","0x00000000","0x00000000","0x00000000","0x00000000","0x00000000","0x00000000","0x00000000","0x00000000","0x04000000","0x00000000","0x00000000","0x00000001","0xFFFFFFFF","0x000000B4","0x00000260","0x00000054","0","0","0","0","0","0","0","0","0x8","0x3","0x0","0xF","0","1","1","1","0","0","0","0","0","0","0","0","0x18","0x18","0x20","0x18","0xB","0xF","0xE","0xB","0","0","0","0xB","0x1618D000","0x1618D000","0x1618D000","0x1618D000","0x1618D000","0x38180004","0x66D00080","0x60D000B4","0x0A","0x0C","0x0C","0x0C","0x0C","0x0B","0x0A","0x09","0x900","0xB00","0xB00","0xB00","0xB00","0x000","0x000","0x008","0x00","0x00","0x00","0x20","0x20","0x20","0x20","0x20","0x20","0x20","0x20","0x20","0x20","0x20","0x20","0x20","0x20","0x20","0x20","0x20","0x20","0x20","0x20","0x20","0x20","0x20","0x20","0x20","0x20","0x20","0x20","0x20","0x20","0x20","0x20"
"280","0xA","0xB","0b0000000000000000","0b0000000000000000","0","0","0b0000000000000000","0b0000000000000000","0b0000000000000000","0b0000000000000000","1","0b0000000000000000","0b0000000000000000","0x0000008D","0x7218D000","1","0","0x00000079","0","0","0","0x00000000","0x00000001","0x000001B4","0x00000001","0x00000000","0x0000006B","0x00000000","0x00000000","0x00000000","0x00000000","0x00000000","0x00000000","0x00000000","0x00000000","0x00000000","0x00000000","0x00000000","0x00000000","0x00000000","0x00000000","0x00000000","0x00000000","0x00000000","0x00000000","0x04000000","0x00000000","0x00000000","0x00000001","0xFFFFFFFF","0x000000B4","0x00000260","0x00000054","0","0","0","0","0","0","0","0","0x8","0x3","0x0","0xF","0","1","1","1","0","0","0","0","0","0","0","1","0x18","0x18","0x20","0x18","0xB","0xF","0xE","0xB","0","0","0","0xB","0x1618D000","0x1618D000","0x1618D000","0x1618D000","0x1618D000","0x38180004","0x66D00080","0x60D000B4","0x0A","0x0C","0x0C","0x0C","0x0C","0x0B","0x0A","0x09","0x900","0xB00","0xB00","0xB00","0xB00","0x000","0x000","0x008","0x00","0x00","0x00","0x20","0x20","0x20","0x20","0x20","0x20","0x20","0x20","0x20","0x20","0x20","0x20","0x20","0x20","0x20","0x20","0x20","0x20","0x20","0x20","0x20","0x20","0x20","0x20","0x20","0x20","0x20","0x20","0x20","0x20","0x20","0x20"
"281","0xA","0xB","0b0000000000000000","0b0000000000000000","0","0","0b0000000000000000","0b0000000000000000","0b0000000000000000","0b0000100000000000","0","0b0000000000000000","0b0000100000000000","0x0000008D","0x7218D000","1","0","0x00000079","1","1","0","0x00000000","0x00000001","0x000001B4","0x00000001","0x00000000","0x0000006B","0x00000000","0x00000000","0x00000000","0x00000000","0x00000000","0x00000000","0x00000000","0x00000000","0x00000000","0x00000000","0x00000000","0x00000000","0x00000000","0x00000000","0x00000000","0x00000000","0x00000000","0x00000000","0x04000000","0x00000000","0x00000000","0x00000001","0xFFFFFFFF","0x000000B4","0x00000260","0x00000054","0","0","0","0","0","0","0","0","0x8","0x3","0x0","0xF","0","1","1","1","0","0","0","0","0","0","0","1","0x18","0x18","0x20","0x18","0xB","0xF","0xE","0xB","0","0","0","0xB","0x1618D000","0x1618D000","0x1618D000","0x1618D000","0x1618D000","0x1618D000","0x38180004","0x66D00080","0x0A","0x0A","0x0C","0x0C","0x0C","0x0C","0x0B","0x0A","0x000","0x900","0xB00","0xB00","0xB00","0xB00","0x000","0x000","0x00","0x00","0x00","0x20","0x20","0x20","0x20","0x20","0x20","0x20","0x20","0x20","0x20","0x20","0x20","0x20","0x20","0x20","0x20","0x20","0x20","0x20","0x20","0x20","0x20","0x20","0x20","0x20","0x20","0x20","0x20","0x20","0x20","0x20","0x20"
"282","0xA","0xB","0b0000000000000000","0b0000000000000000","0","0","0b0000000000000000","0b0000000000000000","0b0000000000000000","0b0000100000000000","1","0b0000000000000000","0b0000100000000000","0x0000008E","0x7218D000","1","0","0x0000007A","1","1","0","0x00000000","0x00000001","0x000001B4","0x00000001","0x00000000","0x0000006B","0x00000000","0x00000000","0x00000000","0x00000000","0x00000000","0x00000000","0x00000000","0x00000000","0x00000000","0x00000000","0x00000000","0x00000000","0x00000000","0x00000000","0x00000000","0x00000000","0x00000000","0x00000000","0x04000000","0x00000000","0x00000000","0x00000001","0xFFFFFFFF","0x0000008C","0x00000260","0x00000054","0","0","0","0","0","0","0","0","0x8","0x3","0x0","0xF","1","1","1","1","0","0","0","0","0","0","0","1","0x18","0x18","0x20","0x18","0xA","0xF","0xE","0xB","0","0","0","0xB","0x1618D000","0x1618D000","0x1618D000","0x1618D000","0x1618D000","0x1618D000","0x38180004","0x66D00080","0x0A","0x0A","0x0C","0x0C","0x0C","0x0C","0x0B","0x0A","0x000","0x900","0xB00","0xB00","0xB00","0xB00","0x000","0x000","0x00","0x00","0x00","0x20","0x20","0x20","0x20","0x20","0x20","0x20","0x20","0x20","0x20","0x20","0x20","0x20","0x20","0x20","0x20","0x20","0x20","0x20","0x20","0x20","0x20","0x20","0x20","0x20","0x20","0x20","0x20","0x20","0x20","0x20","0x20"
"283","0xA","0xB","0b0000100000000000","0b0000010000000000","0","0","0b0000000000000000","0b0000000000000000","0b0000000000000000","0b0000000000000000","0","0b0000100000000000","0b0000000000000000","0x0000008E","0x38200000","1","0","0x0000007A","0","0","0","0x00000000","0x00000001","0x000001B4","0x00000001","0x00000000","0x0000006B","0x00000000","0x00000000","0x00000000","0x00000000","0x00000000","0x00000000","0x00000000","0x00000000","0x00000000","0x00000000","0x00000000","0x00000000","0x00000000","0x00000000","0x00000000","0x00000000","0x00000000","0x00000000","0x04000000","0x00000000","0x00000000","0x00000001","0xFFFFFFFF","0x0000008C","0x00000260","0x00000054","0","0","0","0","0","0","0","0","0x8","0x3","0x0","0xF","1","1","1","1","0","0","0","0","0","0","0","1","0x18","0x18","0x20","0x18","0xA","0xF","0xE","0xB","0","0","0","0xB","0x38200000","0x1618D000","0x1618D000","0x1618D000","0x1618D000","0x1618D000","0x1618D000","0x38180004","0x0A","0x0A","0x0A","0x0C","0x0C","0x0C","0x0C","0x0B","0x000","0x000","0x900","0xB00","0xB00","0xB00","0xB00","0x000","0x00","0x01","0x01","0x20","0x20","0x20","0x20","0x0A","0x20","0x20","0x20","0x20","0x20","0x20","0x20","0x20","0x20","0x20","0x20","0x20","0x20","0x20","0x20","0x20","0x20","0x20","0x20","0x20","0x20","0x20","0x20","0x20","0x20","0x20","0x20"
"284","0xA","0xB","0b0000100000000000","0b0000010000000000","0","0","0b0000000000000000","0b0000000000000000","0b0000000000000000","0b0000000000000000","1","0b0000100000000000","0b0000000000000000","0x0000008F","0x38200000","1","0","0x0000007B","0","0","0","0x00000000","0x00000001","0x000001B4","0x00000001","0x00000000","0x0000006B","0x00000000","0x00000000","0x00000000","0x00000000","0x00000000","0x00000000","0x00000000","0x00000000","0x00000000","0x00000000","0x00000000","0x00000000","0x00000000","0x00000000","0x00000000","0x00000000","0x00000000","0x00000000","0x04000000","0x00000000","0x00000000","0x00000001","0xFFFFFFFF","0x0000008C","0x00000260","0x00000054","0","0","0","0","0","0","0","0","0x8","0x3","0x0","0xF","1","1","1","1","0","0","0","0","0","0","0","1","0x18","0x18","0x20","0x18","0xA","0xF","0xE","0xB","0","0","0","0xB","0x38200000","0x1618D000","0x1618D000","0x1618D000","0x1618D000","0x1618D000","0x1618D000","0x38180004","0x0A","0x0A","0x0A","0x0C","0x0C","0x0C","0x0C","0x0B","0x000","0x000","0x900","0xB00","0xB00","0xB00","0xB00","0x000","0x00","0x01","0x01","0x20","0x20","0x20","0x20","0x0A","0x20","0x20","0x20","0x20","0x20","0x20","0x20","0x20","0x20","0x20","0x20","0x20","0x20","0x20","0x20","0x20","0x20","0x20","0x20","0x20","0x20","0x20","0x20","0x20","0x20","0x20","0x20"
"285","0xA","0xB","0b0000100000000000","0b0000010000000000","0","0","0b0000000000000000","0b0000000000000000","0b0000000000000000","0b0000000000000000","0","0b0000100000000000","0b0000000000000000","0x0000008F","0x72E00008","1","0","0x0000007B","0","0","0","0x00000000","0x00000001","0x000001B4","0x00000001","0x00000000","0x0000006B","0x00000000","0x00000000","0x00000000","0x00000000","0x00000000","0x00000000","0x00000000","0x00000000","0x00000000","0x00000000","0x00000000","0x00000000","0x00000000","0x00000000","0x00000000","0x00000000","0x00000000","0x00000000","0x04000000","0x00000000","0x00000000","0x00000001","0xFFFFFFFF","0x00000080","0x00000260","0x00000054","0","0","0","0","0","0","0","0","0x8","0x3","0x0","0xF","1","1","1","1","0","0","0","0","0","0","0","1","0x18","0x18","0x20","0x18","0xA","0xF","0xE","0xB","0","0","1","0xA","0x58E00008","0x38200000","0x1618D000","0x1618D000","0x1618D000","0x1618D000","0x1618D000","0x1618D000","0x0B","0x0A","0x0A","0x0A","0x0C","0x0C","0x0C","0x0C","0x000","0x000","0x000","0x900","0xB00","0xB00","0xB00","0xB00","0x00","0x00","0x00","0x20","0x20","0x20","0x20","0x0A","0x20","0x20","0x20","0x20","0x20","0x20","0x20","0x20","0x20","0x20","0x20","0x20","0x20","0x20","0x20","0x20","0x20","0x20","0x20","0x20","0x20","0x20","0x20","0x20","0x20","0x20","0x20"
"286","0xA","0xB","0b0000100000000000","0b0000010000000000","0","0","0b0000000000000000","0b0000000000000000","0b0000000000000000","0b0000000000000000","1","0b0000100000000000","0b0000000000000000","0x00000090","0x72E00008","1","0","0x0000007C","0","0","0","0x00000000","0x00000001","0x000001B4","0x00000001","0x00000000","0x0000006B","0x00000000","0x00000000","0x00000000","0x00000000","0x00000000","0x00000000","0x00000000","0x00000000","0x00000000","0x00000000","0x00000000","0x00000000","0x00000000","0x00000000","0x00000000","0x00000000","0x00000000","0x00000000","0x04000000","0x00000000","0x00000000","0x00000001","0xFFFFFFFF","0x00000080","0x00000260","0x00000054","0","0","0","0","0","0","0","0","0x8","0x3","0x0","0xF","1","1","1","1","1","0","0","0","0","0","0","1","0x20","0x18","0x20","0x18","0xA","0xF","0xE","0xB","0","0","1","0xA","0x58E00008","0x38200000","0x1618D000","0x1618D000","0x1618D000","0x1618D000","0x1618D000","0x1618D000","0x0B","0x0A","0x0A","0x0A","0x0C","0x0C","0x0C","0x0C","0x000","0x000","0x000","0x900","0xB00","0xB00","0xB00","0xB00","0x00","0x00","0x00","0x20","0x20","0x20","0x20","0x0A","0x20","0x20","0x20","0x20","0x20","0x20","0x20","0x20","0x20","0x20","0x20","0x20","0x20","0x20","0x20","0x20","0x20","0x20","0x20","0x20","0x20","0x20","0x20","0x20","0x20","0x20","0x20"
"287","0xA","0xB","0b0000100000000000","0b0000010000000000","0","0","0b0000000000000000","0b0000000000000000","0b0000000000000000","0b0000000000000000","0","0b0000100000000000","0b0000000000000000","0x00000090","0x72E00008","1","0","0x0000007C","0","0","0","0x00000000","0x00000001","0x000001B4","0x00000001","0x00000000","0x0000006B","0x00000000","0x00000000","0x00000000","0x00000000","0x00000000","0x00000000","0x00000000","0x00000000","0x00000000","0x00000000","0x00000000","0x00000000","0x00000000","0x00000000","0x00000000","0x00000000","0x00000000","0x00000000","0x04000000","0x00000000","0x00000000","0x00000001","0xFFFFFFFF","0x00000080","0x00000260","0x00000054","0","0","0","0","0","0","0","0","0x8","0x3","0x0","0xF","1","1","1","1","1","0","0","0","0","0","0","1","0x20","0x18","0x20","0x18","0xA","0xF","0xE","0xB","0","0","0","0xA","0x58E00008","0x58E00008","0x38200000","0x1618D000","0x1618D000","0x1618D000","0x1618D000","0x1618D000","0x0B","0x0B","0x0A","0x0A","0x0A","0x0C","0x0C","0x0C","0x000","0x000","0x000","0x000","0x900","0xB00","0xB00","0xB00","0x00","0x00","0x00","0x20","0x20","0x20","0x20","0x0A","0x20","0x20","0x20","0x20","0x20","0x20","0x20","0x20","0x20","0x20","0x20","0x20","0x20","0x20","0x20","0x20","0x20","0x20","0x20","0x20","0x20","0x20","0x20","0x20","0x20","0x20","0x20"
"288","0xA","0xB","0b0000100000000000","0b0000010000000000","0","0","0b0000000000000000","0b0000000000000000","0b0000000000000000","0b0000000000000000","1","0b0000100000000000","0b0000000000000000","0x00000091","0x72E00008","1","0","0x0000007D","0","0","0","0x00000000","0x00000001","0x000001B4","0x00000001","0x00000000","0x0000006B","0x00000000","0x00000000","0x00000000","0x00000000","0x00000000","0x00000000","0x00000000","0x00000000","0x00000000","0x00000000","0x00000000","0x00000000","0x00000000","0x00000000","0x00000000","0x00000000","0x00000000","0x00000000","0x04000000","0x00000000","0x00000000","0x00000001","0xFFFFFFFF","0x00000080","0x00000260","0x00000054","0","0","0","0","0","0","0","0","0x8","0x3","0x0","0xF","1","1","1","1","1","0","0","0","0","0","0","1","0x20","0x18","0x20","0x18","0xA","0xF","0xE","0xB","0","0","0","0xA","0x58E00008","0x58E00008","0x38200000","0x1618D000","0x1618D000","0x1618D000","0x1618D000","0x1618D000","0x0B","0x0B","0x0A","0x0A","0x0A","0x0C","0x0C","0x0C","0x000","0x000","0x000","0x000","0x900","0xB00","0xB00","0xB00","0x00","0x00","0x00","0x20","0x20","0x20","0x20","0x0A","0x20","0x20","0x20","0x20","0x20","0x20","0x20","0x20","0x20","0x20","0x20","0x20","0x20","0x20","0x20","0x20","0x20","0x20","0x20","0x20","0x20","0x20","0x20","0x20","0x20","0x20","0x20"
"289","0xA","0xB","0b0000100000000000","0b0000010000000000","0","0","0b0000000000000000","0b0000000000000000","0b0000000000000000","0b0000000000000000","0","0b0000100000000000","0b0000000000000000","0x00000091","0x72E00008","1","0","0x0000007D","0","0","0","0x00000000","0x00000001","0x000001B4","0x00000001","0x00000000","0x0000006B","0x00000000","0x00000000","0x00000000","0x00000000","0x00000000","0x00000000","0x00000000","0x00000000","0x00000000","0x00000000","0x00000000","0x00000000","0x00000000","0x00000000","0x00000000","0x00000000","0x00000000","0x00000000","0x04000000","0x00000000","0x00000000","0x00000001","0xFFFFFFFF","0x00000080","0x00000260","0x00000054","0","0","0","0","0","0","0","0","0x8","0x3","0x0","0xF","1","1","1","1","1","0","0","0","0","0","0","1","0x20","0x18","0x20","0x18","0xA","0xF","0xE","0xB","0","0","0","0xA","0x58E00008","0x58E00008","0x58E00008","0x38200000","0x1618D000","0x1618D000","0x1618D000","0x1618D000","0x0B","0x0B","0x0B","0x0A","0x0A","0x0A","0x0C","0x0C","0x000","0x000","0x000","0x000","0x000","0x900","0xB00","0xB00","0x00","0x00","0x00","0x20","0x20","0x20","0x20","0x0A","0x20","0x20","0x20","0x20","0x20","0x20","0x20","0x20","0x20","0x20","0x20","0x20","0x20","0x20","0x20","0x20","0x20","0x20","0x20","0x20","0x20","0x20","0x20","0x20","0x20","0x20","0x20"
"290","0xA","0xB","0b0000100000000000","0b0000010000000000","0","0","0b0000000000000000","0b0000000000000000","0b0000000000000000","0b0000000000000000","1","0b0000100000000000","0b0000000000000000","0x00000092","0x72E00008","1","0","0x0000007E","0","0","0","0x00000000","0x00000001","0x000001B4","0x00000001","0x00000000","0x0000006B","0x00000000","0x00000000","0x00000000","0x00000000","0x00000000","0x00000000","0x00000000","0x00000000","0x00000000","0x00000000","0x00000000","0x00000000","0x00000000","0x00000000","0x00000000","0x00000000","0x00000000","0x00000000","0x04000000","0x00000000","0x00000000","0x00000001","0xFFFFFFFF","0x00000080","0x00000260","0x00000054","0","0","0","0","0","0","0","0","0x8","0x3","0x0","0xF","1","1","1","1","1","0","0","0","0","0","0","1","0x20","0x18","0x20","0x18","0xA","0xF","0xE","0xB","0","0","0","0xA","0x58E00008","0x58E00008","0x58E00008","0x38200000","0x1618D000","0x1618D000","0x1618D000","0x1618D000","0x0B","0x0B","0x0B","0x0A","0x0A","0x0A","0x0C","0x0C","0x000","0x000","0x000","0x000","0x000","0x900","0xB00","0xB00","0x00","0x00","0x00","0x20","0x20","0x20","0x20","0x0A","0x20","0x20","0x20","0x20","0x20","0x20","0x20","0x20","0x20","0x20","0x20","0x20","0x20","0x20","0x20","0x20","0x20","0x20","0x20","0x20","0x20","0x20","0x20","0x20","0x20","0x20","0x20"
"291","0xA","0xB","0b0000100000000000","0b0000010000000000","0","0","0b0000000000000000","0b0000000000000000","0b0000000000000000","0b0000000000000000","0","0b0000100000000000","0b0000000000000000","0x00000092","0x72E00008","1","0","0x0000007E","0","0","0","0x00000000","0x00000001","0x000001B4","0x00000001","0x00000000","0x0000006B","0x00000000","0x00000000","0x00000000","0x00000000","0x00000000","0x00000000","0x00000000","0x00000000","0x00000000","0x00000000","0x00000000","0x00000000","0x00000000","0x00000000","0x00000000","0x00000000","0x00000000","0x00000000","0x04000000","0x00000000","0x00000000","0x00000001","0xFFFFFFFF","0x00000080","0x00000260","0x00000054","0","0","0","0","0","0","0","0","0x8","0x3","0x0","0xF","1","1","1","1","1","0","0","0","0","0","0","1","0x20","0x18","0x20","0x18","0xA","0xF","0xE","0xB","0","0","0","0xA","0x58E00008","0x58E00008","0x58E00008","0x58E00008","0x38200000","0x1618D000","0x1618D000","0x1618D000","0x0B","0x0B","0x0B","0x0B","0x0A","0x0A","0x0A","0x0C","0x000","0x000","0x000","0x000","0x000","0x000","0x900","0xB00","0x00","0x00","0x00","0x20","0x20","0x20","0x20","0x0A","0x20","0x20","0x20","0x20","0x20","0x20","0x20","0x20","0x20","0x20","0x20","0x20","0x20","0x20","0x20","0x20","0x20","0x20","0x20","0x20","0x20","0x20","0x20","0x20","0x20","0x20","0x20"
"292","0xA","0xB","0b0000100000000000","0b0000010000000000","0","0","0b0000000000000000","0b0000000000000000","0b0000000000000000","0b0000000000000000","1","0b0000100000000000","0b0000000000000000","0x00000093","0x72E00008","1","0","0x0000007F","0","0","0","0x00000000","0x00000001","0x000001B4","0x00000001","0x00000000","0x0000006B","0x00000000","0x00000000","0x00000000","0x00000000","0x00000000","0x00000000","0x00000000","0x00000000","0x00000000","0x00000000","0x00000000","0x00000000","0x00000000","0x00000000","0x00000000","0x00000000","0x00000000","0x00000000","0x04000000","0x00000000","0x00000000","0x00000001","0xFFFFFFFF","0x00000080","0x00000260","0x00000054","0","0","0","0","0","0","0","0","0x8","0x3","0x0","0xF","1","1","1","1","1","0","0","0","1","0","0","1","0x20","0x18","0x20","0x18","0xA","0xF","0xE","0xB","0","0","0","0xA","0x58E00008","0x58E00008","0x58E00008","0x58E00008","0x38200000","0x1618D000","0x1618D000","0x1618D000","0x0B","0x0B","0x0B","0x0B","0x0A","0x0A","0x0A","0x0C","0x000","0x000","0x000","0x000","0x000","0x000","0x900","0xB00","0x00","0x00","0x00","0x20","0x20","0x20","0x20","0x0A","0x20","0x20","0x20","0x20","0x20","0x20","0x20","0x20","0x20","0x20","0x20","0x20","0x20","0x20","0x20","0x20","0x20","0x20","0x20","0x20","0x20","0x20","0x20","0x20","0x20","0x20","0x20"
"293","0xA","0xB","0b0000100000000000","0b0000010000000000","0","0","0b0000000000000000","0b0000000000000000","0b0000000000000000","0b0000010000000000","0","0b0000100000000000","0b0000010000000000","0x00000093","0x72E00008","1","0","0x0000007F","0","0","0","0x00000000","0x00000001","0x000001B4","0x00000001","0x00000000","0x0000006B","0x00000000","0x00000000","0x00000000","0x00000000","0x00000000","0x00000000","0x00000000","0x00000000","0x00000000","0x00000000","0x00000000","0x00000000","0x00000000","0x00000000","0x00000000","0x00000000","0x00000000","0x00000000","0x04000000","0x00000000","0x00000000","0x00000001","0xFFFFFFFF","0x00000080","0x00000260","0x00000054","0","0","0","0","0","0","0","0","0x8","0x3","0x0","0xF","1","1","1","1","1","0","0","0","1","0","0","1","0x20","0x18","0x20","0x18","0xA","0xF","0xE","0xB","0","0","0","0xA","0x58E00008","0x58E00008","0x58E00008","0x58E00008","0x58E00008","0x38200000","0x1618D000","0x1618D000","0x0B","0x0B","0x0B","0x0B","0x0B","0x0A","0x0A","0x0A","0x000","0x000","0x000","0x000","0x000","0x000","0x000","0x900","0x00","0x00","0x00","0x20","0x20","0x20","0x20","0x0A","0x20","0x20","0x20","0x20","0x20","0x20","0x20","0x20","0x20","0x20","0x20","0x20","0x20","0x20","0x20","0x20","0x20","0x20","0x20","0x20","0x20","0x20","0x20","0x20","0x20","0x20","0x20"
"294","0xA","0xB","0b0000100000000000","0b0000010000000000","0","0","0b0000000000000000","0b0000000000000000","0b0000000000000000","0b0000010000000000","1","0b0000100000000000","0b0000010000000000","0x00000094","0x72E00008","1","0","0x00000080","0","0","0","0x00000000","0x00000001","0x000001B4","0x00000001","0x00000000","0x0000006B","0x00000000","0x00000000","0x00000000","0x00000000","0x00000000","0x00000000","0x00000000","0x00000000","0x00000000","0x00000000","0x00000000","0x00000000","0x00000000","0x00000000","0x00000000","0x00000000","0x00000000","0x00000000","0x04000000","0x00000000","0x00000000","0x00000001","0xFFFFFFFF","0x00000080","0x00000260","0x00000054","0","0","0","0","0","0","0","0","0x8","0x3","0x0","0xF","1","1","1","1","1","0","0","0","1","0","0","1","0x20","0x18","0x20","0x18","0xA","0xF","0xE","0xB","0","0","0","0xA","0x58E00008","0x58E00008","0x58E00008","0x58E00008","0x58E00008","0x38200000","0x1618D000","0x1618D000","0x0B","0x0B","0x0B","0x0B","0x0B","0x0A","0x0A","0x0A","0x000","0x000","0x000","0x000","0x000","0x000","0x000","0x900","0x00","0x00","0x00","0x20","0x20","0x20","0x20","0x0A","0x20","0x20","0x20","0x20","0x20","0x20","0x20","0x20","0x20","0x20","0x20","0x20","0x20","0x20","0x20","0x20","0x20","0x20","0x20","0x20","0x20","0x20","0x20","0x20","0x20","0x20","0x20"
"295","0xA","0xB","0b0000110000000000","0b0000010000000000","0","1","0b0000000000000000","0b0000010000000000","0b0000000000000000","0b0000000000000000","0","0b0000110000000000","0b0000000000000000","0x00000094","0x72E00008","1","0","0x00000080","0","0","0","0x00000000","0x00000001","0x000001B4","0x00000001","0x00000000","0x0000006B","0x00000000","0x00000000","0x00000000","0x00000000","0x00000000","0x00000000","0x00000000","0x00000000","0x00000000","0x00000000","0x00000000","0x00000000","0x00000000","0x00000000","0x00000000","0x00000000","0x00000000","0x00000000","0x04000000","0x00000000","0x00000000","0x00000001","0xFFFFFFFF","0x00000080","0x00000260","0x00000054","0","0","0","0","0","0","0","0","0x8","0x3","0x0","0xF","1","1","1","1","1","0","0","0","1","0","0","1","0x20","0x18","0x20","0x18","0xA","0xF","0xE","0xB","0","0","0","0xA","0x58E00008","0x58E00008","0x58E00008","0x58E00008","0x58E00008","0x58E00008","0x38200000","0x1618D000","0x0B","0x0B","0x0B","0x0B","0x0B","0x0B","0x0A","0x0A","0x000","0x000","0x000","0x000","0x000","0x000","0x000","0x000","0x00","0x00","0x00","0x20","0x20","0x20","0x20","0x0A","0x20","0x20","0x20","0x20","0x20","0x20","0x20","0x20","0x20","0x20","0x20","0x20","0x20","0x20","0x20","0x20","0x20","0x20","0x20","0x20","0x20","0x20","0x20","0x20","0x20","0x20","0x20"
"296","0xA","0xB","0b0000110000000000","0b0000010000000000","0","1","0b0000000000000000","0b0000010000000000","0b0000000000000000","0b0000000000000000","1","0b0000110000000000","0b0000000000000000","0x00000095","0x72E00008","1","0","0x00000081","0","0","0","0x00000000","0x00000001","0x000001B4","0x00000001","0x00000031","0x0000006B","0x00000000","0x00000000","0x00000000","0x00000000","0x00000000","0x00000000","0x00000000","0x00000000","0x00000000","0x00000000","0x00000000","0x00000000","0x00000000","0x00000000","0x00000000","0x00000000","0x00000000","0x00000000","0x04000000","0x00000000","0x00000000","0x00000001","0xFFFFFFFF","0x00000080","0x00000260","0x00000054","0","0","0","0","0","0","0","0","0x8","0x3","0x0","0xF","0","1","1","1","0","0","0","0","0","0","0","1","0x20","0x18","0x20","0x18","0xA","0xF","0xE","0xB","1","0","0","0xA","0x58E00008","0x58E00008","0x58E00008","0x58E00008","0x58E00008","0x58E00008","0x38200000","0x1618D000","0x0B","0x0B","0x0B","0x0B","0x0B","0x0B","0x0A","0x0A","0x000","0x000","0x000","0x000","0x000","0x000","0x000","0x000","0x00","0x00","0x00","0x20","0x20","0x20","0x20","0x0A","0x20","0x20","0x20","0x20","0x20","0x20","0x20","0x20","0x20","0x20","0x20","0x20","0x20","0x20","0x20","0x20","0x20","0x20","0x20","0x20","0x20","0x20","0x20","0x20","0x20","0x20","0x20"
"297","0xC","0xD","0b0000100000000000","0b0000000000000000","0","0","0b0000000000000000","0b0000000000000000","0b0000000000000000","0b0000000000000000","0","0b0000100000000000","0b0000000000000000","0x00000095","0x72E00008","1","0","0x00000081","1","0","0","0x00000000","0x00000001","0x000001B4","0x00000001","0x00000031","0x0000006B","0x00000000","0x00000000","0x00000000","0x00000000","0x00000000","0x00000000","0x00000000","0x00000000","0x00000000","0x00000000","0x00000000","0x00000000","0x00000000","0x00000000","0x00000000","0x00000000","0x00000000","0x00000000","0x04000000","0x00000000","0x00000000","0x00000001","0xFFFFFFFF","0x00000080","0x00000260","0x00000054","0","0","0","0","0","0","0","0","0x8","0x3","0x0","0xF","0","1","1","1","0","0","0","0","0","0","0","1","0x20","0x18","0x20","0x18","0xA","0xF","0xE","0xB","1","0","0","0xA","0x58E00008","0x58E00008","0x58E00008","0x58E00008","0x58E00008","0x58E00008","0x58E00008","0x38200000","0x0B","0x0B","0x0B","0x0B","0x0B","0x0B","0x0B","0x0A","0x000","0x000","0x000","0x000","0x000","0x000","0x000","0x000","0x00","0x00","0x00","0x20","0x20","0x20","0x20","0x20","0x20","0x20","0x20","0x20","0x20","0x20","0x20","0x20","0x20","0x20","0x20","0x20","0x20","0x20","0x20","0x20","0x20","0x20","0x20","0x20","0x20","0x20","0x20","0x20","0x20","0x20","0x20"
"298","0xC","0xD","0b0000100000000000","0b0000000000000000","0","0","0b0000000000000000","0b0000000000000000","0b0000000000000000","0b0000000000000000","1","0b0000100000000000","0b0000000000000000","0x00000096","0x72E00008","1","0","0x00000082","1","0","0","0x00000000","0x00000001","0x000001B4","0x00000001","0x00000031","0x0000006B","0x00000000","0x00000000","0x00000000","0x00000000","0x00000000","0x00000000","0x00000000","0x00000000","0x00000000","0x00000000","0x00000000","0x00000000","0x00000000","0x00000000","0x00000000","0x00000000","0x00000000","0x00000000","0x04000000","0x00000000","0x00000000","0x00000001","0xFFFFFFFF","0x00000090","0x00000260","0x00000054","0","0","0","0","0","0","0","1","0x8","0x3","0x0","0xB","0","1","1","1","0","0","0","0","0","0","0","1","0x20","0x18","0x20","0x18","0xA","0xF","0xE","0xB","1","0","0","0xA","0x58E00008","0x58E00008","0x58E00008","0x58E00008","0x58E00008","0x58E00008","0x58E00008","0x38200000","0x0B","0x0B","0x0B","0x0B","0x0B","0x0B","0x0B","0x0A","0x000","0x000","0x000","0x000","0x000","0x000","0x000","0x000","0x00","0x00","0x00","0x20","0x20","0x20","0x20","0x20","0x20","0x20","0x20","0x20","0x20","0x20","0x20","0x20","0x20","0x20","0x20","0x20","0x20","0x20","0x20","0x20","0x20","0x20","0x20","0x20","0x20","0x20","0x20","0x20","0x20","0x20","0x20"
"299","0xC","0xD","0b0000100000000000","0b0000100000000000","0","0","0b0000000000000000","0b0000000000000000","0b0000000000000000","0b0000000000000000","0","0b0000100000000000","0b0000000000000000","0x00000096","0x58E00008","1","0","0x00000082","1","0","0","0x00000000","0x00000001","0x000001B4","0x00000001","0x00000031","0x0000006B","0x00000000","0x00000000","0x00000000","0x00000000","0x00000000","0x00000000","0x00000000","0x00000000","0x00000000","0x00000000","0x00000000","0x00000000","0x00000000","0x00000000","0x00000000","0x00000000","0x00000000","0x00000000","0x04000000","0x00000000","0x00000000","0x00000001","0xFFFFFFFF","0x00000090","0x00000260","0x00000054","0","0","0","0","0","0","0","1","0x8","0x3","0x0","0xB","0","1","1","1","0","0","0","0","0","0","0","1","0x20","0x18","0x20","0x18","0xA","0xF","0xE","0xB","1","0","0","0xA","0x58E00008","0x58E00008","0x58E00008","0x58E00008","0x58E00008","0x58E00008","0x58E00008","0x58E00008","0x0B","0x0B","0x0B","0x0B","0x0B","0x0B","0x0B","0x0B","0x000","0x000","0x000","0x000","0x000","0x000","0x000","0x000","0x00","0x01","0x01","0x20","0x20","0x20","0x20","0x20","0x20","0x20","0x20","0x20","0x20","0x20","0x20","0x20","0x20","0x20","0x20","0x20","0x20","0x20","0x20","0x20","0x20","0x20","0x20","0x20","0x20","0x20","0x20","0x20","0x20","0x20","0x20"
"300","0xC","0xD","0b0000100000000000","0b0000100000000000","0","0","0b0000000000000000","0b0000000000000000","0b0000000000000000","0b0000000000000000","1","0b0000100000000000","0b0000000000000000","0x00000097","0x58E00008","1","0","0x00000083","1","0","0","0x00000000","0x00000001","0x000001B4","0x00000001","0x00000031","0x0000006B","0x00000000","0x00000000","0x00000000","0x00000000","0x00000000","0x00000000","0x00000000","0x00000000","0x00000000","0x00000000","0x00000000","0x00000000","0x00000000","0x00000000","0x00000000","0x00000000","0x00000000","0x00000000","0x04000000","0x00000000","0x00000000","0x00000001","0xFFFFFFFF","0x00000090","0x00000260","0x00000054","0","0","0","0","0","0","1","1","0x8","0x3","0xC","0xB","0","1","1","1","0","0","0","0","0","0","0","1","0x20","0x18","0x20","0x18","0xA","0xF","0xE","0xB","1","0","0","0xA","0x58E00008","0x58E00008","0x58E00008","0x58E00008","0x58E00008","0x58E00008","0x58E00008","0x58E00008","0x0B","0x0B","0x0B","0x0B","0x0B","0x0B","0x0B","0x0B","0x000","0x000","0x000","0x000","0x000","0x000","0x000","0x000","0x00","0x01","0x01","0x20","0x20","0x20","0x20","0x20","0x20","0x20","0x20","0x20","0x20","0x20","0x20","0x20","0x20","0x20","0x20","0x20","0x20","0x20","0x20","0x20","0x20","0x20","0x20","0x20","0x20","0x20","0x20","0x20","0x20","0x20","0x20"
"301","0xC","0xD","0b0000100000000000","0b0001100000000000","0","0","0b0000000000000000","0b0000000000000000","0b0000000000000000","0b0000100000000000","0","0b0000100000000000","0b0000100000000000","0x00000097","0x5828000C","1","0","0x00000083","1","0","0","0x00000000","0x00000001","0x000001B4","0x00000001","0x00000031","0x0000006B","0x00000000","0x00000000","0x00000000","0x00000000","0x00000000","0x00000000","0x00000000","0x00000000","0x00000000","0x00000000","0x00000000","0x00000000","0x00000000","0x00000000","0x00000000","0x00000000","0x00000000","0x00000000","0x04000000","0x00000000","0x00000000","0x00000001","0xFFFFFFFF","0x00000094","0x00000260","0x00000054","0","0","0","0","0","0","1","1","0x8","0x3","0xC","0xB","0","1","1","1","0","0","0","0","0","0","0","1","0x20","0x18","0x20","0x18","0xA","0xF","0xE","0xB","0","0","0","0xB","0x5828000C","0x58E00008","0x58E00008","0x58E00008","0x58E00008","0x58E00008","0x58E00008","0x58E00008","0x0C","0x0B","0x0B","0x0B","0x0B","0x0B","0x0B","0x0B","0x000","0x000","0x000","0x000","0x000","0x000","0x000","0x000","0x00","0x01","0x01","0x20","0x20","0x20","0x20","0x20","0x20","0x20","0x20","0x20","0x20","0x20","0x20","0x20","0x20","0x20","0x20","0x20","0x20","0x20","0x20","0x20","0x20","0x20","0x20","0x20","0x20","0x20","0x20","0x20","0x20","0x20","0x20"
"302","0xC","0xD","0b0000100000000000","0b0001100000000000","0","0","0b0000000000000000","0b0000000000000000","0b0000000000000000","0b0000100000000000","1","0b0000100000000000","0b0000100000000000","0x00000098","0x5828000C","1","0","0x00000084","1","0","0","0x00000000","0x00000001","0x000001B4","0x00000001","0x00000031","0x0000006B","0x00000000","0x00000000","0x00000000","0x00000000","0x00000000","0x00000000","0x00000000","0x00000000","0x00000000","0x00000000","0x00000000","0x00000000","0x00000000","0x00000000","0x00000000","0x00000000","0x00000000","0x00000000","0x04000000","0x00000000","0x00000000","0x00000001","0xFFFFFFFF","0x00000094","0x00000260","0x00000054","0","0","0","0","0","0","1","1","0x8","0x3","0xC","0xB","0","1","1","1","0","0","0","0","0","0","0","1","0x20","0x18","0x20","0x18","0xA","0xF","0xE","0xB","0","0","0","0xB","0x5828000C","0x58E00008","0x58E00008","0x58E00008","0x58E00008","0x58E00008","0x58E00008","0x58E00008","0x0C","0x0B","0x0B","0x0B","0x0B","0x0B","0x0B","0x0B","0x000","0x000","0x000","0x000","0x000","0x000","0x000","0x000","0x00","0x01","0x01","0x20","0x20","0x20","0x20","0x20","0x20","0x20","0x20","0x20","0x20","0x20","0x20","0x20","0x20","0x20","0x20","0x20","0x20","0x20","0x20","0x20","0x20","0x20","0x20","0x20","0x20","0x20","0x20","0x20","0x20","0x20","0x20"
"303","0xC","0xD","0b0000100000000000","0b0011100000000000","0","0","0b0000000000000000","0b0000000000000000","0b0000000000000000","0b0001000000000000","0","0b0000100000000000","0b0001000000000000","0x00000098","0x1720000A","1","0","0x00000084","1","0","0","0x00000000","0x00000001","0x000001B4","0x00000001","0x00000031","0x0000006B","0x00000000","0x00000000","0x00000000","0x00000000","0x00000000","0x00000000","0x00000000","0x00000000","0x00000000","0x00000000","0x00000000","0x00000000","0x00000000","0x00000000","0x00000000","0x00000000","0x00000000","0x00000000","0x04000000","0x00000000","0x00000000","0x00000001","0xFFFFFFFF","0x00000098","0x00000260","0x00000054","0","0","0","0","0","0","1","1","0x8","0x3","0xC","0xB","0","1","1","1","0","0","0","0","0","0","0","1","0x20","0x18","0x20","0x18","0xA","0xF","0xE","0xB","1","0","0","0xC","0x1720000A","0x5828000C","0x58E00008","0x58E00008","0x58E00008","0x58E00008","0x58E00008","0x58E00008","0x0D","0x0C","0x0B","0x0B","0x0B","0x0B","0x0B","0x0B","0x000","0x000","0x000","0x000","0x000","0x000","0x000","0x000","0x00","0x01","0x01","0x20","0x20","0x20","0x20","0x20","0x20","0x20","0x20","0x20","0x20","0x20","0x20","0x20","0x20","0x20","0x20","0x20","0x20","0x20","0x20","0x20","0x20","0x20","0x20","0x20","0x20","0x20","0x20","0x20","0x20","0x20","0x0D"
"304","0xC","0xD","0b0000100000000000","0b0011100000000000","0","0","0b0000000000000000","0b0000000000000000","0b0000000000000000","0b0001000000000000","1","0b0000100000000000","0b0001000000000000","0x00000099","0x1720000A","1","0","0x00000085","1","0","0","0x00000000","0x00000001","0x000001B4","0x00000001","0x00000031","0x0000006B","0x00000000","0x00000000","0x00000000","0x00000000","0x00000000","0x00000000","0x00000000","0x00000000","0x00000000","0x00000000","0x00000000","0x00000000","0x00000000","0x00000000","0x00000000","0x00000000","0x00000000","0x00000000","0x04000000","0x00000000","0x00000000","0x00000001","0xFFFFFFFF","0x00000098","0x00000260","0x00000054","0","0","0","0","0","0","1","1","0x8","0x3","0xC","0xB","0","1","1","1","0","0","0","0","0","0","0","1","0x20","0x18","0x20","0x18","0xA","0xF","0xE","0xB","1","0","0","0xC","0x1720000A","0x5828000C","0x58E00008","0x58E00008","0x58E00008","0x58E00008","0x58E00008","0x58E00008","0x0D","0x0C","0x0B","0x0B","0x0B","0x0B","0x0B","0x0B","0x000","0x000","0x000","0x000","0x000","0x000","0x000","0x000","0x00","0x01","0x01","0x20","0x20","0x20","0x20","0x20","0x20","0x20","0x20","0x20","0x20","0x20","0x20","0x20","0x20","0x20","0x20","0x20","0x20","0x20","0x20","0x20","0x20","0x20","0x20","0x20","0x20","0x20","0x20","0x20","0x20","0x20","0x0D"
"305","0xC","0xD","0b0001100000000000","0b0111100000000000","0","1","0b0000000000000000","0b0001000000000000","0b0000000000000000","0b0000000000000000","0","0b0001100000000000","0b0000000000000000","0x00000099","0x72D000B8","1","0","0x00000085","1","0","0","0x00000000","0x00000001","0x000001B4","0x00000001","0x00000031","0x0000006B","0x00000000","0x00000000","0x00000000","0x00000000","0x00000000","0x00000000","0x00000000","0x00000000","0x00000000","0x00000000","0x00000000","0x00000000","0x00000000","0x00000000","0x00000000","0x00000000","0x00000000","0x00000000","0x04000000","0x00000000","0x00000000","0x00000001","0xFFFFFFFF","0x0000009C","0x00000260","0x00000054","0","0","0","0","0","0","1","1","0x8","0x3","0xC","0xB","0","1","1","1","0","0","0","0","0","0","0","1","0x20","0x18","0x20","0x18","0xA","0xF","0xE","0xB","1","0","0","0xC","0x60D000B8","0x1720000A","0x5828000C","0x58E00008","0x58E00008","0x58E00008","0x58E00008","0x58E00008","0x0E","0x0D","0x0C","0x0B","0x0B","0x0B","0x0B","0x0B","0x00D","0x000","0x000","0x000","0x000","0x000","0x000","0x000","0x00","0x00","0x01","0x20","0x20","0x20","0x20","0x20","0x20","0x20","0x20","0x20","0x20","0x20","0x20","0x20","0x20","0x20","0x20","0x20","0x20","0x20","0x20","0x20","0x20","0x20","0x20","0x20","0x20","0x20","0x20","0x20","0x20","0x20","0x0D"
"306","0xC","0xD","0b0001100000000000","0b0111100000000000","0","1","0b0000000000000000","0b0001000000000000","0b0000000000000000","0b0000000000000000","1","0b0001100000000000","0b0000000000000000","0x0000009A","0x72D000B8","1","0","0x00000086","1","0","0","0x00000000","0x00000001","0x000001B4","0x00000001","0x00000031","0x0000006B","0x00000000","0x00000000","0x00000000","0x00000000","0x00000000","0x00000000","0x00000000","0x00000000","0x00000000","0x00000000","0x00000000","0x00000000","0x00000000","0x00000000","0x00000000","0x00000000","0x00000000","0x00000000","0x04000000","0x00000000","0x00000000","0x00000001","0xFFFFFFFF","0x0000009C","0x00000260","0x00000054","0","0","1","0","0","1","1","1","0x8","0xF","0xC","0xB","0","1","1","1","0","0","0","0","0","0","0","1","0x20","0x18","0x20","0x18","0xA","0xF","0xE","0xB","1","0","0","0xC","0x60D000B8","0x1720000A","0x5828000C","0x58E00008","0x58E00008","0x58E00008","0x58E00008","0x58E00008","0x0E","0x0D","0x0C","0x0B","0x0B","0x0B","0x0B","0x0B","0x00D","0x000","0x000","0x000","0x000","0x000","0x000","0x000","0x00","0x00","0x01","0x20","0x20","0x20","0x20","0x20","0x20","0x20","0x20","0x20","0x20","0x20","0x20","0x20","0x20","0x20","0x20","0x20","0x20","0x20","0x20","0x20","0x20","0x20","0x20","0x20","0x20","0x20","0x20","0x20","0x20","0x20","0x0D"
"307","0xD","0xE","0b0000100000000000","0b1110100000000000","0","0","0b0000000000000000","0b0000000000000000","0b0000000000000000","0b0000000000000000","0","0b0000100000000000","0b0000000000000000","0x0000009A","0x42200000","1","0","0x00000086","1","0","0","0x00000000","0x00000001","0x000001B4","0x00000001","0x00000031","0x0000006B","0x00000000","0x00000000","0x00000000","0x00000000","0x00000000","0x00000000","0x00000000","0x00000000","0x00000000","0x00000000","0x00000000","0x00000000","0x00000000","0x00000000","0x00000000","0x00000000","0x00000000","0x00000000","0x04000000","0x00000000","0x00000000","0x00000001","0xFFFFFFFF","0x000000A0","0x00000260","0x00000054","0","0","1","0","0","1","1","1","0x8","0xF","0xC","0xB","0","1","1","1","0","0","0","0","0","0","0","1","0x20","0x18","0x20","0x18","0xA","0xF","0xE","0xB","1","0","0","0xC","0x42200000","0x60D000B8","0x1720000A","0x5828000C","0x58E00008","0x58E00008","0x58E00008","0x58E00008","0x0F","0x0E","0x0D","0x0C","0x0B","0x0B","0x0B","0x0B","0x000","0x00D","0x000","0x000","0x000","0x000","0x000","0x000","0x00","0x01","0x03","0x20","0x20","0x20","0x20","0x20","0x20","0x20","0x20","0x20","0x20","0x20","0x20","0x20","0x20","0x20","0x20","0x20","0x20","0x20","0x20","0x20","0x20","0x20","0x20","0x20","0x20","0x20","0x20","0x20","0x20","0x20","0x0D"
"308","0xD","0xE","0b0000100000000000","0b1110100000000000","0","0","0b0000000000000000","0b0000000000000000","0b0000000000000000","0b0000000000000000","1","0b0000100000000000","0b0000000000000000","0x0000009B","0x42200000","1","0","0x00000087","1","0","0","0x00000000","0x00000001","0x000001B4","0x00000001","0x00000031","0x0000006B","0x00000000","0x00000000","0x00000000","0x00000000","0x00000000","0x00000000","0x00000000","0x00000000","0x00000000","0x00000000","0x00000000","0x00000000","0x00000000","0x00000000","0x00000000","0x00000000","0x00000000","0x00000000","0x04000000","0x00000000","0x00000000","0x00000001","0xFFFFFFFF","0x000000A0","0x00000260","0x00000054","0","0","1","0","0","1","1","1","0x8","0xF","0xC","0xB","0","1","1","1","0","0","0","0","0","0","0","1","0x20","0x18","0x20","0x18","0xA","0xF","0xE","0xB","1","0","0","0xC","0x42200000","0x60D000B8","0x1720000A","0x5828000C","0x58E00008","0x58E00008","0x58E00008","0x58E00008","0x0F","0x0E","0x0D","0x0C","0x0B","0x0B","0x0B","0x0B","0x000","0x00D","0x000","0x000","0x000","0x000","0x000","0x000","0x00","0x01","0x03","0x20","0x20","0x20","0x20","0x20","0x20","0x20","0x20","0x20","0x20","0x20","0x20","0x20","0x20","0x20","0x20","0x20","0x20","0x20","0x20","0x20","0x20","0x20","0x20","0x20","0x20","0x20","0x20","0x20","0x20","0x20","0x0D"
"309","0xD","0xE","0b0000100000000000","0b1110100000000001","0","0","0b0000000000000000","0b0000000000000000","0b0000000000000000","0b1010000000000000","0","0b0000100000000000","0b1010000000000000","0x0000009B","0x02100004","1","0","0x00000087","1","0","0","0x00000000","0x00000001","0x000001B4","0x00000001","0x00000031","0x0000006B","0x00000000","0x00000000","0x00000000","0x00000000","0x00000000","0x00000000","0x00000000","0x00000000","0x00000000","0x00000000","0x00000000","0x00000000","0x00000000","0x00000000","0x00000000","0x00000000","0x00000000","0x00000000","0x04000000","0x00000000","0x00000000","0x00000001","0xFFFFFFFF","0x000000A4","0x00000260","0x00000054","0","0","1","0","0","1","1","1","0x8","0xF","0xC","0xB","0","1","1","1","0","0","0","0","0","0","0","1","0x20","0x18","0x20","0x18","0xA","0xF","0xE","0xB","0","0","0","0xF","0x02100004","0x42200000","0x60D000B8","0x1720000A","0x5828000C","0x58E00008","0x58E00008","0x58E00008","0x10","0x0F","0x0E","0x0D","0x0C","0x0B","0x0B","0x0B","0x000","0x000","0x00D","0x000","0x000","0x000","0x000","0x000","0x00","0x01","0x05","0x20","0x20","0x10","0x20","0x20","0x20","0x20","0x20","0x20","0x20","0x20","0x20","0x20","0x20","0x20","0x20","0x20","0x20","0x20","0x20","0x20","0x20","0x20","0x20","0x20","0x20","0x20","0x20","0x20","0x20","0x20","0x10"
"310","0xD","0xE","0b0000100000000000","0b1110100000000001","0","0","0b0000000000000000","0b0000000000000000","0b0000000000000000","0b1010000000000000","1","0b0000100000000000","0b1010000000000000","0x0000009C","0x02100004","1","0","0x00000088","1","0","0","0x00000000","0x00000001","0x000001B4","0x00000001","0x00000031","0x0000006B","0x00000000","0x00000000","0x00000000","0x00000000","0x00000000","0x00000000","0x00000000","0x00000000","0x00000000","0x00000000","0x00000000","0x00000000","0x00000000","0x00000000","0x00000000","0x00000000","0x00000000","0x00000000","0x04000000","0x00000000","0x00000000","0x00000001","0xFFFFFFFF","0x000000A4","0x00000260","0x00000054","0","0","1","0","0","1","1","1","0x8","0xF","0xC","0xB","0","1","1","1","0","0","0","0","0","0","0","1","0x20","0x18","0x20","0x18","0xA","0xF","0xE","0xB","0","0","0","0xF","0x02100004","0x42200000","0x60D000B8","0x1720000A","0x5828000C","0x58E00008","0x58E00008","0x58E00008","0x10","0x0F","0x0E","0x0D","0x0C","0x0B","0x0B","0x0B","0x000","0x000","0x00D","0x000","0x000","0x000","0x000","0x000","0x00","0x01","0x05","0x20","0x20","0x10","0x20","0x20","0x20","0x20","0x20","0x20","0x20","0x20","0x20","0x20","0x20","0x20","0x20","0x20","0x20","0x20","0x20","0x20","0x20","0x20","0x20","0x20","0x20","0x20","0x20","0x20","0x20","0x20","0x10"
"311","0xD","0xE","0b1010100000000000","0b1110100000000011","0","1","0b0000000000000000","0b0010000000000000","0b0000000000000000","0b0000000000000000","0","0b1010100000000000","0b0000000000000000","0x0000009C","0x02080001","1","0","0x00000088","1","0","0","0x00000000","0x00000001","0x000001B4","0x00000001","0x00000031","0x0000006B","0x00000000","0x00000000","0x00000000","0x00000000","0x00000000","0x00000000","0x00000000","0x00000000","0x00000000","0x00000000","0x00000000","0x00000000","0x00000000","0x00000000","0x00000000","0x00000000","0x00000000","0x00000000","0x04000000","0x00000000","0x00000000","0x00000001","0xFFFFFFFF","0x000000A8","0x00000260","0x00000054","0","0","1","0","0","1","1","1","0x8","0xF","0xC","0xB","0","1","1","1","0","0","0","0","0","0","0","1","0x20","0x18","0x20","0x18","0xA","0xF","0xE","0xB","0","0","0","0xF","0x02080001","0x02100004","0x42200000","0x60D000B8","0x1720000A","0x5828000C","0x58E00008","0x58E00008","0x11","0x10","0x0F","0x0E","0x0D","0x0C","0x0B","0x0B","0x000","0x000","0x000","0x00D","0x000","0x000","0x000","0x000","0x00","0x01","0x09","0x20","0x11","0x10","0x20","0x20","0x20","0x20","0x20","0x20","0x20","0x20","0x20","0x20","0x20","0x20","0x20","0x20","0x20","0x20","0x20","0x20","0x20","0x20","0x20","0x20","0x20","0x20","0x20","0x20","0x20","0x20","0x11"
"312","0xD","0xE","0b1010100000000000","0b1110100000000011","0","1","0b0000000000000000","0b0010000000000000","0b0000000000000000","0b0000000000000000","1","0b1010100000000000","0b0000000000000000","0x0000009D","0x02080001","1","0","0x00000089","1","0","0","0x00000000","0x00000001","0x000001B4","0x00000001","0x00000031","0x0000006B","0x00000000","0x00000000","0x00000000","0x00000000","0x00000000","0x00000000","0x00000000","0x00000000","0x00000000","0x00000000","0x00000000","0x00000000","0x00000000","0x00000000","0x00000000","0x00000000","0x00000000","0x00000000","0x04000000","0x00000000","0x00000000","0x00000001","0xFFFFFFFF","0x000000A8","0x00000260","0x00000044","0","0","1","0","0","1","1","1","0x8","0xF","0xC","0xB","0","1","1","1","0","0","0","0","0","0","0","1","0x20","0x18","0x20","0x18","0xA","0xF","0xE","0xB","0","0","0","0xF","0x02080001","0x02100004","0x42200000","0x60D000B8","0x1720000A","0x5828000C","0x58E00008","0x58E00008","0x11","0x10","0x0F","0x0E","0x0D","0x0C","0x0B","0x0B","0x000","0x000","0x000","0x00D","0x000","0x000","0x000","0x000","0x00","0x01","0x09","0x20","0x11","0x10","0x20","0x20","0x20","0x20","0x20","0x20","0x20","0x20","0x20","0x20","0x20","0x20","0x20","0x20","0x20","0x20","0x20","0x20","0x20","0x20","0x20","0x20","0x20","0x20","0x20","0x20","0x20","0x20","0x11"
"313","0xE","0xF","0b1000100000000000","0b1100100000000111","0","0","0b0000000000000000","0b0000000000000000","0b0000000000000000","0b0000000000000000","0","0b1000100000000000","0b0000000000000000","0x0000009D","0x60D000B8","1","0","0x00000089","1","0","0","0x00000000","0x00000001","0x000001B4","0x00000001","0x00000031","0x0000006B","0x00000000","0x00000000","0x00000000","0x00000000","0x00000000","0x00000000","0x00000000","0x00000000","0x00000000","0x00000000","0x00000000","0x00000000","0x00000000","0x00000000","0x00000000","0x00000000","0x00000000","0x00000000","0x04000000","0x00000000","0x00000000","0x00000001","0xFFFFFFFF","0x0000009C","0x00000260","0x00000044","0","0","1","0","0","1","1","1","0x8","0xF","0xC","0xB","0","1","1","1","0","0","0","0","0","0","0","1","0x20","0x18","0x20","0x18","0xA","0xF","0xE","0xB","0","0","0","0xF","0x17080014","0x02080001","0x02100004","0x42200000","0x60D000B8","0x1720000A","0x5828000C","0x58E00008","0x12","0x11","0x10","0x0F","0x0E","0x0D","0x0C","0x0B","0x100","0x000","0x000","0x000","0x00D","0x000","0x000","0x000","0x00","0x10","0x11","0x20","0x11","0x10","0x20","0x20","0x20","0x20","0x20","0x20","0x20","0x20","0x20","0x20","0x20","0x20","0x20","0x20","0x20","0x20","0x20","0x20","0x20","0x20","0x20","0x20","0x20","0x20","0x20","0x20","0x20","0x20","0x12"
"314","0xE","0xF","0b1000100000000000","0b1100100000000111","0","0","0b0000000000000000","0b0000000000000000","0b0000000000000000","0b0000000000000000","1","0b1000100000000000","0b0000000000000000","0x0000009E","0x60D000B8","1","0","0x0000008A","1","0","0","0x00000000","0x00000001","0x000001B4","0x00000001","0x00000031","0x0000006B","0x00000000","0x00000000","0x00000000","0x00000000","0x00000000","0x00000000","0x00000000","0x00000000","0x00000000","0x00000000","0x00000000","0x00000000","0x00000000","0x00000000","0x00000000","0x00000000","0x00000000","0x00000000","0x04000000","0x00000000","0x00000000","0x00000001","0xFFFFFFFF","0x0000009C","0x00000260","0x00000044","0","0","1","0","0","1","1","1","0x8","0xF","0xC","0xB","0","1","1","1","0","0","0","0","0","0","0","1","0x20","0x18","0x20","0x18","0xA","0xF","0xE","0xB","0","0","0","0xF","0x17080014","0x02080001","0x02100004","0x42200000","0x60D000B8","0x1720000A","0x5828000C","0x58E00008","0x12","0x11","0x10","0x0F","0x0E","0x0D","0x0C","0x0B","0x100","0x000","0x000","0x000","0x00D","0x000","0x000","0x000","0x00","0x10","0x11","0x20","0x11","0x10","0x20","0x20","0x20","0x20","0x20","0x20","0x20","0x20","0x20","0x20","0x20","0x20","0x20","0x20","0x20","0x20","0x20","0x20","0x20","0x20","0x20","0x20","0x20","0x20","0x20","0x20","0x20","0x20","0x12"
"315","0xE","0xF","0b1000100000000000","0b1100100000001111","0","0","0b0000000000000000","0b0000000000000000","0b0000000000000000","0b0100000000000001","0","0b1000100000000000","0b0100000000000001","0x0000009E","0x72D000B8","1","0","0x0000008A","1","0","0","0x00000000","0x00000001","0x000001B4","0x00000001","0x00000031","0x0000006B","0x00000000","0x00000000","0x00000000","0x00000000","0x00000000","0x00000000","0x00000000","0x00000000","0x00000000","0x00000000","0x00000000","0x00000000","0x00000000","0x00000000","0x00000000","0x00000000","0x00000000","0x00000000","0x04000000","0x00000000","0x00000000","0x00000001","0xFFFFFFFF","0x000000B0","0x00000260","0x00000044","0","0","1","0","0","1","1","1","0x8","0xF","0xC","0xB","0","1","1","1","0","0","0","0","0","0","0","1","0x20","0x18","0x20","0x18","0xA","0xF","0xE","0xB","0","0","0","0xF","0x60D000B8","0x17080014","0x02080001","0x02100004","0x42200000","0x60D000B8","0x1720000A","0x5828000C","0x13","0x12","0x11","0x10","0x0F","0x0E","0x0D","0x0C","0x002","0x100","0x000","0x000","0x000","0x00D","0x000","0x000","0x00","0x00","0x03","0x20","0x11","0x10","0x20","0x20","0x20","0x20","0x20","0x20","0x20","0x20","0x20","0x20","0x20","0x20","0x20","0x20","0x20","0x20","0x20","0x20","0x20","0x20","0x20","0x20","0x20","0x20","0x20","0x20","0x20","0x20","0x12"
"316","0xE","0xF","0b1000100000000000","0b1100100000001111","0","0","0b0000000000000000","0b0000000000000000","0b0000000000000000","0b0100000000000001","1","0b1000100000000000","0b0100000000000001","0x0000009F","0x72D000B8","1","0","0x0000008B","1","0","0","0x00000000","0x00000001","0x000001B4","0x00000001","0x00000031","0x0000006B","0x00000000","0x00000000","0x00000000","0x00000000","0x00000000","0x00000000","0x00000000","0x00000000","0x00000000","0x00000000","0x00000000","0x00000000","0x00000000","0x00000000","0x00000000","0x00000000","0x00000000","0x00000000","0x04000000","0x00000000","0x00000000","0x00000001","0xFFFFFFFF","0x000000B0","0x00000260","0x00000044","0","0","1","0","0","1","1","1","0x8","0xF","0xC","0xB","0","1","1","1","0","0","0","0","0","0","0","1","0x20","0x18","0x20","0x18","0xA","0xF","0xE","0xB","0","0","0","0xF","0x60D000B8","0x17080014","0x02080001","0x02100004","0x42200000","0x60D000B8","0x1720000A","0x5828000C","0x13","0x12","0x11","0x10","0x0F","0x0E","0x0D","0x0C","0x002","0x100","0x000","0x000","0x000","0x00D","0x000","0x000","0x00","0x00","0x03","0x20","0x11","0x10","0x20","0x20","0x20","0x20","0x20","0x20","0x20","0x20","0x20","0x20","0x20","0x20","0x20","0x20","0x20","0x20","0x20","0x20","0x20","0x20","0x20","0x20","0x20","0x20","0x20","0x20","0x20","0x20","0x12"
"317","0xE","0xF","0b1100100000000001","0b1100100000011111","1","1","0b1000000000000000","0b0100000000000000","0b0000000000000000","0b0000000000000010","0","0b1100100000000001","0b0000000000000010","0x0000009F","0x66D00080","1","0","0x0000008B","1","1","0","0x00000000","0x00000001","0x000001B4","0x00000001","0x00000031","0x0000006B","0x00000000","0x00000000","0x00000000","0x00000000","0x00000000","0x00000000","0x00000000","0x00000000","0x00000000","0x00000000","0x00000000","0x00000000","0x00000000","0x00000000","0x00000000","0x00000000","0x00000000","0x00000000","0x04000000","0x00000000","0x00000000","0x00000001","0xFFFFFFFF","0x000000B4","0x00000260","0x00000044","0","0","1","0","0","1","1","1","0x8","0xF","0xC","0xB","0","1","1","1","0","0","0","0","0","0","0","1","0x20","0x18","0x20","0x18","0xA","0xF","0xE","0xB","0","0","0","0xF","0x66D00080","0x60D000B8","0x17080014","0x02080001","0x02100004","0x42200000","0x60D000B8","0x1720000A","0x14","0x13","0x12","0x11","0x10","0x0F","0x0E","0x0D","0x000","0x002","0x100","0x000","0x000","0x000","0x00D","0x000","0x00","0x01","0x07","0x20","0x11","0x10","0x20","0x20","0x20","0x20","0x20","0x20","0x20","0x20","0x20","0x20","0x20","0x20","0x20","0x20","0x20","0x20","0x20","0x20","0x20","0x20","0x20","0x20","0x20","0x20","0x20","0x20","0x20","0x20","0x12"
"318","0xE","0xF","0b1100100000000001","0b1100100000011111","1","1","0b1000000000000000","0b0100000000000000","0b0000000000000000","0b0000000000000010","1","0b1100100000000001","0b0000000000000010","0x000000A0","0x66D00080","1","0","0x0000008C","1","1","0","0x00000000","0x00000001","0x000001B4","0x00000001","0x00000031","0x0000006B","0x00000000","0x00000000","0x00000000","0x00000000","0x00000000","0x00000000","0x00000000","0x00000000","0x00000000","0x00000000","0x00000000","0x00000000","0x00000000","0x00000000","0x00000000","0x00000000","0x00000000","0x00000000","0x04000000","0x00000000","0x00000000","0x00000001","0xFFFFFFFF","0x000000B4","0x00000260","0x00000044","0","1","1","0","0","1","1","1","0x8","0xF","0xC","0xB","1","1","1","1","0","0","0","0","0","0","0","1","0x20","0x18","0x20","0x18","0x5","0xF","0xE","0xB","0","0","0","0xF","0x66D00080","0x60D000B8","0x17080014","0x02080001","0x02100004","0x42200000","0x60D000B8","0x1720000A","0x14","0x13","0x12","0x11","0x10","0x0F","0x0E","0x0D","0x000","0x002","0x100","0x000","0x000","0x000","0x00D","0x000","0x00","0x01","0x07","0x20","0x11","0x10","0x20","0x20","0x20","0x20","0x20","0x20","0x20","0x20","0x20","0x20","0x20","0x20","0x20","0x20","0x20","0x20","0x20","0x20","0x20","0x20","0x20","0x20","0x20","0x20","0x20","0x20","0x20","0x20","0x12"
"319","0x0","0x1","0b0000100000000011","0b0000100000111111","1","1","0b0000000000000010","0b0000000000000001","0b0000000000000000","0b0000000000010000","0","0b0000100000000011","0b0000000000010000","0x000000A0","0x38180004","1","0","0x0000008C","0","0","0","0x00000000","0x00000001","0x000001B4","0x00000001","0x00000031","0x0000006B","0x00000000","0x00000000","0x00000000","0x00000000","0x00000000","0x00000000","0x00000000","0x00000000","0x00000000","0x00000000","0x00000000","0x00000000","0x00000000","0x00000000","0x00000000","0x00000000","0x00000000","0x00000000","0x04000000","0x00000000","0x00000000","0x00000001","0xFFFFFFFF","0x00000080","0x00000260","0x00000044","0","1","1","0","0","1","1","1","0x8","0xF","0xC","0xB","1","1","1","1","0","0","0","0","0","0","0","1","0x20","0x18","0x20","0x18","0x5","0xF","0xE","0xB","0","0","0","0xF","0x38180004","0x66D00080","0x60D000B8","0x17080014","0x02080001","0x02100004","0x42200000","0x60D000B8","0x15","0x14","0x13","0x12","0x11","0x10","0x0F","0x0E","0x000","0x000","0x002","0x100","0x000","0x000","0x000","0x00D","0x00","0x01","0x0D","0x20","0x11","0x10","0x15","0x20","0x20","0x20","0x20","0x20","0x20","0x20","0x20","0x20","0x20","0x20","0x20","0x20","0x20","0x20","0x20","0x20","0x20","0x20","0x20","0x20","0x20","0x20","0x20","0x20","0x20","0x20","0x12"
"320","0x0","0x1","0b0000100000000011","0b0000100000111111","1","1","0b0000000000000010","0b0000000000000001","0b0000000000000000","0b0000000000010000","1","0b0000100000000011","0b0000000000010000","0x000000A1","0x38180004","1","0","0x0000008D","0","0","0","0x00000000","0x00000002","0x000001B8","0x00000001","0x00000031","0x0000006B","0x00000000","0x00000000","0x00000000","0x00000000","0x00000000","0x00000000","0x00000000","0x00000000","0x00000000","0x00000000","0x00000000","0x00000000","0x00000000","0x00000000","0x00000000","0x00000000","0x00000000","0x00000000","0x04000000","0x00000000","0x00000000","0x00000001","0xFFFFFFFF","0x00000080","0x00000260","0x00000044","0","1","1","0","0","1","1","1","0x8","0xF","0xC","0xB","1","1","1","1","0","0","0","0","0","0","0","1","0x20","0x18","0x20","0x18","0x5","0xF","0xE","0xB","0","0","0","0xF","0x38180004","0x66D00080","0x60D000B8","0x17080014","0x02080001","0x02100004","0x42200000","0x60D000B8","0x15","0x14","0x13","0x12","0x11","0x10","0x0F","0x0E","0x000","0x000","0x002","0x100","0x000","0x000","0x000","0x00D","0x00","0x01","0x0D","0x20","0x11","0x10","0x15","0x20","0x20","0x20","0x20","0x20","0x20","0x20","0x20","0x20","0x20","0x20","0x20","0x20","0x20","0x20","0x20","0x20","0x20","0x20","0x20","0x20","0x20","0x20","0x20","0x20","0x20","0x20","0x12"
"321","0x2","0x3","0b0000100000010000","0b0000100000111100","0","0","0b0000000000000000","0b0000000000000000","0b0000000000000000","0b0000000000000000","0","0b0000100000010000","0b0000000000000000","0x000000A1","0x17080014","1","0","0x0000008D","0","0","0","0x00000000","0x00000002","0x000001B8","0x00000001","0x00000031","0x0000006B","0x00000000","0x00000000","0x00000000","0x00000000","0x00000000","0x00000000","0x00000000","0x00000000","0x00000000","0x00000000","0x00000000","0x00000000","0x00000000","0x00000000","0x00000000","0x00000000","0x00000000","0x00000000","0x04000000","0x00000000","0x00000000","0x00000001","0xFFFFFFFF","0x000000AC","0x00000260","0x00000044","0","1","1","0","0","1","1","1","0x8","0xF","0xC","0xB","1","1","1","1","0","0","0","0","0","0","0","1","0x20","0x18","0x20","0x18","0x5","0xF","0xE","0xB","0","0","1","0x5","0x1618D000","0x38180004","0x66D00080","0x60D000B8","0x17080014","0x02080001","0x02100004","0x42200000","0x16","0x15","0x14","0x13","0x12","0x11","0x10","0x0F","0x500","0x000","0x000","0x002","0x100","0x000","0x000","0x000","0x00","0x10","0x18","0x20","0x20","0x20","0x15","0x20","0x20","0x20","0x20","0x20","0x20","0x20","0x20","0x20","0x20","0x20","0x20","0x20","0x20","0x20","0x20","0x20","0x20","0x20","0x20","0x20","0x20","0x20","0x20","0x20","0x20","0x20","0x12"
"322","0x2","0x3","0b0000100000010000","0b0000100000111100","0","0","0b0000000000000000","0b0000000000000000","0b0000000000000000","0b0000000000000000","1","0b0000100000010000","0b0000000000000000","0x000000A2","0x17080014","1","0","0x0000008E","0","0","0","0x00000000","0x00000002","0x000001B8","0x00000001","0x00000031","0x0000006B","0x00000000","0x00000000","0x00000000","0x00000000","0x00000000","0x00000000","0x00000000","0x00000000","0x00000000","0x00000000","0x00000000","0x00000000","0x00000000","0x00000000","0x00000000","0x00000000","0x00000000","0x00000000","0x04000000","0x00000000","0x00000000","0x00000001","0xFFFFFFFF","0x000000AC","0x00000260","0x00000044","0","1","1","0","0","1","1","1","0x8","0xF","0xC","0xB","1","1","1","1","1","0","0","0","0","0","0","1","0x18","0x18","0x20","0x18","0x5","0xF","0xE","0xB","0","0","1","0x5","0x1618D000","0x38180004","0x66D00080","0x60D000B8","0x17080014","0x02080001","0x02100004","0x42200000","0x16","0x15","0x14","0x13","0x12","0x11","0x10","0x0F","0x500","0x000","0x000","0x002","0x100","0x000","0x000","0x000","0x00","0x10","0x18","0x20","0x20","0x20","0x15","0x20","0x20","0x20","0x20","0x20","0x20","0x20","0x20","0x20","0x20","0x20","0x20","0x20","0x20","0x20","0x20","0x20","0x20","0x20","0x20","0x20","0x20","0x20","0x20","0x20","0x20","0x20","0x12"
"323","0x2","0x3","0b0000100000010000","0b0000100000111100","0","0","0b0000000000000000","0b0000000000000000","0b0000000000000000","0b0000000000000000","0","0b0000100000010000","0b0000000000000000","0x000000A2","0x7218D000","1","0","0x0000008E","0","0","0","0x00000000","0x00000002","0x000001B8","0x00000001","0x00000031","0x0000006B","0x00000000","0x00000000","0x00000000","0x00000000","0x00000000","0x00000000","0x00000000","0x00000000","0x00000000","0x00000000","0x00000000","0x00000000","0x00000000","0x00000000","0x00000000","0x00000000","0x00000000","0x00000000","0x04000000","0x00000000","0x00000000","0x00000001","0xFFFFFFFF","0x000000B4","0x00000260","0x00000044","0","1","1","0","0","1","1","1","0x8","0xF","0xC","0xB","1","1","1","1","1","0","0","0","0","0","0","1","0x18","0x18","0x20","0x18","0x5","0xF","0xE","0xB","0","0","0","0x5","0x1618D000","0x1618D000","0x38180004","0x66D00080","0x60D000B8","0x17080014","0x02080001","0x02100004","0x16","0x16","0x15","0x14","0x13","0x12","0x11","0x10","0x500","0x500","0x000","0x000","0x002","0x100","0x000","0x000","0x00","0x00","0x10","0x20","0x20","0x20","0x15","0x20","0x20","0x20","0x20","0x20","0x20","0x20","0x20","0x20","0x20","0x20","0x20","0x20","0x20","0x20","0x20","0x20","0x20","0x20","0x20","0x20","0x20","0x20","0x20","0x20","0x20","0x20","0x12"
"324","0x2","0x3","0b0000100000010000","0b0000100000111100","0","0","0b0000000000000000","0b0000000000000000","0b0000000000000000","0b0000000000000000","1","0b0000100000010000","0b0000000000000000","0x000000A3","0x7218D000","1","0","0x0000008F","0","0","0","0x00000000","0x00000002","0x000001B8","0x00000001","0x00000031","0x0000006B","0x00000000","0x00000000","0x00000000","0x00000000","0x00000000","0x00000000","0x00000000","0x00000000","0x00000000","0x00000000","0x00000000","0x00000000","0x00000000","0x00000000","0x00000000","0x00000000","0x00000000","0x00000000","0x04000000","0x00000000","0x00000000","0x00000001","0xFFFFFFFF","0x000000B4","0x00000260","0x00000044","0","1","1","0","0","1","1","1","0x8","0xF","0xC","0xB","1","1","1","1","1","0","0","0","0","0","0","1","0x18","0x18","0x20","0x18","0x5","0xF","0xE","0xB","0","0","0","0x5","0x1618D000","0x1618D000","0x38180004","0x66D00080","0x60D000B8","0x17080014","0x02080001","0x02100004","0x16","0x16","0x15","0x14","0x13","0x12","0x11","0x10","0x500","0x500","0x000","0x000","0x002","0x100","0x000","0x000","0x00","0x00","0x10","0x20","0x20","0x20","0x15","0x20","0x20","0x20","0x20","0x20","0x20","0x20","0x20","0x20","0x20","0x20","0x20","0x20","0x20","0x20","0x20","0x20","0x20","0x20","0x20","0x20","0x20","0x20","0x20","0x20","0x20","0x20","0x12"
"325","0x2","0x3","0b0000100000010000","0b0000100000111100","0","0","0b0000000000000000","0b0000000000000000","0b0000000000000000","0b0000000000000000","0","0b0000100000010000","0b0000000000000000","0x000000A3","0x7218D000","1","0","0x0000008F","0","0","0","0x00000000","0x00000002","0x000001B8","0x00000001","0x00000031","0x0000006B","0x00000000","0x00000000","0x00000000","0x00000000","0x00000000","0x00000000","0x00000000","0x00000000","0x00000000","0x00000000","0x00000000","0x00000000","0x00000000","0x00000000","0x00000000","0x00000000","0x00000000","0x00000000","0x04000000","0x00000000","0x00000000","0x00000001","0xFFFFFFFF","0x000000B4","0x00000260","0x00000044","0","1","1","0","0","1","1","1","0x8","0xF","0xC","0xB","1","1","1","1","1","0","0","0","0","0","0","1","0x18","0x18","0x20","0x18","0x5","0xF","0xE","0xB","0","0","0","0x5","0x1618D000","0x1618D000","0x1618D000","0x38180004","0x66D00080","0x60D000B8","0x17080014","0x02080001","0x16","0x16","0x16","0x15","0x14","0x13","0x12","0x11","0x500","0x500","0x500","0x000","0x000","0x002","0x100","0x000","0x00","0x00","0x20","0x20","0x20","0x20","0x15","0x20","0x20","0x20","0x20","0x20","0x20","0x20","0x20","0x20","0x20","0x20","0x20","0x20","0x20","0x20","0x20","0x20","0x20","0x20","0x20","0x20","0x20","0x20","0x20","0x20","0x20","0x20","0x12"
"326","0x2","0x3","0b0000100000010000","0b0000100000111100","0","0","0b0000000000000000","0b0000000000000000","0b0000000000000000","0b0000000000000000","1","0b0000100000010000","0b0000000000000000","0x000000A4","0x7218D000","1","0","0x00000090","0","0","0","0x00000000","0x00000002","0x000001B8","0x00000001","0x00000031","0x0000006B","0x00000000","0x00000000","0x00000000","0x00000000","0x00000000","0x00000000","0x00000000","0x00000000","0x00000000","0x00000000","0x00000000","0x00000000","0x00000000","0x00000000","0x00000000","0x00000000","0x00000000","0x00000000","0x04000000","0x00000000","0x00000000","0x00000001","0xFFFFFFFF","0x000000B4","0x00000260","0x00000044","0","1","1","0","0","1","1","1","0x8","0xF","0xC","0xB","1","1","1","1","1","0","0","0","0","0","0","1","0x18","0x18","0x20","0x18","0x5","0xF","0xE","0xB","0","0","0","0x5","0x1618D000","0x1618D000","0x1618D000","0x38180004","0x66D00080","0x60D000B8","0x17080014","0x02080001","0x16","0x16","0x16","0x15","0x14","0x13","0x12","0x11","0x500","0x500","0x500","0x000","0x000","0x002","0x100","0x000","0x00","0x00","0x20","0x20","0x20","0x20","0x15","0x20","0x20","0x20","0x20","0x20","0x20","0x20","0x20","0x20","0x20","0x20","0x20","0x20","0x20","0x20","0x20","0x20","0x20","0x20","0x20","0x20","0x20","0x20","0x20","0x20","0x20","0x20","0x12"
"327","0x2","0x3","0b0000100000010000","0b0000100000111100","0","0","0b0000000000000000","0b0000000000000000","0b0000000000000000","0b0000000000000100","0","0b0000100000010000","0b0000000000000100","0x000000A4","0x7218D000","1","0","0x00000090","0","0","0","0x00000000","0x00000002","0x000001B8","0x00000001","0x00000031","0x0000006B","0x00000000","0x00000000","0x00000000","0x00000000","0x00000000","0x00000000","0x00000000","0x00000000","0x00000000","0x00000000","0x00000000","0x00000000","0x00000000","0x00000000","0x00000000","0x00000000","0x00000000","0x00000000","0x04000000","0x00000000","0x00000000","0x00000001","0xFFFFFFFF","0x000000B4","0x00000260","0x00000044","0","1","1","0","0","1","1","1","0x8","0xF","0xC","0xB","1","1","1","1","1","0","0","0","0","0","0","1","0x18","0x18","0x20","0x18","0x5","0xF","0xE","0xB","0","0","0","0x5","0x1618D000","0x1618D000","0x1618D000","0x1618D000","0x38180004","0x66D00080","0x60D000B8","0x17080014","0x16","0x16","0x16","0x16","0x15","0x14","0x13","0x12","0x500","0x500","0x500","0x500","0x000","0x000","0x002","0x100","0x00","0x00","0x40","0x20","0x20","0x20","0x15","0x20","0x20","0x20","0x20","0x20","0x20","0x20","0x20","0x20","0x20","0x20","0x20","0x20","0x20","0x20","0x20","0x20","0x20","0x20","0x20","0x20","0x20","0x20","0x20","0x20","0x20","0x20","0x12"
"328","0x2","0x3","0b0000100000010000","0b0000100000111100","0","0","0b0000000000000000","0b0000000000000000","0b0000000000000000","0b0000000000000100","1","0b0000100000010000","0b0000000000000100","0x000000A5","0x7218D000","1","0","0x00000091","0","0","0","0x00000000","0x00000002","0x000001B8","0x00000001","0x00000031","0x0000006B","0x00000000","0x00000000","0x00000000","0x00000000","0x00000000","0x00000000","0x00000000","0x00000000","0x00000000","0x00000000","0x00000000","0x00000000","0x00000000","0x00000000","0x00000000","0x00000000","0x00000000","0x00000000","0x04000000","0x00000000","0x00000000","0x00000001","0xFFFFFFFF","0x000000B4","0x00000260","0x00000044","0","1","1","0","0","1","1","1","0x8","0xF","0xC","0xB","1","1","1","1","1","0","0","0","1","0","0","1","0x18","0x18","0x20","0x18","0x5","0xF","0xE","0xB","0","0","0","0x5","0x1618D000","0x1618D000","0x1618D000","0x1618D000","0x38180004","0x66D00080","0x60D000B8","0x17080014","0x16","0x16","0x16","0x16","0x15","0x14","0x13","0x12","0x500","0x500","0x500","0x500","0x000","0x000","0x002","0x100","0x00","0x00","0x40","0x20","0x20","0x20","0x15","0x20","0x20","0x20","0x20","0x20","0x20","0x20","0x20","0x20","0x20","0x20","0x20","0x20","0x20","0x20","0x20","0x20","0x20","0x20","0x20","0x20","0x20","0x20","0x20","0x20","0x20","0x20","0x12"
"329","0x2","0x3","0b0000100000010100","0b0000100000111100","0","1","0b0000000000000000","0b0000000000000100","0b0000000000000000","0b0000000000100000","0","0b0000100000010100","0b0000000000100000","0x000000A5","0x7218D000","1","0","0x00000091","0","0","0","0x00000000","0x00000002","0x000001B8","0x00000001","0x00000031","0x0000006B","0x00000000","0x00000000","0x00000000","0x00000000","0x00000000","0x00000000","0x00000000","0x00000000","0x00000000","0x00000000","0x00000000","0x00000000","0x00000000","0x00000000","0x00000000","0x00000000","0x00000000","0x00000000","0x04000000","0x00000000","0x00000000","0x00000001","0xFFFFFFFF","0x000000B4","0x00000260","0x00000044","0","1","1","0","0","1","1","1","0x8","0xF","0xC","0xB","1","1","1","1","1","0","0","0","1","0","0","1","0x18","0x18","0x20","0x18","0x5","0xF","0xE","0xB","0","0","0","0x5","0x1618D000","0x1618D000","0x1618D000","0x1618D000","0x1618D000","0x38180004","0x66D00080","0x60D000B8","0x16","0x16","0x16","0x16","0x16","0x15","0x14","0x13","0x500","0x500","0x500","0x500","0x500","0x000","0x000","0x002","0x00","0x00","0x80","0x20","0x20","0x20","0x15","0x20","0x20","0x20","0x20","0x20","0x20","0x20","0x20","0x20","0x20","0x20","0x20","0x20","0x20","0x20","0x20","0x20","0x20","0x20","0x20","0x20","0x20","0x20","0x20","0x20","0x20","0x20","0x12"
"330","0x2","0x3","0b0000100000010100","0b0000100000111100","0","1","0b0000000000000000","0b0000000000000100","0b0000000000000000","0b0000000000100000","1","0b0000100000010100","0b0000000000100000","0x000000A6","0x7218D000","1","0","0x00000092","0","0","0","0x00000000","0x00000002","0x000001B8","0x00000001","0x00000031","0x0000006B","0x00000000","0x00000000","0x00000000","0x00000000","0x00000000","0x00000000","0x00000000","0x00000000","0x00000000","0x00000000","0x00000000","0x00000000","0x00000000","0x00000000","0x00000000","0x00000000","0x00000000","0x00000000","0x04000000","0x00000000","0x00000000","0x00000001","0xFFFFFFFF","0x000000B4","0x00000260","0x0000004A","0","1","1","0","0","1","1","1","0x8","0xF","0xC","0xB","1","1","1","1","1","0","0","0","1","0","0","1","0x18","0x18","0x20","0x18","0x5","0xF","0xE","0xB","0","0","0","0x5","0x1618D000","0x1618D000","0x1618D000","0x1618D000","0x1618D000","0x38180004","0x66D00080","0x60D000B8","0x16","0x16","0x16","0x16","0x16","0x15","0x14","0x13","0x500","0x500","0x500","0x500","0x500","0x000","0x000","0x002","0x00","0x00","0x80","0x20","0x20","0x20","0x15","0x20","0x20","0x20","0x20","0x20","0x20","0x20","0x20","0x20","0x20","0x20","0x20","0x20","0x20","0x20","0x20","0x20","0x20","0x20","0x20","0x20","0x20","0x20","0x20","0x20","0x20","0x20","0x12"
"331","0x3","0x4","0b0000100000110000","0b0000100000111000","0","0","0b0000000000000000","0b0000000000000000","0b0000000000000000","0b0000000000000000","0","0b0000100000110000","0b0000000000000000","0x000000A6","0x60D000B8","1","0","0x00000092","0","0","0","0x00000000","0x00000002","0x000001B8","0x00000001","0x00000031","0x0000006B","0x00000000","0x00000000","0x00000000","0x00000000","0x00000000","0x00000000","0x00000000","0x00000000","0x00000000","0x00000000","0x00000000","0x00000000","0x00000000","0x00000000","0x00000000","0x00000000","0x00000000","0x00000000","0x04000000","0x00000000","0x00000000","0x00000001","0xFFFFFFFF","0x000000B0","0x00000260","0x0000004A","0","1","1","0","0","1","1","1","0x8","0xF","0xC","0xB","1","1","1","1","1","0","0","0","1","0","0","1","0x18","0x18","0x20","0x18","0x5","0xF","0xE","0xB","0","0","0","0x5","0x1618D000","0x1618D000","0x1618D000","0x1618D000","0x1618D000","0x1618D000","0x38180004","0x60D000B8","0x16","0x16","0x16","0x16","0x16","0x16","0x15","0x13","0x500","0x500","0x500","0x500","0x500","0x500","0x000","0x002","0x00","0x80","0x80","0x20","0x20","0x20","0x15","0x20","0x20","0x20","0x20","0x20","0x20","0x20","0x20","0x20","0x20","0x20","0x20","0x20","0x20","0x20","0x20","0x20","0x20","0x20","0x20","0x20","0x20","0x20","0x20","0x20","0x20","0x20","0x20"
"332","0x3","0x4","0b0000100000110000","0b0000100000111000","0","0","0b0000000000000000","0b0000000000000000","0b0000000000000000","0b0000000000000000","1","0b0000100000110000","0b0000000000000000","0x000000A7","0x60D000B8","1","0","0x00000093","0","0","0","0x00000000","0x00000002","0x000001B8","0x00000001","0x00000031","0x0000006B","0x00000000","0x00000000","0x00000000","0x00000000","0x00000000","0x00000000","0x00000000","0x00000000","0x00000000","0x00000000","0x00000000","0x00000000","0x00000000","0x00000000","0x00000000","0x00000000","0x00000000","0x00000000","0x04000000","0x00000000","0x00000000","0x00000001","0xFFFFFFFF","0x000000B0","0x00000260","0x0000004A","0","1","1","0","0","1","1","1","0x8","0xF","0xC","0xB","1","1","1","1","1","0","0","0","1","0","0","1","0x18","0x18","0x20","0x18","0x5","0xF","0xE","0xB","0","0","0","0x5","0x1618D000","0x1618D000","0x1618D000","0x1618D000","0x1618D000","0x1618D000","0x38180004","0x60D000B8","0x16","0x16","0x16","0x16","0x16","0x16","0x15","0x13","0x500","0x500","0x500","0x500","0x500","0x500","0x000","0x002","0x00","0x80","0x80","0x20","0x20","0x20","0x15","0x20","0x20","0x20","0x20","0x20","0x20","0x20","0x20","0x20","0x20","0x20","0x20","0x20","0x20","0x20","0x20","0x20","0x20","0x20","0x20","0x20","0x20","0x20","0x20","0x20","0x20","0x20","0x20"
"333","0x3","0x4","0b0000100000110000","0b0000100000111000","0","0","0b0000000000000000","0b0000000000000000","0b0000000000000000","0b0000000000001000","0","0b0000100000110000","0b0000000000001000","0x000000A7","0x7218D000","1","0","0x00000093","0","0","0","0x00000000","0x00000002","0x000001B8","0x00000001","0x00000031","0x0000006B","0x00000000","0x00000000","0x00000000","0x00000000","0x00000000","0x00000000","0x00000000","0x00000000","0x00000000","0x00000000","0x00000000","0x00000000","0x00000000","0x00000000","0x00000000","0x00000000","0x00000000","0x00000000","0x04000000","0x00000000","0x00000000","0x00000001","0xFFFFFFFF","0x000000B4","0x00000260","0x0000004A","0","1","1","0","0","1","1","1","0x8","0xF","0xC","0xB","1","1","1","1","1","0","0","0","1","0","0","1","0x18","0x18","0x20","0x18","0x5","0xF","0xE","0xB","0","0","0","0x5","0x1618D000","0x1618D000","0x1618D000","0x1618D000","0x1618D000","0x1618D000","0x1618D000","0x38180004","0x16","0x16","0x16","0x16","0x16","0x16","0x16","0x15","0x500","0x500","0x500","0x500","0x500","0x500","0x500","0x000","0x00","0x00","0x00","0x20","0x20","0x20","0x15","0x20","0x20","0x20","0x20","0x20","0x20","0x20","0x20","0x20","0x20","0x20","0x20","0x20","0x20","0x20","0x20","0x20","0x20","0x20","0x20","0x20","0x20","0x20","0x20","0x20","0x20","0x20","0x20"
"334","0x3","0x4","0b0000100000110000","0b0000100000111000","0","0","0b0000000000000000","0b0000000000000000","0b0000000000000000","0b0000000000001000","1","0b0000100000110000","0b0000000000001000","0x000000A8","0x7218D000","1","0","0x00000094","0","0","0","0x00000000","0x00000002","0x000001B8","0x00000001","0x00000031","0x0000006B","0x00000000","0x00000000","0x00000000","0x00000000","0x00000000","0x00000000","0x00000000","0x00000000","0x00000000","0x00000000","0x00000000","0x00000000","0x00000000","0x00000000","0x00000000","0x00000000","0x00000000","0x00000000","0x04000000","0x00000000","0x00000000","0x00000001","0xFFFFFFFF","0x000000B4","0x00000260","0x0000004A","0","1","1","0","0","1","1","1","0x8","0xF","0xC","0xB","1","1","1","1","1","0","0","0","1","0","0","1","0x18","0x18","0x20","0x18","0x5","0xF","0xE","0xB","0","0","0","0x5","0x1618D000","0x1618D000","0x1618D000","0x1618D000","0x1618D000","0x1618D000","0x1618D000","0x38180004","0x16","0x16","0x16","0x16","0x16","0x16","0x16","0x15","0x500","0x500","0x500","0x500","0x500","0x500","0x500","0x000","0x00","0x00","0x00","0x20","0x20","0x20","0x15","0x20","0x20","0x20","0x20","0x20","0x20","0x20","0x20","0x20","0x20","0x20","0x20","0x20","0x20","0x20","0x20","0x20","0x20","0x20","0x20","0x20","0x20","0x20","0x20","0x20","0x20","0x20","0x20"
"335","0x3","0x4","0b0000100000111000","0b0000100000111000","1","1","0b0000000000010000","0b0000000000001000","0b0000000000000000","0b0000000000000000","0","0b0000100000111000","0b0000000000000000","0x000000A8","0x7218D000","1","0","0x00000094","0","0","0","0x00000000","0x00000002","0x000001B8","0x00000001","0x00000031","0x0000006B","0x00000000","0x00000000","0x00000000","0x00000000","0x00000000","0x00000000","0x00000000","0x00000000","0x00000000","0x00000000","0x00000000","0x00000000","0x00000000","0x00000000","0x00000000","0x00000000","0x00000000","0x00000000","0x04000000","0x00000000","0x00000000","0x00000001","0xFFFFFFFF","0x000000B4","0x00000260","0x0000004A","0","1","1","0","0","1","1","1","0x8","0xF","0xC","0xB","1","1","1","1","1","0","0","0","1","0","0","1","0x18","0x18","0x20","0x18","0x5","0xF","0xE","0xB","0","0","0","0x5","0x1618D000","0x1618D000","0x1618D000","0x1618D000","0x1618D000","0x1618D000","0x1618D000","0x1618D000","0x16","0x16","0x16","0x16","0x16","0x16","0x16","0x16","0x500","0x500","0x500","0x500","0x500","0x500","0x500","0x500","0x00","0x00","0x00","0x20","0x20","0x20","0x15","0x20","0x20","0x20","0x20","0x20","0x20","0x20","0x20","0x20","0x20","0x20","0x20","0x20","0x20","0x20","0x20","0x20","0x20","0x20","0x20","0x20","0x20","0x20","0x20","0x20","0x20","0x20","0x20"
"336","0x3","0x4","0b0000100000111000","0b0000100000111000","1","1","0b0000000000010000","0b0000000000001000","0b0000000000000000","0b0000000000000000","1","0b0000100000111000","0b0000000000000000","0x000000A9","0x7218D000","1","0","0x00000095","0","0","0","0x00000000","0x00000002","0x000001B8","0x00000001","0x00000031","0x0000006B","0x00000000","0x00000000","0x00000000","0x00000000","0x00000000","0x00000000","0x00000000","0x00000000","0x00000000","0x00000000","0x00000000","0x00000000","0x00000000","0x00000000","0x00000000","0x00000000","0x00000000","0x00000000","0x04000000","0x00000000","0x00000000","0x00000001","0xFFFFFFFF","0x000000B4","0x00000260","0x0000004A","0","1","1","0","0","1","1","1","0x8","0xF","0xC","0xB","1","1","1","1","1","0","0","0","1","0","0","1","0x18","0x18","0x20","0x18","0x5","0xF","0xE","0xB","0","0","0","0x5","0x1618D000","0x1618D000","0x1618D000","0x1618D000","0x1618D000","0x1618D000","0x1618D000","0x1618D000","0x16","0x16","0x16","0x16","0x16","0x16","0x16","0x16","0x500","0x500","0x500","0x500","0x500","0x500","0x500","0x500","0x00","0x00","0x00","0x20","0x20","0x20","0x15","0x20","0x20","0x20","0x20","0x20","0x20","0x20","0x20","0x20","0x20","0x20","0x20","0x20","0x20","0x20","0x20","0x20","0x20","0x20","0x20","0x20","0x20","0x20","0x20","0x20","0x20","0x20","0x20"
"337","0x5","0x6","0b0000100000100000","0b0000100000100000","0","1","0b0000000000000000","0b0000000000100000","0b0000000000000000","0b0000000000000000","0","0b0000100000100000","0b0000000000000000","0x000000A9","0x7218D000","1","0","0x00000095","0","0","0","0x00000000","0x00000002","0x000001B8","0x00000001","0x00000031","0x0000006B","0x00000000","0x00000000","0x00000000","0x00000000","0x00000000","0x00000000","0x00000000","0x00000000","0x00000000","0x00000000","0x00000000","0x00000000","0x00000000","0x00000000","0x00000000","0x00000000","0x00000000","0x00000000","0x04000000","0x00000000","0x00000000","0x00000001","0xFFFFFFFF","0x000000B4","0x00000260","0x0000004A","0","1","1","0","0","1","1","1","0x8","0xF","0xC","0xB","1","1","1","1","1","0","0","0","1","0","0","1","0x18","0x18","0x20","0x18","0x5","0xF","0xE","0xB","0","0","0","0x5","0x1618D000","0x1618D000","0x1618D000","0x1618D000","0x1618D000","0x1618D000","0x1618D000","0x1618D000","0x16","0x16","0x16","0x16","0x16","0x16","0x16","0x16","0x500","0x500","0x500","0x500","0x500","0x500","0x500","0x500","0x00","0x00","0x00","0x20","0x20","0x20","0x15","0x20","0x20","0x20","0x20","0x20","0x20","0x20","0x20","0x20","0x20","0x20","0x20","0x20","0x20","0x20","0x20","0x20","0x20","0x20","0x20","0x20","0x20","0x20","0x20","0x20","0x20","0x20","0x20"
"338","0x5","0x6","0b0000100000100000","0b0000100000100000","0","1","0b0000000000000000","0b0000000000100000","0b0000000000000000","0b0000000000000000","1","0b0000100000100000","0b0000000000000000","0x000000AA","0x7218D000","1","0","0x00000096","0","0","0","0x00000000","0x00000002","0x000001B8","0x00000001","0x00000031","0x0000006B","0x00000000","0x00000000","0x00000000","0x00000000","0x00000000","0x00000000","0x00000000","0x00000000","0x00000000","0x00000000","0x00000000","0x00000000","0x00000000","0x00000000","0x00000000","0x00000000","0x00000000","0x00000000","0x04000000","0x00000000","0x00000000","0x00000001","0xFFFFFFFF","0x000000B4","0x00000260","0x0000004A","0","1","1","0","0","1","1","1","0x8","0xF","0xC","0xB","0","1","1","1","0","0","0","0","0","0","0","1","0x18","0x18","0x20","0x18","0x5","0xF","0xE","0xB","1","0","0","0x5","0x1618D000","0x1618D000","0x1618D000","0x1618D000","0x1618D000","0x1618D000","0x1618D000","0x1618D000","0x16","0x16","0x16","0x16","0x16","0x16","0x16","0x16","0x500","0x500","0x500","0x500","0x500","0x500","0x500","0x500","0x00","0x00","0x00","0x20","0x20","0x20","0x15","0x20","0x20","0x20","0x20","0x20","0x20","0x20","0x20","0x20","0x20","0x20","0x20","0x20","0x20","0x20","0x20","0x20","0x20","0x20","0x20","0x20","0x20","0x20","0x20","0x20","0x20","0x20","0x20"
"339","0x6","0x7","0b0000100000000000","0b0000100000000000","0","0","0b0000000000000000","0b0000000000000000","0b0000000000000000","0b0000000000000000","0","0b0000100000000000","0b0000000000000000","0x000000AA","0x7218D000","1","0","0x00000096","1","0","0","0x00000000","0x00000002","0x000001B8","0x00000001","0x00000031","0x0000006B","0x00000000","0x00000000","0x00000000","0x00000000","0x00000000","0x00000000","0x00000000","0x00000000","0x00000000","0x00000000","0x00000000","0x00000000","0x00000000","0x00000000","0x00000000","0x00000000","0x00000000","0x00000000","0x04000000","0x00000000","0x00000000","0x00000001","0xFFFFFFFF","0x000000B4","0x00000260","0x0000004A","0","1","1","0","0","1","1","1","0x8","0xF","0xC","0xB","0","1","1","1","0","0","0","0","0","0","0","1","0x18","0x18","0x20","0x18","0x5","0xF","0xE","0xB","1","0","0","0x5","0x1618D000","0x1618D000","0x1618D000","0x1618D000","0x1618D000","0x1618D000","0x1618D000","0x1618D000","0x16","0x16","0x16","0x16","0x16","0x16","0x16","0x16","0x500","0x500","0x500","0x500","0x500","0x500","0x500","0x500","0x00","0x00","0x00","0x20","0x20","0x20","0x20","0x20","0x20","0x20","0x20","0x20","0x20","0x20","0x20","0x20","0x20","0x20","0x20","0x20","0x20","0x20","0x20","0x20","0x20","0x20","0x20","0x20","0x20","0x20","0x20","0x20","0x20","0x20","0x20"
"340","0x6","0x7","0b0000100000000000","0b0000100000000000","0","0","0b0000000000000000","0b0000000000000000","0b0000000000000000","0b0000000000000000","1","0b0000100000000000","0b0000000000000000","0x000000AB","0x7218D000","1","0","0x00000097","1","0","0","0x00000000","0x00000002","0x000001B8","0x00000001","0x00000031","0x0000006B","0x00000000","0x00000000","0x00000000","0x00000000","0x00000000","0x00000000","0x00000000","0x00000000","0x00000000","0x00000000","0x00000000","0x00000000","0x00000000","0x00000000","0x00000000","0x00000000","0x00000000","0x00000000","0x04000000","0x00000000","0x00000000","0x00000001","0xFFFFFFFF","0x00000084","0x00000260","0x0000004A","0","1","1","0","0","1","1","1","0x8","0xF","0xC","0xB","0","1","1","1","0","0","0","0","0","0","0","1","0x18","0x18","0x20","0x18","0x5","0xF","0xE","0xB","1","0","0","0x5","0x1618D000","0x1618D000","0x1618D000","0x1618D000","0x1618D000","0x1618D000","0x1618D000","0x1618D000","0x16","0x16","0x16","0x16","0x16","0x16","0x16","0x16","0x500","0x500","0x500","0x500","0x500","0x500","0x500","0x500","0x00","0x00","0x00","0x20","0x20","0x20","0x20","0x20","0x20","0x20","0x20","0x20","0x20","0x20","0x20","0x20","0x20","0x20","0x20","0x20","0x20","0x20","0x20","0x20","0x20","0x20","0x20","0x20","0x20","0x20","0x20","0x20","0x20","0x20","0x20"
"341","0x6","0x7","0b0000100000000000","0b0000100001000000","0","0","0b0000000000000000","0b0000000000000000","0b0000000000000000","0b0000000000000000","0","0b0000100000000000","0b0000000000000000","0x000000AB","0x1618D000","1","0","0x00000097","1","0","0","0x00000000","0x00000002","0x000001B8","0x00000001","0x00000031","0x0000006B","0x00000000","0x00000000","0x00000000","0x00000000","0x00000000","0x00000000","0x00000000","0x00000000","0x00000000","0x00000000","0x00000000","0x00000000","0x00000000","0x00000000","0x00000000","0x00000000","0x00000000","0x00000000","0x04000000","0x00000000","0x00000000","0x00000001","0xFFFFFFFF","0x00000084","0x00000260","0x0000004A","0","1","1","0","0","1","1","1","0x8","0xF","0xC","0xB","0","1","1","1","0","0","0","0","0","0","0","1","0x18","0x18","0x20","0x18","0x5","0xF","0xE","0xB","1","0","0","0x5","0x1618D000","0x1618D000","0x1618D000","0x1618D000","0x1618D000","0x1618D000","0x1618D000","0x1618D000","0x16","0x16","0x16","0x16","0x16","0x16","0x16","0x16","0x000","0x500","0x500","0x500","0x500","0x500","0x500","0x500","0x00","0x01","0x01","0x20","0x20","0x20","0x20","0x20","0x20","0x20","0x20","0x20","0x20","0x20","0x20","0x20","0x20","0x20","0x20","0x20","0x20","0x20","0x20","0x20","0x20","0x20","0x20","0x20","0x20","0x20","0x20","0x20","0x20","0x20","0x16"
"342","0x6","0x7","0b0000100000000000","0b0000100001000000","0","0","0b0000000000000000","0b0000000000000000","0b0000000000000000","0b0000000000000000","1","0b0000100000000000","0b0000000000000000","0x000000AC","0x1618D000","1","0","0x00000098","1","0","0","0x00000000","0x00000002","0x000001B8","0x00000001","0x00000031","0x0000006B","0x00000000","0x00000000","0x00000000","0x00000000","0x00000000","0x00000000","0x00000000","0x00000000","0x00000000","0x00000000","0x00000000","0x00000000","0x00000000","0x00000000","0x00000000","0x00000000","0x00000000","0x00000000","0x04000000","0x00000000","0x00000000","0x00000001","0xFFFFFFFF","0x00000084","0x00000260","0x0000004A","0","1","1","0","0","1","1","1","0x8","0xF","0xC","0xB","0","1","1","1","0","0","0","0","0","0","0","1","0x18","0x18","0x20","0x18","0x5","0xF","0xE","0xB","1","0","0","0x5","0x1618D000","0x1618D000","0x1618D000","0x1618D000","0x1618D000","0x1618D000","0x1618D000","0x1618D000","0x16","0x16","0x16","0x16","0x16","0x16","0x16","0x16","0x000","0x500","0x500","0x500","0x500","0x500","0x500","0x500","0x00","0x01","0x01","0x20","0x20","0x20","0x20","0x20","0x20","0x20","0x20","0x20","0x20","0x20","0x20","0x20","0x20","0x20","0x20","0x20","0x20","0x20","0x20","0x20","0x20","0x20","0x20","0x20","0x20","0x20","0x20","0x20","0x20","0x20","0x16"
"343","0x6","0x7","0b0000100000000000","0b0000100011000000","0","0","0b0000000000000000","0b0000000000000000","0b0000000000000000","0b0000000000000000","0","0b0000100000000000","0b0000000000000000","0x000000AC","0x72D000B4","1","0","0x00000098","1","1","0","0x00000000","0x00000002","0x000001B8","0x00000001","0x00000031","0x0000006B","0x00000000","0x00000000","0x00000000","0x00000000","0x00000000","0x00000000","0x00000000","0x00000000","0x00000000","0x00000000","0x00000000","0x00000000","0x00000000","0x00000000","0x00000000","0x00000000","0x00000000","0x00000000","0x04000000","0x00000000","0x00000000","0x00000001","0xFFFFFFFF","0x00000088","0x00000260","0x0000004A","0","1","1","0","0","1","1","1","0x8","0xF","0xC","0xB","0","1","1","1","0","0","0","0","0","0","0","1","0x18","0x18","0x20","0x18","0x5","0xF","0xE","0xB","1","0","0","0x5","0x60D000B4","0x1618D000","0x1618D000","0x1618D000","0x1618D000","0x1618D000","0x1618D000","0x1618D000","0x17","0x16","0x16","0x16","0x16","0x16","0x16","0x16","0x006","0x000","0x500","0x500","0x500","0x500","0x500","0x500","0x00","0x00","0x01","0x20","0x20","0x20","0x20","0x20","0x20","0x20","0x20","0x20","0x20","0x20","0x20","0x20","0x20","0x20","0x20","0x20","0x20","0x20","0x20","0x20","0x20","0x20","0x20","0x20","0x20","0x20","0x20","0x20","0x20","0x20","0x16"
"344","0x6","0x7","0b0000100000000000","0b0000100011000000","0","0","0b0000000000000000","0b0000000000000000","0b0000000000000000","0b0000000000000000","1","0b0000100000000000","0b0000000000000000","0x000000AD","0x72D000B4","1","0","0x00000099","1","1","0","0x00000000","0x00000002","0x000001B8","0x00000001","0x00000031","0x0000006B","0x00000000","0x00000000","0x00000000","0x00000000","0x00000000","0x00000000","0x00000000","0x00000000","0x00000000","0x00000000","0x00000000","0x00000000","0x00000000","0x00000000","0x00000000","0x00000000","0x00000000","0x00000000","0x04000000","0x00000000","0x00000000","0x00000001","0xFFFFFFFF","0x00000088","0x00000260","0x0000004A","0","1","1","0","0","1","1","1","0x8","0xF","0xC","0xB","1","1","1","1","0","0","0","0","0","0","0","1","0x18","0x18","0x20","0x18","0x8","0xF","0xE","0xB","1","0","0","0x5","0x60D000B4","0x1618D000","0x1618D000","0x1618D000","0x1618D000","0x1618D000","0x1618D000","0x1618D000","0x17","0x16","0x16","0x16","0x16","0x16","0x16","0x16","0x006","0x000","0x500","0x500","0x500","0x500","0x500","0x500","0x00","0x00","0x01","0x20","0x20","0x20","0x20","0x20","0x20","0x20","0x20","0x20","0x20","0x20","0x20","0x20","0x20","0x20","0x20","0x20","0x20","0x20","0x20","0x20","0x20","0x20","0x20","0x20","0x20","0x20","0x20","0x20","0x20","0x20","0x16"
"345","0x6","0x7","0b0000100000000000","0b0000100111000000","0","0","0b0000000000000000","0b0000000000000000","0b0000000000000000","0b0000000000000000","0","0b0000100000000000","0b0000000000000000","0x000000AD","0x38200000","1","0","0x00000099","0","0","0","0x00000000","0x00000002","0x000001B8","0x00000001","0x00000031","0x0000006B","0x00000000","0x00000000","0x00000000","0x00000000","0x00000000","0x00000000","0x00000000","0x00000000","0x00000000","0x00000000","0x00000000","0x00000000","0x00000000","0x00000000","0x00000000","0x00000000","0x00000000","0x00000000","0x04000000","0x00000000","0x00000000","0x00000001","0xFFFFFFFF","0x0000008C","0x00000260","0x0000004A","0","1","1","0","0","1","1","1","0x8","0xF","0xC","0xB","1","1","1","1","0","0","0","0","0","0","0","1","0x18","0x18","0x20","0x18","0x8","0xF","0xE","0xB","1","0","0","0x5","0x38200000","0x60D000B4","0x1618D000","0x1618D000","0x1618D000","0x1618D000","0x1618D000","0x1618D000","0x18","0x17","0x16","0x16","0x16","0x16","0x16","0x16","0x000","0x006","0x000","0x500","0x500","0x500","0x500","0x500","0x00","0x01","0x03","0x20","0x20","0x20","0x20","0x18","0x20","0x20","0x20","0x20","0x20","0x20","0x20","0x20","0x20","0x20","0x20","0x20","0x20","0x20","0x20","0x20","0x20","0x20","0x20","0x20","0x20","0x20","0x20","0x20","0x20","0x20","0x16"
"346","0x6","0x7","0b0000100000000000","0b0000100111000000","0","0","0b0000000000000000","0b0000000000000000","0b0000000000000000","0b0000000000000000","1","0b0000100000000000","0b0000000000000000","0x000000AE","0x38200000","1","0","0x0000009A","0","0","0","0x00000000","0x00000002","0x000001B8","0x00000001","0x00000031","0x0000006B","0x00000000","0x00000000","0x00000000","0x00000000","0x00000000","0x00000000","0x00000000","0x00000000","0x00000000","0x00000000","0x00000000","0x00000000","0x00000000","0x00000000","0x00000000","0x00000000","0x00000000","0x00000000","0x04000000","0x00000000","0x00000000","0x00000001","0xFFFFFFFF","0x0000008C","0x00000260","0x0000004A","0","1","1","0","0","1","1","1","0x8","0xF","0xC","0xB","1","1","1","1","0","0","0","0","0","0","0","1","0x18","0x18","0x20","0x18","0x8","0xF","0xE","0xB","1","0","0","0x5","0x38200000","0x60D000B4","0x1618D000","0x1618D000","0x1618D000","0x1618D000","0x1618D000","0x1618D000","0x18","0x17","0x16","0x16","0x16","0x16","0x16","0x16","0x000","0x006","0x000","0x500","0x500","0x500","0x500","0x500","0x00","0x01","0x03","0x20","0x20","0x20","0x20","0x18","0x20","0x20","0x20","0x20","0x20","0x20","0x20","0x20","0x20","0x20","0x20","0x20","0x20","0x20","0x20","0x20","0x20","0x20","0x20","0x20","0x20","0x20","0x20","0x20","0x20","0x20","0x16"
"347","0x6","0x7","0b0000100000000000","0b0000100111000000","0","0","0b0000000000000000","0b0000000000000000","0b0000000000000000","0b0000000001000000","0","0b0000100000000000","0b0000000001000000","0x000000AE","0x72E00008","1","0","0x0000009A","0","0","0","0x00000000","0x00000002","0x000001B8","0x00000001","0x00000031","0x0000006B","0x00000000","0x00000000","0x00000000","0x00000000","0x00000000","0x00000000","0x00000000","0x00000000","0x00000000","0x00000000","0x00000000","0x00000000","0x00000000","0x00000000","0x00000000","0x00000000","0x00000000","0x00000000","0x04000000","0x00000000","0x00000000","0x00000001","0xFFFFFFFF","0x00000088","0x00000260","0x0000004A","0","1","1","0","0","1","1","1","0x8","0xF","0xC","0xB","1","1","1","1","0","0","0","0","0","0","0","1","0x18","0x18","0x20","0x18","0x8","0xF","0xE","0xB","0","0","1","0x8","0x58E00008","0x38200000","0x60D000B4","0x1618D000","0x1618D000","0x1618D000","0x1618D000","0x1618D000","0x19","0x18","0x17","0x16","0x16","0x16","0x16","0x16","0x000","0x000","0x006","0x000","0x500","0x500","0x500","0x500","0x00","0x00","0x04","0x20","0x20","0x20","0x20","0x18","0x20","0x20","0x20","0x20","0x20","0x20","0x20","0x20","0x20","0x20","0x20","0x20","0x20","0x20","0x20","0x20","0x20","0x20","0x20","0x20","0x20","0x20","0x20","0x20","0x20","0x20","0x16"
"348","0x6","0x7","0b0000100000000000","0b0000100111000000","0","0","0b0000000000000000","0b0000000000000000","0b0000000000000000","0b0000000001000000","1","0b0000100000000000","0b0000000001000000","0x000000AF","0x72E00008","1","0","0x0000009B","0","0","0","0x00000000","0x00000002","0x000001B8","0x00000001","0x00000031","0x0000006B","0x00000000","0x00000000","0x00000000","0x00000000","0x00000000","0x00000000","0x00000000","0x00000000","0x00000000","0x00000000","0x00000000","0x00000000","0x00000000","0x00000000","0x00000000","0x00000000","0x00000000","0x00000000","0x04000000","0x00000000","0x00000000","0x00000001","0xFFFFFFFF","0x00000088","0x00000260","0x0000004A","0","1","1","0","0","1","1","1","0x8","0xF","0xC","0xB","1","1","1","1","1","0","0","0","0","0","0","1","0x20","0x18","0x20","0x18","0x8","0xF","0xE","0xB","0","0","1","0x8","0x58E00008","0x38200000","0x60D000B4","0x1618D000","0x1618D000","0x1618D000","0x1618D000","0x1618D000","0x19","0x18","0x17","0x16","0x16","0x16","0x16","0x16","0x000","0x000","0x006","0x000","0x500","0x500","0x500","0x500","0x00","0x00","0x04","0x20","0x20","0x20","0x20","0x18","0x20","0x20","0x20","0x20","0x20","0x20","0x20","0x20","0x20","0x20","0x20","0x20","0x20","0x20","0x20","0x20","0x20","0x20","0x20","0x20","0x20","0x20","0x20","0x20","0x20","0x20","0x16"
"349","0x6","0x7","0b0000100001000000","0b0000100111000000","0","1","0b0000000000000000","0b0000000001000000","0b0000000000000000","0b0000000000000000","0","0b0000100001000000","0b0000000000000000","0x000000AF","0x72E00008","1","0","0x0000009B","0","0","0","0x00000000","0x00000002","0x000001B8","0x00000001","0x00000031","0x0000006B","0x00000000","0x00000000","0x00000000","0x00000000","0x00000000","0x00000000","0x00000000","0x00000000","0x00000000","0x00000000","0x00000000","0x00000000","0x00000000","0x00000000","0x00000000","0x00000000","0x00000000","0x00000000","0x04000000","0x00000000","0x00000000","0x00000001","0xFFFFFFFF","0x00000088","0x00000260","0x0000004A","0","1","1","0","0","1","1","1","0x8","0xF","0xC","0xB","1","1","1","1","1","0","0","0","0","0","0","1","0x20","0x18","0x20","0x18","0x8","0xF","0xE","0xB","0","0","0","0x8","0x58E00008","0x58E00008","0x38200000","0x60D000B4","0x1618D000","0x1618D000","0x1618D000","0x1618D000","0x19","0x19","0x18","0x17","0x16","0x16","0x16","0x16","0x000","0x000","0x000","0x006","0x000","0x500","0x500","0x500","0x00","0x00","0x08","0x20","0x20","0x20","0x20","0x18","0x20","0x20","0x20","0x20","0x20","0x20","0x20","0x20","0x20","0x20","0x20","0x20","0x20","0x20","0x20","0x20","0x20","0x20","0x20","0x20","0x20","0x20","0x20","0x20","0x20","0x20","0x16"
"350","0x6","0x7","0b0000100001000000","0b0000100111000000","0","1","0b0000000000000000","0b0000000001000000","0b0000000000000000","0b0000000000000000","1","0b0000100001000000","0b0000000000000000","0x000000B0","0x72E00008","1","0","0x0000009C","0","0","0","0x00000000","0x00000002","0x000001B8","0x00000001","0x00000031","0x0000006B","0x00000000","0x00000000","0x00000000","0x00000000","0x00000000","0x00000000","0x00000000","0x00000000","0x00000000","0x00000000","0x00000000","0x00000000","0x00000000","0x00000000","0x00000000","0x00000000","0x00000000","0x00000000","0x04000000","0x00000000","0x00000000","0x00000001","0xFFFFFFFF","0x00000088","0x00000260","0x00000054","0","1","1","0","0","1","1","1","0x8","0xF","0xC","0xB","1","1","1","1","1","0","0","0","0","0","0","1","0x20","0x18","0x20","0x18","0x8","0xF","0xE","0xB","0","0","0","0x8","0x58E00008","0x58E00008","0x38200000","0x60D000B4","0x1618D000","0x1618D000","0x1618D000","0x1618D000","0x19","0x19","0x18","0x17","0x16","0x16","0x16","0x16","0x000","0x000","0x000","0x006","0x000","0x500","0x500","0x500","0x00","0x00","0x08","0x20","0x20","0x20","0x20","0x18","0x20","0x20","0x20","0x20","0x20","0x20","0x20","0x20","0x20","0x20","0x20","0x20","0x20","0x20","0x20","0x20","0x20","0x20","0x20","0x20","0x20","0x20","0x20","0x20","0x20","0x20","0x16"
"351","0x7","0x8","0b0000100000000000","0b0000100110000000","0","0","0b0000000000000000","0b0000000000000000","0b0000000000000000","0b0000000000000000","0","0b0000100000000000","0b0000000000000000","0x000000B0","0x60D000B4","1","0","0x0000009C","0","0","0","0x00000000","0x00000002","0x000001B8","0x00000001","0x00000031","0x0000006B","0x00000000","0x00000000","0x00000000","0x00000000","0x00000000","0x00000000","0x00000000","0x00000000","0x00000000","0x00000000","0x00000000","0x00000000","0x00000000","0x00000000","0x00000000","0x00000000","0x00000000","0x00000000","0x04000000","0x00000000","0x00000000","0x00000001","0xFFFFFFFF","0x00000088","0x00000260","0x00000054","0","1","1","0","0","1","1","1","0x8","0xF","0xC","0xB","1","1","1","1","1","0","0","0","0","0","0","1","0x20","0x18","0x20","0x18","0x8","0xF","0xE","0xB","0","0","0","0x8","0x58E00008","0x58E00008","0x58E00008","0x38200000","0x60D000B4","0x1618D000","0x1618D000","0x1618D000","0x19","0x19","0x19","0x18","0x17","0x16","0x16","0x16","0x000","0x000","0x000","0x000","0x006","0x000","0x500","0x500","0x00","0x10","0x10","0x20","0x20","0x20","0x20","0x18","0x20","0x20","0x20","0x20","0x20","0x20","0x20","0x20","0x20","0x20","0x20","0x20","0x20","0x20","0x20","0x20","0x20","0x20","0x20","0x20","0x20","0x20","0x20","0x20","0x20","0x20","0x20"
"352","0x7","0x8","0b0000100000000000","0b0000100110000000","0","0","0b0000000000000000","0b0000000000000000","0b0000000000000000","0b0000000000000000","1","0b0000100000000000","0b0000000000000000","0x000000B1","0x60D000B4","1","0","0x0000009D","0","0","0","0x00000000","0x00000002","0x000001B8","0x00000001","0x00000031","0x0000006B","0x00000000","0x00000000","0x00000000","0x00000000","0x00000000","0x00000000","0x00000000","0x00000000","0x00000000","0x00000000","0x00000000","0x00000000","0x00000000","0x00000000","0x00000000","0x00000000","0x00000000","0x00000000","0x04000000","0x00000000","0x00000000","0x00000001","0xFFFFFFFF","0x00000088","0x00000260","0x00000054","0","1","1","0","0","1","1","1","0x8","0xF","0xC","0xB","1","1","1","1","1","0","0","0","0","0","0","1","0x20","0x18","0x20","0x18","0x8","0xF","0xE","0xB","0","0","0","0x8","0x58E00008","0x58E00008","0x58E00008","0x38200000","0x60D000B4","0x1618D000","0x1618D000","0x1618D000","0x19","0x19","0x19","0x18","0x17","0x16","0x16","0x16","0x000","0x000","0x000","0x000","0x006","0x000","0x500","0x500","0x00","0x10","0x10","0x20","0x20","0x20","0x20","0x18","0x20","0x20","0x20","0x20","0x20","0x20","0x20","0x20","0x20","0x20","0x20","0x20","0x20","0x20","0x20","0x20","0x20","0x20","0x20","0x20","0x20","0x20","0x20","0x20","0x20","0x20","0x20"
"353","0x7","0x8","0b0000100000000000","0b0000100110000000","0","0","0b0000000000000000","0b0000000000000000","0b0000001100000000","0b0000000010000000","0","0b0000100000000000","0b0000000010000000","0x000000B1","0x72E00008","1","0","0x0000009D","0","0","1","0x00000000","0x00000002","0x000001B8","0x00000001","0x00000031","0x0000006B","0x00000000","0x00000000","0x00000000","0x00000000","0x00000000","0x00000000","0x00000000","0x00000000","0x00000000","0x00000000","0x00000000","0x00000000","0x00000000","0x00000000","0x00000000","0x00000000","0x00000000","0x00000000","0x04000000","0x00000000","0x00000000","0x00000001","0xFFFFFFFF","0x00000088","0x00000260","0x00000054","0","1","1","0","0","1","1","1","0x8","0xF","0xC","0xB","1","1","1","1","1","0","0","0","0","0","0","1","0x20","0x18","0x20","0x18","0x8","0xF","0xE","0xB","0","0","0","0x8","0x58E00008","0x58E00008","0x58E00008","0x58E00008","0x38200000","0x60D000B4","0x1618D000","0x1618D000","0x19","0x19","0x19","0x19","0x18","0x17","0x16","0x16","0x000","0x000","0x000","0x000","0x000","0x006","0x000","0x500","0x1F","0x00","0x00","0x20","0x20","0x20","0x20","0x18","0x20","0x20","0x20","0x20","0x20","0x20","0x20","0x20","0x20","0x20","0x20","0x20","0x20","0x20","0x20","0x20","0x20","0x20","0x20","0x20","0x20","0x20","0x20","0x20","0x20","0x20","0x20"
"354","0x7","0x8","0b0000100000000000","0b0000100110000000","0","0","0b0000000000000000","0b0000000000000000","0b0000001100000000","0b0000000010000000","1","0b0000100000000000","0b0000000010000000","0x000000B2","0x72E00008","1","0","0x0000009E","0","0","1","0x00000000","0x00000002","0x000001B8","0x00000001","0x00000031","0x0000006B","0x00000000","0x00000000","0x00000000","0x00000000","0x00000000","0x00000000","0x00000000","0x00000000","0x00000000","0x00000000","0x00000000","0x00000000","0x00000000","0x00000000","0x00000000","0x00000000","0x00000000","0x00000000","0x04000000","0x00000000","0x00000000","0x00000001","0xFFFFFFFF","0x00000088","0x00000260","0x00000054","0","1","1","0","0","1","1","1","0x8","0xF","0xC","0xB","0","1","1","1","0","0","0","0","0","0","0","1","0x20","0x18","0x20","0x18","0x8","0xF","0xE","0xB","1","0","0","0x8","0x58E00008","0x58E00008","0x58E00008","0x58E00008","0x38200000","0x60D000B4","0x1618D000","0x1618D000","0x19","0x19","0x19","0x19","0x18","0x17","0x16","0x16","0x000","0x000","0x000","0x000","0x000","0x006","0x000","0x500","0x1F","0x00","0x00","0x20","0x20","0x20","0x20","0x18","0x20","0x20","0x20","0x20","0x20","0x20","0x20","0x20","0x20","0x20","0x20","0x20","0x20","0x20","0x20","0x20","0x20","0x20","0x20","0x20","0x20","0x20","0x20","0x20","0x20","0x20","0x20"
"355","0x7","0x8","0b0000100010000000","0b0000100010000000","0","1","0b0000000000000000","0b0000000010000000","0b0000000000000000","0b0000000000000000","0","0b0000100010000000","0b0000000000000000","0x000000B2","0x72E00008","1","0","0x0000009E","0","0","0","0x00000000","0x00000002","0x000001B8","0x00000001","0x00000031","0x0000006B","0x00000000","0x00000000","0x00000000","0x00000000","0x00000000","0x00000000","0x00000000","0x00000000","0x00000000","0x00000000","0x00000000","0x00000000","0x00000000","0x00000000","0x00000000","0x00000000","0x00000000","0x00000000","0x04000000","0x00000000","0x00000000","0x00000001","0xFFFFFFFF","0x00000088","0x00000260","0x00000054","0","1","1","0","0","1","1","1","0x8","0xF","0xC","0xB","0","1","1","1","0","0","0","0","0","0","0","1","0x20","0x18","0x20","0x18","0x8","0xF","0xE","0xB","1","0","0","0x8","0x58E00008","0x58E00008","0x58E00008","0x58E00008","0x58E00008","0x38200000","0x60D000B4","0x1618D000","0x19","0x19","0x19","0x19","0x19","0x18","0x17","0x16","0x000","0x000","0x000","0x000","0x000","0x000","0x006","0x000","0x00","0x00","0x00","0x17","0x17","0x17","0x17","0x17","0x17","0x17","0x17","0x17","0x17","0x17","0x17","0x17","0x17","0x17","0x17","0x17","0x17","0x17","0x17","0x17","0x17","0x17","0x17","0x17","0x17","0x20","0x20","0x20","0x20","0x17","0x17"
"356","0x7","0x8","0b0000100010000000","0b0000100010000000","0","1","0b0000000000000000","0b0000000010000000","0b0000000000000000","0b0000000000000000","1","0b0000100010000000","0b0000000000000000","0x000000B3","0x72E00008","1","0","0x0000009F","0","0","0","0x00000000","0x00000002","0x000001B8","0x00000001","0x00000031","0x0000006B","0x00000000","0x00000000","0x00000000","0x00000000","0x00000000","0x00000000","0x00000000","0x00000000","0x00000000","0x00000000","0x00000000","0x00000000","0x00000000","0x00000000","0x00000000","0x00000000","0x00000000","0x00000000","0x04000000","0x00000000","0x00000000","0x00000001","0xFFFFFFFF","0x00000088","0x00000260","0x00000054","0","1","1","0","0","1","1","1","0x8","0xF","0xC","0xB","0","1","1","1","0","0","0","0","0","0","0","1","0x20","0x18","0x20","0x18","0x8","0xF","0xE","0xB","1","0","0","0x8","0x58E00008","0x58E00008","0x58E00008","0x58E00008","0x58E00008","0x38200000","0x60D000B4","0x1618D000","0x19","0x19","0x19","0x19","0x19","0x18","0x17","0x16","0x000","0x000","0x000","0x000","0x000","0x000","0x006","0x000","0x00","0x00","0x00","0x17","0x17","0x17","0x17","0x17","0x17","0x17","0x17","0x17","0x17","0x17","0x17","0x17","0x17","0x17","0x17","0x17","0x17","0x17","0x17","0x17","0x17","0x17","0x17","0x17","0x17","0x20","0x20","0x20","0x20","0x17","0x17"
"357","0x8","0x9","0b0000100000000000","0b0000100000000000","0","0","0b0000000000000000","0b0000000000000000","0b0000000000000000","0b0000000000000000","0","0b0000100000000000","0b0000000000000000","0x000000B3","0x72E00008","1","0","0x0000009F","0","0","0","0x00000000","0x00000002","0x000001B8","0x00000001","0x00000031","0x0000006B","0x00000000","0x00000000","0x00000000","0x00000000","0x00000000","0x00000000","0x00000000","0x00000000","0x00000000","0x00000000","0x00000000","0x00000000","0x00000000","0x00000000","0x00000000","0x00000000","0x00000000","0x00000000","0x04000000","0x00000000","0x00000000","0x00000001","0xFFFFFFFF","0x0000008C","0x00000260","0x00000054","0","1","1","0","0","1","1","1","0x8","0xF","0xC","0xB","0","1","1","1","0","0","0","0","0","0","0","1","0x20","0x18","0x20","0x18","0x8","0xF","0xE","0xB","1","0","0","0x8","0x58E00008","0x58E00008","0x58E00008","0x58E00008","0x58E00008","0x58E00008","0x38200000","0x60D000B4","0x18","0x19","0x19","0x19","0x19","0x19","0x18","0x17","0x700","0x000","0x000","0x000","0x000","0x000","0x000","0x006","0x00","0x00","0x00","0x20","0x20","0x20","0x20","0x20","0x20","0x20","0x20","0x20","0x20","0x20","0x20","0x20","0x20","0x20","0x20","0x20","0x20","0x20","0x20","0x20","0x20","0x20","0x20","0x20","0x20","0x20","0x20","0x20","0x20","0x20","0x20"
"358","0x8","0x9","0b0000100000000000","0b0000100000000000","0","0","0b0000000000000000","0b0000000000000000","0b0000000000000000","0b0000000000000000","1","0b0000100000000000","0b0000000000000000","0x000000B4","0x72E00008","1","0","0x000000A0","0","0","0","0x00000000","0x00000002","0x000001B8","0x00000001","0x00000031","0x0000006B","0x00000000","0x00000000","0x00000000","0x00000000","0x00000000","0x00000000","0x00000000","0x00000000","0x00000000","0x00000000","0x00000000","0x00000000","0x00000000","0x00000000","0x00000000","0x00000000","0x00000000","0x00000000","0x04000000","0x00000000","0x00000000","0x00000001","0xFFFFFFFF","0x0000008C","0x00000260","0x00000054","0","1","1","0","0","1","1","1","0x8","0xF","0xC","0xB","0","1","1","1","0","0","0","0","0","0","0","1","0x20","0x18","0x20","0x18","0x8","0xF","0xE","0xB","1","0","0","0x8","0x58E00008","0x58E00008","0x58E00008","0x58E00008","0x58E00008","0x58E00008","0x38200000","0x60D000B4","0x18","0x19","0x19","0x19","0x19","0x19","0x18","0x17","0x700","0x000","0x000","0x000","0x000","0x000","0x000","0x006","0x00","0x00","0x00","0x20","0x20","0x20","0x20","0x20","0x20","0x20","0x20","0x20","0x20","0x20","0x20","0x20","0x20","0x20","0x20","0x20","0x20","0x20","0x20","0x20","0x20","0x20","0x20","0x20","0x20","0x20","0x20","0x20","0x20","0x20","0x20"
"359","0x8","0x9","0b0000100000000000","0b0000100000000000","0","0","0b0000000000000000","0b0000000000000000","0b0000000000000000","0b0000000000000000","0","0b0000100000000000","0b0000000000000000","0x000000B4","0x72E00008","1","0","0x000000A0","1","1","0","0x00000000","0x00000002","0x000001B8","0x00000001","0x00000031","0x0000006B","0x00000000","0x00000000","0x00000000","0x00000000","0x00000000","0x00000000","0x00000000","0x00000000","0x00000000","0x00000000","0x00000000","0x00000000","0x00000000","0x00000000","0x00000000","0x00000000","0x00000000","0x00000000","0x04000000","0x00000000","0x00000000","0x00000001","0xFFFFFFFF","0x0000008C","0x00000260","0x00000054","0","1","1","0","0","1","1","1","0x8","0xF","0xC","0xB","0","1","1","1","0","0","0","0","0","0","0","1","0x20","0x18","0x20","0x18","0x8","0xF","0xE","0xB","1","0","0","0x8","0x58E00008","0x58E00008","0x58E00008","0x58E00008","0x58E00008","0x58E00008","0x58E00008","0x38200000","0x18","0x18","0x19","0x19","0x19","0x19","0x19","0x18","0x000","0x700","0x000","0x000","0x000","0x000","0x000","0x000","0x00","0x00","0x00","0x20","0x20","0x20","0x20","0x20","0x20","0x20","0x20","0x20","0x20","0x20","0x20","0x20","0x20","0x20","0x20","0x20","0x20","0x20","0x20","0x20","0x20","0x20","0x20","0x20","0x20","0x20","0x20","0x20","0x20","0x20","0x20"
"360","0x8","0x9","0b0000100000000000","0b0000100000000000","0","0","0b0000000000000000","0b0000000000000000","0b0000000000000000","0b0000000000000000","1","0b0000100000000000","0b0000000000000000","0x000000B5","0x72E00008","1","0","0x000000A1","1","1","0","0x00000000","0x00000002","0x000001B8","0x00000001","0x00000031","0x0000006B","0x00000000","0x00000000","0x00000000","0x00000000","0x00000000","0x00000000","0x00000000","0x00000000","0x00000000","0x00000000","0x00000000","0x00000000","0x00000000","0x00000000","0x00000000","0x00000000","0x00000000","0x00000000","0x04000000","0x00000000","0x00000000","0x00000001","0xFFFFFFFF","0x0000008C","0x00000260","0x00000054","0","1","1","0","0","1","1","1","0x8","0xF","0xC","0xB","1","1","1","1","0","0","0","0","0","0","0","1","0x20","0x18","0x20","0x18","0x8","0xF","0xE","0xB","0","0","0","0x8","0x58E00008","0x58E00008","0x58E00008","0x58E00008","0x58E00008","0x58E00008","0x58E00008","0x38200000","0x18","0x18","0x19","0x19","0x19","0x19","0x19","0x18","0x000","0x700","0x000","0x000","0x000","0x000","0x000","0x000","0x00","0x00","0x00","0x20","0x20","0x20","0x20","0x20","0x20","0x20","0x20","0x20","0x20","0x20","0x20","0x20","0x20","0x20","0x20","0x20","0x20","0x20","0x20","0x20","0x20","0x20","0x20","0x20","0x20","0x20","0x20","0x20","0x20","0x20","0x20"
"361","0x8","0x9","0b0000100000000000","0b0000100100000000","0","0","0b0000000000000000","0b0000000000000000","0b0000000000000000","0b0000000000000000","0","0b0000100000000000","0b0000000000000000","0x000000B5","0x38200000","1","0","0x000000A1","0","0","0","0x00000000","0x00000002","0x000001B8","0x00000001","0x00000031","0x0000006B","0x00000000","0x00000000","0x00000000","0x00000000","0x00000000","0x00000000","0x00000000","0x00000000","0x00000000","0x00000000","0x00000000","0x00000000","0x00000000","0x00000000","0x00000000","0x00000000","0x00000000","0x00000000","0x04000000","0x00000000","0x00000000","0x00000001","0xFFFFFFFF","0x0000008C","0x00000260","0x00000054","0","1","1","0","0","1","1","1","0x8","0xF","0xC","0xB","1","1","1","1","0","0","0","0","0","0","0","1","0x20","0x18","0x20","0x18","0x8","0xF","0xE","0xB","0","0","0","0x8","0x38200000","0x58E00008","0x58E00008","0x58E00008","0x58E00008","0x58E00008","0x58E00008","0x58E00008","0x18","0x18","0x18","0x19","0x19","0x19","0x19","0x19","0x000","0x000","0x700","0x000","0x000","0x000","0x000","0x000","0x00","0x01","0x01","0x20","0x20","0x20","0x20","0x18","0x20","0x20","0x20","0x20","0x20","0x20","0x20","0x20","0x20","0x20","0x20","0x20","0x20","0x20","0x20","0x20","0x20","0x20","0x20","0x20","0x20","0x20","0x20","0x20","0x20","0x20","0x20"
"362","0x8","0x9","0b0000100000000000","0b0000100100000000","0","0","0b0000000000000000","0b0000000000000000","0b0000000000000000","0b0000000000000000","1","0b0000100000000000","0b0000000000000000","0x000000B6","0x38200000","1","0","0x000000A2","0","0","0","0x00000000","0x00000002","0x000001B8","0x00000001","0x00000031","0x0000006B","0x00000000","0x00000000","0x00000000","0x00000000","0x00000000","0x00000000","0x00000000","0x00000000","0x00000000","0x00000000","0x00000000","0x00000000","0x00000000","0x00000000","0x00000000","0x00000000","0x00000000","0x00000000","0x04000000","0x00000000","0x00000000","0x00000001","0xFFFFFFFF","0x0000008C","0x00000260","0x00000054","0","1","1","0","0","1","1","1","0x8","0xF","0xC","0xB","1","1","1","1","0","0","0","0","0","0","0","1","0x20","0x18","0x20","0x18","0x8","0xF","0xE","0xB","0","0","0","0x8","0x38200000","0x58E00008","0x58E00008","0x58E00008","0x58E00008","0x58E00008","0x58E00008","0x58E00008","0x18","0x18","0x18","0x19","0x19","0x19","0x19","0x19","0x000","0x000","0x700","0x000","0x000","0x000","0x000","0x000","0x00","0x01","0x01","0x20","0x20","0x20","0x20","0x18","0x20","0x20","0x20","0x20","0x20","0x20","0x20","0x20","0x20","0x20","0x20","0x20","0x20","0x20","0x20","0x20","0x20","0x20","0x20","0x20","0x20","0x20","0x20","0x20","0x20","0x20","0x20"
"363","0x8","0x9","0b0000100000000000","0b0000100100000000","0","0","0b0000000000000000","0b0000000000000000","0b0000000000000000","0b0000000000000000","0","0b0000100000000000","0b0000000000000000","0x000000B6","0x72E00008","1","0","0x000000A2","0","0","0","0x00000000","0x00000002","0x000001B8","0x00000001","0x00000031","0x0000006B","0x00000000","0x00000000","0x00000000","0x00000000","0x00000000","0x00000000","0x00000000","0x00000000","0x00000000","0x00000000","0x00000000","0x00000000","0x00000000","0x00000000","0x00000000","0x00000000","0x00000000","0x00000000","0x04000000","0x00000000","0x00000000","0x00000001","0xFFFFFFFF","0x00000088","0x00000260","0x00000054","0","1","1","0","0","1","1","1","0x8","0xF","0xC","0xB","1","1","1","1","0","0","0","0","0","0","0","1","0x20","0x18","0x20","0x18","0x8","0xF","0xE","0xB","0","0","1","0x8","0x58E00008","0x38200000","0x58E00008","0x58E00008","0x58E00008","0x58E00008","0x58E00008","0x58E00008","0x19","0x18","0x18","0x18","0x19","0x19","0x19","0x19","0x000","0x000","0x000","0x700","0x000","0x000","0x000","0x000","0x00","0x00","0x00","0x20","0x20","0x20","0x20","0x18","0x20","0x20","0x20","0x20","0x20","0x20","0x20","0x20","0x20","0x20","0x20","0x20","0x20","0x20","0x20","0x20","0x20","0x20","0x20","0x20","0x20","0x20","0x20","0x20","0x20","0x20","0x20"
"364","0x8","0x9","0b0000100000000000","0b0000100100000000","0","0","0b0000000000000000","0b0000000000000000","0b0000000000000000","0b0000000000000000","1","0b0000100000000000","0b0000000000000000","0x000000B7","0x72E00008","1","0","0x000000A3","0","0","0","0x00000000","0x00000002","0x000001B8","0x00000001","0x00000031","0x0000006B","0x00000000","0x00000000","0x00000000","0x00000000","0x00000000","0x00000000","0x00000000","0x00000000","0x00000000","0x00000000","0x00000000","0x00000000","0x00000000","0x00000000","0x00000000","0x00000000","0x00000000","0x00000000","0x04000000","0x00000000","0x00000000","0x00000001","0xFFFFFFFF","0x00000088","0x00000260","0x00000054","0","1","1","0","0","1","1","1","0x8","0xF","0xC","0xB","1","1","1","1","1","0","0","0","0","0","0","1","0x20","0x18","0x20","0x18","0x8","0xF","0xE","0xB","0","0","1","0x8","0x58E00008","0x38200000","0x58E00008","0x58E00008","0x58E00008","0x58E00008","0x58E00008","0x58E00008","0x19","0x18","0x18","0x18","0x19","0x19","0x19","0x19","0x000","0x000","0x000","0x700","0x000","0x000","0x000","0x000","0x00","0x00","0x00","0x20","0x20","0x20","0x20","0x18","0x20","0x20","0x20","0x20","0x20","0x20","0x20","0x20","0x20","0x20","0x20","0x20","0x20","0x20","0x20","0x20","0x20","0x20","0x20","0x20","0x20","0x20","0x20","0x20","0x20","0x20","0x20"
"365","0x8","0x9","0b0000100000000000","0b0000100100000000","0","0","0b0000000000000000","0b0000000000000000","0b0000000000000000","0b0000000000000000","0","0b0000100000000000","0b0000000000000000","0x000000B7","0x72E00008","1","0","0x000000A3","0","0","0","0x00000000","0x00000002","0x000001B8","0x00000001","0x00000031","0x0000006B","0x00000000","0x00000000","0x00000000","0x00000000","0x00000000","0x00000000","0x00000000","0x00000000","0x00000000","0x00000000","0x00000000","0x00000000","0x00000000","0x00000000","0x00000000","0x00000000","0x00000000","0x00000000","0x04000000","0x00000000","0x00000000","0x00000001","0xFFFFFFFF","0x00000088","0x00000260","0x00000054","0","1","1","0","0","1","1","1","0x8","0xF","0xC","0xB","1","1","1","1","1","0","0","0","0","0","0","1","0x20","0x18","0x20","0x18","0x8","0xF","0xE","0xB","0","0","0","0x8","0x58E00008","0x58E00008","0x38200000","0x58E00008","0x58E00008","0x58E00008","0x58E00008","0x58E00008","0x19","0x19","0x18","0x18","0x18","0x19","0x19","0x19","0x000","0x000","0x000","0x000","0x700","0x000","0x000","0x000","0x00","0x00","0x00","0x20","0x20","0x20","0x20","0x18","0x20","0x20","0x20","0x20","0x20","0x20","0x20","0x20","0x20","0x20","0x20","0x20","0x20","0x20","0x20","0x20","0x20","0x20","0x20","0x20","0x20","0x20","0x20","0x20","0x20","0x20","0x20"
"366","0x8","0x9","0b0000100000000000","0b0000100100000000","0","0","0b0000000000000000","0b0000000000000000","0b0000000000000000","0b0000000000000000","1","0b0000100000000000","0b0000000000000000","0x000000B8","0x72E00008","1","0","0x000000A4","0","0","0","0x00000000","0x00000002","0x000001B8","0x00000001","0x00000031","0x0000006B","0x00000000","0x00000000","0x00000000","0x00000000","0x00000000","0x00000000","0x00000000","0x00000000","0x00000000","0x00000000","0x00000000","0x00000000","0x00000000","0x00000000","0x00000000","0x00000000","0x00000000","0x00000000","0x04000000","0x00000000","0x00000000","0x00000001","0xFFFFFFFF","0x00000088","0x00000260","0x00000054","0","1","1","0","0","1","1","1","0x8","0xF","0xC","0xB","1","1","1","1","1","0","0","0","0","0","0","1","0x20","0x18","0x20","0x18","0x8","0xF","0xE","0xB","0","0","0","0x8","0x58E00008","0x58E00008","0x38200000","0x58E00008","0x58E00008","0x58E00008","0x58E00008","0x58E00008","0x19","0x19","0x18","0x18","0x18","0x19","0x19","0x19","0x000","0x000","0x000","0x000","0x700","0x000","0x000","0x000","0x00","0x00","0x00","0x20","0x20","0x20","0x20","0x18","0x20","0x20","0x20","0x20","0x20","0x20","0x20","0x20","0x20","0x20","0x20","0x20","0x20","0x20","0x20","0x20","0x20","0x20","0x20","0x20","0x20","0x20","0x20","0x20","0x20","0x20","0x20"
"367","0x8","0x9","0b0000100000000000","0b0000100100000000","0","0","0b0000000000000000","0b0000000000000000","0b0000000000000000","0b0000000000000000","0","0b0000100000000000","0b0000000000000000","0x000000B8","0x72E00008","1","0","0x000000A4","0","0","0","0x00000000","0x00000002","0x000001B8","0x00000001","0x00000031","0x0000006B","0x00000000","0x00000000","0x00000000","0x00000000","0x00000000","0x00000000","0x00000000","0x00000000","0x00000000","0x00000000","0x00000000","0x00000000","0x00000000","0x00000000","0x00000000","0x00000000","0x00000000","0x00000000","0x04000000","0x00000000","0x00000000","0x00000001","0xFFFFFFFF","0x00000088","0x00000260","0x00000054","0","1","1","0","0","1","1","1","0x8","0xF","0xC","0xB","1","1","1","1","1","0","0","0","0","0","0","1","0x20","0x18","0x20","0x18","0x8","0xF","0xE","0xB","0","0","0","0x8","0x58E00008","0x58E00008","0x58E00008","0x38200000","0x58E00008","0x58E00008","0x58E00008","0x58E00008","0x19","0x19","0x19","0x18","0x18","0x18","0x19","0x19","0x000","0x000","0x000","0x000","0x000","0x700","0x000","0x000","0x00","0x00","0x00","0x20","0x20","0x20","0x20","0x18","0x20","0x20","0x20","0x20","0x20","0x20","0x20","0x20","0x20","0x20","0x20","0x20","0x20","0x20","0x20","0x20","0x20","0x20","0x20","0x20","0x20","0x20","0x20","0x20","0x20","0x20","0x20"
"368","0x8","0x9","0b0000100000000000","0b0000100100000000","0","0","0b0000000000000000","0b0000000000000000","0b0000000000000000","0b0000000000000000","1","0b0000100000000000","0b0000000000000000","0x000000B9","0x72E00008","1","0","0x000000A5","0","0","0","0x00000000","0x00000002","0x000001B8","0x00000001","0x00000031","0x0000006B","0x00000000","0x00000000","0x00000000","0x00000000","0x00000000","0x00000000","0x00000000","0x00000000","0x00000000","0x00000000","0x00000000","0x00000000","0x00000000","0x00000000","0x00000000","0x00000000","0x00000000","0x00000000","0x04000000","0x00000000","0x00000000","0x00000001","0xFFFFFFFF","0x00000088","0x00000260","0x00000054","0","1","1","0","0","1","1","1","0x8","0xF","0xC","0xB","1","1","1","1","1","0","0","0","0","0","0","1","0x20","0x18","0x20","0x18","0x8","0xF","0xE","0xB","0","0","0","0x8","0x58E00008","0x58E00008","0x58E00008","0x38200000","0x58E00008","0x58E00008","0x58E00008","0x58E00008","0x19","0x19","0x19","0x18","0x18","0x18","0x19","0x19","0x000","0x000","0x000","0x000","0x000","0x700","0x000","0x000","0x00","0x00","0x00","0x20","0x20","0x20","0x20","0x18","0x20","0x20","0x20","0x20","0x20","0x20","0x20","0x20","0x20","0x20","0x20","0x20","0x20","0x20","0x20","0x20","0x20","0x20","0x20","0x20","0x20","0x20","0x20","0x20","0x20","0x20","0x20"
"369","0x8","0x9","0b0000100000000000","0b0000100100000000","0","0","0b0000000000000000","0b0000000000000000","0b0000000000000000","0b0000000000000000","0","0b0000100000000000","0b0000000000000000","0x000000B9","0x72E00008","1","0","0x000000A5","0","0","0","0x00000000","0x00000002","0x000001B8","0x00000001","0x00000031","0x0000006B","0x00000000","0x00000000","0x00000000","0x00000000","0x00000000","0x00000000","0x00000000","0x00000000","0x00000000","0x00000000","0x00000000","0x00000000","0x00000000","0x00000000","0x00000000","0x00000000","0x00000000","0x00000000","0x04000000","0x00000000","0x00000000","0x00000001","0xFFFFFFFF","0x00000088","0x00000260","0x00000054","0","1","1","0","0","1","1","1","0x8","0xF","0xC","0xB","1","1","1","1","1","0","0","0","0","0","0","1","0x20","0x18","0x20","0x18","0x8","0xF","0xE","0xB","0","0","0","0x8","0x58E00008","0x58E00008","0x58E00008","0x58E00008","0x38200000","0x58E00008","0x58E00008","0x58E00008","0x19","0x19","0x19","0x19","0x18","0x18","0x18","0x19","0x000","0x000","0x000","0x000","0x000","0x000","0x700","0x000","0x00","0x00","0x00","0x20","0x20","0x20","0x20","0x18","0x20","0x20","0x20","0x20","0x20","0x20","0x20","0x20","0x20","0x20","0x20","0x20","0x20","0x20","0x20","0x20","0x20","0x20","0x20","0x20","0x20","0x20","0x20","0x20","0x20","0x20","0x20"
"370","0x8","0x9","0b0000100000000000","0b0000100100000000","0","0","0b0000000000000000","0b0000000000000000","0b0000000000000000","0b0000000000000000","1","0b0000100000000000","0b0000000000000000","0x000000BA","0x72E00008","1","0","0x000000A6","0","0","0","0x00000000","0x00000002","0x000001B8","0x00000001","0x00000031","0x0000006B","0x00000000","0x00000000","0x00000000","0x00000000","0x00000000","0x00000000","0x00000000","0x00000000","0x00000000","0x00000000","0x00000000","0x00000000","0x00000000","0x00000000","0x00000000","0x00000000","0x00000000","0x00000000","0x04000000","0x00000000","0x00000000","0x00000001","0xFFFFFFFF","0x00000088","0x00000260","0x00000054","0","1","1","0","0","1","1","1","0x8","0xF","0xC","0xB","1","1","1","1","1","0","0","0","1","0","0","1","0x20","0x18","0x20","0x18","0x8","0xF","0xE","0xB","0","0","0","0x8","0x58E00008","0x58E00008","0x58E00008","0x58E00008","0x38200000","0x58E00008","0x58E00008","0x58E00008","0x19","0x19","0x19","0x19","0x18","0x18","0x18","0x19","0x000","0x000","0x000","0x000","0x000","0x000","0x700","0x000","0x00","0x00","0x00","0x20","0x20","0x20","0x20","0x18","0x20","0x20","0x20","0x20","0x20","0x20","0x20","0x20","0x20","0x20","0x20","0x20","0x20","0x20","0x20","0x20","0x20","0x20","0x20","0x20","0x20","0x20","0x20","0x20","0x20","0x20","0x20"
"371","0x8","0x9","0b0000100000000000","0b0000100100000000","0","0","0b0000000000000000","0b0000000000000000","0b0000000000000000","0b0000000100000000","0","0b0000100000000000","0b0000000100000000","0x000000BA","0x72E00008","1","0","0x000000A6","0","0","0","0x00000000","0x00000002","0x000001B8","0x00000001","0x00000031","0x0000006B","0x00000000","0x00000000","0x00000000","0x00000000","0x00000000","0x00000000","0x00000000","0x00000000","0x00000000","0x00000000","0x00000000","0x00000000","0x00000000","0x00000000","0x00000000","0x00000000","0x00000000","0x00000000","0x04000000","0x00000000","0x00000000","0x00000001","0xFFFFFFFF","0x00000088","0x00000260","0x00000054","0","1","1","0","0","1","1","1","0x8","0xF","0xC","0xB","1","1","1","1","1","0","0","0","1","0","0","1","0x20","0x18","0x20","0x18","0x8","0xF","0xE","0xB","0","0","0","0x8","0x58E00008","0x58E00008","0x58E00008","0x58E00008","0x58E00008","0x38200000","0x58E00008","0x58E00008","0x19","0x19","0x19","0x19","0x19","0x18","0x18","0x18","0x000","0x000","0x000","0x000","0x000","0x000","0x000","0x700","0x00","0x00","0x00","0x20","0x20","0x20","0x20","0x18","0x20","0x20","0x20","0x20","0x20","0x20","0x20","0x20","0x20","0x20","0x20","0x20","0x20","0x20","0x20","0x20","0x20","0x20","0x20","0x20","0x20","0x20","0x20","0x20","0x20","0x20","0x20"
"372","0x8","0x9","0b0000100000000000","0b0000100100000000","0","0","0b0000000000000000","0b0000000000000000","0b0000000000000000","0b0000000100000000","1","0b0000100000000000","0b0000000100000000","0x000000BB","0x72E00008","1","0","0x000000A7","0","0","0","0x00000000","0x00000002","0x000001B8","0x00000001","0x00000031","0x0000006B","0x00000000","0x00000000","0x00000000","0x00000000","0x00000000","0x00000000","0x00000000","0x00000000","0x00000000","0x00000000","0x00000000","0x00000000","0x00000000","0x00000000","0x00000000","0x00000000","0x00000000","0x00000000","0x04000000","0x00000000","0x00000000","0x00000001","0xFFFFFFFF","0x00000088","0x00000260","0x00000054","0","1","1","0","0","1","1","1","0x8","0xF","0xC","0xB","1","1","1","1","1","0","0","0","1","0","0","1","0x20","0x18","0x20","0x18","0x8","0xF","0xE","0xB","0","0","0","0x8","0x58E00008","0x58E00008","0x58E00008","0x58E00008","0x58E00008","0x38200000","0x58E00008","0x58E00008","0x19","0x19","0x19","0x19","0x19","0x18","0x18","0x18","0x000","0x000","0x000","0x000","0x000","0x000","0x000","0x700","0x00","0x00","0x00","0x20","0x20","0x20","0x20","0x18","0x20","0x20","0x20","0x20","0x20","0x20","0x20","0x20","0x20","0x20","0x20","0x20","0x20","0x20","0x20","0x20","0x20","0x20","0x20","0x20","0x20","0x20","0x20","0x20","0x20","0x20","0x20"
"373","0x8","0x9","0b0000100100000000","0b0000100100000000","0","1","0b0000000000000000","0b0000000100000000","0b0000000000000000","0b0000000000000000","0","0b0000100100000000","0b0000000000000000","0x000000BB","0x72E00008","1","0","0x000000A7","0","0","0","0x00000000","0x00000002","0x000001B8","0x00000001","0x00000031","0x0000006B","0x00000000","0x00000000","0x00000000","0x00000000","0x00000000","0x00000000","0x00000000","0x00000000","0x00000000","0x00000000","0x00000000","0x00000000","0x00000000","0x00000000","0x00000000","0x00000000","0x00000000","0x00000000","0x04000000","0x00000000","0x00000000","0x00000001","0xFFFFFFFF","0x00000088","0x00000260","0x00000054","0","1","1","0","0","1","1","1","0x8","0xF","0xC","0xB","1","1","1","1","1","0","0","0","1","0","0","1","0x20","0x18","0x20","0x18","0x8","0xF","0xE","0xB","0","0","0","0x8","0x58E00008","0x58E00008","0x58E00008","0x58E00008","0x58E00008","0x58E00008","0x38200000","0x58E00008","0x19","0x19","0x19","0x19","0x19","0x19","0x18","0x18","0x000","0x000","0x000","0x000","0x000","0x000","0x000","0x000","0x00","0x00","0x00","0x20","0x20","0x20","0x20","0x18","0x20","0x20","0x20","0x20","0x20","0x20","0x20","0x20","0x20","0x20","0x20","0x20","0x20","0x20","0x20","0x20","0x20","0x20","0x20","0x20","0x20","0x20","0x20","0x20","0x20","0x20","0x20"
"374","0x8","0x9","0b0000100100000000","0b0000100100000000","0","1","0b0000000000000000","0b0000000100000000","0b0000000000000000","0b0000000000000000","1","0b0000100100000000","0b0000000000000000","0x000000BC","0x72E00008","1","0","0x000000A8","0","0","0","0x00000000","0x00000002","0x000001B8","0x00000001","0x00000031","0x0000006B","0x00000000","0x00000000","0x00000000","0x00000000","0x00000000","0x00000000","0x00000000","0x00000000","0x00000000","0x00000000","0x00000000","0x00000000","0x00000000","0x00000000","0x00000000","0x00000000","0x00000000","0x00000000","0x04000000","0x00000000","0x00000000","0x00000001","0xFFFFFFFF","0x00000088","0x00000260","0x00000054","0","1","1","0","0","1","1","1","0x8","0xF","0xC","0xB","0","1","1","1","0","0","0","0","0","0","0","1","0x20","0x18","0x20","0x18","0x8","0xF","0xE","0xB","1","0","0","0x8","0x58E00008","0x58E00008","0x58E00008","0x58E00008","0x58E00008","0x58E00008","0x38200000","0x58E00008","0x19","0x19","0x19","0x19","0x19","0x19","0x18","0x18","0x000","0x000","0x000","0x000","0x000","0x000","0x000","0x000","0x00","0x00","0x00","0x20","0x20","0x20","0x20","0x18","0x20","0x20","0x20","0x20","0x20","0x20","0x20","0x20","0x20","0x20","0x20","0x20","0x20","0x20","0x20","0x20","0x20","0x20","0x20","0x20","0x20","0x20","0x20","0x20","0x20","0x20","0x20"
"375","0x9","0xA","0b0000100000000000","0b0000100000000000","0","0","0b0000000000000000","0b0000000000000000","0b0000000000000000","0b0000000000000000","0","0b0000100000000000","0b0000000000000000","0x000000BC","0x72E00008","1","0","0x000000A8","1","0","0","0x00000000","0x00000002","0x000001B8","0x00000001","0x00000031","0x0000006B","0x00000000","0x00000000","0x00000000","0x00000000","0x00000000","0x00000000","0x00000000","0x00000000","0x00000000","0x00000000","0x00000000","0x00000000","0x00000000","0x00000000","0x00000000","0x00000000","0x00000000","0x00000000","0x04000000","0x00000000","0x00000000","0x00000001","0xFFFFFFFF","0x00000088","0x00000260","0x00000054","0","1","1","0","0","1","1","1","0x8","0xF","0xC","0xB","0","1","1","1","0","0","0","0","0","0","0","1","0x20","0x18","0x20","0x18","0x8","0xF","0xE","0xB","1","0","0","0x8","0x58E00008","0x58E00008","0x58E00008","0x58E00008","0x58E00008","0x58E00008","0x58E00008","0x38200000","0x19","0x19","0x19","0x19","0x19","0x19","0x19","0x18","0x000","0x000","0x000","0x000","0x000","0x000","0x000","0x000","0x00","0x00","0x00","0x20","0x20","0x20","0x20","0x20","0x20","0x20","0x20","0x20","0x20","0x20","0x20","0x20","0x20","0x20","0x20","0x20","0x20","0x20","0x20","0x20","0x20","0x20","0x20","0x20","0x20","0x20","0x20","0x20","0x20","0x20","0x20"
"376","0x9","0xA","0b0000100000000000","0b0000100000000000","0","0","0b0000000000000000","0b0000000000000000","0b0000000000000000","0b0000000000000000","1","0b0000100000000000","0b0000000000000000","0x000000BD","0x72E00008","1","0","0x000000A9","1","0","0","0x00000000","0x00000002","0x000001B8","0x00000001","0x00000031","0x0000006B","0x00000000","0x00000000","0x00000000","0x00000000","0x00000000","0x00000000","0x00000000","0x00000000","0x00000000","0x00000000","0x00000000","0x00000000","0x00000000","0x00000000","0x00000000","0x00000000","0x00000000","0x00000000","0x04000000","0x00000000","0x00000000","0x00000001","0xFFFFFFFF","0x00000090","0x00000260","0x00000054","0","1","1","0","1","1","1","1","0x9","0xF","0xC","0xB","0","1","1","1","0","0","0","0","0","0","0","1","0x20","0x18","0x20","0x18","0x8","0xF","0xE","0xB","1","0","0","0x8","0x58E00008","0x58E00008","0x58E00008","0x58E00008","0x58E00008","0x58E00008","0x58E00008","0x38200000","0x19","0x19","0x19","0x19","0x19","0x19","0x19","0x18","0x000","0x000","0x000","0x000","0x000","0x000","0x000","0x000","0x00","0x00","0x00","0x20","0x20","0x20","0x20","0x20","0x20","0x20","0x20","0x20","0x20","0x20","0x20","0x20","0x20","0x20","0x20","0x20","0x20","0x20","0x20","0x20","0x20","0x20","0x20","0x20","0x20","0x20","0x20","0x20","0x20","0x20","0x20"
"377","0x9","0xA","0b0000100000000000","0b0000101000000000","0","0","0b0000000000000000","0b0000000000000000","0b0000000000000000","0b0000000000000000","0","0b0000100000000000","0b0000000000000000","0x000000BD","0x58E00008","1","0","0x000000A9","0","0","0","0x00000000","0x00000002","0x000001B8","0x00000001","0x00000031","0x0000006B","0x00000000","0x00000000","0x00000000","0x00000000","0x00000000","0x00000000","0x00000000","0x00000000","0x00000000","0x00000000","0x00000000","0x00000000","0x00000000","0x00000000","0x00000000","0x00000000","0x00000000","0x00000000","0x04000000","0x00000000","0x00000000","0x00000001","0xFFFFFFFF","0x00000090","0x00000260","0x00000054","0","1","1","0","1","1","1","1","0x9","0xF","0xC","0xB","0","1","1","1","0","0","0","0","0","0","0","1","0x20","0x18","0x20","0x18","0x8","0xF","0xE","0xB","1","0","0","0x8","0x58E00008","0x58E00008","0x58E00008","0x58E00008","0x58E00008","0x58E00008","0x58E00008","0x58E00008","0x19","0x19","0x19","0x19","0x19","0x19","0x19","0x19","0x000","0x000","0x000","0x000","0x000","0x000","0x000","0x000","0x00","0x01","0x01","0x20","0x20","0x20","0x20","0x20","0x20","0x20","0x20","0x20","0x20","0x20","0x20","0x20","0x20","0x20","0x20","0x20","0x20","0x20","0x20","0x20","0x20","0x20","0x20","0x20","0x20","0x20","0x20","0x20","0x20","0x20","0x20"
"378","0x9","0xA","0b0000100000000000","0b0000101000000000","0","0","0b0000000000000000","0b0000000000000000","0b0000000000000000","0b0000000000000000","1","0b0000100000000000","0b0000000000000000","0x000000BE","0x58E00008","1","0","0x000000AA","0","0","0","0x00000000","0x00000002","0x000001B8","0x00000001","0x00000031","0x0000006B","0x00000000","0x00000000","0x00000000","0x00000000","0x00000000","0x00000000","0x00000000","0x00000000","0x00000000","0x00000000","0x00000000","0x00000000","0x00000000","0x00000000","0x00000000","0x00000000","0x00000000","0x00000000","0x04000000","0x00000000","0x00000000","0x00000001","0xFFFFFFFF","0x00000090","0x00000260","0x00000054","0","1","1","0","1","1","1","1","0x9","0xF","0xC","0xB","0","1","1","1","0","0","0","0","0","0","0","1","0x20","0x18","0x20","0x18","0x8","0xF","0xE","0xB","1","0","0","0x8","0x58E00008","0x58E00008","0x58E00008","0x58E00008","0x58E00008","0x58E00008","0x58E00008","0x58E00008","0x19","0x19","0x19","0x19","0x19","0x19","0x19","0x19","0x000","0x000","0x000","0x000","0x000","0x000","0x000","0x000","0x00","0x01","0x01","0x20","0x20","0x20","0x20","0x20","0x20","0x20","0x20","0x20","0x20","0x20","0x20","0x20","0x20","0x20","0x20","0x20","0x20","0x20","0x20","0x20","0x20","0x20","0x20","0x20","0x20","0x20","0x20","0x20","0x20","0x20","0x20"
"379","0x9","0xA","0b0000100000000000","0b0000101000000000","0","0","0b0000000000000000","0b0000000000000000","0b0000000000000000","0b0000001000000000","0","0b0000100000000000","0b0000001000000000","0x000000BE","0x7228000C","1","0","0x000000AA","0","0","0","0x00000000","0x00000002","0x000001B8","0x00000001","0x00000031","0x0000006B","0x00000000","0x00000000","0x00000000","0x00000000","0x00000000","0x00000000","0x00000000","0x00000000","0x00000000","0x00000000","0x00000000","0x00000000","0x00000000","0x00000000","0x00000000","0x00000000","0x00000000","0x00000000","0x04000000","0x00000000","0x00000000","0x00000001","0xFFFFFFFF","0x0000008C","0x00000260","0x00000054","0","1","1","0","1","1","1","1","0x9","0xF","0xC","0xB","0","1","1","1","0","0","0","0","0","0","0","1","0x20","0x18","0x20","0x18","0x8","0xF","0xE","0xB","1","0","0","0x9","0x5828000C","0x58E00008","0x58E00008","0x58E00008","0x58E00008","0x58E00008","0x58E00008","0x58E00008","0x1A","0x19","0x19","0x19","0x19","0x19","0x19","0x19","0x000","0x000","0x000","0x000","0x000","0x000","0x000","0x000","0x00","0x00","0x00","0x20","0x20","0x20","0x20","0x20","0x20","0x20","0x20","0x20","0x20","0x20","0x20","0x20","0x20","0x20","0x20","0x20","0x20","0x20","0x20","0x20","0x20","0x20","0x20","0x20","0x20","0x20","0x20","0x20","0x20","0x20","0x20"
"380","0x9","0xA","0b0000100000000000","0b0000101000000000","0","0","0b0000000000000000","0b0000000000000000","0b0000000000000000","0b0000001000000000","1","0b0000100000000000","0b0000001000000000","0x000000BF","0x7228000C","1","0","0x000000AB","0","0","0","0x00000000","0x00000002","0x000001B8","0x00000001","0x00000031","0x0000006B","0x00000000","0x00000000","0x00000000","0x00000000","0x00000000","0x00000000","0x00000000","0x00000000","0x00000000","0x00000000","0x00000000","0x00000000","0x00000000","0x00000000","0x00000000","0x00000000","0x00000000","0x00000000","0x04000000","0x00000000","0x00000000","0x00000001","0xFFFFFFFF","0x0000008C","0x00000260","0x00000054","0","1","1","0","1","1","1","1","0x9","0xF","0xC","0xB","0","1","1","1","0","0","0","0","0","0","0","1","0x20","0x18","0x20","0x18","0x8","0xF","0xE","0xB","1","0","0","0x9","0x5828000C","0x58E00008","0x58E00008","0x58E00008","0x58E00008","0x58E00008","0x58E00008","0x58E00008","0x1A","0x19","0x19","0x19","0x19","0x19","0x19","0x19","0x000","0x000","0x000","0x000","0x000","0x000","0x000","0x000","0x00","0x00","0x00","0x20","0x20","0x20","0x20","0x20","0x20","0x20","0x20","0x20","0x20","0x20","0x20","0x20","0x20","0x20","0x20","0x20","0x20","0x20","0x20","0x20","0x20","0x20","0x20","0x20","0x20","0x20","0x20","0x20","0x20","0x20","0x20"
"381","0x9","0xA","0b0000101000000000","0b0000101000000000","0","1","0b0000000000000000","0b0000001000000000","0b0000000000000000","0b0000000000000000","0","0b0000101000000000","0b0000000000000000","0x000000BF","0x7228000C","1","0","0x000000AB","0","0","0","0x00000000","0x00000002","0x000001B8","0x00000001","0x00000031","0x0000006B","0x00000000","0x00000000","0x00000000","0x00000000","0x00000000","0x00000000","0x00000000","0x00000000","0x00000000","0x00000000","0x00000000","0x00000000","0x00000000","0x00000000","0x00000000","0x00000000","0x00000000","0x00000000","0x04000000","0x00000000","0x00000000","0x00000001","0xFFFFFFFF","0x0000008C","0x00000260","0x00000054","0","1","1","0","1","1","1","1","0x9","0xF","0xC","0xB","0","1","1","1","0","0","0","0","0","0","0","1","0x20","0x18","0x20","0x18","0x8","0xF","0xE","0xB","1","0","0","0x9","0x5828000C","0x5828000C","0x58E00008","0x58E00008","0x58E00008","0x58E00008","0x58E00008","0x58E00008","0x1A","0x1A","0x19","0x19","0x19","0x19","0x19","0x19","0x000","0x000","0x000","0x000","0x000","0x000","0x000","0x000","0x00","0x00","0x00","0x20","0x20","0x20","0x20","0x20","0x20","0x20","0x20","0x20","0x20","0x20","0x20","0x20","0x20","0x20","0x20","0x20","0x20","0x20","0x20","0x20","0x20","0x20","0x20","0x20","0x20","0x20","0x20","0x20","0x20","0x20","0x20"
"382","0x9","0xA","0b0000101000000000","0b0000101000000000","0","1","0b0000000000000000","0b0000001000000000","0b0000000000000000","0b0000000000000000","1","0b0000101000000000","0b0000000000000000","0x000000C0","0x7228000C","1","0","0x000000AC","0","0","0","0x00000000","0x00000002","0x000001B8","0x00000001","0x00000031","0x0000006B","0x00000000","0x00000000","0x00000000","0x00000000","0x00000000","0x00000000","0x00000000","0x00000000","0x00000000","0x00000000","0x00000000","0x00000000","0x00000000","0x00000000","0x00000000","0x00000000","0x00000000","0x00000000","0x04000000","0x00000000","0x00000000","0x00000001","0xFFFFFFFF","0x0000008C","0x00000260","0x00000054","1","1","1","0","1","1","1","1","0x9","0xF","0xC","0xB","0","1","1","1","0","0","0","0","0","0","0","1","0x20","0x18","0x20","0x18","0x8","0xF","0xE","0xB","1","0","0","0x9","0x5828000C","0x5828000C","0x58E00008","0x58E00008","0x58E00008","0x58E00008","0x58E00008","0x58E00008","0x1A","0x1A","0x19","0x19","0x19","0x19","0x19","0x19","0x000","0x000","0x000","0x000","0x000","0x000","0x000","0x000","0x00","0x00","0x00","0x20","0x20","0x20","0x20","0x20","0x20","0x20","0x20","0x20","0x20","0x20","0x20","0x20","0x20","0x20","0x20","0x20","0x20","0x20","0x20","0x20","0x20","0x20","0x20","0x20","0x20","0x20","0x20","0x20","0x20","0x20","0x20"
"383","0xA","0xB","0b0000100000000000","0b0000100000000000","0","0","0b0000000000000000","0b0000000000000000","0b0000000000000000","0b0000000000000000","0","0b0000100000000000","0b0000000000000000","0x000000C0","0x7228000C","1","0","0x000000AC","0","0","0","0x00000000","0x00000002","0x000001B8","0x00000001","0x00000031","0x0000006B","0x00000000","0x00000000","0x00000000","0x00000000","0x00000000","0x00000000","0x00000000","0x00000000","0x00000000","0x00000000","0x00000000","0x00000000","0x00000000","0x00000000","0x00000000","0x00000000","0x00000000","0x00000000","0x04000000","0x00000000","0x00000000","0x00000001","0xFFFFFFFF","0x0000008C","0x00000260","0x00000054","1","1","1","0","1","1","1","1","0x9","0xF","0xC","0xB","0","1","1","1","0","0","0","0","0","0","0","1","0x20","0x18","0x20","0x18","0x8","0xF","0xE","0xB","1","0","0","0x9","0x5828000C","0x5828000C","0x5828000C","0x58E00008","0x58E00008","0x58E00008","0x58E00008","0x58E00008","0x1A","0x1A","0x1A","0x19","0x19","0x19","0x19","0x19","0x000","0x000","0x000","0x000","0x000","0x000","0x000","0x000","0x00","0x00","0x00","0x20","0x20","0x20","0x20","0x20","0x20","0x20","0x20","0x20","0x20","0x20","0x20","0x20","0x20","0x20","0x20","0x20","0x20","0x20","0x20","0x20","0x20","0x20","0x20","0x20","0x20","0x20","0x20","0x20","0x20","0x20","0x20"
"384","0xA","0xB","0b0000100000000000","0b0000100000000000","0","0","0b0000000000000000","0b0000000000000000","0b0000000000000000","0b0000000000000000","1","0b0000100000000000","0b0000000000000000","0x000000C1","0x7228000C","1","0","0x000000AD","0","0","0","0x00000000","0x00000002","0x000001B8","0x00000001","0x00000031","0x0000006B","0x00000000","0x00000000","0x00000000","0x00000000","0x00000000","0x00000000","0x00000000","0x00000000","0x00000000","0x00000000","0x00000000","0x00000000","0x00000000","0x00000000","0x00000000","0x00000000","0x00000000","0x00000000","0x04000000","0x00000000","0x00000000","0x00000001","0xFFFFFFFF","0x0000008C","0x00000260","0x00000054","1","1","1","0","1","1","1","1","0x9","0xF","0xC","0xB","0","1","1","1","0","0","0","0","0","0","0","1","0x20","0x18","0x20","0x18","0x8","0xF","0xE","0xB","1","0","0","0x9","0x5828000C","0x5828000C","0x5828000C","0x58E00008","0x58E00008","0x58E00008","0x58E00008","0x58E00008","0x1A","0x1A","0x1A","0x19","0x19","0x19","0x19","0x19","0x000","0x000","0x000","0x000","0x000","0x000","0x000","0x000","0x00","0x00","0x00","0x20","0x20","0x20","0x20","0x20","0x20","0x20","0x20","0x20","0x20","0x20","0x20","0x20","0x20","0x20","0x20","0x20","0x20","0x20","0x20","0x20","0x20","0x20","0x20","0x20","0x20","0x20","0x20","0x20","0x20","0x20","0x20"
"385","0xA","0xB","0b0000100000000000","0b0000100000000000","0","0","0b0000000000000000","0b0000000000000000","0b0000000000000000","0b0000000000000000","0","0b0000100000000000","0b0000000000000000","0x000000C1","0x7228000C","1","0","0x000000AD","0","0","0","0x00000000","0x00000002","0x000001B8","0x00000001","0x00000031","0x0000006B","0x00000000","0x00000000","0x00000000","0x00000000","0x00000000","0x00000000","0x00000000","0x00000000","0x00000000","0x00000000","0x00000000","0x00000000","0x00000000","0x00000000","0x00000000","0x00000000","0x00000000","0x00000000","0x04000000","0x00000000","0x00000000","0x00000001","0xFFFFFFFF","0x0000008C","0x00000260","0x00000054","1","1","1","0","1","1","1","1","0x9","0xF","0xC","0xB","0","1","1","1","0","0","0","0","0","0","0","1","0x20","0x18","0x20","0x18","0x8","0xF","0xE","0xB","1","0","0","0x9","0x5828000C","0x5828000C","0x5828000C","0x5828000C","0x58E00008","0x58E00008","0x58E00008","0x58E00008","0x1A","0x1A","0x1A","0x1A","0x19","0x19","0x19","0x19","0x000","0x000","0x000","0x000","0x000","0x000","0x000","0x000","0x00","0x00","0x00","0x20","0x20","0x20","0x20","0x20","0x20","0x20","0x20","0x20","0x20","0x20","0x20","0x20","0x20","0x20","0x20","0x20","0x20","0x20","0x20","0x20","0x20","0x20","0x20","0x20","0x20","0x20","0x20","0x20","0x20","0x20","0x20"
"386","0xA","0xB","0b0000100000000000","0b0000100000000000","0","0","0b0000000000000000","0b0000000000000000","0b0000000000000000","0b0000000000000000","1","0b0000100000000000","0b0000000000000000","0x000000C2","0x7228000C","1","0","0x000000AE","0","0","0","0x00000000","0x00000002","0x000001B8","0x00000001","0x00000031","0x0000006B","0x00000000","0x00000000","0x00000000","0x00000000","0x00000000","0x00000000","0x00000000","0x00000000","0x00000000","0x00000000","0x00000000","0x00000000","0x00000000","0x00000000","0x00000000","0x00000000","0x00000000","0x00000000","0x04000000","0x00000000","0x00000000","0x00000001","0xFFFFFFFF","0x0000008C","0x00000260","0x00000054","1","1","1","0","1","1","1","1","0x9","0xF","0xC","0xB","0","1","1","1","0","0","0","0","0","0","0","1","0x20","0x18","0x20","0x18","0x8","0xF","0xE","0xB","1","0","0","0x9","0x5828000C","0x5828000C","0x5828000C","0x5828000C","0x58E00008","0x58E00008","0x58E00008","0x58E00008","0x1A","0x1A","0x1A","0x1A","0x19","0x19","0x19","0x19","0x000","0x000","0x000","0x000","0x000","0x000","0x000","0x000","0x00","0x00","0x00","0x20","0x20","0x20","0x20","0x20","0x20","0x20","0x20","0x20","0x20","0x20","0x20","0x20","0x20","0x20","0x20","0x20","0x20","0x20","0x20","0x20","0x20","0x20","0x20","0x20","0x20","0x20","0x20","0x20","0x20","0x20","0x20"
"387","0xA","0xB","0b0000100000000000","0b0000100000000000","0","0","0b0000000000000000","0b0000000000000000","0b0000000000000000","0b0000000000000000","0","0b0000100000000000","0b0000000000000000","0x000000C2","0x7228000C","1","0","0x000000AE","0","0","0","0x00000000","0x00000002","0x000001B8","0x00000001","0x00000031","0x0000006B","0x00000000","0x00000000","0x00000000","0x00000000","0x00000000","0x00000000","0x00000000","0x00000000","0x00000000","0x00000000","0x00000000","0x00000000","0x00000000","0x00000000","0x00000000","0x00000000","0x00000000","0x00000000","0x04000000","0x00000000","0x00000000","0x00000001","0xFFFFFFFF","0x0000008C","0x00000260","0x00000054","1","1","1","0","1","1","1","1","0x9","0xF","0xC","0xB","0","1","1","1","0","0","0","0","0","0","0","1","0x20","0x18","0x20","0x18","0x8","0xF","0xE","0xB","1","0","0","0x9","0x5828000C","0x5828000C","0x5828000C","0x5828000C","0x5828000C","0x58E00008","0x58E00008","0x58E00008","0x1A","0x1A","0x1A","0x1A","0x1A","0x19","0x19","0x19","0x000","0x000","0x000","0x000","0x000","0x000","0x000","0x000","0x00","0x00","0x00","0x20","0x20","0x20","0x20","0x20","0x20","0x20","0x20","0x20","0x20","0x20","0x20","0x20","0x20","0x20","0x20","0x20","0x20","0x20","0x20","0x20","0x20","0x20","0x20","0x20","0x20","0x20","0x20","0x20","0x20","0x20","0x20"
"388","0xA","0xB","0b0000100000000000","0b0000100000000000","0","0","0b0000000000000000","0b0000000000000000","0b0000000000000000","0b0000000000000000","1","0b0000100000000000","0b0000000000000000","0x000000C3","0x7228000C","1","0","0x000000AF","0","0","0","0x00000000","0x00000002","0x000001B8","0x00000001","0x00000031","0x0000006B","0x00000000","0x00000000","0x00000000","0x00000000","0x00000000","0x00000000","0x00000000","0x00000000","0x00000000","0x00000000","0x00000000","0x00000000","0x00000000","0x00000000","0x00000000","0x00000000","0x00000000","0x00000000","0x04000000","0x00000000","0x00000000","0x00000001","0xFFFFFFFF","0x0000008C","0x00000260","0x00000054","1","1","1","0","1","1","1","1","0x9","0xF","0xC","0xB","0","1","1","1","0","0","0","0","0","0","0","1","0x20","0x18","0x20","0x18","0x8","0xF","0xE","0xB","1","0","0","0x9","0x5828000C","0x5828000C","0x5828000C","0x5828000C","0x5828000C","0x58E00008","0x58E00008","0x58E00008","0x1A","0x1A","0x1A","0x1A","0x1A","0x19","0x19","0x19","0x000","0x000","0x000","0x000","0x000","0x000","0x000","0x000","0x00","0x00","0x00","0x20","0x20","0x20","0x20","0x20","0x20","0x20","0x20","0x20","0x20","0x20","0x20","0x20","0x20","0x20","0x20","0x20","0x20","0x20","0x20","0x20","0x20","0x20","0x20","0x20","0x20","0x20","0x20","0x20","0x20","0x20","0x20"
"389","0xA","0xB","0b0000100000000000","0b0000100000000000","0","0","0b0000000000000000","0b0000000000000000","0b0000000000000000","0b0000000000000000","0","0b0000100000000000","0b0000000000000000","0x000000C3","0x7228000C","1","0","0x000000AF","0","0","0","0x00000000","0x00000002","0x000001B8","0x00000001","0x00000031","0x0000006B","0x00000000","0x00000000","0x00000000","0x00000000","0x00000000","0x00000000","0x00000000","0x00000000","0x00000000","0x00000000","0x00000000","0x00000000","0x00000000","0x00000000","0x00000000","0x00000000","0x00000000","0x00000000","0x04000000","0x00000000","0x00000000","0x00000001","0xFFFFFFFF","0x0000008C","0x00000260","0x00000054","1","1","1","0","1","1","1","1","0x9","0xF","0xC","0xB","0","1","1","1","0","0","0","0","0","0","0","1","0x20","0x18","0x20","0x18","0x8","0xF","0xE","0xB","1","0","0","0x9","0x5828000C","0x5828000C","0x5828000C","0x5828000C","0x5828000C","0x5828000C","0x58E00008","0x58E00008","0x1A","0x1A","0x1A","0x1A","0x1A","0x1A","0x19","0x19","0x000","0x000","0x000","0x000","0x000","0x000","0x000","0x000","0x00","0x00","0x00","0x20","0x20","0x20","0x20","0x20","0x20","0x20","0x20","0x20","0x20","0x20","0x20","0x20","0x20","0x20","0x20","0x20","0x20","0x20","0x20","0x20","0x20","0x20","0x20","0x20","0x20","0x20","0x20","0x20","0x20","0x20","0x20"
"390","0xA","0xB","0b0000100000000000","0b0000100000000000","0","0","0b0000000000000000","0b0000000000000000","0b0000000000000000","0b0000000000000000","1","0b0000100000000000","0b0000000000000000","0x000000C4","0x7228000C","1","0","0x000000B0","0","0","0","0x00000000","0x00000002","0x000001B8","0x00000001","0x00000031","0x0000006B","0x00000000","0x00000000","0x00000000","0x00000000","0x00000000","0x00000000","0x00000000","0x00000000","0x00000000","0x00000000","0x00000000","0x00000000","0x00000000","0x00000000","0x00000000","0x00000000","0x00000000","0x00000000","0x04000000","0x00000000","0x00000000","0x00000001","0xFFFFFFFF","0x0000008C","0x00000260","0x00000054","1","1","1","0","1","1","1","1","0x9","0xF","0xC","0xB","0","1","1","1","0","0","0","0","0","0","0","1","0x20","0x18","0x20","0x18","0x8","0xF","0xE","0xB","1","0","0","0x9","0x5828000C","0x5828000C","0x5828000C","0x5828000C","0x5828000C","0x5828000C","0x58E00008","0x58E00008","0x1A","0x1A","0x1A","0x1A","0x1A","0x1A","0x19","0x19","0x000","0x000","0x000","0x000","0x000","0x000","0x000","0x000","0x00","0x00","0x00","0x20","0x20","0x20","0x20","0x20","0x20","0x20","0x20","0x20","0x20","0x20","0x20","0x20","0x20","0x20","0x20","0x20","0x20","0x20","0x20","0x20","0x20","0x20","0x20","0x20","0x20","0x20","0x20","0x20","0x20","0x20","0x20"
"391","0xA","0xB","0b0000100000000000","0b0000100000000000","0","0","0b0000000000000000","0b0000000000000000","0b0000000000000000","0b0000000000000000","0","0b0000100000000000","0b0000000000000000","0x000000C4","0x7228000C","1","0","0x000000B0","0","0","0","0x00000000","0x00000002","0x000001B8","0x00000001","0x00000031","0x0000006B","0x00000000","0x00000000","0x00000000","0x00000000","0x00000000","0x00000000","0x00000000","0x00000000","0x00000000","0x00000000","0x00000000","0x00000000","0x00000000","0x00000000","0x00000000","0x00000000","0x00000000","0x00000000","0x04000000","0x00000000","0x00000000","0x00000001","0xFFFFFFFF","0x0000008C","0x00000260","0x00000054","1","1","1","0","1","1","1","1","0x9","0xF","0xC","0xB","0","1","1","1","0","0","0","0","0","0","0","1","0x20","0x18","0x20","0x18","0x8","0xF","0xE","0xB","1","0","0","0x9","0x5828000C","0x5828000C","0x5828000C","0x5828000C","0x5828000C","0x5828000C","0x5828000C","0x58E00008","0x1A","0x1A","0x1A","0x1A","0x1A","0x1A","0x1A","0x19","0x000","0x000","0x000","0x000","0x000","0x000","0x000","0x000","0x00","0x00","0x00","0x20","0x20","0x20","0x20","0x20","0x20","0x20","0x20","0x20","0x20","0x20","0x20","0x20","0x20","0x20","0x20","0x20","0x20","0x20","0x20","0x20","0x20","0x20","0x20","0x20","0x20","0x20","0x20","0x20","0x20","0x20","0x20"
"392","0xA","0xB","0b0000100000000000","0b0000100000000000","0","0","0b0000000000000000","0b0000000000000000","0b0000000000000000","0b0000000000000000","1","0b0000100000000000","0b0000000000000000","0x000000C5","0x7228000C","1","0","0x000000B1","0","0","0","0x00000000","0x00000002","0x000001B8","0x00000001","0x00000031","0x0000006B","0x00000000","0x00000000","0x00000000","0x00000000","0x00000000","0x00000000","0x00000000","0x00000000","0x00000000","0x00000000","0x00000000","0x00000000","0x00000000","0x00000000","0x00000000","0x00000000","0x00000000","0x00000000","0x04000000","0x00000000","0x00000000","0x00000001","0xFFFFFFFF","0x0000008C","0x00000260","0x00000054","1","1","1","0","1","1","1","1","0x9","0xF","0xC","0xB","0","1","1","1","0","0","0","0","0","0","0","1","0x20","0x18","0x20","0x18","0x8","0xF","0xE","0xB","1","0","0","0x9","0x5828000C","0x5828000C","0x5828000C","0x5828000C","0x5828000C","0x5828000C","0x5828000C","0x58E00008","0x1A","0x1A","0x1A","0x1A","0x1A","0x1A","0x1A","0x19","0x000","0x000","0x000","0x000","0x000","0x000","0x000","0x000","0x00","0x00","0x00","0x20","0x20","0x20","0x20","0x20","0x20","0x20","0x20","0x20","0x20","0x20","0x20","0x20","0x20","0x20","0x20","0x20","0x20","0x20","0x20","0x20","0x20","0x20","0x20","0x20","0x20","0x20","0x20","0x20","0x20","0x20","0x20"
"393","0xA","0xB","0b0000100000000000","0b0000100000000000","0","0","0b0000000000000000","0b0000000000000000","0b0000000000000000","0b0000000000000000","0","0b0000100000000000","0b0000000000000000","0x000000C5","0x7228000C","1","0","0x000000B1","0","0","0","0x00000000","0x00000002","0x000001B8","0x00000001","0x00000031","0x0000006B","0x00000000","0x00000000","0x00000000","0x00000000","0x00000000","0x00000000","0x00000000","0x00000000","0x00000000","0x00000000","0x00000000","0x00000000","0x00000000","0x00000000","0x00000000","0x00000000","0x00000000","0x00000000","0x04000000","0x00000000","0x00000000","0x00000001","0xFFFFFFFF","0x0000008C","0x00000260","0x00000054","1","1","1","0","1","1","1","1","0x9","0xF","0xC","0xB","0","1","1","1","0","0","0","0","0","0","0","1","0x20","0x18","0x20","0x18","0x8","0xF","0xE","0xB","1","0","0","0x9","0x5828000C","0x5828000C","0x5828000C","0x5828000C","0x5828000C","0x5828000C","0x5828000C","0x5828000C","0x1A","0x1A","0x1A","0x1A","0x1A","0x1A","0x1A","0x1A","0x000","0x000","0x000","0x000","0x000","0x000","0x000","0x000","0x00","0x00","0x00","0x20","0x20","0x20","0x20","0x20","0x20","0x20","0x20","0x20","0x20","0x20","0x20","0x20","0x20","0x20","0x20","0x20","0x20","0x20","0x20","0x20","0x20","0x20","0x20","0x20","0x20","0x20","0x20","0x20","0x20","0x20","0x20"
"394","0xA","0xB","0b0000100000000000","0b0000100000000000","0","0","0b0000000000000000","0b0000000000000000","0b0000000000000000","0b0000000000000000","1","0b0000100000000000","0b0000000000000000","0x000000C6","0x7228000C","1","0","0x000000B2","0","0","0","0x00000000","0x00000002","0x000001B8","0x00000001","0x00000031","0x0000006B","0x00000000","0x00000000","0x00000000","0x00000000","0x00000000","0x00000000","0x00000000","0x00000000","0x00000000","0x00000000","0x00000000","0x00000000","0x00000000","0x00000000","0x00000000","0x00000000","0x00000000","0x00000000","0x04000000","0x00000000","0x00000000","0x00000001","0xFFFFFFFF","0x0000008C","0x00000260","0x00000054","1","1","1","0","1","1","1","1","0x9","0xF","0xC","0xB","0","1","1","1","0","0","0","0","0","0","0","1","0x20","0x18","0x20","0x18","0x8","0xF","0xE","0xB","1","0","0","0x9","0x5828000C","0x5828000C","0x5828000C","0x5828000C","0x5828000C","0x5828000C","0x5828000C","0x5828000C","0x1A","0x1A","0x1A","0x1A","0x1A","0x1A","0x1A","0x1A","0x000","0x000","0x000","0x000","0x000","0x000","0x000","0x000","0x00","0x00","0x00","0x20","0x20","0x20","0x20","0x20","0x20","0x20","0x20","0x20","0x20","0x20","0x20","0x20","0x20","0x20","0x20","0x20","0x20","0x20","0x20","0x20","0x20","0x20","0x20","0x20","0x20","0x20","0x20","0x20","0x20","0x20","0x20"
"395","0xA","0xB","0b0000100000000000","0b0000100000000000","0","0","0b0000000000000000","0b0000000000000000","0b0000000000000000","0b0000000000000000","0","0b0000100000000000","0b0000000000000000","0x000000C6","0x7228000C","1","0","0x000000B2","0","0","0","0x00000000","0x00000002","0x000001B8","0x00000001","0x00000031","0x0000006B","0x00000000","0x00000000","0x00000000","0x00000000","0x00000000","0x00000000","0x00000000","0x00000000","0x00000000","0x00000000","0x00000000","0x00000000","0x00000000","0x00000000","0x00000000","0x00000000","0x00000000","0x00000000","0x04000000","0x00000000","0x00000000","0x00000001","0xFFFFFFFF","0x0000008C","0x00000260","0x00000054","1","1","1","0","1","1","1","1","0x9","0xF","0xC","0xB","0","1","1","1","0","0","0","0","0","0","0","1","0x20","0x18","0x20","0x18","0x8","0xF","0xE","0xB","1","0","0","0x9","0x5828000C","0x5828000C","0x5828000C","0x5828000C","0x5828000C","0x5828000C","0x5828000C","0x5828000C","0x1A","0x1A","0x1A","0x1A","0x1A","0x1A","0x1A","0x1A","0x000","0x000","0x000","0x000","0x000","0x000","0x000","0x000","0x00","0x00","0x00","0x20","0x20","0x20","0x20","0x20","0x20","0x20","0x20","0x20","0x20","0x20","0x20","0x20","0x20","0x20","0x20","0x20","0x20","0x20","0x20","0x20","0x20","0x20","0x20","0x20","0x20","0x20","0x20","0x20","0x20","0x20","0x20"
"396","0xA","0xB","0b0000100000000000","0b0000100000000000","0","0","0b0000000000000000","0b0000000000000000","0b0000000000000000","0b0000000000000000","1","0b0000100000000000","0b0000000000000000","0x000000C7","0x7228000C","1","0","0x000000B3","0","0","0","0x00000000","0x00000002","0x000001B8","0x00000001","0x00000031","0x0000006B","0x00000000","0x00000000","0x00000000","0x00000000","0x00000000","0x00000000","0x00000000","0x00000000","0x00000000","0x00000000","0x00000000","0x00000000","0x00000000","0x00000000","0x00000000","0x00000000","0x00000000","0x00000000","0x04000000","0x00000000","0x00000000","0x00000001","0xFFFFFFFF","0x0000008C","0x00000260","0x00000054","1","1","1","0","1","1","1","1","0x9","0xF","0xC","0xB","0","1","1","1","0","0","0","0","0","0","0","1","0x20","0x18","0x20","0x18","0x8","0xF","0xE","0xB","1","0","0","0x9","0x5828000C","0x5828000C","0x5828000C","0x5828000C","0x5828000C","0x5828000C","0x5828000C","0x5828000C","0x1A","0x1A","0x1A","0x1A","0x1A","0x1A","0x1A","0x1A","0x000","0x000","0x000","0x000","0x000","0x000","0x000","0x000","0x00","0x00","0x00","0x20","0x20","0x20","0x20","0x20","0x20","0x20","0x20","0x20","0x20","0x20","0x20","0x20","0x20","0x20","0x20","0x20","0x20","0x20","0x20","0x20","0x20","0x20","0x20","0x20","0x20","0x20","0x20","0x20","0x20","0x20","0x20"
"397","0xA","0xB","0b0000100000000000","0b0000100000000000","0","0","0b0000000000000000","0b0000000000000000","0b0000000000000000","0b0000000000000000","0","0b0000100000000000","0b0000000000000000","0x000000C7","0x7228000C","1","0","0x000000B3","0","0","0","0x00000000","0x00000002","0x000001B8","0x00000001","0x00000031","0x0000006B","0x00000000","0x00000000","0x00000000","0x00000000","0x00000000","0x00000000","0x00000000","0x00000000","0x00000000","0x00000000","0x00000000","0x00000000","0x00000000","0x00000000","0x00000000","0x00000000","0x00000000","0x00000000","0x04000000","0x00000000","0x00000000","0x00000001","0xFFFFFFFF","0x0000008C","0x00000260","0x00000054","1","1","1","0","1","1","1","1","0x9","0xF","0xC","0xB","0","1","1","1","0","0","0","0","0","0","0","1","0x20","0x18","0x20","0x18","0x8","0xF","0xE","0xB","1","0","0","0x9","0x5828000C","0x5828000C","0x5828000C","0x5828000C","0x5828000C","0x5828000C","0x5828000C","0x5828000C","0x1A","0x1A","0x1A","0x1A","0x1A","0x1A","0x1A","0x1A","0x000","0x000","0x000","0x000","0x000","0x000","0x000","0x000","0x00","0x00","0x00","0x20","0x20","0x20","0x20","0x20","0x20","0x20","0x20","0x20","0x20","0x20","0x20","0x20","0x20","0x20","0x20","0x20","0x20","0x20","0x20","0x20","0x20","0x20","0x20","0x20","0x20","0x20","0x20","0x20","0x20","0x20","0x20"
"398","0xA","0xB","0b0000100000000000","0b0000100000000000","0","0","0b0000000000000000","0b0000000000000000","0b0000000000000000","0b0000000000000000","1","0b0000100000000000","0b0000000000000000","0x000000C8","0x7228000C","1","0","0x000000B4","0","0","0","0x00000000","0x00000002","0x000001B8","0x00000001","0x00000031","0x0000006B","0x00000000","0x00000000","0x00000000","0x00000000","0x00000000","0x00000000","0x00000000","0x00000000","0x00000000","0x00000000","0x00000000","0x00000000","0x00000000","0x00000000","0x00000000","0x00000000","0x00000000","0x00000000","0x04000000","0x00000000","0x00000000","0x00000001","0xFFFFFFFF","0x0000008C","0x00000260","0x00000054","1","1","1","0","1","1","1","1","0x9","0xF","0xC","0xB","0","1","1","1","0","0","0","0","0","0","0","1","0x20","0x18","0x20","0x18","0x8","0xF","0xE","0xB","1","0","0","0x9","0x5828000C","0x5828000C","0x5828000C","0x5828000C","0x5828000C","0x5828000C","0x5828000C","0x5828000C","0x1A","0x1A","0x1A","0x1A","0x1A","0x1A","0x1A","0x1A","0x000","0x000","0x000","0x000","0x000","0x000","0x000","0x000","0x00","0x00","0x00","0x20","0x20","0x20","0x20","0x20","0x20","0x20","0x20","0x20","0x20","0x20","0x20","0x20","0x20","0x20","0x20","0x20","0x20","0x20","0x20","0x20","0x20","0x20","0x20","0x20","0x20","0x20","0x20","0x20","0x20","0x20","0x20"
"399","0xA","0xB","0b0000100000000000","0b0000100000000000","0","0","0b0000000000000000","0b0000000000000000","0b0000000000000000","0b0000000000000000","0","0b0000100000000000","0b0000000000000000","0x000000C8","0x7228000C","1","0","0x000000B4","0","0","0","0x00000000","0x00000002","0x000001B8","0x00000001","0x00000031","0x0000006B","0x00000000","0x00000000","0x00000000","0x00000000","0x00000000","0x00000000","0x00000000","0x00000000","0x00000000","0x00000000","0x00000000","0x00000000","0x00000000","0x00000000","0x00000000","0x00000000","0x00000000","0x00000000","0x04000000","0x00000000","0x00000000","0x00000001","0xFFFFFFFF","0x0000008C","0x00000260","0x00000054","1","1","1","0","1","1","1","1","0x9","0xF","0xC","0xB","0","1","1","1","0","0","0","0","0","0","0","1","0x20","0x18","0x20","0x18","0x8","0xF","0xE","0xB","1","0","0","0x9","0x5828000C","0x5828000C","0x5828000C","0x5828000C","0x5828000C","0x5828000C","0x5828000C","0x5828000C","0x1A","0x1A","0x1A","0x1A","0x1A","0x1A","0x1A","0x1A","0x000","0x000","0x000","0x000","0x000","0x000","0x000","0x000","0x00","0x00","0x00","0x20","0x20","0x20","0x20","0x20","0x20","0x20","0x20","0x20","0x20","0x20","0x20","0x20","0x20","0x20","0x20","0x20","0x20","0x20","0x20","0x20","0x20","0x20","0x20","0x20","0x20","0x20","0x20","0x20","0x20","0x20","0x20"
"400","0xA","0xB","0b0000100000000000","0b0000100000000000","0","0","0b0000000000000000","0b0000000000000000","0b0000000000000000","0b0000000000000000","1","0b0000100000000000","0b0000000000000000","0x000000C9","0x7228000C","1","0","0x000000B5","0","0","0","0x00000000","0x00000002","0x000001B8","0x00000001","0x00000031","0x0000006B","0x00000000","0x00000000","0x00000000","0x00000000","0x00000000","0x00000000","0x00000000","0x00000000","0x00000000","0x00000000","0x00000000","0x00000000","0x00000000","0x00000000","0x00000000","0x00000000","0x00000000","0x00000000","0x04000000","0x00000000","0x00000000","0x00000001","0xFFFFFFFF","0x0000008C","0x00000260","0x00000054","1","1","1","0","1","1","1","1","0x9","0xF","0xC","0xB","0","1","1","1","0","0","0","0","0","0","0","1","0x20","0x18","0x20","0x18","0x8","0xF","0xE","0xB","1","0","0","0x9","0x5828000C","0x5828000C","0x5828000C","0x5828000C","0x5828000C","0x5828000C","0x5828000C","0x5828000C","0x1A","0x1A","0x1A","0x1A","0x1A","0x1A","0x1A","0x1A","0x000","0x000","0x000","0x000","0x000","0x000","0x000","0x000","0x00","0x00","0x00","0x20","0x20","0x20","0x20","0x20","0x20","0x20","0x20","0x20","0x20","0x20","0x20","0x20","0x20","0x20","0x20","0x20","0x20","0x20","0x20","0x20","0x20","0x20","0x20","0x20","0x20","0x20","0x20","0x20","0x20","0x20","0x20"
"401","0xA","0xB","0b0000100000000000","0b0000100000000000","0","0","0b0000000000000000","0b0000000000000000","0b0000000000000000","0b0000000000000000","0","0b0000100000000000","0b0000000000000000","0x000000C9","0x7228000C","1","0","0x000000B5","0","0","0","0x00000000","0x00000002","0x000001B8","0x00000001","0x00000031","0x0000006B","0x00000000","0x00000000","0x00000000","0x00000000","0x00000000","0x00000000","0x00000000","0x00000000","0x00000000","0x00000000","0x00000000","0x00000000","0x00000000","0x00000000","0x00000000","0x00000000","0x00000000","0x00000000","0x04000000","0x00000000","0x00000000","0x00000001","0xFFFFFFFF","0x0000008C","0x00000260","0x00000054","1","1","1","0","1","1","1","1","0x9","0xF","0xC","0xB","0","1","1","1","0","0","0","0","0","0","0","1","0x20","0x18","0x20","0x18","0x8","0xF","0xE","0xB","1","0","0","0x9","0x5828000C","0x5828000C","0x5828000C","0x5828000C","0x5828000C","0x5828000C","0x5828000C","0x5828000C","0x1A","0x1A","0x1A","0x1A","0x1A","0x1A","0x1A","0x1A","0x000","0x000","0x000","0x000","0x000","0x000","0x000","0x000","0x00","0x00","0x00","0x20","0x20","0x20","0x20","0x20","0x20","0x20","0x20","0x20","0x20","0x20","0x20","0x20","0x20","0x20","0x20","0x20","0x20","0x20","0x20","0x20","0x20","0x20","0x20","0x20","0x20","0x20","0x20","0x20","0x20","0x20","0x20"
"402","0xA","0xB","0b0000100000000000","0b0000100000000000","0","0","0b0000000000000000","0b0000000000000000","0b0000000000000000","0b0000000000000000","1","0b0000100000000000","0b0000000000000000","0x000000CA","0x7228000C","1","0","0x000000B6","0","0","0","0x00000000","0x00000002","0x000001B8","0x00000001","0x00000031","0x0000006B","0x00000000","0x00000000","0x00000000","0x00000000","0x00000000","0x00000000","0x00000000","0x00000000","0x00000000","0x00000000","0x00000000","0x00000000","0x00000000","0x00000000","0x00000000","0x00000000","0x00000000","0x00000000","0x04000000","0x00000000","0x00000000","0x00000001","0xFFFFFFFF","0x0000008C","0x00000260","0x00000054","1","1","1","0","1","1","1","1","0x9","0xF","0xC","0xB","0","1","1","1","0","0","0","0","0","0","0","1","0x20","0x18","0x20","0x18","0x8","0xF","0xE","0xB","1","0","0","0x9","0x5828000C","0x5828000C","0x5828000C","0x5828000C","0x5828000C","0x5828000C","0x5828000C","0x5828000C","0x1A","0x1A","0x1A","0x1A","0x1A","0x1A","0x1A","0x1A","0x000","0x000","0x000","0x000","0x000","0x000","0x000","0x000","0x00","0x00","0x00","0x20","0x20","0x20","0x20","0x20","0x20","0x20","0x20","0x20","0x20","0x20","0x20","0x20","0x20","0x20","0x20","0x20","0x20","0x20","0x20","0x20","0x20","0x20","0x20","0x20","0x20","0x20","0x20","0x20","0x20","0x20","0x20"
"403","0xA","0xB","0b0000100000000000","0b0000100000000000","0","0","0b0000000000000000","0b0000000000000000","0b0000000000000000","0b0000000000000000","0","0b0000100000000000","0b0000000000000000","0x000000CA","0x7228000C","1","0","0x000000B6","0","0","0","0x00000000","0x00000002","0x000001B8","0x00000001","0x00000031","0x0000006B","0x00000000","0x00000000","0x00000000","0x00000000","0x00000000","0x00000000","0x00000000","0x00000000","0x00000000","0x00000000","0x00000000","0x00000000","0x00000000","0x00000000","0x00000000","0x00000000","0x00000000","0x00000000","0x04000000","0x00000000","0x00000000","0x00000001","0xFFFFFFFF","0x0000008C","0x00000260","0x00000054","1","1","1","0","1","1","1","1","0x9","0xF","0xC","0xB","0","1","1","1","0","0","0","0","0","0","0","1","0x20","0x18","0x20","0x18","0x8","0xF","0xE","0xB","1","0","0","0x9","0x5828000C","0x5828000C","0x5828000C","0x5828000C","0x5828000C","0x5828000C","0x5828000C","0x5828000C","0x1A","0x1A","0x1A","0x1A","0x1A","0x1A","0x1A","0x1A","0x000","0x000","0x000","0x000","0x000","0x000","0x000","0x000","0x00","0x00","0x00","0x20","0x20","0x20","0x20","0x20","0x20","0x20","0x20","0x20","0x20","0x20","0x20","0x20","0x20","0x20","0x20","0x20","0x20","0x20","0x20","0x20","0x20","0x20","0x20","0x20","0x20","0x20","0x20","0x20","0x20","0x20","0x20"
"404","0xA","0xB","0b0000100000000000","0b0000100000000000","0","0","0b0000000000000000","0b0000000000000000","0b0000000000000000","0b0000000000000000","1","0b0000100000000000","0b0000000000000000","0x000000CB","0x7228000C","1","0","0x000000B7","0","0","0","0x00000000","0x00000002","0x000001B8","0x00000001","0x00000031","0x0000006B","0x00000000","0x00000000","0x00000000","0x00000000","0x00000000","0x00000000","0x00000000","0x00000000","0x00000000","0x00000000","0x00000000","0x00000000","0x00000000","0x00000000","0x00000000","0x00000000","0x00000000","0x00000000","0x04000000","0x00000000","0x00000000","0x00000001","0xFFFFFFFF","0x0000008C","0x00000260","0x00000054","1","1","1","0","1","1","1","1","0x9","0xF","0xC","0xB","0","1","1","1","0","0","0","0","0","0","0","1","0x20","0x18","0x20","0x18","0x8","0xF","0xE","0xB","1","0","0","0x9","0x5828000C","0x5828000C","0x5828000C","0x5828000C","0x5828000C","0x5828000C","0x5828000C","0x5828000C","0x1A","0x1A","0x1A","0x1A","0x1A","0x1A","0x1A","0x1A","0x000","0x000","0x000","0x000","0x000","0x000","0x000","0x000","0x00","0x00","0x00","0x20","0x20","0x20","0x20","0x20","0x20","0x20","0x20","0x20","0x20","0x20","0x20","0x20","0x20","0x20","0x20","0x20","0x20","0x20","0x20","0x20","0x20","0x20","0x20","0x20","0x20","0x20","0x20","0x20","0x20","0x20","0x20"
"405","0xA","0xB","0b0000100000000000","0b0000100000000000","0","0","0b0000000000000000","0b0000000000000000","0b0000000000000000","0b0000000000000000","0","0b0000100000000000","0b0000000000000000","0x000000CB","0x7228000C","1","0","0x000000B7","0","0","0","0x00000000","0x00000002","0x000001B8","0x00000001","0x00000031","0x0000006B","0x00000000","0x00000000","0x00000000","0x00000000","0x00000000","0x00000000","0x00000000","0x00000000","0x00000000","0x00000000","0x00000000","0x00000000","0x00000000","0x00000000","0x00000000","0x00000000","0x00000000","0x00000000","0x04000000","0x00000000","0x00000000","0x00000001","0xFFFFFFFF","0x0000008C","0x00000260","0x00000054","1","1","1","0","1","1","1","1","0x9","0xF","0xC","0xB","0","1","1","1","0","0","0","0","0","0","0","1","0x20","0x18","0x20","0x18","0x8","0xF","0xE","0xB","1","0","0","0x9","0x5828000C","0x5828000C","0x5828000C","0x5828000C","0x5828000C","0x5828000C","0x5828000C","0x5828000C","0x1A","0x1A","0x1A","0x1A","0x1A","0x1A","0x1A","0x1A","0x000","0x000","0x000","0x000","0x000","0x000","0x000","0x000","0x00","0x00","0x00","0x20","0x20","0x20","0x20","0x20","0x20","0x20","0x20","0x20","0x20","0x20","0x20","0x20","0x20","0x20","0x20","0x20","0x20","0x20","0x20","0x20","0x20","0x20","0x20","0x20","0x20","0x20","0x20","0x20","0x20","0x20","0x20"
"406","0xA","0xB","0b0000100000000000","0b0000100000000000","0","0","0b0000000000000000","0b0000000000000000","0b0000000000000000","0b0000000000000000","1","0b0000100000000000","0b0000000000000000","0x000000CC","0x7228000C","1","0","0x000000B8","0","0","0","0x00000000","0x00000002","0x000001B8","0x00000001","0x00000031","0x0000006B","0x00000000","0x00000000","0x00000000","0x00000000","0x00000000","0x00000000","0x00000000","0x00000000","0x00000000","0x00000000","0x00000000","0x00000000","0x00000000","0x00000000","0x00000000","0x00000000","0x00000000","0x00000000","0x04000000","0x00000000","0x00000000","0x00000001","0xFFFFFFFF","0x0000008C","0x00000260","0x00000054","1","1","1","0","1","1","1","1","0x9","0xF","0xC","0xB","0","1","1","1","0","0","0","0","0","0","0","1","0x20","0x18","0x20","0x18","0x8","0xF","0xE","0xB","1","0","0","0x9","0x5828000C","0x5828000C","0x5828000C","0x5828000C","0x5828000C","0x5828000C","0x5828000C","0x5828000C","0x1A","0x1A","0x1A","0x1A","0x1A","0x1A","0x1A","0x1A","0x000","0x000","0x000","0x000","0x000","0x000","0x000","0x000","0x00","0x00","0x00","0x20","0x20","0x20","0x20","0x20","0x20","0x20","0x20","0x20","0x20","0x20","0x20","0x20","0x20","0x20","0x20","0x20","0x20","0x20","0x20","0x20","0x20","0x20","0x20","0x20","0x20","0x20","0x20","0x20","0x20","0x20","0x20"
"407","0xA","0xB","0b0000100000000000","0b0000100000000000","0","0","0b0000000000000000","0b0000000000000000","0b0000000000000000","0b0000000000000000","0","0b0000100000000000","0b0000000000000000","0x000000CC","0x7228000C","1","0","0x000000B8","0","0","0","0x00000000","0x00000002","0x000001B8","0x00000001","0x00000031","0x0000006B","0x00000000","0x00000000","0x00000000","0x00000000","0x00000000","0x00000000","0x00000000","0x00000000","0x00000000","0x00000000","0x00000000","0x00000000","0x00000000","0x00000000","0x00000000","0x00000000","0x00000000","0x00000000","0x04000000","0x00000000","0x00000000","0x00000001","0xFFFFFFFF","0x0000008C","0x00000260","0x00000054","1","1","1","0","1","1","1","1","0x9","0xF","0xC","0xB","0","1","1","1","0","0","0","0","0","0","0","1","0x20","0x18","0x20","0x18","0x8","0xF","0xE","0xB","1","0","0","0x9","0x5828000C","0x5828000C","0x5828000C","0x5828000C","0x5828000C","0x5828000C","0x5828000C","0x5828000C","0x1A","0x1A","0x1A","0x1A","0x1A","0x1A","0x1A","0x1A","0x000","0x000","0x000","0x000","0x000","0x000","0x000","0x000","0x00","0x00","0x00","0x20","0x20","0x20","0x20","0x20","0x20","0x20","0x20","0x20","0x20","0x20","0x20","0x20","0x20","0x20","0x20","0x20","0x20","0x20","0x20","0x20","0x20","0x20","0x20","0x20","0x20","0x20","0x20","0x20","0x20","0x20","0x20"
"408","0xA","0xB","0b0000100000000000","0b0000100000000000","0","0","0b0000000000000000","0b0000000000000000","0b0000000000000000","0b0000000000000000","1","0b0000100000000000","0b0000000000000000","0x000000CD","0x7228000C","1","0","0x000000B9","0","0","0","0x00000000","0x00000002","0x000001B8","0x00000001","0x00000031","0x0000006B","0x00000000","0x00000000","0x00000000","0x00000000","0x00000000","0x00000000","0x00000000","0x00000000","0x00000000","0x00000000","0x00000000","0x00000000","0x00000000","0x00000000","0x00000000","0x00000000","0x00000000","0x00000000","0x04000000","0x00000000","0x00000000","0x00000001","0xFFFFFFFF","0x0000008C","0x00000260","0x00000054","1","1","1","0","1","1","1","1","0x9","0xF","0xC","0xB","0","1","1","1","0","0","0","0","0","0","0","1","0x20","0x18","0x20","0x18","0x8","0xF","0xE","0xB","1","0","0","0x9","0x5828000C","0x5828000C","0x5828000C","0x5828000C","0x5828000C","0x5828000C","0x5828000C","0x5828000C","0x1A","0x1A","0x1A","0x1A","0x1A","0x1A","0x1A","0x1A","0x000","0x000","0x000","0x000","0x000","0x000","0x000","0x000","0x00","0x00","0x00","0x20","0x20","0x20","0x20","0x20","0x20","0x20","0x20","0x20","0x20","0x20","0x20","0x20","0x20","0x20","0x20","0x20","0x20","0x20","0x20","0x20","0x20","0x20","0x20","0x20","0x20","0x20","0x20","0x20","0x20","0x20","0x20"
"409","0xA","0xB","0b0000100000000000","0b0000100000000000","0","0","0b0000000000000000","0b0000000000000000","0b0000000000000000","0b0000000000000000","0","0b0000100000000000","0b0000000000000000","0x000000CD","0x7228000C","1","0","0x000000B9","0","0","0","0x00000000","0x00000002","0x000001B8","0x00000001","0x00000031","0x0000006B","0x00000000","0x00000000","0x00000000","0x00000000","0x00000000","0x00000000","0x00000000","0x00000000","0x00000000","0x00000000","0x00000000","0x00000000","0x00000000","0x00000000","0x00000000","0x00000000","0x00000000","0x00000000","0x04000000","0x00000000","0x00000000","0x00000001","0xFFFFFFFF","0x0000008C","0x00000260","0x00000054","1","1","1","0","1","1","1","1","0x9","0xF","0xC","0xB","0","1","1","1","0","0","0","0","0","0","0","1","0x20","0x18","0x20","0x18","0x8","0xF","0xE","0xB","1","0","0","0x9","0x5828000C","0x5828000C","0x5828000C","0x5828000C","0x5828000C","0x5828000C","0x5828000C","0x5828000C","0x1A","0x1A","0x1A","0x1A","0x1A","0x1A","0x1A","0x1A","0x000","0x000","0x000","0x000","0x000","0x000","0x000","0x000","0x00","0x00","0x00","0x20","0x20","0x20","0x20","0x20","0x20","0x20","0x20","0x20","0x20","0x20","0x20","0x20","0x20","0x20","0x20","0x20","0x20","0x20","0x20","0x20","0x20","0x20","0x20","0x20","0x20","0x20","0x20","0x20","0x20","0x20","0x20"
"410","0xA","0xB","0b0000100000000000","0b0000100000000000","0","0","0b0000000000000000","0b0000000000000000","0b0000000000000000","0b0000000000000000","1","0b0000100000000000","0b0000000000000000","0x000000CE","0x7228000C","1","0","0x000000BA","0","0","0","0x00000000","0x00000002","0x000001B8","0x00000001","0x00000031","0x0000006B","0x00000000","0x00000000","0x00000000","0x00000000","0x00000000","0x00000000","0x00000000","0x00000000","0x00000000","0x00000000","0x00000000","0x00000000","0x00000000","0x00000000","0x00000000","0x00000000","0x00000000","0x00000000","0x04000000","0x00000000","0x00000000","0x00000001","0xFFFFFFFF","0x0000008C","0x00000260","0x00000054","1","1","1","0","1","1","1","1","0x9","0xF","0xC","0xB","0","1","1","1","0","0","0","0","0","0","0","1","0x20","0x18","0x20","0x18","0x8","0xF","0xE","0xB","1","0","0","0x9","0x5828000C","0x5828000C","0x5828000C","0x5828000C","0x5828000C","0x5828000C","0x5828000C","0x5828000C","0x1A","0x1A","0x1A","0x1A","0x1A","0x1A","0x1A","0x1A","0x000","0x000","0x000","0x000","0x000","0x000","0x000","0x000","0x00","0x00","0x00","0x20","0x20","0x20","0x20","0x20","0x20","0x20","0x20","0x20","0x20","0x20","0x20","0x20","0x20","0x20","0x20","0x20","0x20","0x20","0x20","0x20","0x20","0x20","0x20","0x20","0x20","0x20","0x20","0x20","0x20","0x20","0x20"
"411","0xA","0xB","0b0000100000000000","0b0000100000000000","0","0","0b0000000000000000","0b0000000000000000","0b0000000000000000","0b0000000000000000","0","0b0000100000000000","0b0000000000000000","0x000000CE","0x7228000C","1","0","0x000000BA","0","0","0","0x00000000","0x00000002","0x000001B8","0x00000001","0x00000031","0x0000006B","0x00000000","0x00000000","0x00000000","0x00000000","0x00000000","0x00000000","0x00000000","0x00000000","0x00000000","0x00000000","0x00000000","0x00000000","0x00000000","0x00000000","0x00000000","0x00000000","0x00000000","0x00000000","0x04000000","0x00000000","0x00000000","0x00000001","0xFFFFFFFF","0x0000008C","0x00000260","0x00000054","1","1","1","0","1","1","1","1","0x9","0xF","0xC","0xB","0","1","1","1","0","0","0","0","0","0","0","1","0x20","0x18","0x20","0x18","0x8","0xF","0xE","0xB","1","0","0","0x9","0x5828000C","0x5828000C","0x5828000C","0x5828000C","0x5828000C","0x5828000C","0x5828000C","0x5828000C","0x1A","0x1A","0x1A","0x1A","0x1A","0x1A","0x1A","0x1A","0x000","0x000","0x000","0x000","0x000","0x000","0x000","0x000","0x00","0x00","0x00","0x20","0x20","0x20","0x20","0x20","0x20","0x20","0x20","0x20","0x20","0x20","0x20","0x20","0x20","0x20","0x20","0x20","0x20","0x20","0x20","0x20","0x20","0x20","0x20","0x20","0x20","0x20","0x20","0x20","0x20","0x20","0x20"
"412","0xA","0xB","0b0000100000000000","0b0000100000000000","0","0","0b0000000000000000","0b0000000000000000","0b0000000000000000","0b0000000000000000","1","0b0000100000000000","0b0000000000000000","0x000000CF","0x7228000C","1","0","0x000000BB","0","0","0","0x00000000","0x00000002","0x000001B8","0x00000001","0x00000031","0x0000006B","0x00000000","0x00000000","0x00000000","0x00000000","0x00000000","0x00000000","0x00000000","0x00000000","0x00000000","0x00000000","0x00000000","0x00000000","0x00000000","0x00000000","0x00000000","0x00000000","0x00000000","0x00000000","0x04000000","0x00000000","0x00000000","0x00000001","0xFFFFFFFF","0x0000008C","0x00000260","0x00000054","1","1","1","0","1","1","1","1","0x9","0xF","0xC","0xB","0","1","1","1","0","0","0","0","0","0","0","1","0x20","0x18","0x20","0x18","0x8","0xF","0xE","0xB","1","0","0","0x9","0x5828000C","0x5828000C","0x5828000C","0x5828000C","0x5828000C","0x5828000C","0x5828000C","0x5828000C","0x1A","0x1A","0x1A","0x1A","0x1A","0x1A","0x1A","0x1A","0x000","0x000","0x000","0x000","0x000","0x000","0x000","0x000","0x00","0x00","0x00","0x20","0x20","0x20","0x20","0x20","0x20","0x20","0x20","0x20","0x20","0x20","0x20","0x20","0x20","0x20","0x20","0x20","0x20","0x20","0x20","0x20","0x20","0x20","0x20","0x20","0x20","0x20","0x20","0x20","0x20","0x20","0x20"
"413","0xA","0xB","0b0000100000000000","0b0000100000000000","0","0","0b0000000000000000","0b0000000000000000","0b0000000000000000","0b0000000000000000","0","0b0000100000000000","0b0000000000000000","0x000000CF","0x7228000C","1","0","0x000000BB","0","0","0","0x00000000","0x00000002","0x000001B8","0x00000001","0x00000031","0x0000006B","0x00000000","0x00000000","0x00000000","0x00000000","0x00000000","0x00000000","0x00000000","0x00000000","0x00000000","0x00000000","0x00000000","0x00000000","0x00000000","0x00000000","0x00000000","0x00000000","0x00000000","0x00000000","0x04000000","0x00000000","0x00000000","0x00000001","0xFFFFFFFF","0x0000008C","0x00000260","0x00000054","1","1","1","0","1","1","1","1","0x9","0xF","0xC","0xB","0","1","1","1","0","0","0","0","0","0","0","1","0x20","0x18","0x20","0x18","0x8","0xF","0xE","0xB","1","0","0","0x9","0x5828000C","0x5828000C","0x5828000C","0x5828000C","0x5828000C","0x5828000C","0x5828000C","0x5828000C","0x1A","0x1A","0x1A","0x1A","0x1A","0x1A","0x1A","0x1A","0x000","0x000","0x000","0x000","0x000","0x000","0x000","0x000","0x00","0x00","0x00","0x20","0x20","0x20","0x20","0x20","0x20","0x20","0x20","0x20","0x20","0x20","0x20","0x20","0x20","0x20","0x20","0x20","0x20","0x20","0x20","0x20","0x20","0x20","0x20","0x20","0x20","0x20","0x20","0x20","0x20","0x20","0x20"
"414","0xA","0xB","0b0000100000000000","0b0000100000000000","0","0","0b0000000000000000","0b0000000000000000","0b0000000000000000","0b0000000000000000","1","0b0000100000000000","0b0000000000000000","0x000000D0","0x7228000C","1","0","0x000000BC","0","0","0","0x00000000","0x00000002","0x000001B8","0x00000001","0x00000031","0x0000006B","0x00000000","0x00000000","0x00000000","0x00000000","0x00000000","0x00000000","0x00000000","0x00000000","0x00000000","0x00000000","0x00000000","0x00000000","0x00000000","0x00000000","0x00000000","0x00000000","0x00000000","0x00000000","0x04000000","0x00000000","0x00000000","0x00000001","0xFFFFFFFF","0x0000008C","0x00000260","0x00000054","1","1","1","0","1","1","1","1","0x9","0xF","0xC","0xB","0","1","1","1","0","0","0","0","0","0","0","1","0x20","0x18","0x20","0x18","0x8","0xF","0xE","0xB","1","0","0","0x9","0x5828000C","0x5828000C","0x5828000C","0x5828000C","0x5828000C","0x5828000C","0x5828000C","0x5828000C","0x1A","0x1A","0x1A","0x1A","0x1A","0x1A","0x1A","0x1A","0x000","0x000","0x000","0x000","0x000","0x000","0x000","0x000","0x00","0x00","0x00","0x20","0x20","0x20","0x20","0x20","0x20","0x20","0x20","0x20","0x20","0x20","0x20","0x20","0x20","0x20","0x20","0x20","0x20","0x20","0x20","0x20","0x20","0x20","0x20","0x20","0x20","0x20","0x20","0x20","0x20","0x20","0x20"
"415","0xA","0xB","0b0000100000000000","0b0000100000000000","0","0","0b0000000000000000","0b0000000000000000","0b0000000000000000","0b0000000000000000","0","0b0000100000000000","0b0000000000000000","0x000000D0","0x7228000C","1","0","0x000000BC","0","0","0","0x00000000","0x00000002","0x000001B8","0x00000001","0x00000031","0x0000006B","0x00000000","0x00000000","0x00000000","0x00000000","0x00000000","0x00000000","0x00000000","0x00000000","0x00000000","0x00000000","0x00000000","0x00000000","0x00000000","0x00000000","0x00000000","0x00000000","0x00000000","0x00000000","0x04000000","0x00000000","0x00000000","0x00000001","0xFFFFFFFF","0x0000008C","0x00000260","0x00000054","1","1","1","0","1","1","1","1","0x9","0xF","0xC","0xB","0","1","1","1","0","0","0","0","0","0","0","1","0x20","0x18","0x20","0x18","0x8","0xF","0xE","0xB","1","0","0","0x9","0x5828000C","0x5828000C","0x5828000C","0x5828000C","0x5828000C","0x5828000C","0x5828000C","0x5828000C","0x1A","0x1A","0x1A","0x1A","0x1A","0x1A","0x1A","0x1A","0x000","0x000","0x000","0x000","0x000","0x000","0x000","0x000","0x00","0x00","0x00","0x20","0x20","0x20","0x20","0x20","0x20","0x20","0x20","0x20","0x20","0x20","0x20","0x20","0x20","0x20","0x20","0x20","0x20","0x20","0x20","0x20","0x20","0x20","0x20","0x20","0x20","0x20","0x20","0x20","0x20","0x20","0x20"
"416","0xA","0xB","0b0000100000000000","0b0000100000000000","0","0","0b0000000000000000","0b0000000000000000","0b0000000000000000","0b0000000000000000","1","0b0000100000000000","0b0000000000000000","0x000000D1","0x7228000C","1","0","0x000000BD","0","0","0","0x00000000","0x00000002","0x000001B8","0x00000001","0x00000031","0x0000006B","0x00000000","0x00000000","0x00000000","0x00000000","0x00000000","0x00000000","0x00000000","0x00000000","0x00000000","0x00000000","0x00000000","0x00000000","0x00000000","0x00000000","0x00000000","0x00000000","0x00000000","0x00000000","0x04000000","0x00000000","0x00000000","0x00000001","0xFFFFFFFF","0x0000008C","0x00000260","0x00000054","1","1","1","0","1","1","1","1","0x9","0xF","0xC","0xB","0","1","1","1","0","0","0","0","0","0","0","1","0x20","0x18","0x20","0x18","0x8","0xF","0xE","0xB","1","0","0","0x9","0x5828000C","0x5828000C","0x5828000C","0x5828000C","0x5828000C","0x5828000C","0x5828000C","0x5828000C","0x1A","0x1A","0x1A","0x1A","0x1A","0x1A","0x1A","0x1A","0x000","0x000","0x000","0x000","0x000","0x000","0x000","0x000","0x00","0x00","0x00","0x20","0x20","0x20","0x20","0x20","0x20","0x20","0x20","0x20","0x20","0x20","0x20","0x20","0x20","0x20","0x20","0x20","0x20","0x20","0x20","0x20","0x20","0x20","0x20","0x20","0x20","0x20","0x20","0x20","0x20","0x20","0x20"
"417","0xA","0xB","0b0000100000000000","0b0000100000000000","0","0","0b0000000000000000","0b0000000000000000","0b0000000000000000","0b0000000000000000","0","0b0000100000000000","0b0000000000000000","0x000000D1","0x7228000C","1","0","0x000000BD","0","0","0","0x00000000","0x00000002","0x000001B8","0x00000001","0x00000031","0x0000006B","0x00000000","0x00000000","0x00000000","0x00000000","0x00000000","0x00000000","0x00000000","0x00000000","0x00000000","0x00000000","0x00000000","0x00000000","0x00000000","0x00000000","0x00000000","0x00000000","0x00000000","0x00000000","0x04000000","0x00000000","0x00000000","0x00000001","0xFFFFFFFF","0x0000008C","0x00000260","0x00000054","1","1","1","0","1","1","1","1","0x9","0xF","0xC","0xB","0","1","1","1","0","0","0","0","0","0","0","1","0x20","0x18","0x20","0x18","0x8","0xF","0xE","0xB","1","0","0","0x9","0x5828000C","0x5828000C","0x5828000C","0x5828000C","0x5828000C","0x5828000C","0x5828000C","0x5828000C","0x1A","0x1A","0x1A","0x1A","0x1A","0x1A","0x1A","0x1A","0x000","0x000","0x000","0x000","0x000","0x000","0x000","0x000","0x00","0x00","0x00","0x20","0x20","0x20","0x20","0x20","0x20","0x20","0x20","0x20","0x20","0x20","0x20","0x20","0x20","0x20","0x20","0x20","0x20","0x20","0x20","0x20","0x20","0x20","0x20","0x20","0x20","0x20","0x20","0x20","0x20","0x20","0x20"
"418","0xA","0xB","0b0000100000000000","0b0000100000000000","0","0","0b0000000000000000","0b0000000000000000","0b0000000000000000","0b0000000000000000","1","0b0000100000000000","0b0000000000000000","0x000000D2","0x7228000C","1","0","0x000000BE","0","0","0","0x00000000","0x00000002","0x000001B8","0x00000001","0x00000031","0x0000006B","0x00000000","0x00000000","0x00000000","0x00000000","0x00000000","0x00000000","0x00000000","0x00000000","0x00000000","0x00000000","0x00000000","0x00000000","0x00000000","0x00000000","0x00000000","0x00000000","0x00000000","0x00000000","0x04000000","0x00000000","0x00000000","0x00000001","0xFFFFFFFF","0x0000008C","0x00000260","0x00000054","1","1","1","0","1","1","1","1","0x9","0xF","0xC","0xB","0","1","1","1","0","0","0","0","0","0","0","1","0x20","0x18","0x20","0x18","0x8","0xF","0xE","0xB","1","0","0","0x9","0x5828000C","0x5828000C","0x5828000C","0x5828000C","0x5828000C","0x5828000C","0x5828000C","0x5828000C","0x1A","0x1A","0x1A","0x1A","0x1A","0x1A","0x1A","0x1A","0x000","0x000","0x000","0x000","0x000","0x000","0x000","0x000","0x00","0x00","0x00","0x20","0x20","0x20","0x20","0x20","0x20","0x20","0x20","0x20","0x20","0x20","0x20","0x20","0x20","0x20","0x20","0x20","0x20","0x20","0x20","0x20","0x20","0x20","0x20","0x20","0x20","0x20","0x20","0x20","0x20","0x20","0x20"
"419","0xA","0xB","0b0000100000000000","0b0000100000000000","0","0","0b0000000000000000","0b0000000000000000","0b0000000000000000","0b0000000000000000","0","0b0000100000000000","0b0000000000000000","0x000000D2","0x7228000C","1","0","0x000000BE","0","0","0","0x00000000","0x00000002","0x000001B8","0x00000001","0x00000031","0x0000006B","0x00000000","0x00000000","0x00000000","0x00000000","0x00000000","0x00000000","0x00000000","0x00000000","0x00000000","0x00000000","0x00000000","0x00000000","0x00000000","0x00000000","0x00000000","0x00000000","0x00000000","0x00000000","0x04000000","0x00000000","0x00000000","0x00000001","0xFFFFFFFF","0x0000008C","0x00000260","0x00000054","1","1","1","0","1","1","1","1","0x9","0xF","0xC","0xB","0","1","1","1","0","0","0","0","0","0","0","1","0x20","0x18","0x20","0x18","0x8","0xF","0xE","0xB","1","0","0","0x9","0x5828000C","0x5828000C","0x5828000C","0x5828000C","0x5828000C","0x5828000C","0x5828000C","0x5828000C","0x1A","0x1A","0x1A","0x1A","0x1A","0x1A","0x1A","0x1A","0x000","0x000","0x000","0x000","0x000","0x000","0x000","0x000","0x00","0x00","0x00","0x20","0x20","0x20","0x20","0x20","0x20","0x20","0x20","0x20","0x20","0x20","0x20","0x20","0x20","0x20","0x20","0x20","0x20","0x20","0x20","0x20","0x20","0x20","0x20","0x20","0x20","0x20","0x20","0x20","0x20","0x20","0x20"
"420","0xA","0xB","0b0000100000000000","0b0000100000000000","0","0","0b0000000000000000","0b0000000000000000","0b0000000000000000","0b0000000000000000","1","0b0000100000000000","0b0000000000000000","0x000000D3","0x7228000C","1","0","0x000000BF","0","0","0","0x00000000","0x00000002","0x000001B8","0x00000001","0x00000031","0x0000006B","0x00000000","0x00000000","0x00000000","0x00000000","0x00000000","0x00000000","0x00000000","0x00000000","0x00000000","0x00000000","0x00000000","0x00000000","0x00000000","0x00000000","0x00000000","0x00000000","0x00000000","0x00000000","0x04000000","0x00000000","0x00000000","0x00000001","0xFFFFFFFF","0x0000008C","0x00000260","0x00000054","1","1","1","0","1","1","1","1","0x9","0xF","0xC","0xB","0","1","1","1","0","0","0","0","0","0","0","1","0x20","0x18","0x20","0x18","0x8","0xF","0xE","0xB","1","0","0","0x9","0x5828000C","0x5828000C","0x5828000C","0x5828000C","0x5828000C","0x5828000C","0x5828000C","0x5828000C","0x1A","0x1A","0x1A","0x1A","0x1A","0x1A","0x1A","0x1A","0x000","0x000","0x000","0x000","0x000","0x000","0x000","0x000","0x00","0x00","0x00","0x20","0x20","0x20","0x20","0x20","0x20","0x20","0x20","0x20","0x20","0x20","0x20","0x20","0x20","0x20","0x20","0x20","0x20","0x20","0x20","0x20","0x20","0x20","0x20","0x20","0x20","0x20","0x20","0x20","0x20","0x20","0x20"
"421","0xA","0xB","0b0000100000000000","0b0000100000000000","0","0","0b0000000000000000","0b0000000000000000","0b0000000000000000","0b0000000000000000","0","0b0000100000000000","0b0000000000000000","0x000000D3","0x7228000C","1","0","0x000000BF","0","0","0","0x00000000","0x00000002","0x000001B8","0x00000001","0x00000031","0x0000006B","0x00000000","0x00000000","0x00000000","0x00000000","0x00000000","0x00000000","0x00000000","0x00000000","0x00000000","0x00000000","0x00000000","0x00000000","0x00000000","0x00000000","0x00000000","0x00000000","0x00000000","0x00000000","0x04000000","0x00000000","0x00000000","0x00000001","0xFFFFFFFF","0x0000008C","0x00000260","0x00000054","1","1","1","0","1","1","1","1","0x9","0xF","0xC","0xB","0","1","1","1","0","0","0","0","0","0","0","1","0x20","0x18","0x20","0x18","0x8","0xF","0xE","0xB","1","0","0","0x9","0x5828000C","0x5828000C","0x5828000C","0x5828000C","0x5828000C","0x5828000C","0x5828000C","0x5828000C","0x1A","0x1A","0x1A","0x1A","0x1A","0x1A","0x1A","0x1A","0x000","0x000","0x000","0x000","0x000","0x000","0x000","0x000","0x00","0x00","0x00","0x20","0x20","0x20","0x20","0x20","0x20","0x20","0x20","0x20","0x20","0x20","0x20","0x20","0x20","0x20","0x20","0x20","0x20","0x20","0x20","0x20","0x20","0x20","0x20","0x20","0x20","0x20","0x20","0x20","0x20","0x20","0x20"
"422","0xA","0xB","0b0000100000000000","0b0000100000000000","0","0","0b0000000000000000","0b0000000000000000","0b0000000000000000","0b0000000000000000","1","0b0000100000000000","0b0000000000000000","0x000000D4","0x7228000C","1","0","0x000000C0","0","0","0","0x00000000","0x00000002","0x000001B8","0x00000001","0x00000031","0x0000006B","0x00000000","0x00000000","0x00000000","0x00000000","0x00000000","0x00000000","0x00000000","0x00000000","0x00000000","0x00000000","0x00000000","0x00000000","0x00000000","0x00000000","0x00000000","0x00000000","0x00000000","0x00000000","0x04000000","0x00000000","0x00000000","0x00000001","0xFFFFFFFF","0x0000008C","0x00000260","0x00000054","1","1","1","0","1","1","1","1","0x9","0xF","0xC","0xB","0","1","1","1","0","0","0","0","0","0","0","1","0x20","0x18","0x20","0x18","0x8","0xF","0xE","0xB","1","0","0","0x9","0x5828000C","0x5828000C","0x5828000C","0x5828000C","0x5828000C","0x5828000C","0x5828000C","0x5828000C","0x1A","0x1A","0x1A","0x1A","0x1A","0x1A","0x1A","0x1A","0x000","0x000","0x000","0x000","0x000","0x000","0x000","0x000","0x00","0x00","0x00","0x20","0x20","0x20","0x20","0x20","0x20","0x20","0x20","0x20","0x20","0x20","0x20","0x20","0x20","0x20","0x20","0x20","0x20","0x20","0x20","0x20","0x20","0x20","0x20","0x20","0x20","0x20","0x20","0x20","0x20","0x20","0x20"
"423","0xA","0xB","0b0000100000000000","0b0000100000000000","0","0","0b0000000000000000","0b0000000000000000","0b0000000000000000","0b0000000000000000","0","0b0000100000000000","0b0000000000000000","0x000000D4","0x7228000C","1","0","0x000000C0","0","0","0","0x00000000","0x00000002","0x000001B8","0x00000001","0x00000031","0x0000006B","0x00000000","0x00000000","0x00000000","0x00000000","0x00000000","0x00000000","0x00000000","0x00000000","0x00000000","0x00000000","0x00000000","0x00000000","0x00000000","0x00000000","0x00000000","0x00000000","0x00000000","0x00000000","0x04000000","0x00000000","0x00000000","0x00000001","0xFFFFFFFF","0x0000008C","0x00000260","0x00000054","1","1","1","0","1","1","1","1","0x9","0xF","0xC","0xB","0","1","1","1","0","0","0","0","0","0","0","1","0x20","0x18","0x20","0x18","0x8","0xF","0xE","0xB","1","0","0","0x9","0x5828000C","0x5828000C","0x5828000C","0x5828000C","0x5828000C","0x5828000C","0x5828000C","0x5828000C","0x1A","0x1A","0x1A","0x1A","0x1A","0x1A","0x1A","0x1A","0x000","0x000","0x000","0x000","0x000","0x000","0x000","0x000","0x00","0x00","0x00","0x20","0x20","0x20","0x20","0x20","0x20","0x20","0x20","0x20","0x20","0x20","0x20","0x20","0x20","0x20","0x20","0x20","0x20","0x20","0x20","0x20","0x20","0x20","0x20","0x20","0x20","0x20","0x20","0x20","0x20","0x20","0x20"
"424","0xA","0xB","0b0000100000000000","0b0000100000000000","0","0","0b0000000000000000","0b0000000000000000","0b0000000000000000","0b0000000000000000","1","0b0000100000000000","0b0000000000000000","0x000000D5","0x7228000C","1","0","0x000000C1","0","0","0","0x00000000","0x00000002","0x000001B8","0x00000001","0x00000031","0x0000006B","0x00000000","0x00000000","0x00000000","0x00000000","0x00000000","0x00000000","0x00000000","0x00000000","0x00000000","0x00000000","0x00000000","0x00000000","0x00000000","0x00000000","0x00000000","0x00000000","0x00000000","0x00000000","0x04000000","0x00000000","0x00000000","0x00000001","0xFFFFFFFF","0x0000008C","0x00000260","0x00000054","1","1","1","0","1","1","1","1","0x9","0xF","0xC","0xB","0","1","1","1","0","0","0","0","0","0","0","1","0x20","0x18","0x20","0x18","0x8","0xF","0xE","0xB","1","0","0","0x9","0x5828000C","0x5828000C","0x5828000C","0x5828000C","0x5828000C","0x5828000C","0x5828000C","0x5828000C","0x1A","0x1A","0x1A","0x1A","0x1A","0x1A","0x1A","0x1A","0x000","0x000","0x000","0x000","0x000","0x000","0x000","0x000","0x00","0x00","0x00","0x20","0x20","0x20","0x20","0x20","0x20","0x20","0x20","0x20","0x20","0x20","0x20","0x20","0x20","0x20","0x20","0x20","0x20","0x20","0x20","0x20","0x20","0x20","0x20","0x20","0x20","0x20","0x20","0x20","0x20","0x20","0x20"
"425","0xA","0xB","0b0000100000000000","0b0000100000000000","0","0","0b0000000000000000","0b0000000000000000","0b0000000000000000","0b0000000000000000","0","0b0000100000000000","0b0000000000000000","0x000000D5","0x7228000C","1","0","0x000000C1","0","0","0","0x00000000","0x00000002","0x000001B8","0x00000001","0x00000031","0x0000006B","0x00000000","0x00000000","0x00000000","0x00000000","0x00000000","0x00000000","0x00000000","0x00000000","0x00000000","0x00000000","0x00000000","0x00000000","0x00000000","0x00000000","0x00000000","0x00000000","0x00000000","0x00000000","0x04000000","0x00000000","0x00000000","0x00000001","0xFFFFFFFF","0x0000008C","0x00000260","0x00000054","1","1","1","0","1","1","1","1","0x9","0xF","0xC","0xB","0","1","1","1","0","0","0","0","0","0","0","1","0x20","0x18","0x20","0x18","0x8","0xF","0xE","0xB","1","0","0","0x9","0x5828000C","0x5828000C","0x5828000C","0x5828000C","0x5828000C","0x5828000C","0x5828000C","0x5828000C","0x1A","0x1A","0x1A","0x1A","0x1A","0x1A","0x1A","0x1A","0x000","0x000","0x000","0x000","0x000","0x000","0x000","0x000","0x00","0x00","0x00","0x20","0x20","0x20","0x20","0x20","0x20","0x20","0x20","0x20","0x20","0x20","0x20","0x20","0x20","0x20","0x20","0x20","0x20","0x20","0x20","0x20","0x20","0x20","0x20","0x20","0x20","0x20","0x20","0x20","0x20","0x20","0x20"
"426","0xA","0xB","0b0000100000000000","0b0000100000000000","0","0","0b0000000000000000","0b0000000000000000","0b0000000000000000","0b0000000000000000","1","0b0000100000000000","0b0000000000000000","0x000000D6","0x7228000C","1","0","0x000000C2","0","0","0","0x00000000","0x00000002","0x000001B8","0x00000001","0x00000031","0x0000006B","0x00000000","0x00000000","0x00000000","0x00000000","0x00000000","0x00000000","0x00000000","0x00000000","0x00000000","0x00000000","0x00000000","0x00000000","0x00000000","0x00000000","0x00000000","0x00000000","0x00000000","0x00000000","0x04000000","0x00000000","0x00000000","0x00000001","0xFFFFFFFF","0x0000008C","0x00000260","0x00000054","1","1","1","0","1","1","1","1","0x9","0xF","0xC","0xB","0","1","1","1","0","0","0","0","0","0","0","1","0x20","0x18","0x20","0x18","0x8","0xF","0xE","0xB","1","0","0","0x9","0x5828000C","0x5828000C","0x5828000C","0x5828000C","0x5828000C","0x5828000C","0x5828000C","0x5828000C","0x1A","0x1A","0x1A","0x1A","0x1A","0x1A","0x1A","0x1A","0x000","0x000","0x000","0x000","0x000","0x000","0x000","0x000","0x00","0x00","0x00","0x20","0x20","0x20","0x20","0x20","0x20","0x20","0x20","0x20","0x20","0x20","0x20","0x20","0x20","0x20","0x20","0x20","0x20","0x20","0x20","0x20","0x20","0x20","0x20","0x20","0x20","0x20","0x20","0x20","0x20","0x20","0x20"
"427","0xA","0xB","0b0000100000000000","0b0000100000000000","0","0","0b0000000000000000","0b0000000000000000","0b0000000000000000","0b0000000000000000","0","0b0000100000000000","0b0000000000000000","0x000000D6","0x7228000C","1","0","0x000000C2","0","0","0","0x00000000","0x00000002","0x000001B8","0x00000001","0x00000031","0x0000006B","0x00000000","0x00000000","0x00000000","0x00000000","0x00000000","0x00000000","0x00000000","0x00000000","0x00000000","0x00000000","0x00000000","0x00000000","0x00000000","0x00000000","0x00000000","0x00000000","0x00000000","0x00000000","0x04000000","0x00000000","0x00000000","0x00000001","0xFFFFFFFF","0x0000008C","0x00000260","0x00000054","1","1","1","0","1","1","1","1","0x9","0xF","0xC","0xB","0","1","1","1","0","0","0","0","0","0","0","1","0x20","0x18","0x20","0x18","0x8","0xF","0xE","0xB","1","0","0","0x9","0x5828000C","0x5828000C","0x5828000C","0x5828000C","0x5828000C","0x5828000C","0x5828000C","0x5828000C","0x1A","0x1A","0x1A","0x1A","0x1A","0x1A","0x1A","0x1A","0x000","0x000","0x000","0x000","0x000","0x000","0x000","0x000","0x00","0x00","0x00","0x20","0x20","0x20","0x20","0x20","0x20","0x20","0x20","0x20","0x20","0x20","0x20","0x20","0x20","0x20","0x20","0x20","0x20","0x20","0x20","0x20","0x20","0x20","0x20","0x20","0x20","0x20","0x20","0x20","0x20","0x20","0x20"
"428","0xA","0xB","0b0000100000000000","0b0000100000000000","0","0","0b0000000000000000","0b0000000000000000","0b0000000000000000","0b0000000000000000","1","0b0000100000000000","0b0000000000000000","0x000000D7","0x7228000C","1","0","0x000000C3","0","0","0","0x00000000","0x00000002","0x000001B8","0x00000001","0x00000031","0x0000006B","0x00000000","0x00000000","0x00000000","0x00000000","0x00000000","0x00000000","0x00000000","0x00000000","0x00000000","0x00000000","0x00000000","0x00000000","0x00000000","0x00000000","0x00000000","0x00000000","0x00000000","0x00000000","0x04000000","0x00000000","0x00000000","0x00000001","0xFFFFFFFF","0x0000008C","0x00000260","0x00000054","1","1","1","0","1","1","1","1","0x9","0xF","0xC","0xB","0","1","1","1","0","0","0","0","0","0","0","1","0x20","0x18","0x20","0x18","0x8","0xF","0xE","0xB","1","0","0","0x9","0x5828000C","0x5828000C","0x5828000C","0x5828000C","0x5828000C","0x5828000C","0x5828000C","0x5828000C","0x1A","0x1A","0x1A","0x1A","0x1A","0x1A","0x1A","0x1A","0x000","0x000","0x000","0x000","0x000","0x000","0x000","0x000","0x00","0x00","0x00","0x20","0x20","0x20","0x20","0x20","0x20","0x20","0x20","0x20","0x20","0x20","0x20","0x20","0x20","0x20","0x20","0x20","0x20","0x20","0x20","0x20","0x20","0x20","0x20","0x20","0x20","0x20","0x20","0x20","0x20","0x20","0x20"
"429","0xA","0xB","0b0000100000000000","0b0000100000000000","0","0","0b0000000000000000","0b0000000000000000","0b0000000000000000","0b0000000000000000","0","0b0000100000000000","0b0000000000000000","0x000000D7","0x7228000C","1","0","0x000000C3","0","0","0","0x00000000","0x00000002","0x000001B8","0x00000001","0x00000031","0x0000006B","0x00000000","0x00000000","0x00000000","0x00000000","0x00000000","0x00000000","0x00000000","0x00000000","0x00000000","0x00000000","0x00000000","0x00000000","0x00000000","0x00000000","0x00000000","0x00000000","0x00000000","0x00000000","0x04000000","0x00000000","0x00000000","0x00000001","0xFFFFFFFF","0x0000008C","0x00000260","0x00000054","1","1","1","0","1","1","1","1","0x9","0xF","0xC","0xB","0","1","1","1","0","0","0","0","0","0","0","1","0x20","0x18","0x20","0x18","0x8","0xF","0xE","0xB","1","0","0","0x9","0x5828000C","0x5828000C","0x5828000C","0x5828000C","0x5828000C","0x5828000C","0x5828000C","0x5828000C","0x1A","0x1A","0x1A","0x1A","0x1A","0x1A","0x1A","0x1A","0x000","0x000","0x000","0x000","0x000","0x000","0x000","0x000","0x00","0x00","0x00","0x20","0x20","0x20","0x20","0x20","0x20","0x20","0x20","0x20","0x20","0x20","0x20","0x20","0x20","0x20","0x20","0x20","0x20","0x20","0x20","0x20","0x20","0x20","0x20","0x20","0x20","0x20","0x20","0x20","0x20","0x20","0x20"
"430","0xA","0xB","0b0000100000000000","0b0000100000000000","0","0","0b0000000000000000","0b0000000000000000","0b0000000000000000","0b0000000000000000","1","0b0000100000000000","0b0000000000000000","0x000000D8","0x7228000C","1","0","0x000000C4","0","0","0","0x00000000","0x00000002","0x000001B8","0x00000001","0x00000031","0x0000006B","0x00000000","0x00000000","0x00000000","0x00000000","0x00000000","0x00000000","0x00000000","0x00000000","0x00000000","0x00000000","0x00000000","0x00000000","0x00000000","0x00000000","0x00000000","0x00000000","0x00000000","0x00000000","0x04000000","0x00000000","0x00000000","0x00000001","0xFFFFFFFF","0x0000008C","0x00000260","0x00000054","1","1","1","0","1","1","1","1","0x9","0xF","0xC","0xB","0","1","1","1","0","0","0","0","0","0","0","1","0x20","0x18","0x20","0x18","0x8","0xF","0xE","0xB","1","0","0","0x9","0x5828000C","0x5828000C","0x5828000C","0x5828000C","0x5828000C","0x5828000C","0x5828000C","0x5828000C","0x1A","0x1A","0x1A","0x1A","0x1A","0x1A","0x1A","0x1A","0x000","0x000","0x000","0x000","0x000","0x000","0x000","0x000","0x00","0x00","0x00","0x20","0x20","0x20","0x20","0x20","0x20","0x20","0x20","0x20","0x20","0x20","0x20","0x20","0x20","0x20","0x20","0x20","0x20","0x20","0x20","0x20","0x20","0x20","0x20","0x20","0x20","0x20","0x20","0x20","0x20","0x20","0x20"
"431","0xA","0xB","0b0000100000000000","0b0000100000000000","0","0","0b0000000000000000","0b0000000000000000","0b0000000000000000","0b0000000000000000","0","0b0000100000000000","0b0000000000000000","0x000000D8","0x7228000C","1","0","0x000000C4","0","0","0","0x00000000","0x00000002","0x000001B8","0x00000001","0x00000031","0x0000006B","0x00000000","0x00000000","0x00000000","0x00000000","0x00000000","0x00000000","0x00000000","0x00000000","0x00000000","0x00000000","0x00000000","0x00000000","0x00000000","0x00000000","0x00000000","0x00000000","0x00000000","0x00000000","0x04000000","0x00000000","0x00000000","0x00000001","0xFFFFFFFF","0x0000008C","0x00000260","0x00000054","1","1","1","0","1","1","1","1","0x9","0xF","0xC","0xB","0","1","1","1","0","0","0","0","0","0","0","1","0x20","0x18","0x20","0x18","0x8","0xF","0xE","0xB","1","0","0","0x9","0x5828000C","0x5828000C","0x5828000C","0x5828000C","0x5828000C","0x5828000C","0x5828000C","0x5828000C","0x1A","0x1A","0x1A","0x1A","0x1A","0x1A","0x1A","0x1A","0x000","0x000","0x000","0x000","0x000","0x000","0x000","0x000","0x00","0x00","0x00","0x20","0x20","0x20","0x20","0x20","0x20","0x20","0x20","0x20","0x20","0x20","0x20","0x20","0x20","0x20","0x20","0x20","0x20","0x20","0x20","0x20","0x20","0x20","0x20","0x20","0x20","0x20","0x20","0x20","0x20","0x20","0x20"
"432","0xA","0xB","0b0000100000000000","0b0000100000000000","0","0","0b0000000000000000","0b0000000000000000","0b0000000000000000","0b0000000000000000","1","0b0000100000000000","0b0000000000000000","0x000000D9","0x7228000C","1","0","0x000000C5","0","0","0","0x00000000","0x00000002","0x000001B8","0x00000001","0x00000031","0x0000006B","0x00000000","0x00000000","0x00000000","0x00000000","0x00000000","0x00000000","0x00000000","0x00000000","0x00000000","0x00000000","0x00000000","0x00000000","0x00000000","0x00000000","0x00000000","0x00000000","0x00000000","0x00000000","0x04000000","0x00000000","0x00000000","0x00000001","0xFFFFFFFF","0x0000008C","0x00000260","0x00000054","1","1","1","0","1","1","1","1","0x9","0xF","0xC","0xB","0","1","1","1","0","0","0","0","0","0","0","1","0x20","0x18","0x20","0x18","0x8","0xF","0xE","0xB","1","0","0","0x9","0x5828000C","0x5828000C","0x5828000C","0x5828000C","0x5828000C","0x5828000C","0x5828000C","0x5828000C","0x1A","0x1A","0x1A","0x1A","0x1A","0x1A","0x1A","0x1A","0x000","0x000","0x000","0x000","0x000","0x000","0x000","0x000","0x00","0x00","0x00","0x20","0x20","0x20","0x20","0x20","0x20","0x20","0x20","0x20","0x20","0x20","0x20","0x20","0x20","0x20","0x20","0x20","0x20","0x20","0x20","0x20","0x20","0x20","0x20","0x20","0x20","0x20","0x20","0x20","0x20","0x20","0x20"
"433","0xA","0xB","0b0000100000000000","0b0000100000000000","0","0","0b0000000000000000","0b0000000000000000","0b0000000000000000","0b0000000000000000","0","0b0000100000000000","0b0000000000000000","0x000000D9","0x7228000C","1","0","0x000000C5","0","0","0","0x00000000","0x00000002","0x000001B8","0x00000001","0x00000031","0x0000006B","0x00000000","0x00000000","0x00000000","0x00000000","0x00000000","0x00000000","0x00000000","0x00000000","0x00000000","0x00000000","0x00000000","0x00000000","0x00000000","0x00000000","0x00000000","0x00000000","0x00000000","0x00000000","0x04000000","0x00000000","0x00000000","0x00000001","0xFFFFFFFF","0x0000008C","0x00000260","0x00000054","1","1","1","0","1","1","1","1","0x9","0xF","0xC","0xB","0","1","1","1","0","0","0","0","0","0","0","1","0x20","0x18","0x20","0x18","0x8","0xF","0xE","0xB","1","0","0","0x9","0x5828000C","0x5828000C","0x5828000C","0x5828000C","0x5828000C","0x5828000C","0x5828000C","0x5828000C","0x1A","0x1A","0x1A","0x1A","0x1A","0x1A","0x1A","0x1A","0x000","0x000","0x000","0x000","0x000","0x000","0x000","0x000","0x00","0x00","0x00","0x20","0x20","0x20","0x20","0x20","0x20","0x20","0x20","0x20","0x20","0x20","0x20","0x20","0x20","0x20","0x20","0x20","0x20","0x20","0x20","0x20","0x20","0x20","0x20","0x20","0x20","0x20","0x20","0x20","0x20","0x20","0x20"
"434","0xA","0xB","0b0000100000000000","0b0000100000000000","0","0","0b0000000000000000","0b0000000000000000","0b0000000000000000","0b0000000000000000","1","0b0000100000000000","0b0000000000000000","0x000000DA","0x7228000C","1","0","0x000000C6","0","0","0","0x00000000","0x00000002","0x000001B8","0x00000001","0x00000031","0x0000006B","0x00000000","0x00000000","0x00000000","0x00000000","0x00000000","0x00000000","0x00000000","0x00000000","0x00000000","0x00000000","0x00000000","0x00000000","0x00000000","0x00000000","0x00000000","0x00000000","0x00000000","0x00000000","0x04000000","0x00000000","0x00000000","0x00000001","0xFFFFFFFF","0x0000008C","0x00000260","0x00000054","1","1","1","0","1","1","1","1","0x9","0xF","0xC","0xB","0","1","1","1","0","0","0","0","0","0","0","1","0x20","0x18","0x20","0x18","0x8","0xF","0xE","0xB","1","0","0","0x9","0x5828000C","0x5828000C","0x5828000C","0x5828000C","0x5828000C","0x5828000C","0x5828000C","0x5828000C","0x1A","0x1A","0x1A","0x1A","0x1A","0x1A","0x1A","0x1A","0x000","0x000","0x000","0x000","0x000","0x000","0x000","0x000","0x00","0x00","0x00","0x20","0x20","0x20","0x20","0x20","0x20","0x20","0x20","0x20","0x20","0x20","0x20","0x20","0x20","0x20","0x20","0x20","0x20","0x20","0x20","0x20","0x20","0x20","0x20","0x20","0x20","0x20","0x20","0x20","0x20","0x20","0x20"
"435","0xA","0xB","0b0000100000000000","0b0000100000000000","0","0","0b0000000000000000","0b0000000000000000","0b0000000000000000","0b0000000000000000","0","0b0000100000000000","0b0000000000000000","0x000000DA","0x7228000C","1","0","0x000000C6","0","0","0","0x00000000","0x00000002","0x000001B8","0x00000001","0x00000031","0x0000006B","0x00000000","0x00000000","0x00000000","0x00000000","0x00000000","0x00000000","0x00000000","0x00000000","0x00000000","0x00000000","0x00000000","0x00000000","0x00000000","0x00000000","0x00000000","0x00000000","0x00000000","0x00000000","0x04000000","0x00000000","0x00000000","0x00000001","0xFFFFFFFF","0x0000008C","0x00000260","0x00000054","1","1","1","0","1","1","1","1","0x9","0xF","0xC","0xB","0","1","1","1","0","0","0","0","0","0","0","1","0x20","0x18","0x20","0x18","0x8","0xF","0xE","0xB","1","0","0","0x9","0x5828000C","0x5828000C","0x5828000C","0x5828000C","0x5828000C","0x5828000C","0x5828000C","0x5828000C","0x1A","0x1A","0x1A","0x1A","0x1A","0x1A","0x1A","0x1A","0x000","0x000","0x000","0x000","0x000","0x000","0x000","0x000","0x00","0x00","0x00","0x20","0x20","0x20","0x20","0x20","0x20","0x20","0x20","0x20","0x20","0x20","0x20","0x20","0x20","0x20","0x20","0x20","0x20","0x20","0x20","0x20","0x20","0x20","0x20","0x20","0x20","0x20","0x20","0x20","0x20","0x20","0x20"
"436","0xA","0xB","0b0000100000000000","0b0000100000000000","0","0","0b0000000000000000","0b0000000000000000","0b0000000000000000","0b0000000000000000","1","0b0000100000000000","0b0000000000000000","0x000000DB","0x7228000C","1","0","0x000000C7","0","0","0","0x00000000","0x00000002","0x000001B8","0x00000001","0x00000031","0x0000006B","0x00000000","0x00000000","0x00000000","0x00000000","0x00000000","0x00000000","0x00000000","0x00000000","0x00000000","0x00000000","0x00000000","0x00000000","0x00000000","0x00000000","0x00000000","0x00000000","0x00000000","0x00000000","0x04000000","0x00000000","0x00000000","0x00000001","0xFFFFFFFF","0x0000008C","0x00000260","0x00000054","1","1","1","0","1","1","1","1","0x9","0xF","0xC","0xB","0","1","1","1","0","0","0","0","0","0","0","1","0x20","0x18","0x20","0x18","0x8","0xF","0xE","0xB","1","0","0","0x9","0x5828000C","0x5828000C","0x5828000C","0x5828000C","0x5828000C","0x5828000C","0x5828000C","0x5828000C","0x1A","0x1A","0x1A","0x1A","0x1A","0x1A","0x1A","0x1A","0x000","0x000","0x000","0x000","0x000","0x000","0x000","0x000","0x00","0x00","0x00","0x20","0x20","0x20","0x20","0x20","0x20","0x20","0x20","0x20","0x20","0x20","0x20","0x20","0x20","0x20","0x20","0x20","0x20","0x20","0x20","0x20","0x20","0x20","0x20","0x20","0x20","0x20","0x20","0x20","0x20","0x20","0x20"
"437","0xA","0xB","0b0000100000000000","0b0000100000000000","0","0","0b0000000000000000","0b0000000000000000","0b0000000000000000","0b0000000000000000","0","0b0000100000000000","0b0000000000000000","0x000000DB","0x7228000C","1","0","0x000000C7","0","0","0","0x00000000","0x00000002","0x000001B8","0x00000001","0x00000031","0x0000006B","0x00000000","0x00000000","0x00000000","0x00000000","0x00000000","0x00000000","0x00000000","0x00000000","0x00000000","0x00000000","0x00000000","0x00000000","0x00000000","0x00000000","0x00000000","0x00000000","0x00000000","0x00000000","0x04000000","0x00000000","0x00000000","0x00000001","0xFFFFFFFF","0x0000008C","0x00000260","0x00000054","1","1","1","0","1","1","1","1","0x9","0xF","0xC","0xB","0","1","1","1","0","0","0","0","0","0","0","1","0x20","0x18","0x20","0x18","0x8","0xF","0xE","0xB","1","0","0","0x9","0x5828000C","0x5828000C","0x5828000C","0x5828000C","0x5828000C","0x5828000C","0x5828000C","0x5828000C","0x1A","0x1A","0x1A","0x1A","0x1A","0x1A","0x1A","0x1A","0x000","0x000","0x000","0x000","0x000","0x000","0x000","0x000","0x00","0x00","0x00","0x20","0x20","0x20","0x20","0x20","0x20","0x20","0x20","0x20","0x20","0x20","0x20","0x20","0x20","0x20","0x20","0x20","0x20","0x20","0x20","0x20","0x20","0x20","0x20","0x20","0x20","0x20","0x20","0x20","0x20","0x20","0x20"
"438","0xA","0xB","0b0000100000000000","0b0000100000000000","0","0","0b0000000000000000","0b0000000000000000","0b0000000000000000","0b0000000000000000","1","0b0000100000000000","0b0000000000000000","0x000000DC","0x7228000C","1","0","0x000000C8","0","0","0","0x00000000","0x00000002","0x000001B8","0x00000001","0x00000031","0x0000006B","0x00000000","0x00000000","0x00000000","0x00000000","0x00000000","0x00000000","0x00000000","0x00000000","0x00000000","0x00000000","0x00000000","0x00000000","0x00000000","0x00000000","0x00000000","0x00000000","0x00000000","0x00000000","0x04000000","0x00000000","0x00000000","0x00000001","0xFFFFFFFF","0x0000008C","0x00000260","0x00000054","1","1","1","0","1","1","1","1","0x9","0xF","0xC","0xB","0","1","1","1","0","0","0","0","0","0","0","1","0x20","0x18","0x20","0x18","0x8","0xF","0xE","0xB","1","0","0","0x9","0x5828000C","0x5828000C","0x5828000C","0x5828000C","0x5828000C","0x5828000C","0x5828000C","0x5828000C","0x1A","0x1A","0x1A","0x1A","0x1A","0x1A","0x1A","0x1A","0x000","0x000","0x000","0x000","0x000","0x000","0x000","0x000","0x00","0x00","0x00","0x20","0x20","0x20","0x20","0x20","0x20","0x20","0x20","0x20","0x20","0x20","0x20","0x20","0x20","0x20","0x20","0x20","0x20","0x20","0x20","0x20","0x20","0x20","0x20","0x20","0x20","0x20","0x20","0x20","0x20","0x20","0x20"
"439","0xA","0xB","0b0000100000000000","0b0000100000000000","0","0","0b0000000000000000","0b0000000000000000","0b0000000000000000","0b0000000000000000","0","0b0000100000000000","0b0000000000000000","0x000000DC","0x7228000C","1","0","0x000000C8","0","0","0","0x00000000","0x00000002","0x000001B8","0x00000001","0x00000031","0x0000006B","0x00000000","0x00000000","0x00000000","0x00000000","0x00000000","0x00000000","0x00000000","0x00000000","0x00000000","0x00000000","0x00000000","0x00000000","0x00000000","0x00000000","0x00000000","0x00000000","0x00000000","0x00000000","0x04000000","0x00000000","0x00000000","0x00000001","0xFFFFFFFF","0x0000008C","0x00000260","0x00000054","1","1","1","0","1","1","1","1","0x9","0xF","0xC","0xB","0","1","1","1","0","0","0","0","0","0","0","1","0x20","0x18","0x20","0x18","0x8","0xF","0xE","0xB","1","0","0","0x9","0x5828000C","0x5828000C","0x5828000C","0x5828000C","0x5828000C","0x5828000C","0x5828000C","0x5828000C","0x1A","0x1A","0x1A","0x1A","0x1A","0x1A","0x1A","0x1A","0x000","0x000","0x000","0x000","0x000","0x000","0x000","0x000","0x00","0x00","0x00","0x20","0x20","0x20","0x20","0x20","0x20","0x20","0x20","0x20","0x20","0x20","0x20","0x20","0x20","0x20","0x20","0x20","0x20","0x20","0x20","0x20","0x20","0x20","0x20","0x20","0x20","0x20","0x20","0x20","0x20","0x20","0x20"
"440","0xA","0xB","0b0000100000000000","0b0000100000000000","0","0","0b0000000000000000","0b0000000000000000","0b0000000000000000","0b0000000000000000","1","0b0000100000000000","0b0000000000000000","0x000000DD","0x7228000C","1","0","0x000000C9","0","0","0","0x00000000","0x00000002","0x000001B8","0x00000001","0x00000031","0x0000006B","0x00000000","0x00000000","0x00000000","0x00000000","0x00000000","0x00000000","0x00000000","0x00000000","0x00000000","0x00000000","0x00000000","0x00000000","0x00000000","0x00000000","0x00000000","0x00000000","0x00000000","0x00000000","0x04000000","0x00000000","0x00000000","0x00000001","0xFFFFFFFF","0x0000008C","0x00000260","0x00000054","1","1","1","0","1","1","1","1","0x9","0xF","0xC","0xB","0","1","1","1","0","0","0","0","0","0","0","1","0x20","0x18","0x20","0x18","0x8","0xF","0xE","0xB","1","0","0","0x9","0x5828000C","0x5828000C","0x5828000C","0x5828000C","0x5828000C","0x5828000C","0x5828000C","0x5828000C","0x1A","0x1A","0x1A","0x1A","0x1A","0x1A","0x1A","0x1A","0x000","0x000","0x000","0x000","0x000","0x000","0x000","0x000","0x00","0x00","0x00","0x20","0x20","0x20","0x20","0x20","0x20","0x20","0x20","0x20","0x20","0x20","0x20","0x20","0x20","0x20","0x20","0x20","0x20","0x20","0x20","0x20","0x20","0x20","0x20","0x20","0x20","0x20","0x20","0x20","0x20","0x20","0x20"
"441","0xA","0xB","0b0000100000000000","0b0000100000000000","0","0","0b0000000000000000","0b0000000000000000","0b0000000000000000","0b0000000000000000","0","0b0000100000000000","0b0000000000000000","0x000000DD","0x7228000C","1","0","0x000000C9","0","0","0","0x00000000","0x00000002","0x000001B8","0x00000001","0x00000031","0x0000006B","0x00000000","0x00000000","0x00000000","0x00000000","0x00000000","0x00000000","0x00000000","0x00000000","0x00000000","0x00000000","0x00000000","0x00000000","0x00000000","0x00000000","0x00000000","0x00000000","0x00000000","0x00000000","0x04000000","0x00000000","0x00000000","0x00000001","0xFFFFFFFF","0x0000008C","0x00000260","0x00000054","1","1","1","0","1","1","1","1","0x9","0xF","0xC","0xB","0","1","1","1","0","0","0","0","0","0","0","1","0x20","0x18","0x20","0x18","0x8","0xF","0xE","0xB","1","0","0","0x9","0x5828000C","0x5828000C","0x5828000C","0x5828000C","0x5828000C","0x5828000C","0x5828000C","0x5828000C","0x1A","0x1A","0x1A","0x1A","0x1A","0x1A","0x1A","0x1A","0x000","0x000","0x000","0x000","0x000","0x000","0x000","0x000","0x00","0x00","0x00","0x20","0x20","0x20","0x20","0x20","0x20","0x20","0x20","0x20","0x20","0x20","0x20","0x20","0x20","0x20","0x20","0x20","0x20","0x20","0x20","0x20","0x20","0x20","0x20","0x20","0x20","0x20","0x20","0x20","0x20","0x20","0x20"
"442","0xA","0xB","0b0000100000000000","0b0000100000000000","0","0","0b0000000000000000","0b0000000000000000","0b0000000000000000","0b0000000000000000","1","0b0000100000000000","0b0000000000000000","0x000000DE","0x7228000C","1","0","0x000000CA","0","0","0","0x00000000","0x00000002","0x000001B8","0x00000001","0x00000031","0x0000006B","0x00000000","0x00000000","0x00000000","0x00000000","0x00000000","0x00000000","0x00000000","0x00000000","0x00000000","0x00000000","0x00000000","0x00000000","0x00000000","0x00000000","0x00000000","0x00000000","0x00000000","0x00000000","0x04000000","0x00000000","0x00000000","0x00000001","0xFFFFFFFF","0x0000008C","0x00000260","0x00000054","1","1","1","0","1","1","1","1","0x9","0xF","0xC","0xB","0","1","1","1","0","0","0","0","0","0","0","1","0x20","0x18","0x20","0x18","0x8","0xF","0xE","0xB","1","0","0","0x9","0x5828000C","0x5828000C","0x5828000C","0x5828000C","0x5828000C","0x5828000C","0x5828000C","0x5828000C","0x1A","0x1A","0x1A","0x1A","0x1A","0x1A","0x1A","0x1A","0x000","0x000","0x000","0x000","0x000","0x000","0x000","0x000","0x00","0x00","0x00","0x20","0x20","0x20","0x20","0x20","0x20","0x20","0x20","0x20","0x20","0x20","0x20","0x20","0x20","0x20","0x20","0x20","0x20","0x20","0x20","0x20","0x20","0x20","0x20","0x20","0x20","0x20","0x20","0x20","0x20","0x20","0x20"
"443","0xA","0xB","0b0000100000000000","0b0000100000000000","0","0","0b0000000000000000","0b0000000000000000","0b0000000000000000","0b0000000000000000","0","0b0000100000000000","0b0000000000000000","0x000000DE","0x7228000C","1","0","0x000000CA","0","0","0","0x00000000","0x00000002","0x000001B8","0x00000001","0x00000031","0x0000006B","0x00000000","0x00000000","0x00000000","0x00000000","0x00000000","0x00000000","0x00000000","0x00000000","0x00000000","0x00000000","0x00000000","0x00000000","0x00000000","0x00000000","0x00000000","0x00000000","0x00000000","0x00000000","0x04000000","0x00000000","0x00000000","0x00000001","0xFFFFFFFF","0x0000008C","0x00000260","0x00000054","1","1","1","0","1","1","1","1","0x9","0xF","0xC","0xB","0","1","1","1","0","0","0","0","0","0","0","1","0x20","0x18","0x20","0x18","0x8","0xF","0xE","0xB","1","0","0","0x9","0x5828000C","0x5828000C","0x5828000C","0x5828000C","0x5828000C","0x5828000C","0x5828000C","0x5828000C","0x1A","0x1A","0x1A","0x1A","0x1A","0x1A","0x1A","0x1A","0x000","0x000","0x000","0x000","0x000","0x000","0x000","0x000","0x00","0x00","0x00","0x20","0x20","0x20","0x20","0x20","0x20","0x20","0x20","0x20","0x20","0x20","0x20","0x20","0x20","0x20","0x20","0x20","0x20","0x20","0x20","0x20","0x20","0x20","0x20","0x20","0x20","0x20","0x20","0x20","0x20","0x20","0x20"
"444","0xA","0xB","0b0000100000000000","0b0000100000000000","0","0","0b0000000000000000","0b0000000000000000","0b0000000000000000","0b0000000000000000","1","0b0000100000000000","0b0000000000000000","0x000000DF","0x7228000C","1","0","0x000000CB","0","0","0","0x00000000","0x00000002","0x000001B8","0x00000001","0x00000031","0x0000006B","0x00000000","0x00000000","0x00000000","0x00000000","0x00000000","0x00000000","0x00000000","0x00000000","0x00000000","0x00000000","0x00000000","0x00000000","0x00000000","0x00000000","0x00000000","0x00000000","0x00000000","0x00000000","0x04000000","0x00000000","0x00000000","0x00000001","0xFFFFFFFF","0x0000008C","0x00000260","0x00000054","1","1","1","0","1","1","1","1","0x9","0xF","0xC","0xB","0","1","1","1","0","0","0","0","0","0","0","1","0x20","0x18","0x20","0x18","0x8","0xF","0xE","0xB","1","0","0","0x9","0x5828000C","0x5828000C","0x5828000C","0x5828000C","0x5828000C","0x5828000C","0x5828000C","0x5828000C","0x1A","0x1A","0x1A","0x1A","0x1A","0x1A","0x1A","0x1A","0x000","0x000","0x000","0x000","0x000","0x000","0x000","0x000","0x00","0x00","0x00","0x20","0x20","0x20","0x20","0x20","0x20","0x20","0x20","0x20","0x20","0x20","0x20","0x20","0x20","0x20","0x20","0x20","0x20","0x20","0x20","0x20","0x20","0x20","0x20","0x20","0x20","0x20","0x20","0x20","0x20","0x20","0x20"
"445","0xA","0xB","0b0000100000000000","0b0000100000000000","0","0","0b0000000000000000","0b0000000000000000","0b0000000000000000","0b0000000000000000","0","0b0000100000000000","0b0000000000000000","0x000000DF","0x7228000C","1","0","0x000000CB","0","0","0","0x00000000","0x00000002","0x000001B8","0x00000001","0x00000031","0x0000006B","0x00000000","0x00000000","0x00000000","0x00000000","0x00000000","0x00000000","0x00000000","0x00000000","0x00000000","0x00000000","0x00000000","0x00000000","0x00000000","0x00000000","0x00000000","0x00000000","0x00000000","0x00000000","0x04000000","0x00000000","0x00000000","0x00000001","0xFFFFFFFF","0x0000008C","0x00000260","0x00000054","1","1","1","0","1","1","1","1","0x9","0xF","0xC","0xB","0","1","1","1","0","0","0","0","0","0","0","1","0x20","0x18","0x20","0x18","0x8","0xF","0xE","0xB","1","0","0","0x9","0x5828000C","0x5828000C","0x5828000C","0x5828000C","0x5828000C","0x5828000C","0x5828000C","0x5828000C","0x1A","0x1A","0x1A","0x1A","0x1A","0x1A","0x1A","0x1A","0x000","0x000","0x000","0x000","0x000","0x000","0x000","0x000","0x00","0x00","0x00","0x20","0x20","0x20","0x20","0x20","0x20","0x20","0x20","0x20","0x20","0x20","0x20","0x20","0x20","0x20","0x20","0x20","0x20","0x20","0x20","0x20","0x20","0x20","0x20","0x20","0x20","0x20","0x20","0x20","0x20","0x20","0x20"
"446","0xA","0xB","0b0000100000000000","0b0000100000000000","0","0","0b0000000000000000","0b0000000000000000","0b0000000000000000","0b0000000000000000","1","0b0000100000000000","0b0000000000000000","0x000000E0","0x7228000C","1","0","0x000000CC","0","0","0","0x00000000","0x00000002","0x000001B8","0x00000001","0x00000031","0x0000006B","0x00000000","0x00000000","0x00000000","0x00000000","0x00000000","0x00000000","0x00000000","0x00000000","0x00000000","0x00000000","0x00000000","0x00000000","0x00000000","0x00000000","0x00000000","0x00000000","0x00000000","0x00000000","0x04000000","0x00000000","0x00000000","0x00000001","0xFFFFFFFF","0x0000008C","0x00000260","0x00000054","1","1","1","0","1","1","1","1","0x9","0xF","0xC","0xB","0","1","1","1","0","0","0","0","0","0","0","1","0x20","0x18","0x20","0x18","0x8","0xF","0xE","0xB","1","0","0","0x9","0x5828000C","0x5828000C","0x5828000C","0x5828000C","0x5828000C","0x5828000C","0x5828000C","0x5828000C","0x1A","0x1A","0x1A","0x1A","0x1A","0x1A","0x1A","0x1A","0x000","0x000","0x000","0x000","0x000","0x000","0x000","0x000","0x00","0x00","0x00","0x20","0x20","0x20","0x20","0x20","0x20","0x20","0x20","0x20","0x20","0x20","0x20","0x20","0x20","0x20","0x20","0x20","0x20","0x20","0x20","0x20","0x20","0x20","0x20","0x20","0x20","0x20","0x20","0x20","0x20","0x20","0x20"
"447","0xA","0xB","0b0000100000000000","0b0000100000000000","0","0","0b0000000000000000","0b0000000000000000","0b0000000000000000","0b0000000000000000","0","0b0000100000000000","0b0000000000000000","0x000000E0","0x7228000C","1","0","0x000000CC","0","0","0","0x00000000","0x00000002","0x000001B8","0x00000001","0x00000031","0x0000006B","0x00000000","0x00000000","0x00000000","0x00000000","0x00000000","0x00000000","0x00000000","0x00000000","0x00000000","0x00000000","0x00000000","0x00000000","0x00000000","0x00000000","0x00000000","0x00000000","0x00000000","0x00000000","0x04000000","0x00000000","0x00000000","0x00000001","0xFFFFFFFF","0x0000008C","0x00000260","0x00000054","1","1","1","0","1","1","1","1","0x9","0xF","0xC","0xB","0","1","1","1","0","0","0","0","0","0","0","1","0x20","0x18","0x20","0x18","0x8","0xF","0xE","0xB","1","0","0","0x9","0x5828000C","0x5828000C","0x5828000C","0x5828000C","0x5828000C","0x5828000C","0x5828000C","0x5828000C","0x1A","0x1A","0x1A","0x1A","0x1A","0x1A","0x1A","0x1A","0x000","0x000","0x000","0x000","0x000","0x000","0x000","0x000","0x00","0x00","0x00","0x20","0x20","0x20","0x20","0x20","0x20","0x20","0x20","0x20","0x20","0x20","0x20","0x20","0x20","0x20","0x20","0x20","0x20","0x20","0x20","0x20","0x20","0x20","0x20","0x20","0x20","0x20","0x20","0x20","0x20","0x20","0x20"
"448","0xA","0xB","0b0000100000000000","0b0000100000000000","0","0","0b0000000000000000","0b0000000000000000","0b0000000000000000","0b0000000000000000","1","0b0000100000000000","0b0000000000000000","0x000000E1","0x7228000C","1","0","0x000000CD","0","0","0","0x00000000","0x00000002","0x000001B8","0x00000001","0x00000031","0x0000006B","0x00000000","0x00000000","0x00000000","0x00000000","0x00000000","0x00000000","0x00000000","0x00000000","0x00000000","0x00000000","0x00000000","0x00000000","0x00000000","0x00000000","0x00000000","0x00000000","0x00000000","0x00000000","0x04000000","0x00000000","0x00000000","0x00000001","0xFFFFFFFF","0x0000008C","0x00000260","0x00000054","1","1","1","0","1","1","1","1","0x9","0xF","0xC","0xB","0","1","1","1","0","0","0","0","0","0","0","1","0x20","0x18","0x20","0x18","0x8","0xF","0xE","0xB","1","0","0","0x9","0x5828000C","0x5828000C","0x5828000C","0x5828000C","0x5828000C","0x5828000C","0x5828000C","0x5828000C","0x1A","0x1A","0x1A","0x1A","0x1A","0x1A","0x1A","0x1A","0x000","0x000","0x000","0x000","0x000","0x000","0x000","0x000","0x00","0x00","0x00","0x20","0x20","0x20","0x20","0x20","0x20","0x20","0x20","0x20","0x20","0x20","0x20","0x20","0x20","0x20","0x20","0x20","0x20","0x20","0x20","0x20","0x20","0x20","0x20","0x20","0x20","0x20","0x20","0x20","0x20","0x20","0x20"
"449","0xA","0xB","0b0000100000000000","0b0000100000000000","0","0","0b0000000000000000","0b0000000000000000","0b0000000000000000","0b0000000000000000","0","0b0000100000000000","0b0000000000000000","0x000000E1","0x7228000C","1","0","0x000000CD","0","0","0","0x00000000","0x00000002","0x000001B8","0x00000001","0x00000031","0x0000006B","0x00000000","0x00000000","0x00000000","0x00000000","0x00000000","0x00000000","0x00000000","0x00000000","0x00000000","0x00000000","0x00000000","0x00000000","0x00000000","0x00000000","0x00000000","0x00000000","0x00000000","0x00000000","0x04000000","0x00000000","0x00000000","0x00000001","0xFFFFFFFF","0x0000008C","0x00000260","0x00000054","1","1","1","0","1","1","1","1","0x9","0xF","0xC","0xB","0","1","1","1","0","0","0","0","0","0","0","1","0x20","0x18","0x20","0x18","0x8","0xF","0xE","0xB","1","0","0","0x9","0x5828000C","0x5828000C","0x5828000C","0x5828000C","0x5828000C","0x5828000C","0x5828000C","0x5828000C","0x1A","0x1A","0x1A","0x1A","0x1A","0x1A","0x1A","0x1A","0x000","0x000","0x000","0x000","0x000","0x000","0x000","0x000","0x00","0x00","0x00","0x20","0x20","0x20","0x20","0x20","0x20","0x20","0x20","0x20","0x20","0x20","0x20","0x20","0x20","0x20","0x20","0x20","0x20","0x20","0x20","0x20","0x20","0x20","0x20","0x20","0x20","0x20","0x20","0x20","0x20","0x20","0x20"
"450","0xA","0xB","0b0000100000000000","0b0000100000000000","0","0","0b0000000000000000","0b0000000000000000","0b0000000000000000","0b0000000000000000","1","0b0000100000000000","0b0000000000000000","0x000000E2","0x7228000C","1","0","0x000000CE","0","0","0","0x00000000","0x00000002","0x000001B8","0x00000001","0x00000031","0x0000006B","0x00000000","0x00000000","0x00000000","0x00000000","0x00000000","0x00000000","0x00000000","0x00000000","0x00000000","0x00000000","0x00000000","0x00000000","0x00000000","0x00000000","0x00000000","0x00000000","0x00000000","0x00000000","0x04000000","0x00000000","0x00000000","0x00000001","0xFFFFFFFF","0x0000008C","0x00000260","0x00000054","1","1","1","0","1","1","1","1","0x9","0xF","0xC","0xB","0","1","1","1","0","0","0","0","0","0","0","1","0x20","0x18","0x20","0x18","0x8","0xF","0xE","0xB","1","0","0","0x9","0x5828000C","0x5828000C","0x5828000C","0x5828000C","0x5828000C","0x5828000C","0x5828000C","0x5828000C","0x1A","0x1A","0x1A","0x1A","0x1A","0x1A","0x1A","0x1A","0x000","0x000","0x000","0x000","0x000","0x000","0x000","0x000","0x00","0x00","0x00","0x20","0x20","0x20","0x20","0x20","0x20","0x20","0x20","0x20","0x20","0x20","0x20","0x20","0x20","0x20","0x20","0x20","0x20","0x20","0x20","0x20","0x20","0x20","0x20","0x20","0x20","0x20","0x20","0x20","0x20","0x20","0x20"
"451","0xA","0xB","0b0000100000000000","0b0000100000000000","0","0","0b0000000000000000","0b0000000000000000","0b0000000000000000","0b0000000000000000","0","0b0000100000000000","0b0000000000000000","0x000000E2","0x7228000C","1","0","0x000000CE","0","0","0","0x00000000","0x00000002","0x000001B8","0x00000001","0x00000031","0x0000006B","0x00000000","0x00000000","0x00000000","0x00000000","0x00000000","0x00000000","0x00000000","0x00000000","0x00000000","0x00000000","0x00000000","0x00000000","0x00000000","0x00000000","0x00000000","0x00000000","0x00000000","0x00000000","0x04000000","0x00000000","0x00000000","0x00000001","0xFFFFFFFF","0x0000008C","0x00000260","0x00000054","1","1","1","0","1","1","1","1","0x9","0xF","0xC","0xB","0","1","1","1","0","0","0","0","0","0","0","1","0x20","0x18","0x20","0x18","0x8","0xF","0xE","0xB","1","0","0","0x9","0x5828000C","0x5828000C","0x5828000C","0x5828000C","0x5828000C","0x5828000C","0x5828000C","0x5828000C","0x1A","0x1A","0x1A","0x1A","0x1A","0x1A","0x1A","0x1A","0x000","0x000","0x000","0x000","0x000","0x000","0x000","0x000","0x00","0x00","0x00","0x20","0x20","0x20","0x20","0x20","0x20","0x20","0x20","0x20","0x20","0x20","0x20","0x20","0x20","0x20","0x20","0x20","0x20","0x20","0x20","0x20","0x20","0x20","0x20","0x20","0x20","0x20","0x20","0x20","0x20","0x20","0x20"
"452","0xA","0xB","0b0000100000000000","0b0000100000000000","0","0","0b0000000000000000","0b0000000000000000","0b0000000000000000","0b0000000000000000","1","0b0000100000000000","0b0000000000000000","0x000000E3","0x7228000C","1","0","0x000000CF","0","0","0","0x00000000","0x00000002","0x000001B8","0x00000001","0x00000031","0x0000006B","0x00000000","0x00000000","0x00000000","0x00000000","0x00000000","0x00000000","0x00000000","0x00000000","0x00000000","0x00000000","0x00000000","0x00000000","0x00000000","0x00000000","0x00000000","0x00000000","0x00000000","0x00000000","0x04000000","0x00000000","0x00000000","0x00000001","0xFFFFFFFF","0x0000008C","0x00000260","0x00000054","1","1","1","0","1","1","1","1","0x9","0xF","0xC","0xB","0","1","1","1","0","0","0","0","0","0","0","1","0x20","0x18","0x20","0x18","0x8","0xF","0xE","0xB","1","0","0","0x9","0x5828000C","0x5828000C","0x5828000C","0x5828000C","0x5828000C","0x5828000C","0x5828000C","0x5828000C","0x1A","0x1A","0x1A","0x1A","0x1A","0x1A","0x1A","0x1A","0x000","0x000","0x000","0x000","0x000","0x000","0x000","0x000","0x00","0x00","0x00","0x20","0x20","0x20","0x20","0x20","0x20","0x20","0x20","0x20","0x20","0x20","0x20","0x20","0x20","0x20","0x20","0x20","0x20","0x20","0x20","0x20","0x20","0x20","0x20","0x20","0x20","0x20","0x20","0x20","0x20","0x20","0x20"
"453","0xA","0xB","0b0000100000000000","0b0000100000000000","0","0","0b0000000000000000","0b0000000000000000","0b0000000000000000","0b0000000000000000","0","0b0000100000000000","0b0000000000000000","0x000000E3","0x7228000C","1","0","0x000000CF","0","0","0","0x00000000","0x00000002","0x000001B8","0x00000001","0x00000031","0x0000006B","0x00000000","0x00000000","0x00000000","0x00000000","0x00000000","0x00000000","0x00000000","0x00000000","0x00000000","0x00000000","0x00000000","0x00000000","0x00000000","0x00000000","0x00000000","0x00000000","0x00000000","0x00000000","0x04000000","0x00000000","0x00000000","0x00000001","0xFFFFFFFF","0x0000008C","0x00000260","0x00000054","1","1","1","0","1","1","1","1","0x9","0xF","0xC","0xB","0","1","1","1","0","0","0","0","0","0","0","1","0x20","0x18","0x20","0x18","0x8","0xF","0xE","0xB","1","0","0","0x9","0x5828000C","0x5828000C","0x5828000C","0x5828000C","0x5828000C","0x5828000C","0x5828000C","0x5828000C","0x1A","0x1A","0x1A","0x1A","0x1A","0x1A","0x1A","0x1A","0x000","0x000","0x000","0x000","0x000","0x000","0x000","0x000","0x00","0x00","0x00","0x20","0x20","0x20","0x20","0x20","0x20","0x20","0x20","0x20","0x20","0x20","0x20","0x20","0x20","0x20","0x20","0x20","0x20","0x20","0x20","0x20","0x20","0x20","0x20","0x20","0x20","0x20","0x20","0x20","0x20","0x20","0x20"
"454","0xA","0xB","0b0000100000000000","0b0000100000000000","0","0","0b0000000000000000","0b0000000000000000","0b0000000000000000","0b0000000000000000","1","0b0000100000000000","0b0000000000000000","0x000000E4","0x7228000C","1","0","0x000000D0","0","0","0","0x00000000","0x00000002","0x000001B8","0x00000001","0x00000031","0x0000006B","0x00000000","0x00000000","0x00000000","0x00000000","0x00000000","0x00000000","0x00000000","0x00000000","0x00000000","0x00000000","0x00000000","0x00000000","0x00000000","0x00000000","0x00000000","0x00000000","0x00000000","0x00000000","0x04000000","0x00000000","0x00000000","0x00000001","0xFFFFFFFF","0x0000008C","0x00000260","0x00000054","1","1","1","0","1","1","1","1","0x9","0xF","0xC","0xB","0","1","1","1","0","0","0","0","0","0","0","1","0x20","0x18","0x20","0x18","0x8","0xF","0xE","0xB","1","0","0","0x9","0x5828000C","0x5828000C","0x5828000C","0x5828000C","0x5828000C","0x5828000C","0x5828000C","0x5828000C","0x1A","0x1A","0x1A","0x1A","0x1A","0x1A","0x1A","0x1A","0x000","0x000","0x000","0x000","0x000","0x000","0x000","0x000","0x00","0x00","0x00","0x20","0x20","0x20","0x20","0x20","0x20","0x20","0x20","0x20","0x20","0x20","0x20","0x20","0x20","0x20","0x20","0x20","0x20","0x20","0x20","0x20","0x20","0x20","0x20","0x20","0x20","0x20","0x20","0x20","0x20","0x20","0x20"
"455","0xA","0xB","0b0000100000000000","0b0000100000000000","0","0","0b0000000000000000","0b0000000000000000","0b0000000000000000","0b0000000000000000","0","0b0000100000000000","0b0000000000000000","0x000000E4","0x7228000C","1","0","0x000000D0","0","0","0","0x00000000","0x00000002","0x000001B8","0x00000001","0x00000031","0x0000006B","0x00000000","0x00000000","0x00000000","0x00000000","0x00000000","0x00000000","0x00000000","0x00000000","0x00000000","0x00000000","0x00000000","0x00000000","0x00000000","0x00000000","0x00000000","0x00000000","0x00000000","0x00000000","0x04000000","0x00000000","0x00000000","0x00000001","0xFFFFFFFF","0x0000008C","0x00000260","0x00000054","1","1","1","0","1","1","1","1","0x9","0xF","0xC","0xB","0","1","1","1","0","0","0","0","0","0","0","1","0x20","0x18","0x20","0x18","0x8","0xF","0xE","0xB","1","0","0","0x9","0x5828000C","0x5828000C","0x5828000C","0x5828000C","0x5828000C","0x5828000C","0x5828000C","0x5828000C","0x1A","0x1A","0x1A","0x1A","0x1A","0x1A","0x1A","0x1A","0x000","0x000","0x000","0x000","0x000","0x000","0x000","0x000","0x00","0x00","0x00","0x20","0x20","0x20","0x20","0x20","0x20","0x20","0x20","0x20","0x20","0x20","0x20","0x20","0x20","0x20","0x20","0x20","0x20","0x20","0x20","0x20","0x20","0x20","0x20","0x20","0x20","0x20","0x20","0x20","0x20","0x20","0x20"
"456","0xA","0xB","0b0000100000000000","0b0000100000000000","0","0","0b0000000000000000","0b0000000000000000","0b0000000000000000","0b0000000000000000","1","0b0000100000000000","0b0000000000000000","0x000000E5","0x7228000C","1","0","0x000000D1","0","0","0","0x00000000","0x00000002","0x000001B8","0x00000001","0x00000031","0x0000006B","0x00000000","0x00000000","0x00000000","0x00000000","0x00000000","0x00000000","0x00000000","0x00000000","0x00000000","0x00000000","0x00000000","0x00000000","0x00000000","0x00000000","0x00000000","0x00000000","0x00000000","0x00000000","0x04000000","0x00000000","0x00000000","0x00000001","0xFFFFFFFF","0x0000008C","0x00000260","0x00000054","1","1","1","0","1","1","1","1","0x9","0xF","0xC","0xB","0","1","1","1","0","0","0","0","0","0","0","1","0x20","0x18","0x20","0x18","0x8","0xF","0xE","0xB","1","0","0","0x9","0x5828000C","0x5828000C","0x5828000C","0x5828000C","0x5828000C","0x5828000C","0x5828000C","0x5828000C","0x1A","0x1A","0x1A","0x1A","0x1A","0x1A","0x1A","0x1A","0x000","0x000","0x000","0x000","0x000","0x000","0x000","0x000","0x00","0x00","0x00","0x20","0x20","0x20","0x20","0x20","0x20","0x20","0x20","0x20","0x20","0x20","0x20","0x20","0x20","0x20","0x20","0x20","0x20","0x20","0x20","0x20","0x20","0x20","0x20","0x20","0x20","0x20","0x20","0x20","0x20","0x20","0x20"
"457","0xA","0xB","0b0000100000000000","0b0000100000000000","0","0","0b0000000000000000","0b0000000000000000","0b0000000000000000","0b0000000000000000","0","0b0000100000000000","0b0000000000000000","0x000000E5","0x7228000C","1","0","0x000000D1","0","0","0","0x00000000","0x00000002","0x000001B8","0x00000001","0x00000031","0x0000006B","0x00000000","0x00000000","0x00000000","0x00000000","0x00000000","0x00000000","0x00000000","0x00000000","0x00000000","0x00000000","0x00000000","0x00000000","0x00000000","0x00000000","0x00000000","0x00000000","0x00000000","0x00000000","0x04000000","0x00000000","0x00000000","0x00000001","0xFFFFFFFF","0x0000008C","0x00000260","0x00000054","1","1","1","0","1","1","1","1","0x9","0xF","0xC","0xB","0","1","1","1","0","0","0","0","0","0","0","1","0x20","0x18","0x20","0x18","0x8","0xF","0xE","0xB","1","0","0","0x9","0x5828000C","0x5828000C","0x5828000C","0x5828000C","0x5828000C","0x5828000C","0x5828000C","0x5828000C","0x1A","0x1A","0x1A","0x1A","0x1A","0x1A","0x1A","0x1A","0x000","0x000","0x000","0x000","0x000","0x000","0x000","0x000","0x00","0x00","0x00","0x20","0x20","0x20","0x20","0x20","0x20","0x20","0x20","0x20","0x20","0x20","0x20","0x20","0x20","0x20","0x20","0x20","0x20","0x20","0x20","0x20","0x20","0x20","0x20","0x20","0x20","0x20","0x20","0x20","0x20","0x20","0x20"
"458","0xA","0xB","0b0000100000000000","0b0000100000000000","0","0","0b0000000000000000","0b0000000000000000","0b0000000000000000","0b0000000000000000","1","0b0000100000000000","0b0000000000000000","0x000000E6","0x7228000C","1","0","0x000000D2","0","0","0","0x00000000","0x00000002","0x000001B8","0x00000001","0x00000031","0x0000006B","0x00000000","0x00000000","0x00000000","0x00000000","0x00000000","0x00000000","0x00000000","0x00000000","0x00000000","0x00000000","0x00000000","0x00000000","0x00000000","0x00000000","0x00000000","0x00000000","0x00000000","0x00000000","0x04000000","0x00000000","0x00000000","0x00000001","0xFFFFFFFF","0x0000008C","0x00000260","0x00000054","1","1","1","0","1","1","1","1","0x9","0xF","0xC","0xB","0","1","1","1","0","0","0","0","0","0","0","1","0x20","0x18","0x20","0x18","0x8","0xF","0xE","0xB","1","0","0","0x9","0x5828000C","0x5828000C","0x5828000C","0x5828000C","0x5828000C","0x5828000C","0x5828000C","0x5828000C","0x1A","0x1A","0x1A","0x1A","0x1A","0x1A","0x1A","0x1A","0x000","0x000","0x000","0x000","0x000","0x000","0x000","0x000","0x00","0x00","0x00","0x20","0x20","0x20","0x20","0x20","0x20","0x20","0x20","0x20","0x20","0x20","0x20","0x20","0x20","0x20","0x20","0x20","0x20","0x20","0x20","0x20","0x20","0x20","0x20","0x20","0x20","0x20","0x20","0x20","0x20","0x20","0x20"
"459","0xA","0xB","0b0000100000000000","0b0000100000000000","0","0","0b0000000000000000","0b0000000000000000","0b0000000000000000","0b0000000000000000","0","0b0000100000000000","0b0000000000000000","0x000000E6","0x7228000C","1","0","0x000000D2","0","0","0","0x00000000","0x00000002","0x000001B8","0x00000001","0x00000031","0x0000006B","0x00000000","0x00000000","0x00000000","0x00000000","0x00000000","0x00000000","0x00000000","0x00000000","0x00000000","0x00000000","0x00000000","0x00000000","0x00000000","0x00000000","0x00000000","0x00000000","0x00000000","0x00000000","0x04000000","0x00000000","0x00000000","0x00000001","0xFFFFFFFF","0x0000008C","0x00000260","0x00000054","1","1","1","0","1","1","1","1","0x9","0xF","0xC","0xB","0","1","1","1","0","0","0","0","0","0","0","1","0x20","0x18","0x20","0x18","0x8","0xF","0xE","0xB","1","0","0","0x9","0x5828000C","0x5828000C","0x5828000C","0x5828000C","0x5828000C","0x5828000C","0x5828000C","0x5828000C","0x1A","0x1A","0x1A","0x1A","0x1A","0x1A","0x1A","0x1A","0x000","0x000","0x000","0x000","0x000","0x000","0x000","0x000","0x00","0x00","0x00","0x20","0x20","0x20","0x20","0x20","0x20","0x20","0x20","0x20","0x20","0x20","0x20","0x20","0x20","0x20","0x20","0x20","0x20","0x20","0x20","0x20","0x20","0x20","0x20","0x20","0x20","0x20","0x20","0x20","0x20","0x20","0x20"
"460","0xA","0xB","0b0000100000000000","0b0000100000000000","0","0","0b0000000000000000","0b0000000000000000","0b0000000000000000","0b0000000000000000","1","0b0000100000000000","0b0000000000000000","0x000000E7","0x7228000C","1","0","0x000000D3","0","0","0","0x00000000","0x00000002","0x000001B8","0x00000001","0x00000031","0x0000006B","0x00000000","0x00000000","0x00000000","0x00000000","0x00000000","0x00000000","0x00000000","0x00000000","0x00000000","0x00000000","0x00000000","0x00000000","0x00000000","0x00000000","0x00000000","0x00000000","0x00000000","0x00000000","0x04000000","0x00000000","0x00000000","0x00000001","0xFFFFFFFF","0x0000008C","0x00000260","0x00000054","1","1","1","0","1","1","1","1","0x9","0xF","0xC","0xB","0","1","1","1","0","0","0","0","0","0","0","1","0x20","0x18","0x20","0x18","0x8","0xF","0xE","0xB","1","0","0","0x9","0x5828000C","0x5828000C","0x5828000C","0x5828000C","0x5828000C","0x5828000C","0x5828000C","0x5828000C","0x1A","0x1A","0x1A","0x1A","0x1A","0x1A","0x1A","0x1A","0x000","0x000","0x000","0x000","0x000","0x000","0x000","0x000","0x00","0x00","0x00","0x20","0x20","0x20","0x20","0x20","0x20","0x20","0x20","0x20","0x20","0x20","0x20","0x20","0x20","0x20","0x20","0x20","0x20","0x20","0x20","0x20","0x20","0x20","0x20","0x20","0x20","0x20","0x20","0x20","0x20","0x20","0x20"
"461","0xA","0xB","0b0000100000000000","0b0000100000000000","0","0","0b0000000000000000","0b0000000000000000","0b0000000000000000","0b0000000000000000","0","0b0000100000000000","0b0000000000000000","0x000000E7","0x7228000C","1","0","0x000000D3","0","0","0","0x00000000","0x00000002","0x000001B8","0x00000001","0x00000031","0x0000006B","0x00000000","0x00000000","0x00000000","0x00000000","0x00000000","0x00000000","0x00000000","0x00000000","0x00000000","0x00000000","0x00000000","0x00000000","0x00000000","0x00000000","0x00000000","0x00000000","0x00000000","0x00000000","0x04000000","0x00000000","0x00000000","0x00000001","0xFFFFFFFF","0x0000008C","0x00000260","0x00000054","1","1","1","0","1","1","1","1","0x9","0xF","0xC","0xB","0","1","1","1","0","0","0","0","0","0","0","1","0x20","0x18","0x20","0x18","0x8","0xF","0xE","0xB","1","0","0","0x9","0x5828000C","0x5828000C","0x5828000C","0x5828000C","0x5828000C","0x5828000C","0x5828000C","0x5828000C","0x1A","0x1A","0x1A","0x1A","0x1A","0x1A","0x1A","0x1A","0x000","0x000","0x000","0x000","0x000","0x000","0x000","0x000","0x00","0x00","0x00","0x20","0x20","0x20","0x20","0x20","0x20","0x20","0x20","0x20","0x20","0x20","0x20","0x20","0x20","0x20","0x20","0x20","0x20","0x20","0x20","0x20","0x20","0x20","0x20","0x20","0x20","0x20","0x20","0x20","0x20","0x20","0x20"
"462","0xA","0xB","0b0000100000000000","0b0000100000000000","0","0","0b0000000000000000","0b0000000000000000","0b0000000000000000","0b0000000000000000","1","0b0000100000000000","0b0000000000000000","0x000000E8","0x7228000C","1","0","0x000000D4","0","0","0","0x00000000","0x00000002","0x000001B8","0x00000001","0x00000031","0x0000006B","0x00000000","0x00000000","0x00000000","0x00000000","0x00000000","0x00000000","0x00000000","0x00000000","0x00000000","0x00000000","0x00000000","0x00000000","0x00000000","0x00000000","0x00000000","0x00000000","0x00000000","0x00000000","0x04000000","0x00000000","0x00000000","0x00000001","0xFFFFFFFF","0x0000008C","0x00000260","0x00000054","1","1","1","0","1","1","1","1","0x9","0xF","0xC","0xB","0","1","1","1","0","0","0","0","0","0","0","1","0x20","0x18","0x20","0x18","0x8","0xF","0xE","0xB","1","0","0","0x9","0x5828000C","0x5828000C","0x5828000C","0x5828000C","0x5828000C","0x5828000C","0x5828000C","0x5828000C","0x1A","0x1A","0x1A","0x1A","0x1A","0x1A","0x1A","0x1A","0x000","0x000","0x000","0x000","0x000","0x000","0x000","0x000","0x00","0x00","0x00","0x20","0x20","0x20","0x20","0x20","0x20","0x20","0x20","0x20","0x20","0x20","0x20","0x20","0x20","0x20","0x20","0x20","0x20","0x20","0x20","0x20","0x20","0x20","0x20","0x20","0x20","0x20","0x20","0x20","0x20","0x20","0x20"
"463","0xA","0xB","0b0000100000000000","0b0000100000000000","0","0","0b0000000000000000","0b0000000000000000","0b0000000000000000","0b0000000000000000","0","0b0000100000000000","0b0000000000000000","0x000000E8","0x7228000C","1","0","0x000000D4","0","0","0","0x00000000","0x00000002","0x000001B8","0x00000001","0x00000031","0x0000006B","0x00000000","0x00000000","0x00000000","0x00000000","0x00000000","0x00000000","0x00000000","0x00000000","0x00000000","0x00000000","0x00000000","0x00000000","0x00000000","0x00000000","0x00000000","0x00000000","0x00000000","0x00000000","0x04000000","0x00000000","0x00000000","0x00000001","0xFFFFFFFF","0x0000008C","0x00000260","0x00000054","1","1","1","0","1","1","1","1","0x9","0xF","0xC","0xB","0","1","1","1","0","0","0","0","0","0","0","1","0x20","0x18","0x20","0x18","0x8","0xF","0xE","0xB","1","0","0","0x9","0x5828000C","0x5828000C","0x5828000C","0x5828000C","0x5828000C","0x5828000C","0x5828000C","0x5828000C","0x1A","0x1A","0x1A","0x1A","0x1A","0x1A","0x1A","0x1A","0x000","0x000","0x000","0x000","0x000","0x000","0x000","0x000","0x00","0x00","0x00","0x20","0x20","0x20","0x20","0x20","0x20","0x20","0x20","0x20","0x20","0x20","0x20","0x20","0x20","0x20","0x20","0x20","0x20","0x20","0x20","0x20","0x20","0x20","0x20","0x20","0x20","0x20","0x20","0x20","0x20","0x20","0x20"
"464","0xA","0xB","0b0000100000000000","0b0000100000000000","0","0","0b0000000000000000","0b0000000000000000","0b0000000000000000","0b0000000000000000","1","0b0000100000000000","0b0000000000000000","0x000000E9","0x7228000C","1","0","0x000000D5","0","0","0","0x00000000","0x00000002","0x000001B8","0x00000001","0x00000031","0x0000006B","0x00000000","0x00000000","0x00000000","0x00000000","0x00000000","0x00000000","0x00000000","0x00000000","0x00000000","0x00000000","0x00000000","0x00000000","0x00000000","0x00000000","0x00000000","0x00000000","0x00000000","0x00000000","0x04000000","0x00000000","0x00000000","0x00000001","0xFFFFFFFF","0x0000008C","0x00000260","0x00000054","1","1","1","0","1","1","1","1","0x9","0xF","0xC","0xB","0","1","1","1","0","0","0","0","0","0","0","1","0x20","0x18","0x20","0x18","0x8","0xF","0xE","0xB","1","0","0","0x9","0x5828000C","0x5828000C","0x5828000C","0x5828000C","0x5828000C","0x5828000C","0x5828000C","0x5828000C","0x1A","0x1A","0x1A","0x1A","0x1A","0x1A","0x1A","0x1A","0x000","0x000","0x000","0x000","0x000","0x000","0x000","0x000","0x00","0x00","0x00","0x20","0x20","0x20","0x20","0x20","0x20","0x20","0x20","0x20","0x20","0x20","0x20","0x20","0x20","0x20","0x20","0x20","0x20","0x20","0x20","0x20","0x20","0x20","0x20","0x20","0x20","0x20","0x20","0x20","0x20","0x20","0x20"
"465","0xA","0xB","0b0000100000000000","0b0000100000000000","0","0","0b0000000000000000","0b0000000000000000","0b0000000000000000","0b0000000000000000","0","0b0000100000000000","0b0000000000000000","0x000000E9","0x7228000C","1","0","0x000000D5","0","0","0","0x00000000","0x00000002","0x000001B8","0x00000001","0x00000031","0x0000006B","0x00000000","0x00000000","0x00000000","0x00000000","0x00000000","0x00000000","0x00000000","0x00000000","0x00000000","0x00000000","0x00000000","0x00000000","0x00000000","0x00000000","0x00000000","0x00000000","0x00000000","0x00000000","0x04000000","0x00000000","0x00000000","0x00000001","0xFFFFFFFF","0x0000008C","0x00000260","0x00000054","1","1","1","0","1","1","1","1","0x9","0xF","0xC","0xB","0","1","1","1","0","0","0","0","0","0","0","1","0x20","0x18","0x20","0x18","0x8","0xF","0xE","0xB","1","0","0","0x9","0x5828000C","0x5828000C","0x5828000C","0x5828000C","0x5828000C","0x5828000C","0x5828000C","0x5828000C","0x1A","0x1A","0x1A","0x1A","0x1A","0x1A","0x1A","0x1A","0x000","0x000","0x000","0x000","0x000","0x000","0x000","0x000","0x00","0x00","0x00","0x20","0x20","0x20","0x20","0x20","0x20","0x20","0x20","0x20","0x20","0x20","0x20","0x20","0x20","0x20","0x20","0x20","0x20","0x20","0x20","0x20","0x20","0x20","0x20","0x20","0x20","0x20","0x20","0x20","0x20","0x20","0x20"
"466","0xA","0xB","0b0000100000000000","0b0000100000000000","0","0","0b0000000000000000","0b0000000000000000","0b0000000000000000","0b0000000000000000","1","0b0000100000000000","0b0000000000000000","0x000000EA","0x7228000C","1","0","0x000000D6","0","0","0","0x00000000","0x00000002","0x000001B8","0x00000001","0x00000031","0x0000006B","0x00000000","0x00000000","0x00000000","0x00000000","0x00000000","0x00000000","0x00000000","0x00000000","0x00000000","0x00000000","0x00000000","0x00000000","0x00000000","0x00000000","0x00000000","0x00000000","0x00000000","0x00000000","0x04000000","0x00000000","0x00000000","0x00000001","0xFFFFFFFF","0x0000008C","0x00000260","0x00000054","1","1","1","0","1","1","1","1","0x9","0xF","0xC","0xB","0","1","1","1","0","0","0","0","0","0","0","1","0x20","0x18","0x20","0x18","0x8","0xF","0xE","0xB","1","0","0","0x9","0x5828000C","0x5828000C","0x5828000C","0x5828000C","0x5828000C","0x5828000C","0x5828000C","0x5828000C","0x1A","0x1A","0x1A","0x1A","0x1A","0x1A","0x1A","0x1A","0x000","0x000","0x000","0x000","0x000","0x000","0x000","0x000","0x00","0x00","0x00","0x20","0x20","0x20","0x20","0x20","0x20","0x20","0x20","0x20","0x20","0x20","0x20","0x20","0x20","0x20","0x20","0x20","0x20","0x20","0x20","0x20","0x20","0x20","0x20","0x20","0x20","0x20","0x20","0x20","0x20","0x20","0x20"
"467","0xA","0xB","0b0000100000000000","0b0000100000000000","0","0","0b0000000000000000","0b0000000000000000","0b0000000000000000","0b0000000000000000","0","0b0000100000000000","0b0000000000000000","0x000000EA","0x7228000C","1","0","0x000000D6","0","0","0","0x00000000","0x00000002","0x000001B8","0x00000001","0x00000031","0x0000006B","0x00000000","0x00000000","0x00000000","0x00000000","0x00000000","0x00000000","0x00000000","0x00000000","0x00000000","0x00000000","0x00000000","0x00000000","0x00000000","0x00000000","0x00000000","0x00000000","0x00000000","0x00000000","0x04000000","0x00000000","0x00000000","0x00000001","0xFFFFFFFF","0x0000008C","0x00000260","0x00000054","1","1","1","0","1","1","1","1","0x9","0xF","0xC","0xB","0","1","1","1","0","0","0","0","0","0","0","1","0x20","0x18","0x20","0x18","0x8","0xF","0xE","0xB","1","0","0","0x9","0x5828000C","0x5828000C","0x5828000C","0x5828000C","0x5828000C","0x5828000C","0x5828000C","0x5828000C","0x1A","0x1A","0x1A","0x1A","0x1A","0x1A","0x1A","0x1A","0x000","0x000","0x000","0x000","0x000","0x000","0x000","0x000","0x00","0x00","0x00","0x20","0x20","0x20","0x20","0x20","0x20","0x20","0x20","0x20","0x20","0x20","0x20","0x20","0x20","0x20","0x20","0x20","0x20","0x20","0x20","0x20","0x20","0x20","0x20","0x20","0x20","0x20","0x20","0x20","0x20","0x20","0x20"
"468","0xA","0xB","0b0000100000000000","0b0000100000000000","0","0","0b0000000000000000","0b0000000000000000","0b0000000000000000","0b0000000000000000","1","0b0000100000000000","0b0000000000000000","0x000000EB","0x7228000C","1","0","0x000000D7","0","0","0","0x00000000","0x00000002","0x000001B8","0x00000001","0x00000031","0x0000006B","0x00000000","0x00000000","0x00000000","0x00000000","0x00000000","0x00000000","0x00000000","0x00000000","0x00000000","0x00000000","0x00000000","0x00000000","0x00000000","0x00000000","0x00000000","0x00000000","0x00000000","0x00000000","0x04000000","0x00000000","0x00000000","0x00000001","0xFFFFFFFF","0x0000008C","0x00000260","0x00000054","1","1","1","0","1","1","1","1","0x9","0xF","0xC","0xB","0","1","1","1","0","0","0","0","0","0","0","1","0x20","0x18","0x20","0x18","0x8","0xF","0xE","0xB","1","0","0","0x9","0x5828000C","0x5828000C","0x5828000C","0x5828000C","0x5828000C","0x5828000C","0x5828000C","0x5828000C","0x1A","0x1A","0x1A","0x1A","0x1A","0x1A","0x1A","0x1A","0x000","0x000","0x000","0x000","0x000","0x000","0x000","0x000","0x00","0x00","0x00","0x20","0x20","0x20","0x20","0x20","0x20","0x20","0x20","0x20","0x20","0x20","0x20","0x20","0x20","0x20","0x20","0x20","0x20","0x20","0x20","0x20","0x20","0x20","0x20","0x20","0x20","0x20","0x20","0x20","0x20","0x20","0x20"
"469","0xA","0xB","0b0000100000000000","0b0000100000000000","0","0","0b0000000000000000","0b0000000000000000","0b0000000000000000","0b0000000000000000","0","0b0000100000000000","0b0000000000000000","0x000000EB","0x7228000C","1","0","0x000000D7","0","0","0","0x00000000","0x00000002","0x000001B8","0x00000001","0x00000031","0x0000006B","0x00000000","0x00000000","0x00000000","0x00000000","0x00000000","0x00000000","0x00000000","0x00000000","0x00000000","0x00000000","0x00000000","0x00000000","0x00000000","0x00000000","0x00000000","0x00000000","0x00000000","0x00000000","0x04000000","0x00000000","0x00000000","0x00000001","0xFFFFFFFF","0x0000008C","0x00000260","0x00000054","1","1","1","0","1","1","1","1","0x9","0xF","0xC","0xB","0","1","1","1","0","0","0","0","0","0","0","1","0x20","0x18","0x20","0x18","0x8","0xF","0xE","0xB","1","0","0","0x9","0x5828000C","0x5828000C","0x5828000C","0x5828000C","0x5828000C","0x5828000C","0x5828000C","0x5828000C","0x1A","0x1A","0x1A","0x1A","0x1A","0x1A","0x1A","0x1A","0x000","0x000","0x000","0x000","0x000","0x000","0x000","0x000","0x00","0x00","0x00","0x20","0x20","0x20","0x20","0x20","0x20","0x20","0x20","0x20","0x20","0x20","0x20","0x20","0x20","0x20","0x20","0x20","0x20","0x20","0x20","0x20","0x20","0x20","0x20","0x20","0x20","0x20","0x20","0x20","0x20","0x20","0x20"
"470","0xA","0xB","0b0000100000000000","0b0000100000000000","0","0","0b0000000000000000","0b0000000000000000","0b0000000000000000","0b0000000000000000","1","0b0000100000000000","0b0000000000000000","0x000000EC","0x7228000C","1","0","0x000000D8","0","0","0","0x00000000","0x00000002","0x000001B8","0x00000001","0x00000031","0x0000006B","0x00000000","0x00000000","0x00000000","0x00000000","0x00000000","0x00000000","0x00000000","0x00000000","0x00000000","0x00000000","0x00000000","0x00000000","0x00000000","0x00000000","0x00000000","0x00000000","0x00000000","0x00000000","0x04000000","0x00000000","0x00000000","0x00000001","0xFFFFFFFF","0x0000008C","0x00000260","0x00000054","1","1","1","0","1","1","1","1","0x9","0xF","0xC","0xB","0","1","1","1","0","0","0","0","0","0","0","1","0x20","0x18","0x20","0x18","0x8","0xF","0xE","0xB","1","0","0","0x9","0x5828000C","0x5828000C","0x5828000C","0x5828000C","0x5828000C","0x5828000C","0x5828000C","0x5828000C","0x1A","0x1A","0x1A","0x1A","0x1A","0x1A","0x1A","0x1A","0x000","0x000","0x000","0x000","0x000","0x000","0x000","0x000","0x00","0x00","0x00","0x20","0x20","0x20","0x20","0x20","0x20","0x20","0x20","0x20","0x20","0x20","0x20","0x20","0x20","0x20","0x20","0x20","0x20","0x20","0x20","0x20","0x20","0x20","0x20","0x20","0x20","0x20","0x20","0x20","0x20","0x20","0x20"
"471","0xA","0xB","0b0000100000000000","0b0000100000000000","0","0","0b0000000000000000","0b0000000000000000","0b0000000000000000","0b0000000000000000","0","0b0000100000000000","0b0000000000000000","0x000000EC","0x7228000C","1","0","0x000000D8","0","0","0","0x00000000","0x00000002","0x000001B8","0x00000001","0x00000031","0x0000006B","0x00000000","0x00000000","0x00000000","0x00000000","0x00000000","0x00000000","0x00000000","0x00000000","0x00000000","0x00000000","0x00000000","0x00000000","0x00000000","0x00000000","0x00000000","0x00000000","0x00000000","0x00000000","0x04000000","0x00000000","0x00000000","0x00000001","0xFFFFFFFF","0x0000008C","0x00000260","0x00000054","1","1","1","0","1","1","1","1","0x9","0xF","0xC","0xB","0","1","1","1","0","0","0","0","0","0","0","1","0x20","0x18","0x20","0x18","0x8","0xF","0xE","0xB","1","0","0","0x9","0x5828000C","0x5828000C","0x5828000C","0x5828000C","0x5828000C","0x5828000C","0x5828000C","0x5828000C","0x1A","0x1A","0x1A","0x1A","0x1A","0x1A","0x1A","0x1A","0x000","0x000","0x000","0x000","0x000","0x000","0x000","0x000","0x00","0x00","0x00","0x20","0x20","0x20","0x20","0x20","0x20","0x20","0x20","0x20","0x20","0x20","0x20","0x20","0x20","0x20","0x20","0x20","0x20","0x20","0x20","0x20","0x20","0x20","0x20","0x20","0x20","0x20","0x20","0x20","0x20","0x20","0x20"
"472","0xA","0xB","0b0000100000000000","0b0000100000000000","0","0","0b0000000000000000","0b0000000000000000","0b0000000000000000","0b0000000000000000","1","0b0000100000000000","0b0000000000000000","0x000000ED","0x7228000C","1","0","0x000000D9","0","0","0","0x00000000","0x00000002","0x000001B8","0x00000001","0x00000031","0x0000006B","0x00000000","0x00000000","0x00000000","0x00000000","0x00000000","0x00000000","0x00000000","0x00000000","0x00000000","0x00000000","0x00000000","0x00000000","0x00000000","0x00000000","0x00000000","0x00000000","0x00000000","0x00000000","0x04000000","0x00000000","0x00000000","0x00000001","0xFFFFFFFF","0x0000008C","0x00000260","0x00000054","1","1","1","0","1","1","1","1","0x9","0xF","0xC","0xB","0","1","1","1","0","0","0","0","0","0","0","1","0x20","0x18","0x20","0x18","0x8","0xF","0xE","0xB","1","0","0","0x9","0x5828000C","0x5828000C","0x5828000C","0x5828000C","0x5828000C","0x5828000C","0x5828000C","0x5828000C","0x1A","0x1A","0x1A","0x1A","0x1A","0x1A","0x1A","0x1A","0x000","0x000","0x000","0x000","0x000","0x000","0x000","0x000","0x00","0x00","0x00","0x20","0x20","0x20","0x20","0x20","0x20","0x20","0x20","0x20","0x20","0x20","0x20","0x20","0x20","0x20","0x20","0x20","0x20","0x20","0x20","0x20","0x20","0x20","0x20","0x20","0x20","0x20","0x20","0x20","0x20","0x20","0x20"
"473","0xA","0xB","0b0000100000000000","0b0000100000000000","0","0","0b0000000000000000","0b0000000000000000","0b0000000000000000","0b0000000000000000","0","0b0000100000000000","0b0000000000000000","0x000000ED","0x7228000C","1","0","0x000000D9","0","0","0","0x00000000","0x00000002","0x000001B8","0x00000001","0x00000031","0x0000006B","0x00000000","0x00000000","0x00000000","0x00000000","0x00000000","0x00000000","0x00000000","0x00000000","0x00000000","0x00000000","0x00000000","0x00000000","0x00000000","0x00000000","0x00000000","0x00000000","0x00000000","0x00000000","0x04000000","0x00000000","0x00000000","0x00000001","0xFFFFFFFF","0x0000008C","0x00000260","0x00000054","1","1","1","0","1","1","1","1","0x9","0xF","0xC","0xB","0","1","1","1","0","0","0","0","0","0","0","1","0x20","0x18","0x20","0x18","0x8","0xF","0xE","0xB","1","0","0","0x9","0x5828000C","0x5828000C","0x5828000C","0x5828000C","0x5828000C","0x5828000C","0x5828000C","0x5828000C","0x1A","0x1A","0x1A","0x1A","0x1A","0x1A","0x1A","0x1A","0x000","0x000","0x000","0x000","0x000","0x000","0x000","0x000","0x00","0x00","0x00","0x20","0x20","0x20","0x20","0x20","0x20","0x20","0x20","0x20","0x20","0x20","0x20","0x20","0x20","0x20","0x20","0x20","0x20","0x20","0x20","0x20","0x20","0x20","0x20","0x20","0x20","0x20","0x20","0x20","0x20","0x20","0x20"
"474","0xA","0xB","0b0000100000000000","0b0000100000000000","0","0","0b0000000000000000","0b0000000000000000","0b0000000000000000","0b0000000000000000","1","0b0000100000000000","0b0000000000000000","0x000000EE","0x7228000C","1","0","0x000000DA","0","0","0","0x00000000","0x00000002","0x000001B8","0x00000001","0x00000031","0x0000006B","0x00000000","0x00000000","0x00000000","0x00000000","0x00000000","0x00000000","0x00000000","0x00000000","0x00000000","0x00000000","0x00000000","0x00000000","0x00000000","0x00000000","0x00000000","0x00000000","0x00000000","0x00000000","0x04000000","0x00000000","0x00000000","0x00000001","0xFFFFFFFF","0x0000008C","0x00000260","0x00000054","1","1","1","0","1","1","1","1","0x9","0xF","0xC","0xB","0","1","1","1","0","0","0","0","0","0","0","1","0x20","0x18","0x20","0x18","0x8","0xF","0xE","0xB","1","0","0","0x9","0x5828000C","0x5828000C","0x5828000C","0x5828000C","0x5828000C","0x5828000C","0x5828000C","0x5828000C","0x1A","0x1A","0x1A","0x1A","0x1A","0x1A","0x1A","0x1A","0x000","0x000","0x000","0x000","0x000","0x000","0x000","0x000","0x00","0x00","0x00","0x20","0x20","0x20","0x20","0x20","0x20","0x20","0x20","0x20","0x20","0x20","0x20","0x20","0x20","0x20","0x20","0x20","0x20","0x20","0x20","0x20","0x20","0x20","0x20","0x20","0x20","0x20","0x20","0x20","0x20","0x20","0x20"
"475","0xA","0xB","0b0000100000000000","0b0000100000000000","0","0","0b0000000000000000","0b0000000000000000","0b0000000000000000","0b0000000000000000","0","0b0000100000000000","0b0000000000000000","0x000000EE","0x7228000C","1","0","0x000000DA","0","0","0","0x00000000","0x00000002","0x000001B8","0x00000001","0x00000031","0x0000006B","0x00000000","0x00000000","0x00000000","0x00000000","0x00000000","0x00000000","0x00000000","0x00000000","0x00000000","0x00000000","0x00000000","0x00000000","0x00000000","0x00000000","0x00000000","0x00000000","0x00000000","0x00000000","0x04000000","0x00000000","0x00000000","0x00000001","0xFFFFFFFF","0x0000008C","0x00000260","0x00000054","1","1","1","0","1","1","1","1","0x9","0xF","0xC","0xB","0","1","1","1","0","0","0","0","0","0","0","1","0x20","0x18","0x20","0x18","0x8","0xF","0xE","0xB","1","0","0","0x9","0x5828000C","0x5828000C","0x5828000C","0x5828000C","0x5828000C","0x5828000C","0x5828000C","0x5828000C","0x1A","0x1A","0x1A","0x1A","0x1A","0x1A","0x1A","0x1A","0x000","0x000","0x000","0x000","0x000","0x000","0x000","0x000","0x00","0x00","0x00","0x20","0x20","0x20","0x20","0x20","0x20","0x20","0x20","0x20","0x20","0x20","0x20","0x20","0x20","0x20","0x20","0x20","0x20","0x20","0x20","0x20","0x20","0x20","0x20","0x20","0x20","0x20","0x20","0x20","0x20","0x20","0x20"
"476","0xA","0xB","0b0000100000000000","0b0000100000000000","0","0","0b0000000000000000","0b0000000000000000","0b0000000000000000","0b0000000000000000","1","0b0000100000000000","0b0000000000000000","0x000000EF","0x7228000C","1","0","0x000000DB","0","0","0","0x00000000","0x00000002","0x000001B8","0x00000001","0x00000031","0x0000006B","0x00000000","0x00000000","0x00000000","0x00000000","0x00000000","0x00000000","0x00000000","0x00000000","0x00000000","0x00000000","0x00000000","0x00000000","0x00000000","0x00000000","0x00000000","0x00000000","0x00000000","0x00000000","0x04000000","0x00000000","0x00000000","0x00000001","0xFFFFFFFF","0x0000008C","0x00000260","0x00000054","1","1","1","0","1","1","1","1","0x9","0xF","0xC","0xB","0","1","1","1","0","0","0","0","0","0","0","1","0x20","0x18","0x20","0x18","0x8","0xF","0xE","0xB","1","0","0","0x9","0x5828000C","0x5828000C","0x5828000C","0x5828000C","0x5828000C","0x5828000C","0x5828000C","0x5828000C","0x1A","0x1A","0x1A","0x1A","0x1A","0x1A","0x1A","0x1A","0x000","0x000","0x000","0x000","0x000","0x000","0x000","0x000","0x00","0x00","0x00","0x20","0x20","0x20","0x20","0x20","0x20","0x20","0x20","0x20","0x20","0x20","0x20","0x20","0x20","0x20","0x20","0x20","0x20","0x20","0x20","0x20","0x20","0x20","0x20","0x20","0x20","0x20","0x20","0x20","0x20","0x20","0x20"
"477","0xA","0xB","0b0000100000000000","0b0000100000000000","0","0","0b0000000000000000","0b0000000000000000","0b0000000000000000","0b0000000000000000","0","0b0000100000000000","0b0000000000000000","0x000000EF","0x7228000C","1","0","0x000000DB","0","0","0","0x00000000","0x00000002","0x000001B8","0x00000001","0x00000031","0x0000006B","0x00000000","0x00000000","0x00000000","0x00000000","0x00000000","0x00000000","0x00000000","0x00000000","0x00000000","0x00000000","0x00000000","0x00000000","0x00000000","0x00000000","0x00000000","0x00000000","0x00000000","0x00000000","0x04000000","0x00000000","0x00000000","0x00000001","0xFFFFFFFF","0x0000008C","0x00000260","0x00000054","1","1","1","0","1","1","1","1","0x9","0xF","0xC","0xB","0","1","1","1","0","0","0","0","0","0","0","1","0x20","0x18","0x20","0x18","0x8","0xF","0xE","0xB","1","0","0","0x9","0x5828000C","0x5828000C","0x5828000C","0x5828000C","0x5828000C","0x5828000C","0x5828000C","0x5828000C","0x1A","0x1A","0x1A","0x1A","0x1A","0x1A","0x1A","0x1A","0x000","0x000","0x000","0x000","0x000","0x000","0x000","0x000","0x00","0x00","0x00","0x20","0x20","0x20","0x20","0x20","0x20","0x20","0x20","0x20","0x20","0x20","0x20","0x20","0x20","0x20","0x20","0x20","0x20","0x20","0x20","0x20","0x20","0x20","0x20","0x20","0x20","0x20","0x20","0x20","0x20","0x20","0x20"
"478","0xA","0xB","0b0000100000000000","0b0000100000000000","0","0","0b0000000000000000","0b0000000000000000","0b0000000000000000","0b0000000000000000","1","0b0000100000000000","0b0000000000000000","0x000000F0","0x7228000C","1","0","0x000000DC","0","0","0","0x00000000","0x00000002","0x000001B8","0x00000001","0x00000031","0x0000006B","0x00000000","0x00000000","0x00000000","0x00000000","0x00000000","0x00000000","0x00000000","0x00000000","0x00000000","0x00000000","0x00000000","0x00000000","0x00000000","0x00000000","0x00000000","0x00000000","0x00000000","0x00000000","0x04000000","0x00000000","0x00000000","0x00000001","0xFFFFFFFF","0x0000008C","0x00000260","0x00000054","1","1","1","0","1","1","1","1","0x9","0xF","0xC","0xB","0","1","1","1","0","0","0","0","0","0","0","1","0x20","0x18","0x20","0x18","0x8","0xF","0xE","0xB","1","0","0","0x9","0x5828000C","0x5828000C","0x5828000C","0x5828000C","0x5828000C","0x5828000C","0x5828000C","0x5828000C","0x1A","0x1A","0x1A","0x1A","0x1A","0x1A","0x1A","0x1A","0x000","0x000","0x000","0x000","0x000","0x000","0x000","0x000","0x00","0x00","0x00","0x20","0x20","0x20","0x20","0x20","0x20","0x20","0x20","0x20","0x20","0x20","0x20","0x20","0x20","0x20","0x20","0x20","0x20","0x20","0x20","0x20","0x20","0x20","0x20","0x20","0x20","0x20","0x20","0x20","0x20","0x20","0x20"
"479","0xA","0xB","0b0000100000000000","0b0000100000000000","0","0","0b0000000000000000","0b0000000000000000","0b0000000000000000","0b0000000000000000","0","0b0000100000000000","0b0000000000000000","0x000000F0","0x7228000C","1","0","0x000000DC","0","0","0","0x00000000","0x00000002","0x000001B8","0x00000001","0x00000031","0x0000006B","0x00000000","0x00000000","0x00000000","0x00000000","0x00000000","0x00000000","0x00000000","0x00000000","0x00000000","0x00000000","0x00000000","0x00000000","0x00000000","0x00000000","0x00000000","0x00000000","0x00000000","0x00000000","0x04000000","0x00000000","0x00000000","0x00000001","0xFFFFFFFF","0x0000008C","0x00000260","0x00000054","1","1","1","0","1","1","1","1","0x9","0xF","0xC","0xB","0","1","1","1","0","0","0","0","0","0","0","1","0x20","0x18","0x20","0x18","0x8","0xF","0xE","0xB","1","0","0","0x9","0x5828000C","0x5828000C","0x5828000C","0x5828000C","0x5828000C","0x5828000C","0x5828000C","0x5828000C","0x1A","0x1A","0x1A","0x1A","0x1A","0x1A","0x1A","0x1A","0x000","0x000","0x000","0x000","0x000","0x000","0x000","0x000","0x00","0x00","0x00","0x20","0x20","0x20","0x20","0x20","0x20","0x20","0x20","0x20","0x20","0x20","0x20","0x20","0x20","0x20","0x20","0x20","0x20","0x20","0x20","0x20","0x20","0x20","0x20","0x20","0x20","0x20","0x20","0x20","0x20","0x20","0x20"
"480","0xA","0xB","0b0000100000000000","0b0000100000000000","0","0","0b0000000000000000","0b0000000000000000","0b0000000000000000","0b0000000000000000","1","0b0000100000000000","0b0000000000000000","0x000000F1","0x7228000C","1","0","0x000000DD","0","0","0","0x00000000","0x00000002","0x000001B8","0x00000001","0x00000031","0x0000006B","0x00000000","0x00000000","0x00000000","0x00000000","0x00000000","0x00000000","0x00000000","0x00000000","0x00000000","0x00000000","0x00000000","0x00000000","0x00000000","0x00000000","0x00000000","0x00000000","0x00000000","0x00000000","0x04000000","0x00000000","0x00000000","0x00000001","0xFFFFFFFF","0x0000008C","0x00000260","0x00000054","1","1","1","0","1","1","1","1","0x9","0xF","0xC","0xB","0","1","1","1","0","0","0","0","0","0","0","1","0x20","0x18","0x20","0x18","0x8","0xF","0xE","0xB","1","0","0","0x9","0x5828000C","0x5828000C","0x5828000C","0x5828000C","0x5828000C","0x5828000C","0x5828000C","0x5828000C","0x1A","0x1A","0x1A","0x1A","0x1A","0x1A","0x1A","0x1A","0x000","0x000","0x000","0x000","0x000","0x000","0x000","0x000","0x00","0x00","0x00","0x20","0x20","0x20","0x20","0x20","0x20","0x20","0x20","0x20","0x20","0x20","0x20","0x20","0x20","0x20","0x20","0x20","0x20","0x20","0x20","0x20","0x20","0x20","0x20","0x20","0x20","0x20","0x20","0x20","0x20","0x20","0x20"
"481","0xA","0xB","0b0000100000000000","0b0000100000000000","0","0","0b0000000000000000","0b0000000000000000","0b0000000000000000","0b0000000000000000","0","0b0000100000000000","0b0000000000000000","0x000000F1","0x7228000C","1","0","0x000000DD","0","0","0","0x00000000","0x00000002","0x000001B8","0x00000001","0x00000031","0x0000006B","0x00000000","0x00000000","0x00000000","0x00000000","0x00000000","0x00000000","0x00000000","0x00000000","0x00000000","0x00000000","0x00000000","0x00000000","0x00000000","0x00000000","0x00000000","0x00000000","0x00000000","0x00000000","0x04000000","0x00000000","0x00000000","0x00000001","0xFFFFFFFF","0x0000008C","0x00000260","0x00000054","1","1","1","0","1","1","1","1","0x9","0xF","0xC","0xB","0","1","1","1","0","0","0","0","0","0","0","1","0x20","0x18","0x20","0x18","0x8","0xF","0xE","0xB","1","0","0","0x9","0x5828000C","0x5828000C","0x5828000C","0x5828000C","0x5828000C","0x5828000C","0x5828000C","0x5828000C","0x1A","0x1A","0x1A","0x1A","0x1A","0x1A","0x1A","0x1A","0x000","0x000","0x000","0x000","0x000","0x000","0x000","0x000","0x00","0x00","0x00","0x20","0x20","0x20","0x20","0x20","0x20","0x20","0x20","0x20","0x20","0x20","0x20","0x20","0x20","0x20","0x20","0x20","0x20","0x20","0x20","0x20","0x20","0x20","0x20","0x20","0x20","0x20","0x20","0x20","0x20","0x20","0x20"
"482","0xA","0xB","0b0000100000000000","0b0000100000000000","0","0","0b0000000000000000","0b0000000000000000","0b0000000000000000","0b0000000000000000","1","0b0000100000000000","0b0000000000000000","0x000000F2","0x7228000C","1","0","0x000000DE","0","0","0","0x00000000","0x00000002","0x000001B8","0x00000001","0x00000031","0x0000006B","0x00000000","0x00000000","0x00000000","0x00000000","0x00000000","0x00000000","0x00000000","0x00000000","0x00000000","0x00000000","0x00000000","0x00000000","0x00000000","0x00000000","0x00000000","0x00000000","0x00000000","0x00000000","0x04000000","0x00000000","0x00000000","0x00000001","0xFFFFFFFF","0x0000008C","0x00000260","0x00000054","1","1","1","0","1","1","1","1","0x9","0xF","0xC","0xB","0","1","1","1","0","0","0","0","0","0","0","1","0x20","0x18","0x20","0x18","0x8","0xF","0xE","0xB","1","0","0","0x9","0x5828000C","0x5828000C","0x5828000C","0x5828000C","0x5828000C","0x5828000C","0x5828000C","0x5828000C","0x1A","0x1A","0x1A","0x1A","0x1A","0x1A","0x1A","0x1A","0x000","0x000","0x000","0x000","0x000","0x000","0x000","0x000","0x00","0x00","0x00","0x20","0x20","0x20","0x20","0x20","0x20","0x20","0x20","0x20","0x20","0x20","0x20","0x20","0x20","0x20","0x20","0x20","0x20","0x20","0x20","0x20","0x20","0x20","0x20","0x20","0x20","0x20","0x20","0x20","0x20","0x20","0x20"
"483","0xA","0xB","0b0000100000000000","0b0000100000000000","0","0","0b0000000000000000","0b0000000000000000","0b0000000000000000","0b0000000000000000","0","0b0000100000000000","0b0000000000000000","0x000000F2","0x7228000C","1","0","0x000000DE","0","0","0","0x00000000","0x00000002","0x000001B8","0x00000001","0x00000031","0x0000006B","0x00000000","0x00000000","0x00000000","0x00000000","0x00000000","0x00000000","0x00000000","0x00000000","0x00000000","0x00000000","0x00000000","0x00000000","0x00000000","0x00000000","0x00000000","0x00000000","0x00000000","0x00000000","0x04000000","0x00000000","0x00000000","0x00000001","0xFFFFFFFF","0x0000008C","0x00000260","0x00000054","1","1","1","0","1","1","1","1","0x9","0xF","0xC","0xB","0","1","1","1","0","0","0","0","0","0","0","1","0x20","0x18","0x20","0x18","0x8","0xF","0xE","0xB","1","0","0","0x9","0x5828000C","0x5828000C","0x5828000C","0x5828000C","0x5828000C","0x5828000C","0x5828000C","0x5828000C","0x1A","0x1A","0x1A","0x1A","0x1A","0x1A","0x1A","0x1A","0x000","0x000","0x000","0x000","0x000","0x000","0x000","0x000","0x00","0x00","0x00","0x20","0x20","0x20","0x20","0x20","0x20","0x20","0x20","0x20","0x20","0x20","0x20","0x20","0x20","0x20","0x20","0x20","0x20","0x20","0x20","0x20","0x20","0x20","0x20","0x20","0x20","0x20","0x20","0x20","0x20","0x20","0x20"
"484","0xA","0xB","0b0000100000000000","0b0000100000000000","0","0","0b0000000000000000","0b0000000000000000","0b0000000000000000","0b0000000000000000","1","0b0000100000000000","0b0000000000000000","0x000000F3","0x7228000C","1","0","0x000000DF","0","0","0","0x00000000","0x00000002","0x000001B8","0x00000001","0x00000031","0x0000006B","0x00000000","0x00000000","0x00000000","0x00000000","0x00000000","0x00000000","0x00000000","0x00000000","0x00000000","0x00000000","0x00000000","0x00000000","0x00000000","0x00000000","0x00000000","0x00000000","0x00000000","0x00000000","0x04000000","0x00000000","0x00000000","0x00000001","0xFFFFFFFF","0x0000008C","0x00000260","0x00000054","1","1","1","0","1","1","1","1","0x9","0xF","0xC","0xB","0","1","1","1","0","0","0","0","0","0","0","1","0x20","0x18","0x20","0x18","0x8","0xF","0xE","0xB","1","0","0","0x9","0x5828000C","0x5828000C","0x5828000C","0x5828000C","0x5828000C","0x5828000C","0x5828000C","0x5828000C","0x1A","0x1A","0x1A","0x1A","0x1A","0x1A","0x1A","0x1A","0x000","0x000","0x000","0x000","0x000","0x000","0x000","0x000","0x00","0x00","0x00","0x20","0x20","0x20","0x20","0x20","0x20","0x20","0x20","0x20","0x20","0x20","0x20","0x20","0x20","0x20","0x20","0x20","0x20","0x20","0x20","0x20","0x20","0x20","0x20","0x20","0x20","0x20","0x20","0x20","0x20","0x20","0x20"
"485","0xA","0xB","0b0000100000000000","0b0000100000000000","0","0","0b0000000000000000","0b0000000000000000","0b0000000000000000","0b0000000000000000","0","0b0000100000000000","0b0000000000000000","0x000000F3","0x7228000C","1","0","0x000000DF","0","0","0","0x00000000","0x00000002","0x000001B8","0x00000001","0x00000031","0x0000006B","0x00000000","0x00000000","0x00000000","0x00000000","0x00000000","0x00000000","0x00000000","0x00000000","0x00000000","0x00000000","0x00000000","0x00000000","0x00000000","0x00000000","0x00000000","0x00000000","0x00000000","0x00000000","0x04000000","0x00000000","0x00000000","0x00000001","0xFFFFFFFF","0x0000008C","0x00000260","0x00000054","1","1","1","0","1","1","1","1","0x9","0xF","0xC","0xB","0","1","1","1","0","0","0","0","0","0","0","1","0x20","0x18","0x20","0x18","0x8","0xF","0xE","0xB","1","0","0","0x9","0x5828000C","0x5828000C","0x5828000C","0x5828000C","0x5828000C","0x5828000C","0x5828000C","0x5828000C","0x1A","0x1A","0x1A","0x1A","0x1A","0x1A","0x1A","0x1A","0x000","0x000","0x000","0x000","0x000","0x000","0x000","0x000","0x00","0x00","0x00","0x20","0x20","0x20","0x20","0x20","0x20","0x20","0x20","0x20","0x20","0x20","0x20","0x20","0x20","0x20","0x20","0x20","0x20","0x20","0x20","0x20","0x20","0x20","0x20","0x20","0x20","0x20","0x20","0x20","0x20","0x20","0x20"
"486","0xA","0xB","0b0000100000000000","0b0000100000000000","0","0","0b0000000000000000","0b0000000000000000","0b0000000000000000","0b0000000000000000","1","0b0000100000000000","0b0000000000000000","0x000000F4","0x7228000C","1","0","0x000000E0","0","0","0","0x00000000","0x00000002","0x000001B8","0x00000001","0x00000031","0x0000006B","0x00000000","0x00000000","0x00000000","0x00000000","0x00000000","0x00000000","0x00000000","0x00000000","0x00000000","0x00000000","0x00000000","0x00000000","0x00000000","0x00000000","0x00000000","0x00000000","0x00000000","0x00000000","0x04000000","0x00000000","0x00000000","0x00000001","0xFFFFFFFF","0x0000008C","0x00000260","0x00000054","1","1","1","0","1","1","1","1","0x9","0xF","0xC","0xB","0","1","1","1","0","0","0","0","0","0","0","1","0x20","0x18","0x20","0x18","0x8","0xF","0xE","0xB","1","0","0","0x9","0x5828000C","0x5828000C","0x5828000C","0x5828000C","0x5828000C","0x5828000C","0x5828000C","0x5828000C","0x1A","0x1A","0x1A","0x1A","0x1A","0x1A","0x1A","0x1A","0x000","0x000","0x000","0x000","0x000","0x000","0x000","0x000","0x00","0x00","0x00","0x20","0x20","0x20","0x20","0x20","0x20","0x20","0x20","0x20","0x20","0x20","0x20","0x20","0x20","0x20","0x20","0x20","0x20","0x20","0x20","0x20","0x20","0x20","0x20","0x20","0x20","0x20","0x20","0x20","0x20","0x20","0x20"
"487","0xA","0xB","0b0000100000000000","0b0000100000000000","0","0","0b0000000000000000","0b0000000000000000","0b0000000000000000","0b0000000000000000","0","0b0000100000000000","0b0000000000000000","0x000000F4","0x7228000C","1","0","0x000000E0","0","0","0","0x00000000","0x00000002","0x000001B8","0x00000001","0x00000031","0x0000006B","0x00000000","0x00000000","0x00000000","0x00000000","0x00000000","0x00000000","0x00000000","0x00000000","0x00000000","0x00000000","0x00000000","0x00000000","0x00000000","0x00000000","0x00000000","0x00000000","0x00000000","0x00000000","0x04000000","0x00000000","0x00000000","0x00000001","0xFFFFFFFF","0x0000008C","0x00000260","0x00000054","1","1","1","0","1","1","1","1","0x9","0xF","0xC","0xB","0","1","1","1","0","0","0","0","0","0","0","1","0x20","0x18","0x20","0x18","0x8","0xF","0xE","0xB","1","0","0","0x9","0x5828000C","0x5828000C","0x5828000C","0x5828000C","0x5828000C","0x5828000C","0x5828000C","0x5828000C","0x1A","0x1A","0x1A","0x1A","0x1A","0x1A","0x1A","0x1A","0x000","0x000","0x000","0x000","0x000","0x000","0x000","0x000","0x00","0x00","0x00","0x20","0x20","0x20","0x20","0x20","0x20","0x20","0x20","0x20","0x20","0x20","0x20","0x20","0x20","0x20","0x20","0x20","0x20","0x20","0x20","0x20","0x20","0x20","0x20","0x20","0x20","0x20","0x20","0x20","0x20","0x20","0x20"
"488","0xA","0xB","0b0000100000000000","0b0000100000000000","0","0","0b0000000000000000","0b0000000000000000","0b0000000000000000","0b0000000000000000","1","0b0000100000000000","0b0000000000000000","0x000000F5","0x7228000C","1","0","0x000000E1","0","0","0","0x00000000","0x00000002","0x000001B8","0x00000001","0x00000031","0x0000006B","0x00000000","0x00000000","0x00000000","0x00000000","0x00000000","0x00000000","0x00000000","0x00000000","0x00000000","0x00000000","0x00000000","0x00000000","0x00000000","0x00000000","0x00000000","0x00000000","0x00000000","0x00000000","0x04000000","0x00000000","0x00000000","0x00000001","0xFFFFFFFF","0x0000008C","0x00000260","0x00000054","1","1","1","0","1","1","1","1","0x9","0xF","0xC","0xB","0","1","1","1","0","0","0","0","0","0","0","1","0x20","0x18","0x20","0x18","0x8","0xF","0xE","0xB","1","0","0","0x9","0x5828000C","0x5828000C","0x5828000C","0x5828000C","0x5828000C","0x5828000C","0x5828000C","0x5828000C","0x1A","0x1A","0x1A","0x1A","0x1A","0x1A","0x1A","0x1A","0x000","0x000","0x000","0x000","0x000","0x000","0x000","0x000","0x00","0x00","0x00","0x20","0x20","0x20","0x20","0x20","0x20","0x20","0x20","0x20","0x20","0x20","0x20","0x20","0x20","0x20","0x20","0x20","0x20","0x20","0x20","0x20","0x20","0x20","0x20","0x20","0x20","0x20","0x20","0x20","0x20","0x20","0x20"
"489","0xA","0xB","0b0000100000000000","0b0000100000000000","0","0","0b0000000000000000","0b0000000000000000","0b0000000000000000","0b0000000000000000","0","0b0000100000000000","0b0000000000000000","0x000000F5","0x7228000C","1","0","0x000000E1","0","0","0","0x00000000","0x00000002","0x000001B8","0x00000001","0x00000031","0x0000006B","0x00000000","0x00000000","0x00000000","0x00000000","0x00000000","0x00000000","0x00000000","0x00000000","0x00000000","0x00000000","0x00000000","0x00000000","0x00000000","0x00000000","0x00000000","0x00000000","0x00000000","0x00000000","0x04000000","0x00000000","0x00000000","0x00000001","0xFFFFFFFF","0x0000008C","0x00000260","0x00000054","1","1","1","0","1","1","1","1","0x9","0xF","0xC","0xB","0","1","1","1","0","0","0","0","0","0","0","1","0x20","0x18","0x20","0x18","0x8","0xF","0xE","0xB","1","0","0","0x9","0x5828000C","0x5828000C","0x5828000C","0x5828000C","0x5828000C","0x5828000C","0x5828000C","0x5828000C","0x1A","0x1A","0x1A","0x1A","0x1A","0x1A","0x1A","0x1A","0x000","0x000","0x000","0x000","0x000","0x000","0x000","0x000","0x00","0x00","0x00","0x20","0x20","0x20","0x20","0x20","0x20","0x20","0x20","0x20","0x20","0x20","0x20","0x20","0x20","0x20","0x20","0x20","0x20","0x20","0x20","0x20","0x20","0x20","0x20","0x20","0x20","0x20","0x20","0x20","0x20","0x20","0x20"
"490","0xA","0xB","0b0000100000000000","0b0000100000000000","0","0","0b0000000000000000","0b0000000000000000","0b0000000000000000","0b0000000000000000","1","0b0000100000000000","0b0000000000000000","0x000000F6","0x7228000C","1","0","0x000000E2","0","0","0","0x00000000","0x00000002","0x000001B8","0x00000001","0x00000031","0x0000006B","0x00000000","0x00000000","0x00000000","0x00000000","0x00000000","0x00000000","0x00000000","0x00000000","0x00000000","0x00000000","0x00000000","0x00000000","0x00000000","0x00000000","0x00000000","0x00000000","0x00000000","0x00000000","0x04000000","0x00000000","0x00000000","0x00000001","0xFFFFFFFF","0x0000008C","0x00000260","0x00000054","1","1","1","0","1","1","1","1","0x9","0xF","0xC","0xB","0","1","1","1","0","0","0","0","0","0","0","1","0x20","0x18","0x20","0x18","0x8","0xF","0xE","0xB","1","0","0","0x9","0x5828000C","0x5828000C","0x5828000C","0x5828000C","0x5828000C","0x5828000C","0x5828000C","0x5828000C","0x1A","0x1A","0x1A","0x1A","0x1A","0x1A","0x1A","0x1A","0x000","0x000","0x000","0x000","0x000","0x000","0x000","0x000","0x00","0x00","0x00","0x20","0x20","0x20","0x20","0x20","0x20","0x20","0x20","0x20","0x20","0x20","0x20","0x20","0x20","0x20","0x20","0x20","0x20","0x20","0x20","0x20","0x20","0x20","0x20","0x20","0x20","0x20","0x20","0x20","0x20","0x20","0x20"
"491","0xA","0xB","0b0000100000000000","0b0000100000000000","0","0","0b0000000000000000","0b0000000000000000","0b0000000000000000","0b0000000000000000","0","0b0000100000000000","0b0000000000000000","0x000000F6","0x7228000C","1","0","0x000000E2","0","0","0","0x00000000","0x00000002","0x000001B8","0x00000001","0x00000031","0x0000006B","0x00000000","0x00000000","0x00000000","0x00000000","0x00000000","0x00000000","0x00000000","0x00000000","0x00000000","0x00000000","0x00000000","0x00000000","0x00000000","0x00000000","0x00000000","0x00000000","0x00000000","0x00000000","0x04000000","0x00000000","0x00000000","0x00000001","0xFFFFFFFF","0x0000008C","0x00000260","0x00000054","1","1","1","0","1","1","1","1","0x9","0xF","0xC","0xB","0","1","1","1","0","0","0","0","0","0","0","1","0x20","0x18","0x20","0x18","0x8","0xF","0xE","0xB","1","0","0","0x9","0x5828000C","0x5828000C","0x5828000C","0x5828000C","0x5828000C","0x5828000C","0x5828000C","0x5828000C","0x1A","0x1A","0x1A","0x1A","0x1A","0x1A","0x1A","0x1A","0x000","0x000","0x000","0x000","0x000","0x000","0x000","0x000","0x00","0x00","0x00","0x20","0x20","0x20","0x20","0x20","0x20","0x20","0x20","0x20","0x20","0x20","0x20","0x20","0x20","0x20","0x20","0x20","0x20","0x20","0x20","0x20","0x20","0x20","0x20","0x20","0x20","0x20","0x20","0x20","0x20","0x20","0x20"
"492","0xA","0xB","0b0000100000000000","0b0000100000000000","0","0","0b0000000000000000","0b0000000000000000","0b0000000000000000","0b0000000000000000","1","0b0000100000000000","0b0000000000000000","0x000000F7","0x7228000C","1","0","0x000000E3","0","0","0","0x00000000","0x00000002","0x000001B8","0x00000001","0x00000031","0x0000006B","0x00000000","0x00000000","0x00000000","0x00000000","0x00000000","0x00000000","0x00000000","0x00000000","0x00000000","0x00000000","0x00000000","0x00000000","0x00000000","0x00000000","0x00000000","0x00000000","0x00000000","0x00000000","0x04000000","0x00000000","0x00000000","0x00000001","0xFFFFFFFF","0x0000008C","0x00000260","0x00000054","1","1","1","0","1","1","1","1","0x9","0xF","0xC","0xB","0","1","1","1","0","0","0","0","0","0","0","1","0x20","0x18","0x20","0x18","0x8","0xF","0xE","0xB","1","0","0","0x9","0x5828000C","0x5828000C","0x5828000C","0x5828000C","0x5828000C","0x5828000C","0x5828000C","0x5828000C","0x1A","0x1A","0x1A","0x1A","0x1A","0x1A","0x1A","0x1A","0x000","0x000","0x000","0x000","0x000","0x000","0x000","0x000","0x00","0x00","0x00","0x20","0x20","0x20","0x20","0x20","0x20","0x20","0x20","0x20","0x20","0x20","0x20","0x20","0x20","0x20","0x20","0x20","0x20","0x20","0x20","0x20","0x20","0x20","0x20","0x20","0x20","0x20","0x20","0x20","0x20","0x20","0x20"
"493","0xA","0xB","0b0000100000000000","0b0000100000000000","0","0","0b0000000000000000","0b0000000000000000","0b0000000000000000","0b0000000000000000","0","0b0000100000000000","0b0000000000000000","0x000000F7","0x7228000C","1","0","0x000000E3","0","0","0","0x00000000","0x00000002","0x000001B8","0x00000001","0x00000031","0x0000006B","0x00000000","0x00000000","0x00000000","0x00000000","0x00000000","0x00000000","0x00000000","0x00000000","0x00000000","0x00000000","0x00000000","0x00000000","0x00000000","0x00000000","0x00000000","0x00000000","0x00000000","0x00000000","0x04000000","0x00000000","0x00000000","0x00000001","0xFFFFFFFF","0x0000008C","0x00000260","0x00000054","1","1","1","0","1","1","1","1","0x9","0xF","0xC","0xB","0","1","1","1","0","0","0","0","0","0","0","1","0x20","0x18","0x20","0x18","0x8","0xF","0xE","0xB","1","0","0","0x9","0x5828000C","0x5828000C","0x5828000C","0x5828000C","0x5828000C","0x5828000C","0x5828000C","0x5828000C","0x1A","0x1A","0x1A","0x1A","0x1A","0x1A","0x1A","0x1A","0x000","0x000","0x000","0x000","0x000","0x000","0x000","0x000","0x00","0x00","0x00","0x20","0x20","0x20","0x20","0x20","0x20","0x20","0x20","0x20","0x20","0x20","0x20","0x20","0x20","0x20","0x20","0x20","0x20","0x20","0x20","0x20","0x20","0x20","0x20","0x20","0x20","0x20","0x20","0x20","0x20","0x20","0x20"
"494","0xA","0xB","0b0000100000000000","0b0000100000000000","0","0","0b0000000000000000","0b0000000000000000","0b0000000000000000","0b0000000000000000","1","0b0000100000000000","0b0000000000000000","0x000000F8","0x7228000C","1","0","0x000000E4","0","0","0","0x00000000","0x00000002","0x000001B8","0x00000001","0x00000031","0x0000006B","0x00000000","0x00000000","0x00000000","0x00000000","0x00000000","0x00000000","0x00000000","0x00000000","0x00000000","0x00000000","0x00000000","0x00000000","0x00000000","0x00000000","0x00000000","0x00000000","0x00000000","0x00000000","0x04000000","0x00000000","0x00000000","0x00000001","0xFFFFFFFF","0x0000008C","0x00000260","0x00000054","1","1","1","0","1","1","1","1","0x9","0xF","0xC","0xB","0","1","1","1","0","0","0","0","0","0","0","1","0x20","0x18","0x20","0x18","0x8","0xF","0xE","0xB","1","0","0","0x9","0x5828000C","0x5828000C","0x5828000C","0x5828000C","0x5828000C","0x5828000C","0x5828000C","0x5828000C","0x1A","0x1A","0x1A","0x1A","0x1A","0x1A","0x1A","0x1A","0x000","0x000","0x000","0x000","0x000","0x000","0x000","0x000","0x00","0x00","0x00","0x20","0x20","0x20","0x20","0x20","0x20","0x20","0x20","0x20","0x20","0x20","0x20","0x20","0x20","0x20","0x20","0x20","0x20","0x20","0x20","0x20","0x20","0x20","0x20","0x20","0x20","0x20","0x20","0x20","0x20","0x20","0x20"
"495","0xA","0xB","0b0000100000000000","0b0000100000000000","0","0","0b0000000000000000","0b0000000000000000","0b0000000000000000","0b0000000000000000","0","0b0000100000000000","0b0000000000000000","0x000000F8","0x7228000C","1","0","0x000000E4","0","0","0","0x00000000","0x00000002","0x000001B8","0x00000001","0x00000031","0x0000006B","0x00000000","0x00000000","0x00000000","0x00000000","0x00000000","0x00000000","0x00000000","0x00000000","0x00000000","0x00000000","0x00000000","0x00000000","0x00000000","0x00000000","0x00000000","0x00000000","0x00000000","0x00000000","0x04000000","0x00000000","0x00000000","0x00000001","0xFFFFFFFF","0x0000008C","0x00000260","0x00000054","1","1","1","0","1","1","1","1","0x9","0xF","0xC","0xB","0","1","1","1","0","0","0","0","0","0","0","1","0x20","0x18","0x20","0x18","0x8","0xF","0xE","0xB","1","0","0","0x9","0x5828000C","0x5828000C","0x5828000C","0x5828000C","0x5828000C","0x5828000C","0x5828000C","0x5828000C","0x1A","0x1A","0x1A","0x1A","0x1A","0x1A","0x1A","0x1A","0x000","0x000","0x000","0x000","0x000","0x000","0x000","0x000","0x00","0x00","0x00","0x20","0x20","0x20","0x20","0x20","0x20","0x20","0x20","0x20","0x20","0x20","0x20","0x20","0x20","0x20","0x20","0x20","0x20","0x20","0x20","0x20","0x20","0x20","0x20","0x20","0x20","0x20","0x20","0x20","0x20","0x20","0x20"
