"step","com1_inst","com2_inst","VG2_inst","U_inst","com2","com1","CM2_inst","CM1_inst","CLR_inst","V1_inst","C","VG1_inst","V2_inst","cycle","disp_32","E","R","Ecycle","issue_e","CT_ISS-_OLDB","clr","R1","R2","R3","R4","R5","R6","R7","R8","R9","R10","R11","R12","R13","R14","R15","R16","R17","R18","R19","R20","R21","R22","R23","R24","R25","R26","R27","R28","R29","R30","R31","R32","comM1","comM2","comM3","comM4","vM1","vM2","vM3","vM4","instM1","instM2","instM3","instM4","MV-1","MV-2","MV-3","MV-4","MAV-1","MAV-2","MAV-3","MAV-4","MDV-1","MDV-2","MDV-3","MDV-4","MR-1","MR-2","MR-3","MR-4","MID-1","MID-2","MID-3","MID-4","NO-SEL-A","ERROR","W-A","inst1","inst2","inst3","inst4","inst5","inst6","inst7","inst8","inst_ID-1","inst_ID-2","inst_ID-3","inst_ID-4","inst_ID-5","inst_ID-6","inst_ID-7","inst_ID-8","inst-dep1","inst-dep2","inst-dep3","inst-dep4","inst-dep5","inst-dep6","inst-dep7","inst-dep8","C8","AV8","MV8","R1","R2","R3","R4","R5","R6","R7","R8","R9","R10","R11","R12","R13","R14","R15","R16","R17","R18","R19","R20","R21","R22","R23","R24","R25","R26","R27","R28","R29","R30","R31","R32"
"0","0x0","0x1","0b0000000000000000","0b0000000000000000","0","0","0b0000000000000000","0b0000000000000000","0b0000000000000000","0b0000000000000000","0","0b0000000000000000","0b0000000000000000","0x00000001","0x72000000","0","0","0x00000000","0","0","0","0x00000000","0x00000000","0x00000000","0x00000000","0x00000000","0x00000000","0x00000000","0x00000000","0x00000000","0x00000000","0x00000000","0x00000000","0x00000000","0x00000000","0x00000000","0x00000000","0x00000000","0x00000000","0x00000000","0x00000000","0x00000000","0x00000000","0x00000000","0x00000000","0x00000000","0x00000000","0x00000000","0x00000001","0xFFFFFFFF","0x00000000","0x00000000","0x00000040","0","0","0","0","0","0","0","0","0x0","0x0","0x0","0x0","0","0","0","0","0","0","0","0","0","0","0","0","0x00","0x00","0x00","0x00","0x0","0x0","0x0","0x0","1","0","0","0x00000000","0x00000000","0x00000000","0x00000000","0x00000000","0x00000000","0x00000000","0x00000000","0x00","0x00","0x00","0x00","0x00","0x00","0x00","0x00","0x000","0x000","0x000","0x000","0x000","0x000","0x000","0x000","0xFF","0x00","0x00","0x00","0x00","0x00","0x00","0x00","0x00","0x00","0x00","0x00","0x00","0x00","0x00","0x00","0x00","0x00","0x00","0x00","0x00","0x00","0x00","0x00","0x00","0x00","0x00","0x00","0x00","0x20","0x20","0x20","0x20","0x00","0x00"
"1","0x0","0x1","0b0000000000000000","0b0000000000000000","0","0","0b0000000000000000","0b0000000000000000","0b0000000000000000","0b0000000000000000","1","0b0000000000000000","0b0000000000000000","0x00000001","0x72000000","0","0","0x00000000","0","0","0","0x00000000","0x00000000","0x00000000","0x00000000","0x00000000","0x00000000","0x00000000","0x00000000","0x00000000","0x00000000","0x00000000","0x00000000","0x00000000","0x00000000","0x00000000","0x00000000","0x00000000","0x00000000","0x00000000","0x00000000","0x00000000","0x00000000","0x00000000","0x00000000","0x00000000","0x00000000","0x00000000","0x00000001","0xFFFFFFFF","0x00000000","0x00000000","0x00000040","0","0","0","0","0","0","0","0","0x0","0x0","0x0","0x0","0","0","0","0","0","0","0","0","0","0","0","0","0x00","0x00","0x00","0x00","0x0","0x0","0x0","0x0","1","0","0","0x00000000","0x00000000","0x00000000","0x00000000","0x00000000","0x00000000","0x00000000","0x00000000","0x00","0x00","0x00","0x00","0x00","0x00","0x00","0x00","0x000","0x000","0x000","0x000","0x000","0x000","0x000","0x000","0xFF","0x00","0x00","0x20","0x20","0x20","0x20","0x20","0x20","0x20","0x20","0x20","0x20","0x20","0x20","0x20","0x20","0x20","0x20","0x20","0x20","0x20","0x20","0x20","0x20","0x20","0x20","0x20","0x20","0x20","0x20","0x20","0x20","0x20","0x20"
"2","0x0","0x1","0b0000000000000000","0b0000000000000000","0","0","0b0000000000000000","0b0000000000000000","0b0000000000000000","0b0000000000000000","1","0b0000000000000000","0b0000000000000000","0x00000002","0x72000000","0","0","0x00000000","0","0","0","0x00000000","0x00000000","0x00000000","0x00000000","0x00000000","0x00000000","0x00000000","0x00000000","0x00000000","0x00000000","0x00000000","0x00000000","0x00000000","0x00000000","0x00000000","0x00000000","0x00000000","0x00000000","0x00000000","0x00000000","0x00000000","0x00000000","0x00000000","0x00000000","0x00000000","0x00000000","0x00000000","0x00000001","0xFFFFFFFF","0x00000000","0x00000000","0x00000040","0","0","0","0","0","0","0","0","0x0","0x0","0x0","0x0","0","0","0","0","0","0","0","0","0","0","0","0","0x00","0x00","0x00","0x00","0x0","0x0","0x0","0x0","1","0","0","0x00000000","0x00000000","0x00000000","0x00000000","0x00000000","0x00000000","0x00000000","0x00000000","0x00","0x00","0x00","0x00","0x00","0x00","0x00","0x00","0x000","0x000","0x000","0x000","0x000","0x000","0x000","0x000","0xFF","0x00","0x00","0x20","0x20","0x20","0x20","0x20","0x20","0x20","0x20","0x20","0x20","0x20","0x20","0x20","0x20","0x20","0x20","0x20","0x20","0x20","0x20","0x20","0x20","0x20","0x20","0x20","0x20","0x20","0x20","0x20","0x20","0x20","0x20"
"3","0x0","0x1","0b0000000000000000","0b0000000000000000","0","0","0b0000000000000000","0b0000000000000000","0b0000000000000000","0b0000000000000000","0","0b0000000000000000","0b0000000000000000","0x00000002","0x72000000","0","0","0x00000000","0","0","0","0x00000000","0x00000000","0x00000000","0x00000000","0x00000000","0x00000000","0x00000000","0x00000000","0x00000000","0x00000000","0x00000000","0x00000000","0x00000000","0x00000000","0x00000000","0x00000000","0x00000000","0x00000000","0x00000000","0x00000000","0x00000000","0x00000000","0x00000000","0x00000000","0x00000000","0x00000000","0x00000000","0x00000001","0xFFFFFFFF","0x00000000","0x00000000","0x00000040","0","0","0","0","0","0","0","0","0x0","0x0","0x0","0x0","0","0","0","0","0","0","0","0","0","0","0","0","0x00","0x00","0x00","0x00","0x0","0x0","0x0","0x0","1","0","0","0x00000000","0x00000000","0x00000000","0x00000000","0x00000000","0x00000000","0x00000000","0x00000000","0x00","0x00","0x00","0x00","0x00","0x00","0x00","0x00","0x000","0x000","0x000","0x000","0x000","0x000","0x000","0x000","0xFF","0x00","0x00","0x20","0x20","0x20","0x20","0x20","0x20","0x20","0x20","0x20","0x20","0x20","0x20","0x20","0x20","0x20","0x20","0x20","0x20","0x20","0x20","0x20","0x20","0x20","0x20","0x20","0x20","0x20","0x20","0x20","0x20","0x20","0x20"
"4","0x0","0x1","0b0000000000000000","0b0000000000000000","0","0","0b0000000000000000","0b0000000000000000","0b0000000000000000","0b0000000000000000","1","0b0000000000000000","0b0000000000000000","0x00000003","0x72000000","0","0","0x00000000","0","0","0","0x00000000","0x00000000","0x00000000","0x00000000","0x00000000","0x00000000","0x00000000","0x00000000","0x00000000","0x00000000","0x00000000","0x00000000","0x00000000","0x00000000","0x00000000","0x00000000","0x00000000","0x00000000","0x00000000","0x00000000","0x00000000","0x00000000","0x00000000","0x00000000","0x00000000","0x00000000","0x00000000","0x00000001","0xFFFFFFFF","0x00000000","0x00000000","0x00000040","0","0","0","0","0","0","0","0","0x0","0x0","0x0","0x0","0","0","0","0","0","0","0","0","0","0","0","0","0x00","0x00","0x00","0x00","0x0","0x0","0x0","0x0","1","0","0","0x00000000","0x00000000","0x00000000","0x00000000","0x00000000","0x00000000","0x00000000","0x00000000","0x00","0x00","0x00","0x00","0x00","0x00","0x00","0x00","0x000","0x000","0x000","0x000","0x000","0x000","0x000","0x000","0xFF","0x00","0x00","0x20","0x20","0x20","0x20","0x20","0x20","0x20","0x20","0x20","0x20","0x20","0x20","0x20","0x20","0x20","0x20","0x20","0x20","0x20","0x20","0x20","0x20","0x20","0x20","0x20","0x20","0x20","0x20","0x20","0x20","0x20","0x20"
"5","0x0","0x1","0b0000000000000000","0b0000000000000000","0","0","0b0000000000000000","0b0000000000000000","0b0000000000000000","0b0000000000000000","0","0b0000000000000000","0b0000000000000000","0x00000003","0x72000000","0","0","0x00000000","0","0","0","0x00000000","0x00000000","0x00000000","0x00000000","0x00000000","0x00000000","0x00000000","0x00000000","0x00000000","0x00000000","0x00000000","0x00000000","0x00000000","0x00000000","0x00000000","0x00000000","0x00000000","0x00000000","0x00000000","0x00000000","0x00000000","0x00000000","0x00000000","0x00000000","0x00000000","0x00000000","0x00000000","0x00000001","0xFFFFFFFF","0x00000000","0x00000000","0x00000040","0","0","0","0","0","0","0","0","0x0","0x0","0x0","0x0","0","0","0","0","0","0","0","0","0","0","0","0","0x00","0x00","0x00","0x00","0x0","0x0","0x0","0x0","1","0","0","0x00000000","0x00000000","0x00000000","0x00000000","0x00000000","0x00000000","0x00000000","0x00000000","0x00","0x00","0x00","0x00","0x00","0x00","0x00","0x00","0x000","0x000","0x000","0x000","0x000","0x000","0x000","0x000","0xFF","0x00","0x00","0x20","0x20","0x20","0x20","0x20","0x20","0x20","0x20","0x20","0x20","0x20","0x20","0x20","0x20","0x20","0x20","0x20","0x20","0x20","0x20","0x20","0x20","0x20","0x20","0x20","0x20","0x20","0x20","0x20","0x20","0x20","0x20"
"6","0x0","0x1","0b0000000000000000","0b0000000000000000","0","0","0b0000000000000000","0b0000000000000000","0b0000000000000000","0b0000000000000000","1","0b0000000000000000","0b0000000000000000","0x00000004","0x72000000","0","0","0x00000000","0","0","0","0x00000000","0x00000000","0x00000000","0x00000000","0x00000000","0x00000000","0x00000000","0x00000000","0x00000000","0x00000000","0x00000000","0x00000000","0x00000000","0x00000000","0x00000000","0x00000000","0x00000000","0x00000000","0x00000000","0x00000000","0x00000000","0x00000000","0x00000000","0x00000000","0x00000000","0x00000000","0x00000000","0x00000001","0xFFFFFFFF","0x00000000","0x00000000","0x00000040","0","0","0","0","0","0","0","0","0x0","0x0","0x0","0x0","0","0","0","0","0","0","0","0","0","0","0","0","0x00","0x00","0x00","0x00","0x0","0x0","0x0","0x0","1","0","0","0x00000000","0x00000000","0x00000000","0x00000000","0x00000000","0x00000000","0x00000000","0x00000000","0x00","0x00","0x00","0x00","0x00","0x00","0x00","0x00","0x000","0x000","0x000","0x000","0x000","0x000","0x000","0x000","0xFF","0x00","0x00","0x20","0x20","0x20","0x20","0x20","0x20","0x20","0x20","0x20","0x20","0x20","0x20","0x20","0x20","0x20","0x20","0x20","0x20","0x20","0x20","0x20","0x20","0x20","0x20","0x20","0x20","0x20","0x20","0x20","0x20","0x20","0x20"
"7","0x0","0x1","0b0000000000000000","0b0000000000000000","0","0","0b0000000000000000","0b0000000000000000","0b0000000000000000","0b0000000000000000","0","0b0000000000000000","0b0000000000000000","0x00000004","0x72000000","0","0","0x00000000","0","0","0","0x00000000","0x00000000","0x00000000","0x00000000","0x00000000","0x00000000","0x00000000","0x00000000","0x00000000","0x00000000","0x00000000","0x00000000","0x00000000","0x00000000","0x00000000","0x00000000","0x00000000","0x00000000","0x00000000","0x00000000","0x00000000","0x00000000","0x00000000","0x00000000","0x00000000","0x00000000","0x00000000","0x00000001","0xFFFFFFFF","0x00000000","0x00000000","0x00000040","0","0","0","0","0","0","0","0","0x0","0x0","0x0","0x0","0","0","0","0","0","0","0","0","0","0","0","0","0x00","0x00","0x00","0x00","0x0","0x0","0x0","0x0","1","0","0","0x00000000","0x00000000","0x00000000","0x00000000","0x00000000","0x00000000","0x00000000","0x00000000","0x00","0x00","0x00","0x00","0x00","0x00","0x00","0x00","0x000","0x000","0x000","0x000","0x000","0x000","0x000","0x000","0xFF","0x00","0x00","0x20","0x20","0x20","0x20","0x20","0x20","0x20","0x20","0x20","0x20","0x20","0x20","0x20","0x20","0x20","0x20","0x20","0x20","0x20","0x20","0x20","0x20","0x20","0x20","0x20","0x20","0x20","0x20","0x20","0x20","0x20","0x20"
"8","0x0","0x1","0b0000000000000000","0b0000000000000000","0","0","0b0000000000000000","0b0000000000000000","0b0000000000000000","0b0000000000000000","1","0b0000000000000000","0b0000000000000000","0x00000005","0x72000000","0","0","0x00000000","0","0","0","0x00000000","0x00000000","0x00000000","0x00000000","0x00000000","0x00000000","0x00000000","0x00000000","0x00000000","0x00000000","0x00000000","0x00000000","0x00000000","0x00000000","0x00000000","0x00000000","0x00000000","0x00000000","0x00000000","0x00000000","0x00000000","0x00000000","0x00000000","0x00000000","0x00000000","0x00000000","0x00000000","0x00000001","0xFFFFFFFF","0x00000000","0x00000000","0x00000040","0","0","0","0","0","0","0","0","0x0","0x0","0x0","0x0","0","0","0","0","0","0","0","0","0","0","0","0","0x00","0x00","0x00","0x00","0x0","0x0","0x0","0x0","1","0","0","0x00000000","0x00000000","0x00000000","0x00000000","0x00000000","0x00000000","0x00000000","0x00000000","0x00","0x00","0x00","0x00","0x00","0x00","0x00","0x00","0x000","0x000","0x000","0x000","0x000","0x000","0x000","0x000","0xFF","0x00","0x00","0x20","0x20","0x20","0x20","0x20","0x20","0x20","0x20","0x20","0x20","0x20","0x20","0x20","0x20","0x20","0x20","0x20","0x20","0x20","0x20","0x20","0x20","0x20","0x20","0x20","0x20","0x20","0x20","0x20","0x20","0x20","0x20"
"9","0x0","0x1","0b0000000000000000","0b0000000000000000","0","0","0b0000000000000000","0b0000000000000000","0b0000000000000000","0b0000000000000000","0","0b0000000000000000","0b0000000000000000","0x00000005","0x72000000","0","0","0x00000000","0","0","0","0x00000000","0x00000000","0x00000000","0x00000000","0x00000000","0x00000000","0x00000000","0x00000000","0x00000000","0x00000000","0x00000000","0x00000000","0x00000000","0x00000000","0x00000000","0x00000000","0x00000000","0x00000000","0x00000000","0x00000000","0x00000000","0x00000000","0x00000000","0x00000000","0x00000000","0x00000000","0x00000000","0x00000001","0xFFFFFFFF","0x00000000","0x00000000","0x00000040","0","0","0","0","0","0","0","0","0x0","0x0","0x0","0x0","0","0","0","0","0","0","0","0","0","0","0","0","0x00","0x00","0x00","0x00","0x0","0x0","0x0","0x0","1","0","0","0x00000000","0x00000000","0x00000000","0x00000000","0x00000000","0x00000000","0x00000000","0x00000000","0x00","0x00","0x00","0x00","0x00","0x00","0x00","0x00","0x000","0x000","0x000","0x000","0x000","0x000","0x000","0x000","0xFF","0x00","0x00","0x20","0x20","0x20","0x20","0x20","0x20","0x20","0x20","0x20","0x20","0x20","0x20","0x20","0x20","0x20","0x20","0x20","0x20","0x20","0x20","0x20","0x20","0x20","0x20","0x20","0x20","0x20","0x20","0x20","0x20","0x20","0x20"
"10","0x0","0x1","0b0000000000000000","0b0000000000000000","0","0","0b0000000000000000","0b0000000000000000","0b0000000000000000","0b0000000000000000","1","0b0000000000000000","0b0000000000000000","0x00000006","0x72000000","0","0","0x00000000","0","0","0","0x00000000","0x00000000","0x00000000","0x00000000","0x00000000","0x00000000","0x00000000","0x00000000","0x00000000","0x00000000","0x00000000","0x00000000","0x00000000","0x00000000","0x00000000","0x00000000","0x00000000","0x00000000","0x00000000","0x00000000","0x00000000","0x00000000","0x00000000","0x00000000","0x00000000","0x00000000","0x00000000","0x00000001","0xFFFFFFFF","0x00000000","0x00000000","0x00000040","0","0","0","0","0","0","0","0","0x0","0x0","0x0","0x0","0","0","0","0","0","0","0","0","0","0","0","0","0x00","0x00","0x00","0x00","0x0","0x0","0x0","0x0","1","0","0","0x00000000","0x00000000","0x00000000","0x00000000","0x00000000","0x00000000","0x00000000","0x00000000","0x00","0x00","0x00","0x00","0x00","0x00","0x00","0x00","0x000","0x000","0x000","0x000","0x000","0x000","0x000","0x000","0xFF","0x00","0x00","0x20","0x20","0x20","0x20","0x20","0x20","0x20","0x20","0x20","0x20","0x20","0x20","0x20","0x20","0x20","0x20","0x20","0x20","0x20","0x20","0x20","0x20","0x20","0x20","0x20","0x20","0x20","0x20","0x20","0x20","0x20","0x20"
"11","0x0","0x1","0b0000000000000000","0b0000000000000000","0","0","0b0000000000000000","0b0000000000000000","0b0000000000000000","0b0000000000000000","0","0b0000000000000000","0b0000000000000000","0x00000006","0x72000000","0","0","0x00000000","0","0","0","0x00000000","0x00000000","0x00000000","0x00000000","0x00000000","0x00000000","0x00000000","0x00000000","0x00000000","0x00000000","0x00000000","0x00000000","0x00000000","0x00000000","0x00000000","0x00000000","0x00000000","0x00000000","0x00000000","0x00000000","0x00000000","0x00000000","0x00000000","0x00000000","0x00000000","0x00000000","0x00000000","0x00000001","0xFFFFFFFF","0x00000000","0x00000000","0x00000040","0","0","0","0","0","0","0","0","0x0","0x0","0x0","0x0","0","0","0","0","0","0","0","0","0","0","0","0","0x00","0x00","0x00","0x00","0x0","0x0","0x0","0x0","1","0","0","0x00000000","0x00000000","0x00000000","0x00000000","0x00000000","0x00000000","0x00000000","0x00000000","0x00","0x00","0x00","0x00","0x00","0x00","0x00","0x00","0x000","0x000","0x000","0x000","0x000","0x000","0x000","0x000","0xFF","0x00","0x00","0x20","0x20","0x20","0x20","0x20","0x20","0x20","0x20","0x20","0x20","0x20","0x20","0x20","0x20","0x20","0x20","0x20","0x20","0x20","0x20","0x20","0x20","0x20","0x20","0x20","0x20","0x20","0x20","0x20","0x20","0x20","0x20"
"12","0x0","0x1","0b0000000000000000","0b0000000000000000","0","0","0b0000000000000000","0b0000000000000000","0b0000000000000000","0b0000000000000000","1","0b0000000000000000","0b0000000000000000","0x00000007","0x72000000","0","0","0x00000000","0","0","0","0x00000000","0x00000000","0x00000000","0x00000000","0x00000000","0x00000000","0x00000000","0x00000000","0x00000000","0x00000000","0x00000000","0x00000000","0x00000000","0x00000000","0x00000000","0x00000000","0x00000000","0x00000000","0x00000000","0x00000000","0x00000000","0x00000000","0x00000000","0x00000000","0x00000000","0x00000000","0x00000000","0x00000001","0xFFFFFFFF","0x00000000","0x00000000","0x00000040","0","0","0","0","0","0","0","0","0x0","0x0","0x0","0x0","0","0","0","0","0","0","0","0","0","0","0","0","0x00","0x00","0x00","0x00","0x0","0x0","0x0","0x0","1","0","0","0x00000000","0x00000000","0x00000000","0x00000000","0x00000000","0x00000000","0x00000000","0x00000000","0x00","0x00","0x00","0x00","0x00","0x00","0x00","0x00","0x000","0x000","0x000","0x000","0x000","0x000","0x000","0x000","0xFF","0x00","0x00","0x20","0x20","0x20","0x20","0x20","0x20","0x20","0x20","0x20","0x20","0x20","0x20","0x20","0x20","0x20","0x20","0x20","0x20","0x20","0x20","0x20","0x20","0x20","0x20","0x20","0x20","0x20","0x20","0x20","0x20","0x20","0x20"
"13","0x0","0x1","0b0000000000000000","0b0000000000000000","0","0","0b0000000000000000","0b0000000000000000","0b0000000000000000","0b0000000000000000","0","0b0000000000000000","0b0000000000000000","0x00000007","0x72000000","0","0","0x00000000","0","0","0","0x00000000","0x00000000","0x00000000","0x00000000","0x00000000","0x00000000","0x00000000","0x00000000","0x00000000","0x00000000","0x00000000","0x00000000","0x00000000","0x00000000","0x00000000","0x00000000","0x00000000","0x00000000","0x00000000","0x00000000","0x00000000","0x00000000","0x00000000","0x00000000","0x00000000","0x00000000","0x00000000","0x00000001","0xFFFFFFFF","0x00000000","0x00000000","0x00000040","0","0","0","0","0","0","0","0","0x0","0x0","0x0","0x0","0","0","0","0","0","0","0","0","0","0","0","0","0x00","0x00","0x00","0x00","0x0","0x0","0x0","0x0","1","0","0","0x00000000","0x00000000","0x00000000","0x00000000","0x00000000","0x00000000","0x00000000","0x00000000","0x00","0x00","0x00","0x00","0x00","0x00","0x00","0x00","0x000","0x000","0x000","0x000","0x000","0x000","0x000","0x000","0xFF","0x00","0x00","0x20","0x20","0x20","0x20","0x20","0x20","0x20","0x20","0x20","0x20","0x20","0x20","0x20","0x20","0x20","0x20","0x20","0x20","0x20","0x20","0x20","0x20","0x20","0x20","0x20","0x20","0x20","0x20","0x20","0x20","0x20","0x20"
"14","0x0","0x1","0b0000000000000000","0b0000000000000000","0","0","0b0000000000000000","0b0000000000000000","0b0000000000000000","0b0000000000000000","1","0b0000000000000000","0b0000000000000000","0x00000008","0x72000000","0","0","0x00000000","0","0","0","0x00000000","0x00000000","0x00000000","0x00000000","0x00000000","0x00000000","0x00000000","0x00000000","0x00000000","0x00000000","0x00000000","0x00000000","0x00000000","0x00000000","0x00000000","0x00000000","0x00000000","0x00000000","0x00000000","0x00000000","0x00000000","0x00000000","0x00000000","0x00000000","0x00000000","0x00000000","0x00000000","0x00000001","0xFFFFFFFF","0x00000000","0x00000000","0x00000040","0","0","0","0","0","0","0","0","0x0","0x0","0x0","0x0","0","0","0","0","0","0","0","0","0","0","0","0","0x00","0x00","0x00","0x00","0x0","0x0","0x0","0x0","1","0","0","0x00000000","0x00000000","0x00000000","0x00000000","0x00000000","0x00000000","0x00000000","0x00000000","0x00","0x00","0x00","0x00","0x00","0x00","0x00","0x00","0x000","0x000","0x000","0x000","0x000","0x000","0x000","0x000","0xFF","0x00","0x00","0x20","0x20","0x20","0x20","0x20","0x20","0x20","0x20","0x20","0x20","0x20","0x20","0x20","0x20","0x20","0x20","0x20","0x20","0x20","0x20","0x20","0x20","0x20","0x20","0x20","0x20","0x20","0x20","0x20","0x20","0x20","0x20"
"15","0x0","0x1","0b0000000000000000","0b0000000000000000","0","0","0b0000000000000000","0b0000000000000000","0b0000000000000000","0b0000000000000000","0","0b0000000000000000","0b0000000000000000","0x00000008","0x72000000","0","0","0x00000000","0","0","0","0x00000000","0x00000000","0x00000000","0x00000000","0x00000000","0x00000000","0x00000000","0x00000000","0x00000000","0x00000000","0x00000000","0x00000000","0x00000000","0x00000000","0x00000000","0x00000000","0x00000000","0x00000000","0x00000000","0x00000000","0x00000000","0x00000000","0x00000000","0x00000000","0x00000000","0x00000000","0x00000000","0x00000001","0xFFFFFFFF","0x00000000","0x00000000","0x00000040","0","0","0","0","0","0","0","0","0x0","0x0","0x0","0x0","0","0","0","0","0","0","0","0","0","0","0","0","0x00","0x00","0x00","0x00","0x0","0x0","0x0","0x0","1","0","0","0x00000000","0x00000000","0x00000000","0x00000000","0x00000000","0x00000000","0x00000000","0x00000000","0x00","0x00","0x00","0x00","0x00","0x00","0x00","0x00","0x000","0x000","0x000","0x000","0x000","0x000","0x000","0x000","0xFF","0x00","0x00","0x20","0x20","0x20","0x20","0x20","0x20","0x20","0x20","0x20","0x20","0x20","0x20","0x20","0x20","0x20","0x20","0x20","0x20","0x20","0x20","0x20","0x20","0x20","0x20","0x20","0x20","0x20","0x20","0x20","0x20","0x20","0x20"
"16","0x0","0x1","0b0000000000000000","0b0000000000000000","0","0","0b0000000000000000","0b0000000000000000","0b0000000000000000","0b0000000000000000","1","0b0000000000000000","0b0000000000000000","0x00000009","0x72000000","0","0","0x00000000","0","0","0","0x00000000","0x00000000","0x00000000","0x00000000","0x00000000","0x00000000","0x00000000","0x00000000","0x00000000","0x00000000","0x00000000","0x00000000","0x00000000","0x00000000","0x00000000","0x00000000","0x00000000","0x00000000","0x00000000","0x00000000","0x00000000","0x00000000","0x00000000","0x00000000","0x00000000","0x00000000","0x00000000","0x00000001","0xFFFFFFFF","0x00000000","0x00000000","0x00000040","0","0","0","0","0","0","0","0","0x0","0x0","0x0","0x0","0","0","0","0","0","0","0","0","0","0","0","0","0x00","0x00","0x00","0x00","0x0","0x0","0x0","0x0","1","0","0","0x00000000","0x00000000","0x00000000","0x00000000","0x00000000","0x00000000","0x00000000","0x00000000","0x00","0x00","0x00","0x00","0x00","0x00","0x00","0x00","0x000","0x000","0x000","0x000","0x000","0x000","0x000","0x000","0xFF","0x00","0x00","0x20","0x20","0x20","0x20","0x20","0x20","0x20","0x20","0x20","0x20","0x20","0x20","0x20","0x20","0x20","0x20","0x20","0x20","0x20","0x20","0x20","0x20","0x20","0x20","0x20","0x20","0x20","0x20","0x20","0x20","0x20","0x20"
"17","0x0","0x1","0b0000000000000000","0b0000000000000000","0","0","0b0000000000000000","0b0000000000000000","0b0000000000000000","0b0000000000000000","0","0b0000000000000000","0b0000000000000000","0x00000009","0x72000000","0","0","0x00000000","0","0","0","0x00000000","0x00000000","0x00000000","0x00000000","0x00000000","0x00000000","0x00000000","0x00000000","0x00000000","0x00000000","0x00000000","0x00000000","0x00000000","0x00000000","0x00000000","0x00000000","0x00000000","0x00000000","0x00000000","0x00000000","0x00000000","0x00000000","0x00000000","0x00000000","0x00000000","0x00000000","0x00000000","0x00000001","0xFFFFFFFF","0x00000000","0x00000000","0x00000040","0","0","0","0","0","0","0","0","0x0","0x0","0x0","0x0","0","0","0","0","0","0","0","0","0","0","0","0","0x00","0x00","0x00","0x00","0x0","0x0","0x0","0x0","1","0","0","0x00000000","0x00000000","0x00000000","0x00000000","0x00000000","0x00000000","0x00000000","0x00000000","0x00","0x00","0x00","0x00","0x00","0x00","0x00","0x00","0x000","0x000","0x000","0x000","0x000","0x000","0x000","0x000","0xFF","0x00","0x00","0x20","0x20","0x20","0x20","0x20","0x20","0x20","0x20","0x20","0x20","0x20","0x20","0x20","0x20","0x20","0x20","0x20","0x20","0x20","0x20","0x20","0x20","0x20","0x20","0x20","0x20","0x20","0x20","0x20","0x20","0x20","0x20"
"18","0x0","0x1","0b0000000000000000","0b0000000000000000","0","0","0b0000000000000000","0b0000000000000000","0b0000000000000000","0b0000000000000000","1","0b0000000000000000","0b0000000000000000","0x0000000A","0x72000000","0","0","0x00000000","0","0","0","0x00000000","0x00000000","0x00000000","0x00000000","0x00000000","0x00000000","0x00000000","0x00000000","0x00000000","0x00000000","0x00000000","0x00000000","0x00000000","0x00000000","0x00000000","0x00000000","0x00000000","0x00000000","0x00000000","0x00000000","0x00000000","0x00000000","0x00000000","0x00000000","0x00000000","0x00000000","0x00000000","0x00000001","0xFFFFFFFF","0x00000000","0x00000000","0x00000040","0","0","0","0","0","0","0","0","0x0","0x0","0x0","0x0","0","0","0","0","0","0","0","0","0","0","0","0","0x00","0x00","0x00","0x00","0x0","0x0","0x0","0x0","1","0","0","0x00000000","0x00000000","0x00000000","0x00000000","0x00000000","0x00000000","0x00000000","0x00000000","0x00","0x00","0x00","0x00","0x00","0x00","0x00","0x00","0x000","0x000","0x000","0x000","0x000","0x000","0x000","0x000","0xFF","0x00","0x00","0x20","0x20","0x20","0x20","0x20","0x20","0x20","0x20","0x20","0x20","0x20","0x20","0x20","0x20","0x20","0x20","0x20","0x20","0x20","0x20","0x20","0x20","0x20","0x20","0x20","0x20","0x20","0x20","0x20","0x20","0x20","0x20"
"19","0x0","0x1","0b0000000000000000","0b0000000000000000","0","0","0b0000000000000000","0b0000000000000000","0b0000000000000000","0b0000000000000000","0","0b0000000000000000","0b0000000000000000","0x0000000A","0x72000000","0","0","0x00000000","0","0","0","0x00000000","0x00000000","0x00000000","0x00000000","0x00000000","0x00000000","0x00000000","0x00000000","0x00000000","0x00000000","0x00000000","0x00000000","0x00000000","0x00000000","0x00000000","0x00000000","0x00000000","0x00000000","0x00000000","0x00000000","0x00000000","0x00000000","0x00000000","0x00000000","0x00000000","0x00000000","0x00000000","0x00000001","0xFFFFFFFF","0x00000000","0x00000000","0x00000040","0","0","0","0","0","0","0","0","0x0","0x0","0x0","0x0","0","0","0","0","0","0","0","0","0","0","0","0","0x00","0x00","0x00","0x00","0x0","0x0","0x0","0x0","1","0","0","0x00000000","0x00000000","0x00000000","0x00000000","0x00000000","0x00000000","0x00000000","0x00000000","0x00","0x00","0x00","0x00","0x00","0x00","0x00","0x00","0x000","0x000","0x000","0x000","0x000","0x000","0x000","0x000","0xFF","0x00","0x00","0x20","0x20","0x20","0x20","0x20","0x20","0x20","0x20","0x20","0x20","0x20","0x20","0x20","0x20","0x20","0x20","0x20","0x20","0x20","0x20","0x20","0x20","0x20","0x20","0x20","0x20","0x20","0x20","0x20","0x20","0x20","0x20"
"20","0x0","0x1","0b0000000000000000","0b0000000000000000","0","0","0b0000000000000000","0b0000000000000000","0b0000000000000000","0b0000000000000000","1","0b0000000000000000","0b0000000000000000","0x0000000B","0x72000000","0","0","0x00000000","0","0","0","0x00000000","0x00000000","0x00000000","0x00000000","0x00000000","0x00000000","0x00000000","0x00000000","0x00000000","0x00000000","0x00000000","0x00000000","0x00000000","0x00000000","0x00000000","0x00000000","0x00000000","0x00000000","0x00000000","0x00000000","0x00000000","0x00000000","0x00000000","0x00000000","0x00000000","0x00000000","0x00000000","0x00000001","0xFFFFFFFF","0x00000000","0x00000000","0x00000040","0","0","0","0","0","0","0","0","0x0","0x0","0x0","0x0","0","0","0","0","0","0","0","0","0","0","0","0","0x00","0x00","0x00","0x00","0x0","0x0","0x0","0x0","1","0","0","0x00000000","0x00000000","0x00000000","0x00000000","0x00000000","0x00000000","0x00000000","0x00000000","0x00","0x00","0x00","0x00","0x00","0x00","0x00","0x00","0x000","0x000","0x000","0x000","0x000","0x000","0x000","0x000","0xFF","0x00","0x00","0x20","0x20","0x20","0x20","0x20","0x20","0x20","0x20","0x20","0x20","0x20","0x20","0x20","0x20","0x20","0x20","0x20","0x20","0x20","0x20","0x20","0x20","0x20","0x20","0x20","0x20","0x20","0x20","0x20","0x20","0x20","0x20"
"21","0x0","0x1","0b0000000000000000","0b0000000000000000","0","0","0b0000000000000000","0b0000000000000000","0b0000000000000000","0b0000000000000000","0","0b0000000000000000","0b0000000000000000","0x0000000B","0x72000000","0","0","0x00000000","0","0","0","0x00000000","0x00000000","0x00000000","0x00000000","0x00000000","0x00000000","0x00000000","0x00000000","0x00000000","0x00000000","0x00000000","0x00000000","0x00000000","0x00000000","0x00000000","0x00000000","0x00000000","0x00000000","0x00000000","0x00000000","0x00000000","0x00000000","0x00000000","0x00000000","0x00000000","0x00000000","0x00000000","0x00000001","0xFFFFFFFF","0x00000000","0x00000000","0x00000040","0","0","0","0","0","0","0","0","0x0","0x0","0x0","0x0","0","0","0","0","0","0","0","0","0","0","0","0","0x00","0x00","0x00","0x00","0x0","0x0","0x0","0x0","1","0","0","0x00000000","0x00000000","0x00000000","0x00000000","0x00000000","0x00000000","0x00000000","0x00000000","0x00","0x00","0x00","0x00","0x00","0x00","0x00","0x00","0x000","0x000","0x000","0x000","0x000","0x000","0x000","0x000","0xFF","0x00","0x00","0x20","0x20","0x20","0x20","0x20","0x20","0x20","0x20","0x20","0x20","0x20","0x20","0x20","0x20","0x20","0x20","0x20","0x20","0x20","0x20","0x20","0x20","0x20","0x20","0x20","0x20","0x20","0x20","0x20","0x20","0x20","0x20"
"22","0x0","0x1","0b0000000000000000","0b0000000000000000","0","0","0b0000000000000000","0b0000000000000000","0b0000000000000000","0b0000000000000000","1","0b0000000000000000","0b0000000000000000","0x0000000C","0x72000000","1","0","0x00000000","0","0","0","0x00000000","0x00000000","0x00000000","0x00000000","0x00000000","0x00000000","0x00000000","0x00000000","0x00000000","0x00000000","0x00000000","0x00000000","0x00000000","0x00000000","0x00000000","0x00000000","0x00000000","0x00000000","0x00000000","0x00000000","0x00000000","0x00000000","0x00000000","0x00000000","0x00000000","0x00000000","0x00000000","0x00000001","0xFFFFFFFF","0x00000000","0x00000000","0x00000040","0","0","0","0","0","0","0","0","0x0","0x0","0x0","0x0","0","0","0","0","0","0","0","0","0","0","0","0","0x00","0x00","0x00","0x00","0x0","0x0","0x0","0x0","1","0","0","0x00000000","0x00000000","0x00000000","0x00000000","0x00000000","0x00000000","0x00000000","0x00000000","0x00","0x00","0x00","0x00","0x00","0x00","0x00","0x00","0x000","0x000","0x000","0x000","0x000","0x000","0x000","0x000","0x00","0x00","0x00","0x20","0x20","0x20","0x20","0x20","0x20","0x20","0x20","0x20","0x20","0x20","0x20","0x20","0x20","0x20","0x20","0x20","0x20","0x20","0x20","0x20","0x20","0x20","0x20","0x20","0x20","0x20","0x20","0x20","0x20","0x20","0x20"
"23","0x0","0x1","0b0000000000000000","0b0000000000000000","0","0","0b0000000000000000","0b0000000000000000","0b0000000000000000","0b0000000000000000","0","0b0000000000000000","0b0000000000000000","0x0000000C","0x72000000","1","0","0x00000000","0","0","0","0x00000000","0x00000000","0x00000000","0x00000000","0x00000000","0x00000000","0x00000000","0x00000000","0x00000000","0x00000000","0x00000000","0x00000000","0x00000000","0x00000000","0x00000000","0x00000000","0x00000000","0x00000000","0x00000000","0x00000000","0x00000000","0x00000000","0x00000000","0x00000000","0x00000000","0x00000000","0x00000000","0x00000001","0xFFFFFFFF","0x00000000","0x00000000","0x00000040","0","0","0","0","0","0","0","0","0x0","0x0","0x0","0x0","0","0","0","0","0","0","0","0","0","0","0","0","0x00","0x00","0x00","0x00","0x0","0x0","0x0","0x0","1","0","0","0x00000000","0x00000000","0x00000000","0x00000000","0x00000000","0x00000000","0x00000000","0x00000000","0x00","0x00","0x00","0x00","0x00","0x00","0x00","0x00","0x000","0x000","0x000","0x000","0x000","0x000","0x000","0x000","0x00","0x00","0x00","0x20","0x20","0x20","0x20","0x20","0x20","0x20","0x20","0x20","0x20","0x20","0x20","0x20","0x20","0x20","0x20","0x20","0x20","0x20","0x20","0x20","0x20","0x20","0x20","0x20","0x20","0x20","0x20","0x20","0x20","0x20","0x20"
"24","0x0","0x1","0b0000000000000000","0b0000000000000000","0","0","0b0000000000000000","0b0000000000000000","0b0000000000000000","0b0000000000000000","1","0b0000000000000000","0b0000000000000000","0x0000000D","0x72000000","1","0","0x00000000","0","0","0","0x00000000","0x00000000","0x00000000","0x00000000","0x00000000","0x00000000","0x00000000","0x00000000","0x00000000","0x00000000","0x00000000","0x00000000","0x00000000","0x00000000","0x00000000","0x00000000","0x00000000","0x00000000","0x00000000","0x00000000","0x00000000","0x00000000","0x00000000","0x00000000","0x00000000","0x00000000","0x00000000","0x00000001","0xFFFFFFFF","0x00000000","0x00000000","0x00000040","0","0","0","0","0","0","0","0","0x0","0x0","0x0","0x0","0","0","0","0","0","0","0","0","0","0","0","0","0x00","0x00","0x00","0x00","0x0","0x0","0x0","0x0","1","0","0","0x00000000","0x00000000","0x00000000","0x00000000","0x00000000","0x00000000","0x00000000","0x00000000","0x00","0x00","0x00","0x00","0x00","0x00","0x00","0x00","0x000","0x000","0x000","0x000","0x000","0x000","0x000","0x000","0x00","0x00","0x00","0x20","0x20","0x20","0x20","0x20","0x20","0x20","0x20","0x20","0x20","0x20","0x20","0x20","0x20","0x20","0x20","0x20","0x20","0x20","0x20","0x20","0x20","0x20","0x20","0x20","0x20","0x20","0x20","0x20","0x20","0x20","0x20"
"25","0x0","0x1","0b0000000000000000","0b0000000000000000","0","0","0b0000000000000000","0b0000000000000000","0b0000000000000000","0b0000000000000000","0","0b0000000000000000","0b0000000000000000","0x0000000D","0x72000000","1","0","0x00000000","0","0","0","0x00000000","0x00000000","0x00000000","0x00000000","0x00000000","0x00000000","0x00000000","0x00000000","0x00000000","0x00000000","0x00000000","0x00000000","0x00000000","0x00000000","0x00000000","0x00000000","0x00000000","0x00000000","0x00000000","0x00000000","0x00000000","0x00000000","0x00000000","0x00000000","0x00000000","0x00000000","0x00000000","0x00000001","0xFFFFFFFF","0x00000000","0x00000000","0x00000040","0","0","0","0","0","0","0","0","0x0","0x0","0x0","0x0","0","0","0","0","0","0","0","0","0","0","0","0","0x00","0x00","0x00","0x00","0x0","0x0","0x0","0x0","1","0","0","0x00000000","0x00000000","0x00000000","0x00000000","0x00000000","0x00000000","0x00000000","0x00000000","0x00","0x00","0x00","0x00","0x00","0x00","0x00","0x00","0x000","0x000","0x000","0x000","0x000","0x000","0x000","0x000","0x00","0x00","0x00","0x20","0x20","0x20","0x20","0x20","0x20","0x20","0x20","0x20","0x20","0x20","0x20","0x20","0x20","0x20","0x20","0x20","0x20","0x20","0x20","0x20","0x20","0x20","0x20","0x20","0x20","0x20","0x20","0x20","0x20","0x20","0x20"
"26","0x0","0x1","0b0000000000000000","0b0000000000000000","0","0","0b0000000000000000","0b0000000000000000","0b0000000000000000","0b0000000000000000","1","0b0000000000000000","0b0000000000000000","0x0000000E","0x72000000","1","0","0x00000000","0","0","0","0x00000000","0x00000000","0x00000000","0x00000000","0x00000000","0x00000000","0x00000000","0x00000000","0x00000000","0x00000000","0x00000000","0x00000000","0x00000000","0x00000000","0x00000000","0x00000000","0x00000000","0x00000000","0x00000000","0x00000000","0x00000000","0x00000000","0x00000000","0x00000000","0x00000000","0x00000000","0x00000000","0x00000001","0xFFFFFFFF","0x00000000","0x00000000","0x00000040","0","0","0","0","0","0","0","0","0x0","0x0","0x0","0x0","0","0","0","0","0","0","0","0","0","0","0","0","0x00","0x00","0x00","0x00","0x0","0x0","0x0","0x0","1","0","0","0x00000000","0x00000000","0x00000000","0x00000000","0x00000000","0x00000000","0x00000000","0x00000000","0x00","0x00","0x00","0x00","0x00","0x00","0x00","0x00","0x000","0x000","0x000","0x000","0x000","0x000","0x000","0x000","0x00","0x00","0x00","0x20","0x20","0x20","0x20","0x20","0x20","0x20","0x20","0x20","0x20","0x20","0x20","0x20","0x20","0x20","0x20","0x20","0x20","0x20","0x20","0x20","0x20","0x20","0x20","0x20","0x20","0x20","0x20","0x20","0x20","0x20","0x20"
"27","0x0","0x1","0b0000000000000000","0b0000000000000000","0","0","0b0000000000000000","0b0000000000000000","0b0000000000000000","0b0000000000000000","0","0b0000000000000000","0b0000000000000000","0x0000000E","0x72000000","1","0","0x00000000","0","0","0","0x00000000","0x00000000","0x00000000","0x00000000","0x00000000","0x00000000","0x00000000","0x00000000","0x00000000","0x00000000","0x00000000","0x00000000","0x00000000","0x00000000","0x00000000","0x00000000","0x00000000","0x00000000","0x00000000","0x00000000","0x00000000","0x00000000","0x00000000","0x00000000","0x00000000","0x00000000","0x00000000","0x00000001","0xFFFFFFFF","0x00000000","0x00000000","0x00000040","0","0","0","0","0","0","0","0","0x0","0x0","0x0","0x0","0","0","0","0","0","0","0","0","0","0","0","0","0x00","0x00","0x00","0x00","0x0","0x0","0x0","0x0","1","0","0","0x00000000","0x00000000","0x00000000","0x00000000","0x00000000","0x00000000","0x00000000","0x00000000","0x00","0x00","0x00","0x00","0x00","0x00","0x00","0x00","0x000","0x000","0x000","0x000","0x000","0x000","0x000","0x000","0x00","0x00","0x00","0x20","0x20","0x20","0x20","0x20","0x20","0x20","0x20","0x20","0x20","0x20","0x20","0x20","0x20","0x20","0x20","0x20","0x20","0x20","0x20","0x20","0x20","0x20","0x20","0x20","0x20","0x20","0x20","0x20","0x20","0x20","0x20"
"28","0x0","0x1","0b0000000000000000","0b0000000000000000","0","0","0b0000000000000000","0b0000000000000000","0b0000000000000000","0b0000000000000000","1","0b0000000000000000","0b0000000000000000","0x0000000F","0x72000000","1","0","0x00000000","0","0","0","0x00000000","0x00000000","0x00000000","0x00000000","0x00000000","0x00000000","0x00000000","0x00000000","0x00000000","0x00000000","0x00000000","0x00000000","0x00000000","0x00000000","0x00000000","0x00000000","0x00000000","0x00000000","0x00000000","0x00000000","0x00000000","0x00000000","0x00000000","0x00000000","0x00000000","0x00000000","0x00000000","0x00000001","0xFFFFFFFF","0x00000000","0x00000000","0x00000040","0","0","0","0","0","0","0","0","0x0","0x0","0x0","0x0","0","0","0","0","0","0","0","0","0","0","0","0","0x00","0x00","0x00","0x00","0x0","0x0","0x0","0x0","1","0","0","0x00000000","0x00000000","0x00000000","0x00000000","0x00000000","0x00000000","0x00000000","0x00000000","0x00","0x00","0x00","0x00","0x00","0x00","0x00","0x00","0x000","0x000","0x000","0x000","0x000","0x000","0x000","0x000","0x00","0x00","0x00","0x20","0x20","0x20","0x20","0x20","0x20","0x20","0x20","0x20","0x20","0x20","0x20","0x20","0x20","0x20","0x20","0x20","0x20","0x20","0x20","0x20","0x20","0x20","0x20","0x20","0x20","0x20","0x20","0x20","0x20","0x20","0x20"
"29","0x0","0x1","0b0000000000000000","0b0000000000000000","0","0","0b0000000000000000","0b0000000000000000","0b0000000000000000","0b0000000000000000","0","0b0000000000000000","0b0000000000000000","0x0000000F","0x72000000","1","0","0x00000000","0","0","0","0x00000000","0x00000000","0x00000000","0x00000000","0x00000000","0x00000000","0x00000000","0x00000000","0x00000000","0x00000000","0x00000000","0x00000000","0x00000000","0x00000000","0x00000000","0x00000000","0x00000000","0x00000000","0x00000000","0x00000000","0x00000000","0x00000000","0x00000000","0x00000000","0x00000000","0x00000000","0x00000000","0x00000001","0xFFFFFFFF","0x00000000","0x00000000","0x00000040","0","0","0","0","0","0","0","0","0x0","0x0","0x0","0x0","0","0","0","0","0","0","0","0","0","0","0","0","0x00","0x00","0x00","0x00","0x0","0x0","0x0","0x0","1","0","0","0x00000000","0x00000000","0x00000000","0x00000000","0x00000000","0x00000000","0x00000000","0x00000000","0x00","0x00","0x00","0x00","0x00","0x00","0x00","0x00","0x000","0x000","0x000","0x000","0x000","0x000","0x000","0x000","0x00","0x00","0x00","0x20","0x20","0x20","0x20","0x20","0x20","0x20","0x20","0x20","0x20","0x20","0x20","0x20","0x20","0x20","0x20","0x20","0x20","0x20","0x20","0x20","0x20","0x20","0x20","0x20","0x20","0x20","0x20","0x20","0x20","0x20","0x20"
"30","0x0","0x1","0b0000000000000000","0b0000000000000000","0","0","0b0000000000000000","0b0000000000000000","0b0000000000000000","0b0000000000000000","1","0b0000000000000000","0b0000000000000000","0x00000010","0x72000000","1","0","0x00000000","0","0","0","0x00000000","0x00000000","0x00000000","0x00000000","0x00000000","0x00000000","0x00000000","0x00000000","0x00000000","0x00000000","0x00000000","0x00000000","0x00000000","0x00000000","0x00000000","0x00000000","0x00000000","0x00000000","0x00000000","0x00000000","0x00000000","0x00000000","0x00000000","0x00000000","0x00000000","0x00000000","0x00000000","0x00000001","0xFFFFFFFF","0x00000000","0x00000000","0x00000040","0","0","0","0","0","0","0","0","0x0","0x0","0x0","0x0","0","0","0","0","0","0","0","0","0","0","0","0","0x00","0x00","0x00","0x00","0x0","0x0","0x0","0x0","1","0","0","0x00000000","0x00000000","0x00000000","0x00000000","0x00000000","0x00000000","0x00000000","0x00000000","0x00","0x00","0x00","0x00","0x00","0x00","0x00","0x00","0x000","0x000","0x000","0x000","0x000","0x000","0x000","0x000","0x00","0x00","0x00","0x20","0x20","0x20","0x20","0x20","0x20","0x20","0x20","0x20","0x20","0x20","0x20","0x20","0x20","0x20","0x20","0x20","0x20","0x20","0x20","0x20","0x20","0x20","0x20","0x20","0x20","0x20","0x20","0x20","0x20","0x20","0x20"
"31","0x0","0x1","0b0000000000000000","0b0000000000000000","0","0","0b0000000000000000","0b0000000000000000","0b0000000000000000","0b0000000000000000","0","0b0000000000000000","0b0000000000000000","0x00000010","0x72000000","1","0","0x00000000","0","0","0","0x00000000","0x00000000","0x00000000","0x00000000","0x00000000","0x00000000","0x00000000","0x00000000","0x00000000","0x00000000","0x00000000","0x00000000","0x00000000","0x00000000","0x00000000","0x00000000","0x00000000","0x00000000","0x00000000","0x00000000","0x00000000","0x00000000","0x00000000","0x00000000","0x00000000","0x00000000","0x00000000","0x00000001","0xFFFFFFFF","0x00000000","0x00000000","0x00000040","0","0","0","0","0","0","0","0","0x0","0x0","0x0","0x0","0","0","0","0","0","0","0","0","0","0","0","0","0x00","0x00","0x00","0x00","0x0","0x0","0x0","0x0","1","0","0","0x00000000","0x00000000","0x00000000","0x00000000","0x00000000","0x00000000","0x00000000","0x00000000","0x00","0x00","0x00","0x00","0x00","0x00","0x00","0x00","0x000","0x000","0x000","0x000","0x000","0x000","0x000","0x000","0x00","0x00","0x00","0x20","0x20","0x20","0x20","0x20","0x20","0x20","0x20","0x20","0x20","0x20","0x20","0x20","0x20","0x20","0x20","0x20","0x20","0x20","0x20","0x20","0x20","0x20","0x20","0x20","0x20","0x20","0x20","0x20","0x20","0x20","0x20"
"32","0x0","0x1","0b0000000000000000","0b0000000000000000","0","0","0b0000000000000000","0b0000000000000000","0b0000000000000000","0b0000000000000000","1","0b0000000000000000","0b0000000000000000","0x00000011","0x72000000","1","0","0x00000000","0","0","0","0x00000000","0x00000000","0x00000000","0x00000000","0x00000000","0x00000000","0x00000000","0x00000000","0x00000000","0x00000000","0x00000000","0x00000000","0x00000000","0x00000000","0x00000000","0x00000000","0x00000000","0x00000000","0x00000000","0x00000000","0x00000000","0x00000000","0x00000000","0x00000000","0x00000000","0x00000000","0x00000000","0x00000001","0xFFFFFFFF","0x00000000","0x00000000","0x00000040","0","0","0","0","0","0","0","0","0x0","0x0","0x0","0x0","0","0","0","0","0","0","0","0","0","0","0","0","0x00","0x00","0x00","0x00","0x0","0x0","0x0","0x0","1","0","0","0x00000000","0x00000000","0x00000000","0x00000000","0x00000000","0x00000000","0x00000000","0x00000000","0x00","0x00","0x00","0x00","0x00","0x00","0x00","0x00","0x000","0x000","0x000","0x000","0x000","0x000","0x000","0x000","0x00","0x00","0x00","0x20","0x20","0x20","0x20","0x20","0x20","0x20","0x20","0x20","0x20","0x20","0x20","0x20","0x20","0x20","0x20","0x20","0x20","0x20","0x20","0x20","0x20","0x20","0x20","0x20","0x20","0x20","0x20","0x20","0x20","0x20","0x20"
"33","0x0","0x1","0b0000000000000000","0b0000000000000000","0","0","0b0000000000000000","0b0000000000000000","0b0000000000000000","0b0000000000000000","0","0b0000000000000000","0b0000000000000000","0x00000011","0x72000000","1","0","0x00000000","0","0","0","0x00000000","0x00000000","0x00000000","0x00000000","0x00000000","0x00000000","0x00000000","0x00000000","0x00000000","0x00000000","0x00000000","0x00000000","0x00000000","0x00000000","0x00000000","0x00000000","0x00000000","0x00000000","0x00000000","0x00000000","0x00000000","0x00000000","0x00000000","0x00000000","0x00000000","0x00000000","0x00000000","0x00000001","0xFFFFFFFF","0x00000000","0x00000000","0x00000040","0","0","0","0","0","0","0","0","0x0","0x0","0x0","0x0","0","0","0","0","0","0","0","0","0","0","0","0","0x00","0x00","0x00","0x00","0x0","0x0","0x0","0x0","1","0","0","0x00000000","0x00000000","0x00000000","0x00000000","0x00000000","0x00000000","0x00000000","0x00000000","0x00","0x00","0x00","0x00","0x00","0x00","0x00","0x00","0x000","0x000","0x000","0x000","0x000","0x000","0x000","0x000","0x00","0x00","0x00","0x20","0x20","0x20","0x20","0x20","0x20","0x20","0x20","0x20","0x20","0x20","0x20","0x20","0x20","0x20","0x20","0x20","0x20","0x20","0x20","0x20","0x20","0x20","0x20","0x20","0x20","0x20","0x20","0x20","0x20","0x20","0x20"
"34","0x0","0x1","0b0000000000000000","0b0000000000000000","0","0","0b0000000000000000","0b0000000000000000","0b0000000000000000","0b0000000000000000","1","0b0000000000000000","0b0000000000000000","0x00000012","0x72000000","1","0","0x00000000","0","0","0","0x00000000","0x00000000","0x00000000","0x00000000","0x00000000","0x00000000","0x00000000","0x00000000","0x00000000","0x00000000","0x00000000","0x00000000","0x00000000","0x00000000","0x00000000","0x00000000","0x00000000","0x00000000","0x00000000","0x00000000","0x00000000","0x00000000","0x00000000","0x00000000","0x00000000","0x00000000","0x00000000","0x00000001","0xFFFFFFFF","0x00000000","0x00000000","0x00000040","0","0","0","0","0","0","0","0","0x0","0x0","0x0","0x0","0","0","0","0","0","0","0","0","0","0","0","0","0x00","0x00","0x00","0x00","0x0","0x0","0x0","0x0","1","0","0","0x00000000","0x00000000","0x00000000","0x00000000","0x00000000","0x00000000","0x00000000","0x00000000","0x00","0x00","0x00","0x00","0x00","0x00","0x00","0x00","0x000","0x000","0x000","0x000","0x000","0x000","0x000","0x000","0x00","0x00","0x00","0x20","0x20","0x20","0x20","0x20","0x20","0x20","0x20","0x20","0x20","0x20","0x20","0x20","0x20","0x20","0x20","0x20","0x20","0x20","0x20","0x20","0x20","0x20","0x20","0x20","0x20","0x20","0x20","0x20","0x20","0x20","0x20"
"35","0x0","0x1","0b0000000000000000","0b0000000000000000","0","0","0b0000000000000000","0b0000000000000000","0b0000000000000000","0b0000000000000000","0","0b0000000000000000","0b0000000000000000","0x00000012","0x72000000","1","0","0x00000000","0","0","0","0x00000000","0x00000000","0x00000000","0x00000000","0x00000000","0x00000000","0x00000000","0x00000000","0x00000000","0x00000000","0x00000000","0x00000000","0x00000000","0x00000000","0x00000000","0x00000000","0x00000000","0x00000000","0x00000000","0x00000000","0x00000000","0x00000000","0x00000000","0x00000000","0x00000000","0x00000000","0x00000000","0x00000001","0xFFFFFFFF","0x00000000","0x00000000","0x00000040","0","0","0","0","0","0","0","0","0x0","0x0","0x0","0x0","0","0","0","0","0","0","0","0","0","0","0","0","0x00","0x00","0x00","0x00","0x0","0x0","0x0","0x0","1","0","0","0x00000000","0x00000000","0x00000000","0x00000000","0x00000000","0x00000000","0x00000000","0x00000000","0x00","0x00","0x00","0x00","0x00","0x00","0x00","0x00","0x000","0x000","0x000","0x000","0x000","0x000","0x000","0x000","0x00","0x00","0x00","0x20","0x20","0x20","0x20","0x20","0x20","0x20","0x20","0x20","0x20","0x20","0x20","0x20","0x20","0x20","0x20","0x20","0x20","0x20","0x20","0x20","0x20","0x20","0x20","0x20","0x20","0x20","0x20","0x20","0x20","0x20","0x20"
"36","0x0","0x1","0b0000000000000000","0b0000000000000000","0","0","0b0000000000000000","0b0000000000000000","0b0000000000000000","0b0000000000000000","1","0b0000000000000000","0b0000000000000000","0x00000013","0x72000000","1","0","0x00000000","0","0","0","0x00000000","0x00000000","0x00000000","0x00000000","0x00000000","0x00000000","0x00000000","0x00000000","0x00000000","0x00000000","0x00000000","0x00000000","0x00000000","0x00000000","0x00000000","0x00000000","0x00000000","0x00000000","0x00000000","0x00000000","0x00000000","0x00000000","0x00000000","0x00000000","0x00000000","0x00000000","0x00000000","0x00000001","0xFFFFFFFF","0x00000000","0x00000000","0x00000040","0","0","0","0","0","0","0","0","0x0","0x0","0x0","0x0","0","0","0","0","0","0","0","0","0","0","0","0","0x00","0x00","0x00","0x00","0x0","0x0","0x0","0x0","1","0","0","0x00000000","0x00000000","0x00000000","0x00000000","0x00000000","0x00000000","0x00000000","0x00000000","0x00","0x00","0x00","0x00","0x00","0x00","0x00","0x00","0x000","0x000","0x000","0x000","0x000","0x000","0x000","0x000","0x00","0x00","0x00","0x20","0x20","0x20","0x20","0x20","0x20","0x20","0x20","0x20","0x20","0x20","0x20","0x20","0x20","0x20","0x20","0x20","0x20","0x20","0x20","0x20","0x20","0x20","0x20","0x20","0x20","0x20","0x20","0x20","0x20","0x20","0x20"
"37","0x0","0x1","0b0000000000000000","0b0000000000000000","0","0","0b0000000000000000","0b0000000000000000","0b0000000000000000","0b0000000000000000","0","0b0000000000000000","0b0000000000000000","0x00000013","0x72000000","1","0","0x00000000","0","0","0","0x00000000","0x00000000","0x00000000","0x00000000","0x00000000","0x00000000","0x00000000","0x00000000","0x00000000","0x00000000","0x00000000","0x00000000","0x00000000","0x00000000","0x00000000","0x00000000","0x00000000","0x00000000","0x00000000","0x00000000","0x00000000","0x00000000","0x00000000","0x00000000","0x00000000","0x00000000","0x00000000","0x00000001","0xFFFFFFFF","0x00000000","0x00000000","0x00000040","0","0","0","0","0","0","0","0","0x0","0x0","0x0","0x0","0","0","0","0","0","0","0","0","0","0","0","0","0x00","0x00","0x00","0x00","0x0","0x0","0x0","0x0","1","0","0","0x00000000","0x00000000","0x00000000","0x00000000","0x00000000","0x00000000","0x00000000","0x00000000","0x00","0x00","0x00","0x00","0x00","0x00","0x00","0x00","0x000","0x000","0x000","0x000","0x000","0x000","0x000","0x000","0x00","0x00","0x00","0x20","0x20","0x20","0x20","0x20","0x20","0x20","0x20","0x20","0x20","0x20","0x20","0x20","0x20","0x20","0x20","0x20","0x20","0x20","0x20","0x20","0x20","0x20","0x20","0x20","0x20","0x20","0x20","0x20","0x20","0x20","0x20"
"38","0x0","0x1","0b0000000000000000","0b0000000000000000","0","0","0b0000000000000000","0b0000000000000000","0b0000000000000000","0b0000000000000000","1","0b0000000000000000","0b0000000000000000","0x00000014","0x72000000","1","1","0x00000000","0","0","0","0x00000000","0x00000000","0x00000000","0x00000000","0x00000000","0x00000000","0x00000000","0x00000000","0x00000000","0x00000000","0x00000000","0x00000000","0x00000000","0x00000000","0x00000000","0x00000000","0x00000000","0x00000000","0x00000000","0x00000000","0x00000000","0x00000000","0x00000000","0x00000000","0x00000000","0x00000000","0x00000000","0x00000001","0xFFFFFFFF","0x00000000","0x00000000","0x00000040","0","0","0","0","0","0","0","0","0x0","0x0","0x0","0x0","0","0","0","0","0","0","0","0","0","0","0","0","0x00","0x00","0x00","0x00","0x0","0x0","0x0","0x0","1","0","0","0x00000000","0x00000000","0x00000000","0x00000000","0x00000000","0x00000000","0x00000000","0x00000000","0x00","0x00","0x00","0x00","0x00","0x00","0x00","0x00","0x000","0x000","0x000","0x000","0x000","0x000","0x000","0x000","0x00","0x00","0x00","0x20","0x20","0x20","0x20","0x20","0x20","0x20","0x20","0x20","0x20","0x20","0x20","0x20","0x20","0x20","0x20","0x20","0x20","0x20","0x20","0x20","0x20","0x20","0x20","0x20","0x20","0x20","0x20","0x20","0x20","0x20","0x20"
"39","0x0","0x1","0b0000000000000000","0b0000000000000000","0","0","0b0000000000000000","0b0000000000000000","0b0000000000000000","0b0000000000000000","0","0b0000000000000000","0b0000000000000000","0x00000014","0x72000000","1","1","0x00000000","0","0","0","0x00000000","0x00000000","0x00000000","0x00000000","0x00000000","0x00000000","0x00000000","0x00000000","0x00000000","0x00000000","0x00000000","0x00000000","0x00000000","0x00000000","0x00000000","0x00000000","0x00000000","0x00000000","0x00000000","0x00000000","0x00000000","0x00000000","0x00000000","0x00000000","0x00000000","0x00000000","0x00000000","0x00000001","0xFFFFFFFF","0x00000000","0x00000000","0x00000040","0","0","0","0","0","0","0","0","0x0","0x0","0x0","0x0","0","0","0","0","0","0","0","0","0","0","0","0","0x00","0x00","0x00","0x00","0x0","0x0","0x0","0x0","1","0","0","0x00000000","0x00000000","0x00000000","0x00000000","0x00000000","0x00000000","0x00000000","0x00000000","0x00","0x00","0x00","0x00","0x00","0x00","0x00","0x00","0x000","0x000","0x000","0x000","0x000","0x000","0x000","0x000","0x00","0x00","0x00","0x20","0x20","0x20","0x20","0x20","0x20","0x20","0x20","0x20","0x20","0x20","0x20","0x20","0x20","0x20","0x20","0x20","0x20","0x20","0x20","0x20","0x20","0x20","0x20","0x20","0x20","0x20","0x20","0x20","0x20","0x20","0x20"
"40","0x0","0x1","0b0000000000000000","0b0000000000000000","0","0","0b0000000000000000","0b0000000000000000","0b0000000000000000","0b0000000000000000","1","0b0000000000000000","0b0000000000000000","0x00000015","0x72000000","1","1","0x00000001","0","0","0","0x00000000","0x00000000","0x00000000","0x00000000","0x00000000","0x00000000","0x00000000","0x00000000","0x00000000","0x00000000","0x00000000","0x00000000","0x00000000","0x00000000","0x00000000","0x00000000","0x00000000","0x00000000","0x00000000","0x00000000","0x00000000","0x00000000","0x00000000","0x00000000","0x00000000","0x00000000","0x00000000","0x00000001","0xFFFFFFFF","0x00000000","0x00000000","0x00000040","0","0","0","0","0","0","0","0","0x0","0x0","0x0","0x0","0","0","0","0","0","0","0","0","0","0","0","0","0x00","0x00","0x00","0x00","0x0","0x0","0x0","0x0","1","0","0","0x00000000","0x00000000","0x00000000","0x00000000","0x00000000","0x00000000","0x00000000","0x00000000","0x00","0x00","0x00","0x00","0x00","0x00","0x00","0x00","0x000","0x000","0x000","0x000","0x000","0x000","0x000","0x000","0x00","0x00","0x00","0x20","0x20","0x20","0x20","0x20","0x20","0x20","0x20","0x20","0x20","0x20","0x20","0x20","0x20","0x20","0x20","0x20","0x20","0x20","0x20","0x20","0x20","0x20","0x20","0x20","0x20","0x20","0x20","0x20","0x20","0x20","0x20"
"41","0x0","0x1","0b0000000000000000","0b0000000000000000","0","0","0b0000000000000000","0b0000000000000000","0b0000000000000000","0b0000000000000000","0","0b0000000000000000","0b0000000000000000","0x00000015","0x72000000","1","1","0x00000001","0","0","0","0x00000000","0x00000000","0x00000000","0x00000000","0x00000000","0x00000000","0x00000000","0x00000000","0x00000000","0x00000000","0x00000000","0x00000000","0x00000000","0x00000000","0x00000000","0x00000000","0x00000000","0x00000000","0x00000000","0x00000000","0x00000000","0x00000000","0x00000000","0x00000000","0x00000000","0x00000000","0x00000000","0x00000001","0xFFFFFFFF","0x00000000","0x00000000","0x00000040","0","0","0","0","0","0","0","0","0x0","0x0","0x0","0x0","0","0","0","0","0","0","0","0","0","0","0","0","0x00","0x00","0x00","0x00","0x0","0x0","0x0","0x0","1","0","0","0x00000000","0x00000000","0x00000000","0x00000000","0x00000000","0x00000000","0x00000000","0x00000000","0x00","0x00","0x00","0x00","0x00","0x00","0x00","0x00","0x000","0x000","0x000","0x000","0x000","0x000","0x000","0x000","0x00","0x00","0x00","0x20","0x20","0x20","0x20","0x20","0x20","0x20","0x20","0x20","0x20","0x20","0x20","0x20","0x20","0x20","0x20","0x20","0x20","0x20","0x20","0x20","0x20","0x20","0x20","0x20","0x20","0x20","0x20","0x20","0x20","0x20","0x20"
"42","0x0","0x1","0b0000000000000000","0b0000000000000000","0","0","0b0000000000000000","0b0000000000000000","0b0000000000000000","0b0000000000000000","1","0b0000000000000000","0b0000000000000000","0x00000016","0x72000000","1","0","0x00000002","0","0","0","0x00000000","0x00000000","0x00000000","0x00000000","0x00000000","0x00000000","0x00000000","0x00000000","0x00000000","0x00000000","0x00000000","0x00000000","0x00000000","0x00000000","0x00000000","0x00000000","0x00000000","0x00000000","0x00000000","0x00000000","0x00000000","0x00000000","0x00000000","0x00000000","0x00000000","0x00000000","0x00000000","0x00000001","0xFFFFFFFF","0x00000000","0x00000000","0x00000040","0","0","0","0","0","0","0","0","0x0","0x0","0x0","0x0","0","0","0","0","0","0","0","0","0","0","0","0","0x00","0x00","0x00","0x00","0x0","0x0","0x0","0x0","1","0","0","0x00000000","0x00000000","0x00000000","0x00000000","0x00000000","0x00000000","0x00000000","0x00000000","0x00","0x00","0x00","0x00","0x00","0x00","0x00","0x00","0x000","0x000","0x000","0x000","0x000","0x000","0x000","0x000","0x00","0x00","0x00","0x20","0x20","0x20","0x20","0x20","0x20","0x20","0x20","0x20","0x20","0x20","0x20","0x20","0x20","0x20","0x20","0x20","0x20","0x20","0x20","0x20","0x20","0x20","0x20","0x20","0x20","0x20","0x20","0x20","0x20","0x20","0x20"
"43","0x0","0x1","0b0000000000000000","0b0000000000000000","0","0","0b0000000000000000","0b0000000000000000","0b0000000000000000","0b0000000000000000","0","0b0000000000000000","0b0000000000000000","0x00000016","0x72000000","1","0","0x00000002","1","0","0","0x00000000","0x00000000","0x00000000","0x00000000","0x00000000","0x00000000","0x00000000","0x00000000","0x00000000","0x00000000","0x00000000","0x00000000","0x00000000","0x00000000","0x00000000","0x00000000","0x00000000","0x00000000","0x00000000","0x00000000","0x00000000","0x00000000","0x00000000","0x00000000","0x00000000","0x00000000","0x00000000","0x00000001","0xFFFFFFFF","0x00000000","0x00000000","0x00000040","0","0","0","0","0","0","0","0","0x0","0x0","0x0","0x0","0","0","0","0","0","0","0","0","0","0","0","0","0x00","0x00","0x00","0x00","0x0","0x0","0x0","0x0","1","0","0","0x00000000","0x00000000","0x00000000","0x00000000","0x00000000","0x00000000","0x00000000","0x00000000","0x00","0x00","0x00","0x00","0x00","0x00","0x00","0x00","0x000","0x000","0x000","0x000","0x000","0x000","0x000","0x000","0x00","0x00","0x00","0x20","0x20","0x20","0x20","0x20","0x20","0x20","0x20","0x20","0x20","0x20","0x20","0x20","0x20","0x20","0x20","0x20","0x20","0x20","0x20","0x20","0x20","0x20","0x20","0x20","0x20","0x20","0x20","0x20","0x20","0x20","0x20"
"44","0x0","0x1","0b0000000000000000","0b0000000000000000","0","0","0b0000000000000000","0b0000000000000000","0b0000000000000000","0b0000000000000000","1","0b0000000000000000","0b0000000000000000","0x00000017","0x72000000","1","0","0x00000003","1","0","0","0x00000000","0x00000000","0x00000000","0x00000000","0x00000000","0x00000000","0x00000000","0x00000000","0x00000000","0x00000000","0x00000000","0x00000000","0x00000000","0x00000000","0x00000000","0x00000000","0x00000000","0x00000000","0x00000000","0x00000000","0x00000000","0x00000000","0x00000000","0x00000000","0x00000000","0x00000000","0x00000000","0x00000001","0xFFFFFFFF","0x00000000","0x00000000","0x00000040","0","0","0","0","0","0","0","0","0x0","0x0","0x0","0x0","0","0","0","0","0","0","0","0","0","0","0","0","0x00","0x00","0x00","0x00","0x0","0x0","0x0","0x0","1","0","0","0x00000000","0x00000000","0x00000000","0x00000000","0x00000000","0x00000000","0x00000000","0x00000000","0x00","0x00","0x00","0x00","0x00","0x00","0x00","0x00","0x000","0x000","0x000","0x000","0x000","0x000","0x000","0x000","0x00","0x00","0x00","0x20","0x20","0x20","0x20","0x20","0x20","0x20","0x20","0x20","0x20","0x20","0x20","0x20","0x20","0x20","0x20","0x20","0x20","0x20","0x20","0x20","0x20","0x20","0x20","0x20","0x20","0x20","0x20","0x20","0x20","0x20","0x20"
"45","0x0","0x1","0b0000000000000000","0b0000000000000001","0","0","0b0000000000000000","0b0000000000000000","0b0000000000000000","0b0000000000000000","0","0b0000000000000000","0b0000000000000000","0x00000017","0x1AC40400","1","0","0x00000003","1","0","0","0x00000000","0x00000000","0x00000000","0x00000000","0x00000000","0x00000000","0x00000000","0x00000000","0x00000000","0x00000000","0x00000000","0x00000000","0x00000000","0x00000000","0x00000000","0x00000000","0x00000000","0x00000000","0x00000000","0x00000000","0x00000000","0x00000000","0x00000000","0x00000000","0x00000000","0x00000000","0x00000000","0x00000001","0xFFFFFFFF","0x00000000","0x00000000","0x00000040","0","0","0","0","0","0","0","0","0x0","0x0","0x0","0x0","0","0","0","0","0","0","0","0","0","0","0","0","0x00","0x00","0x00","0x00","0x0","0x0","0x0","0x0","1","0","0","0x1AC40400","0x00000000","0x00000000","0x00000000","0x00000000","0x00000000","0x00000000","0x00000000","0x00","0x00","0x00","0x00","0x00","0x00","0x00","0x00","0x000","0x000","0x000","0x000","0x000","0x000","0x000","0x000","0x00","0x01","0x01","0x20","0x20","0x20","0x20","0x20","0x20","0x20","0x20","0x20","0x20","0x20","0x20","0x20","0x20","0x20","0x20","0x20","0x20","0x20","0x20","0x20","0x20","0x20","0x20","0x00","0x20","0x20","0x20","0x20","0x20","0x20","0x20"
"46","0x0","0x1","0b0000000000000000","0b0000000000000001","0","0","0b0000000000000000","0b0000000000000000","0b0000000000000000","0b0000000000000000","1","0b0000000000000000","0b0000000000000000","0x00000018","0x1AC40400","1","0","0x00000004","1","0","0","0x00000000","0x00000000","0x00000000","0x00000000","0x00000000","0x00000000","0x00000000","0x00000000","0x00000000","0x00000000","0x00000000","0x00000000","0x00000000","0x00000000","0x00000000","0x00000000","0x00000000","0x00000000","0x00000000","0x00000000","0x00000000","0x00000000","0x00000000","0x00000000","0x00000000","0x00000000","0x00000000","0x00000001","0xFFFFFFFF","0x00000000","0x00000000","0x00000040","0","0","0","0","0","0","0","0","0x0","0x0","0x0","0x0","0","0","0","0","0","0","0","0","0","0","0","0","0x00","0x00","0x00","0x00","0x0","0x0","0x0","0x0","1","0","0","0x1AC40400","0x00000000","0x00000000","0x00000000","0x00000000","0x00000000","0x00000000","0x00000000","0x00","0x00","0x00","0x00","0x00","0x00","0x00","0x00","0x000","0x000","0x000","0x000","0x000","0x000","0x000","0x000","0x00","0x01","0x01","0x20","0x20","0x20","0x20","0x20","0x20","0x20","0x20","0x20","0x20","0x20","0x20","0x20","0x20","0x20","0x20","0x20","0x20","0x20","0x20","0x20","0x20","0x20","0x20","0x00","0x20","0x20","0x20","0x20","0x20","0x20","0x20"
"47","0x0","0x1","0b0000000000000000","0b0000000000000011","0","0","0b0000000000000000","0b0000000000000000","0b0000000000000000","0b0000000000000001","0","0b0000000000000000","0b0000000000000001","0x00000018","0x1AC10000","1","0","0x00000004","1","0","0","0x00000000","0x00000000","0x00000000","0x00000000","0x00000000","0x00000000","0x00000000","0x00000000","0x00000000","0x00000000","0x00000000","0x00000000","0x00000000","0x00000000","0x00000000","0x00000000","0x00000000","0x00000000","0x00000000","0x00000000","0x00000000","0x00000000","0x00000000","0x00000000","0x00000000","0x00000000","0x00000000","0x00000001","0xFFFFFFFF","0x00000004","0x00000000","0x00000040","0","0","0","0","0","0","0","0","0x0","0x0","0x0","0x0","0","0","0","0","0","0","0","0","0","0","0","0","0x00","0x00","0x00","0x00","0x0","0x0","0x0","0x0","1","0","0","0x1AC10000","0x1AC40400","0x00000000","0x00000000","0x00000000","0x00000000","0x00000000","0x00000000","0x01","0x00","0x00","0x00","0x00","0x00","0x00","0x00","0x000","0x000","0x000","0x000","0x000","0x000","0x000","0x000","0x00","0x01","0x01","0x20","0x20","0x20","0x20","0x20","0x20","0x20","0x20","0x20","0x20","0x20","0x20","0x20","0x20","0x20","0x20","0x20","0x20","0x20","0x20","0x20","0x20","0x20","0x20","0x01","0x20","0x20","0x20","0x20","0x20","0x20","0x20"
"48","0x0","0x1","0b0000000000000000","0b0000000000000011","0","0","0b0000000000000000","0b0000000000000000","0b0000000000000000","0b0000000000000001","1","0b0000000000000000","0b0000000000000001","0x00000019","0x1AC10000","1","0","0x00000005","1","0","0","0x00000000","0x00000000","0x00000000","0x00000000","0x00000000","0x00000000","0x00000000","0x00000000","0x00000000","0x00000000","0x00000000","0x00000000","0x00000000","0x00000000","0x00000000","0x00000000","0x00000000","0x00000000","0x00000000","0x00000000","0x00000000","0x00000000","0x00000000","0x00000000","0x00000000","0x00000000","0x00000000","0x00000001","0xFFFFFFFF","0x00000004","0x00000000","0x00000040","0","0","0","0","0","0","0","0","0x0","0x0","0x0","0x0","0","0","0","0","0","0","0","0","0","0","0","0","0x00","0x00","0x00","0x00","0x0","0x0","0x0","0x0","1","0","0","0x1AC10000","0x1AC40400","0x00000000","0x00000000","0x00000000","0x00000000","0x00000000","0x00000000","0x01","0x00","0x00","0x00","0x00","0x00","0x00","0x00","0x000","0x000","0x000","0x000","0x000","0x000","0x000","0x000","0x00","0x01","0x01","0x20","0x20","0x20","0x20","0x20","0x20","0x20","0x20","0x20","0x20","0x20","0x20","0x20","0x20","0x20","0x20","0x20","0x20","0x20","0x20","0x20","0x20","0x20","0x20","0x01","0x20","0x20","0x20","0x20","0x20","0x20","0x20"
"49","0x0","0x1","0b0000000000000001","0b0000000000000111","0","1","0b0000000000000000","0b0000000000000001","0b0000000000000000","0b0000000000000010","0","0b0000000000000001","0b0000000000000010","0x00000019","0x1AF00264","1","0","0x00000005","1","0","0","0x00000000","0x00000000","0x00000000","0x00000000","0x00000000","0x00000000","0x00000000","0x00000000","0x00000000","0x00000000","0x00000000","0x00000000","0x00000000","0x00000000","0x00000000","0x00000000","0x00000000","0x00000000","0x00000000","0x00000000","0x00000000","0x00000000","0x00000000","0x00000000","0x00000000","0x00000000","0x00000000","0x00000001","0xFFFFFFFF","0x00000008","0x00000000","0x00000040","0","0","0","0","0","0","0","0","0x0","0x0","0x0","0x0","0","0","0","0","0","0","0","0","0","0","0","0","0x00","0x00","0x00","0x00","0x0","0x0","0x0","0x0","1","0","0","0x1AF00264","0x1AC10000","0x1AC40400","0x00000000","0x00000000","0x00000000","0x00000000","0x00000000","0x02","0x01","0x00","0x00","0x00","0x00","0x00","0x00","0x000","0x000","0x000","0x000","0x000","0x000","0x000","0x000","0x00","0x01","0x01","0x20","0x20","0x20","0x20","0x20","0x20","0x20","0x20","0x20","0x20","0x20","0x20","0x20","0x20","0x20","0x20","0x20","0x20","0x20","0x20","0x20","0x20","0x20","0x20","0x01","0x20","0x20","0x20","0x20","0x20","0x02","0x20"
"50","0x0","0x1","0b0000000000000001","0b0000000000000111","0","1","0b0000000000000000","0b0000000000000001","0b0000000000000000","0b0000000000000010","1","0b0000000000000001","0b0000000000000010","0x0000001A","0x1AF00264","1","0","0x00000006","1","0","0","0x00000000","0x00000000","0x00000000","0x00000000","0x00000000","0x00000000","0x00000000","0x00000000","0x00000000","0x00000000","0x00000000","0x00000000","0x00000000","0x00000000","0x00000000","0x00000000","0x00000000","0x00000000","0x00000000","0x00000000","0x00000000","0x00000000","0x00000000","0x00000000","0x04000000","0x00000000","0x00000000","0x00000001","0xFFFFFFFF","0x00000008","0x00000000","0x00000040","0","0","0","0","0","0","0","0","0x0","0x0","0x0","0x0","0","0","0","0","0","0","0","0","0","0","0","0","0x00","0x00","0x00","0x00","0x0","0x0","0x0","0x0","1","0","0","0x1AF00264","0x1AC10000","0x1AC40400","0x00000000","0x00000000","0x00000000","0x00000000","0x00000000","0x02","0x01","0x00","0x00","0x00","0x00","0x00","0x00","0x000","0x000","0x000","0x000","0x000","0x000","0x000","0x000","0x00","0x01","0x01","0x20","0x20","0x20","0x20","0x20","0x20","0x20","0x20","0x20","0x20","0x20","0x20","0x20","0x20","0x20","0x20","0x20","0x20","0x20","0x20","0x20","0x20","0x20","0x20","0x01","0x20","0x20","0x20","0x20","0x20","0x02","0x20"
"51","0x1","0x2","0b0000000000000010","0b0000000000001110","0","1","0b0000000000000000","0b0000000000000010","0b0000000000000000","0b0000000000000100","0","0b0000000000000010","0b0000000000000100","0x0000001A","0x1A080061","1","0","0x00000006","1","0","0","0x00000000","0x00000000","0x00000000","0x00000000","0x00000000","0x00000000","0x00000000","0x00000000","0x00000000","0x00000000","0x00000000","0x00000000","0x00000000","0x00000000","0x00000000","0x00000000","0x00000000","0x00000000","0x00000000","0x00000000","0x00000000","0x00000000","0x00000000","0x00000000","0x04000000","0x00000000","0x00000000","0x00000001","0xFFFFFFFF","0x0000000C","0x00000000","0x00000040","0","0","0","0","0","0","0","0","0x0","0x0","0x0","0x0","0","0","0","0","0","0","0","0","0","0","0","0","0x00","0x00","0x00","0x00","0x0","0x0","0x0","0x0","1","0","0","0x1A080061","0x1AF00264","0x1AC10000","0x1AC40400","0x00000000","0x00000000","0x00000000","0x00000000","0x03","0x02","0x01","0x00","0x00","0x00","0x00","0x00","0x000","0x000","0x000","0x000","0x000","0x000","0x000","0x000","0x00","0x01","0x01","0x20","0x03","0x20","0x20","0x20","0x20","0x20","0x20","0x20","0x20","0x20","0x20","0x20","0x20","0x20","0x20","0x20","0x20","0x20","0x20","0x20","0x20","0x20","0x20","0x01","0x20","0x20","0x20","0x20","0x20","0x02","0x20"
"52","0x1","0x2","0b0000000000000010","0b0000000000001110","0","1","0b0000000000000000","0b0000000000000010","0b0000000000000000","0b0000000000000100","1","0b0000000000000010","0b0000000000000100","0x0000001B","0x1A080061","1","0","0x00000007","1","0","0","0x00000000","0x00000000","0x00000000","0x00000000","0x00000000","0x00000000","0x00000000","0x00000000","0x00000000","0x00000000","0x00000000","0x00000000","0x00000000","0x00000000","0x00000000","0x00000000","0x00000000","0x00000000","0x00000000","0x00000000","0x00000000","0x00000000","0x00000000","0x00000000","0x04000000","0x00000000","0x00000000","0x00000001","0xFFFFFFFF","0x0000000C","0x00000000","0x00000040","0","0","0","0","0","0","0","1","0x0","0x0","0x0","0x4","0","0","0","0","0","0","0","0","0","0","0","0","0x00","0x00","0x00","0x00","0x0","0x0","0x0","0x0","1","0","0","0x1A080061","0x1AF00264","0x1AC10000","0x1AC40400","0x00000000","0x00000000","0x00000000","0x00000000","0x03","0x02","0x01","0x00","0x00","0x00","0x00","0x00","0x000","0x000","0x000","0x000","0x000","0x000","0x000","0x000","0x00","0x01","0x01","0x20","0x03","0x20","0x20","0x20","0x20","0x20","0x20","0x20","0x20","0x20","0x20","0x20","0x20","0x20","0x20","0x20","0x20","0x20","0x20","0x20","0x20","0x20","0x20","0x01","0x20","0x20","0x20","0x20","0x20","0x02","0x20"
"53","0x2","0x3","0b0000000000000100","0b0000000000011100","0","1","0b0000000000000000","0b0000000000000100","0b0000000000000000","0b0000000000001000","0","0b0000000000000100","0b0000000000001000","0x0000001B","0x7208000C","1","0","0x00000007","1","0","0","0x00000000","0x00000000","0x00000000","0x00000000","0x00000000","0x00000000","0x00000000","0x00000000","0x00000000","0x00000000","0x00000000","0x00000000","0x00000000","0x00000000","0x00000000","0x00000000","0x00000000","0x00000000","0x00000000","0x00000000","0x00000000","0x00000000","0x00000000","0x00000000","0x04000000","0x00000000","0x00000000","0x00000001","0xFFFFFFFF","0x00000010","0x00000000","0x00000040","0","0","0","0","0","0","0","1","0x0","0x0","0x0","0x4","0","0","0","0","0","0","0","0","0","0","0","0","0x00","0x00","0x00","0x00","0x0","0x0","0x0","0x0","1","0","0","0x5808000C","0x1A080061","0x1AF00264","0x1AC10000","0x1AC40400","0x00000000","0x00000000","0x00000000","0x04","0x03","0x02","0x01","0x00","0x00","0x00","0x00","0x130","0x000","0x000","0x000","0x000","0x000","0x000","0x000","0x00","0x00","0x01","0x20","0x03","0x20","0x20","0x20","0x20","0x20","0x20","0x20","0x20","0x20","0x20","0x20","0x20","0x20","0x20","0x20","0x20","0x20","0x20","0x20","0x20","0x20","0x20","0x20","0x20","0x20","0x20","0x20","0x20","0x02","0x20"
"54","0x2","0x3","0b0000000000000100","0b0000000000011100","0","1","0b0000000000000000","0b0000000000000100","0b0000000000000000","0b0000000000001000","1","0b0000000000000100","0b0000000000001000","0x0000001C","0x7208000C","1","0","0x00000008","1","0","0","0x00000000","0x00000000","0x00000000","0x00000000","0x00000000","0x00000000","0x00000000","0x00000000","0x00000000","0x00000000","0x00000000","0x00000000","0x00000000","0x00000000","0x00000000","0x00000000","0x00000000","0x00000000","0x00000000","0x00000000","0x00000000","0x00000000","0x00000000","0x00000000","0x04000000","0x00000000","0x00000000","0x00000001","0xFFFFFFFF","0x00000010","0x00000264","0x00000040","0","0","0","0","0","0","0","1","0x0","0x0","0x0","0x4","0","0","0","0","0","0","0","0","0","0","0","0","0x00","0x00","0x00","0x00","0x0","0x0","0x0","0x0","1","0","0","0x5808000C","0x1A080061","0x1AF00264","0x1AC10000","0x1AC40400","0x00000000","0x00000000","0x00000000","0x04","0x03","0x02","0x01","0x00","0x00","0x00","0x00","0x130","0x000","0x000","0x000","0x000","0x000","0x000","0x000","0x00","0x00","0x01","0x20","0x03","0x20","0x20","0x20","0x20","0x20","0x20","0x20","0x20","0x20","0x20","0x20","0x20","0x20","0x20","0x20","0x20","0x20","0x20","0x20","0x20","0x20","0x20","0x20","0x20","0x20","0x20","0x20","0x20","0x02","0x20"
"55","0x3","0x4","0b0000000000001000","0b0000000000111000","0","1","0b0000000000000000","0b0000000000001000","0b0000000000000000","0b0000000000000000","0","0b0000000000001000","0b0000000000000000","0x0000001C","0x1A08000A","1","0","0x00000008","1","0","0","0x00000000","0x00000000","0x00000000","0x00000000","0x00000000","0x00000000","0x00000000","0x00000000","0x00000000","0x00000000","0x00000000","0x00000000","0x00000000","0x00000000","0x00000000","0x00000000","0x00000000","0x00000000","0x00000000","0x00000000","0x00000000","0x00000000","0x00000000","0x00000000","0x04000000","0x00000000","0x00000000","0x00000001","0xFFFFFFFF","0x00000014","0x00000264","0x00000040","0","0","0","0","0","0","0","1","0x0","0x0","0x0","0x4","0","0","0","0","0","0","0","0","0","0","0","0","0x00","0x00","0x00","0x00","0x0","0x0","0x0","0x0","1","0","0","0x1A08000A","0x5808000C","0x1A080061","0x1AF00264","0x1AC10000","0x1AC40400","0x00000000","0x00000000","0x05","0x04","0x03","0x02","0x01","0x00","0x00","0x00","0x000","0x130","0x000","0x000","0x000","0x000","0x000","0x000","0x00","0x01","0x03","0x20","0x05","0x20","0x20","0x20","0x20","0x20","0x20","0x20","0x20","0x20","0x20","0x20","0x20","0x20","0x20","0x20","0x20","0x20","0x20","0x20","0x20","0x20","0x20","0x20","0x20","0x20","0x20","0x20","0x20","0x20","0x20"
"56","0x3","0x4","0b0000000000001000","0b0000000000111000","0","1","0b0000000000000000","0b0000000000001000","0b0000000000000000","0b0000000000000000","1","0b0000000000001000","0b0000000000000000","0x0000001D","0x1A08000A","1","0","0x00000009","1","0","0","0x00000000","0x00000061","0x00000000","0x00000000","0x00000000","0x00000000","0x00000000","0x00000000","0x00000000","0x00000000","0x00000000","0x00000000","0x00000000","0x00000000","0x00000000","0x00000000","0x00000000","0x00000000","0x00000000","0x00000000","0x00000000","0x00000000","0x00000000","0x00000000","0x04000000","0x00000000","0x00000000","0x00000001","0xFFFFFFFF","0x00000014","0x00000264","0x00000040","0","0","0","0","0","0","1","1","0x0","0x0","0x6","0x4","0","0","0","0","0","0","0","0","0","0","0","0","0x00","0x00","0x00","0x00","0x0","0x0","0x0","0x0","1","0","0","0x1A08000A","0x5808000C","0x1A080061","0x1AF00264","0x1AC10000","0x1AC40400","0x00000000","0x00000000","0x05","0x04","0x03","0x02","0x01","0x00","0x00","0x00","0x000","0x130","0x000","0x000","0x000","0x000","0x000","0x000","0x00","0x01","0x03","0x20","0x05","0x20","0x20","0x20","0x20","0x20","0x20","0x20","0x20","0x20","0x20","0x20","0x20","0x20","0x20","0x20","0x20","0x20","0x20","0x20","0x20","0x20","0x20","0x20","0x20","0x20","0x20","0x20","0x20","0x20","0x20"
"57","0x4","0x5","0b0000000000000000","0b0000000001110000","0","0","0b0000000000000000","0b0000000000000000","0b0000000000000000","0b0000000000100000","0","0b0000000000000000","0b0000000000100000","0x0000001D","0x5808000C","1","0","0x00000009","1","0","0","0x00000000","0x00000061","0x00000000","0x00000000","0x00000000","0x00000000","0x00000000","0x00000000","0x00000000","0x00000000","0x00000000","0x00000000","0x00000000","0x00000000","0x00000000","0x00000000","0x00000000","0x00000000","0x00000000","0x00000000","0x00000000","0x00000000","0x00000000","0x00000000","0x04000000","0x00000000","0x00000000","0x00000001","0xFFFFFFFF","0x00000010","0x00000264","0x00000040","0","0","0","0","0","0","1","1","0x0","0x0","0x6","0x4","0","0","0","0","0","0","0","0","0","0","0","0","0x00","0x00","0x00","0x00","0x0","0x0","0x0","0x0","1","0","0","0x5808000C","0x1A08000A","0x5808000C","0x1A080061","0x1AF00264","0x1AC10000","0x1AC40400","0x00000000","0x06","0x05","0x04","0x03","0x02","0x01","0x00","0x00","0x050","0x000","0x130","0x000","0x000","0x000","0x000","0x000","0x00","0x04","0x05","0x20","0x05","0x20","0x20","0x20","0x20","0x20","0x20","0x20","0x20","0x20","0x20","0x20","0x20","0x20","0x20","0x20","0x20","0x20","0x20","0x20","0x20","0x20","0x20","0x20","0x20","0x20","0x20","0x20","0x20","0x20","0x20"
"58","0x4","0x5","0b0000000000000000","0b0000000001110000","0","0","0b0000000000000000","0b0000000000000000","0b0000000000000000","0b0000000000100000","1","0b0000000000000000","0b0000000000100000","0x0000001E","0x5808000C","1","0","0x0000000A","1","0","0","0x00000000","0x00000061","0x00000000","0x00000000","0x00000000","0x00000000","0x00000000","0x00000000","0x00000000","0x00000000","0x00000000","0x00000000","0x00000000","0x00000000","0x00000000","0x00000000","0x00000000","0x00000000","0x00000000","0x00000000","0x00000000","0x00000000","0x00000000","0x00000000","0x04000000","0x00000000","0x00000000","0x00000001","0xFFFFFFFF","0x00000010","0x00000264","0x00000040","0","0","0","0","0","1","1","1","0x0","0x7","0x6","0x4","0","0","0","0","0","0","0","0","0","0","0","0","0x00","0x00","0x00","0x00","0x0","0x0","0x0","0x0","1","0","0","0x5808000C","0x1A08000A","0x5808000C","0x1A080061","0x1AF00264","0x1AC10000","0x1AC40400","0x00000000","0x06","0x05","0x04","0x03","0x02","0x01","0x00","0x00","0x050","0x000","0x130","0x000","0x000","0x000","0x000","0x000","0x00","0x04","0x05","0x20","0x05","0x20","0x20","0x20","0x20","0x20","0x20","0x20","0x20","0x20","0x20","0x20","0x20","0x20","0x20","0x20","0x20","0x20","0x20","0x20","0x20","0x20","0x20","0x20","0x20","0x20","0x20","0x20","0x20","0x20","0x20"
"59","0x4","0x5","0b0000000000100000","0b0000000011110000","0","0","0b0000000000000000","0b0000000000000000","0b0000000000000000","0b0000000000010000","0","0b0000000000100000","0b0000000000010000","0x0000001E","0x70D00074","1","0","0x0000000A","1","0","0","0x00000000","0x00000061","0x00000000","0x00000000","0x00000000","0x00000000","0x00000000","0x00000000","0x00000000","0x00000000","0x00000000","0x00000000","0x00000000","0x00000000","0x00000000","0x00000000","0x00000000","0x00000000","0x00000000","0x00000000","0x00000000","0x00000000","0x00000000","0x00000000","0x04000000","0x00000000","0x00000000","0x00000001","0xFFFFFFFF","0x0000001C","0x00000264","0x00000040","0","0","0","0","0","1","1","1","0x0","0x7","0x6","0x4","0","0","0","0","0","0","0","0","0","0","0","0","0x00","0x00","0x00","0x00","0x0","0x0","0x0","0x0","1","0","0","0x70D00074","0x5808000C","0x1A08000A","0x5808000C","0x1A080061","0x1AF00264","0x1AC10000","0x1AC40400","0x07","0x06","0x05","0x04","0x03","0x02","0x01","0x00","0x000","0x050","0x000","0x130","0x000","0x000","0x000","0x000","0x00","0x01","0x03","0x20","0x05","0x20","0x20","0x20","0x20","0x20","0x20","0x20","0x20","0x20","0x20","0x20","0x20","0x20","0x20","0x20","0x20","0x20","0x20","0x20","0x20","0x20","0x20","0x20","0x20","0x20","0x20","0x20","0x20","0x07","0x20"
"60","0x4","0x5","0b0000000000100000","0b0000000011110000","0","0","0b0000000000000000","0b0000000000000000","0b0000000000000000","0b0000000000010000","1","0b0000000000100000","0b0000000000010000","0x0000001F","0x70D00074","1","0","0x0000000B","1","0","0","0x00000000","0x00000061","0x00000000","0x00000000","0x00000000","0x00000000","0x00000000","0x00000000","0x00000000","0x00000000","0x00000000","0x00000000","0x00000000","0x00000000","0x00000000","0x00000000","0x00000000","0x00000000","0x00000000","0x00000000","0x00000000","0x00000000","0x00000000","0x00000000","0x04000000","0x00000000","0x00000000","0x00000001","0xFFFFFFFF","0x0000001C","0x00000260","0x00000040","0","0","0","0","1","1","1","1","0x8","0x7","0x6","0x4","0","0","0","0","0","0","0","0","0","0","0","0","0x00","0x00","0x00","0x00","0x0","0x0","0x0","0x0","1","0","0","0x70D00074","0x5808000C","0x1A08000A","0x5808000C","0x1A080061","0x1AF00264","0x1AC10000","0x1AC40400","0x07","0x06","0x05","0x04","0x03","0x02","0x01","0x00","0x000","0x050","0x000","0x130","0x000","0x000","0x000","0x000","0x00","0x01","0x03","0x20","0x05","0x20","0x20","0x20","0x20","0x20","0x20","0x20","0x20","0x20","0x20","0x20","0x20","0x20","0x20","0x20","0x20","0x20","0x20","0x20","0x20","0x20","0x20","0x20","0x20","0x20","0x20","0x20","0x20","0x07","0x20"
"61","0x4","0x5","0b0000000000110000","0b0000000111110000","1","1","0b0000000000100000","0b0000000000010000","0b0000001100000000","0b0000000010000000","0","0b0000000000110000","0b0000000010000000","0x0000001F","0x72D000C4","1","0","0x0000000B","0","0","1","0x00000000","0x00000061","0x00000000","0x00000000","0x00000000","0x00000000","0x00000000","0x00000000","0x00000000","0x00000000","0x00000000","0x00000000","0x00000000","0x00000000","0x00000000","0x00000000","0x00000000","0x00000000","0x00000000","0x00000000","0x00000000","0x00000000","0x00000000","0x00000000","0x04000000","0x00000000","0x00000000","0x00000001","0xFFFFFFFF","0x00000020","0x00000260","0x00000040","0","0","0","0","1","1","1","1","0x8","0x7","0x6","0x4","0","0","0","0","0","0","0","0","0","0","0","0","0x00","0x00","0x00","0x00","0x0","0x0","0x0","0x0","1","0","0","0x70D000C4","0x70D00074","0x5808000C","0x1A08000A","0x5808000C","0x1A080061","0x1AF00264","0x1AC10000","0x08","0x07","0x06","0x05","0x04","0x03","0x02","0x01","0x007","0x000","0x050","0x000","0x130","0x000","0x000","0x000","0x01","0x00","0x05","0x20","0x05","0x20","0x20","0x20","0x20","0x20","0x20","0x20","0x20","0x20","0x20","0x20","0x20","0x20","0x20","0x20","0x20","0x20","0x20","0x20","0x20","0x20","0x20","0x20","0x20","0x20","0x20","0x20","0x20","0x08","0x20"
"62","0x4","0x5","0b0000000000110000","0b0000000111110000","1","1","0b0000000000100000","0b0000000000010000","0b0000001100000000","0b0000000010000000","1","0b0000000000110000","0b0000000010000000","0x00000020","0x72D000C4","1","0","0x0000000C","0","0","1","0x00000000","0x0000000A","0x00000000","0x00000000","0x00000000","0x00000000","0x00000000","0x00000000","0x00000000","0x00000000","0x00000000","0x00000000","0x00000000","0x00000000","0x00000000","0x00000000","0x00000000","0x00000000","0x00000000","0x00000000","0x00000000","0x00000000","0x00000000","0x00000000","0x04000000","0x00000000","0x00000000","0x00000001","0xFFFFFFFF","0x00000020","0x00000260","0x00000040","0","0","0","1","0","1","1","1","0x8","0x7","0x6","0x4","0","0","0","0","0","0","0","0","0","0","0","0","0x00","0x00","0x00","0x00","0x0","0x0","0x0","0x0","1","0","0","0x70D000C4","0x70D00074","0x5808000C","0x1A08000A","0x5808000C","0x1A080061","0x1AF00264","0x1AC10000","0x08","0x07","0x06","0x05","0x04","0x03","0x02","0x01","0x007","0x000","0x050","0x000","0x130","0x000","0x000","0x000","0x01","0x00","0x05","0x20","0x05","0x20","0x20","0x20","0x20","0x20","0x20","0x20","0x20","0x20","0x20","0x20","0x20","0x20","0x20","0x20","0x20","0x20","0x20","0x20","0x20","0x20","0x20","0x20","0x20","0x20","0x20","0x20","0x20","0x08","0x20"
"63","0x6","0x7","0b0000000010000000","0b0000000011000000","0","0","0b0000000000000000","0b0000000000000000","0b0000000000000000","0b0000000000000000","0","0b0000000010000000","0b0000000000000000","0x00000020","0x5808000C","1","0","0x0000000C","0","0","0","0x00000000","0x0000000A","0x00000000","0x00000000","0x00000000","0x00000000","0x00000000","0x00000000","0x00000000","0x00000000","0x00000000","0x00000000","0x00000000","0x00000000","0x00000000","0x00000000","0x00000000","0x00000000","0x00000000","0x00000000","0x00000000","0x00000000","0x00000000","0x00000000","0x04000000","0x00000000","0x00000000","0x00000001","0xFFFFFFFF","0x00000018","0x00000260","0x00000040","0","0","0","1","0","1","1","1","0x8","0x7","0x6","0x4","0","0","0","0","0","0","0","0","0","0","0","0","0x00","0x00","0x00","0x00","0x0","0x0","0x0","0x0","1","0","0","0x5A000204","0x70D000C4","0x70D00074","0x5808000C","0x1A08000A","0x5808000C","0x1A080061","0x1AF00264","0x09","0x08","0x07","0x06","0x05","0x04","0x03","0x02","0x000","0x007","0x000","0x050","0x000","0x130","0x000","0x000","0x00","0x08","0x08","0x20","0x20","0x20","0x20","0x20","0x20","0x20","0x20","0x20","0x20","0x20","0x20","0x20","0x20","0x20","0x20","0x20","0x20","0x20","0x20","0x20","0x20","0x20","0x20","0x20","0x20","0x20","0x20","0x20","0x20","0x07","0x20"
"64","0x6","0x7","0b0000000010000000","0b0000000011000000","0","0","0b0000000000000000","0b0000000000000000","0b0000000000000000","0b0000000000000000","1","0b0000000010000000","0b0000000000000000","0x00000021","0x5808000C","1","0","0x0000000D","0","0","0","0x00000000","0x0000000A","0x00000000","0x00000000","0x00000000","0x00000000","0x00000000","0x00000000","0x00000000","0x00000000","0x00000000","0x00000000","0x00000000","0x00000000","0x00000000","0x00000000","0x00000000","0x00000000","0x00000000","0x00000000","0x00000000","0x00000000","0x00000000","0x00000000","0x04000000","0x00000000","0x00000000","0x00000001","0xFFFFFFFF","0x00000018","0x00000260","0x00000040","0","0","0","0","0","1","1","0","0x8","0x7","0x6","0x4","0","0","0","0","0","0","0","0","0","0","0","0","0x00","0x00","0x00","0x00","0x0","0x0","0x0","0x0","1","0","0","0x5A000204","0x70D000C4","0x70D00074","0x5808000C","0x1A08000A","0x5808000C","0x1A080061","0x1AF00264","0x09","0x08","0x07","0x06","0x05","0x04","0x03","0x02","0x000","0x007","0x000","0x050","0x000","0x130","0x000","0x000","0x00","0x08","0x08","0x20","0x20","0x20","0x20","0x20","0x20","0x20","0x20","0x20","0x20","0x20","0x20","0x20","0x20","0x20","0x20","0x20","0x20","0x20","0x20","0x20","0x20","0x20","0x20","0x20","0x20","0x20","0x20","0x20","0x20","0x07","0x20"
"65","0x6","0x7","0b0000000010000000","0b0000000011000000","0","0","0b0000000000000000","0b0000000000000000","0b0000000000000000","0b0000000001000000","0","0b0000000010000000","0b0000000001000000","0x00000021","0x72000204","1","0","0x0000000D","0","0","0","0x00000000","0x0000000A","0x00000000","0x00000000","0x00000000","0x00000000","0x00000000","0x00000000","0x00000000","0x00000000","0x00000000","0x00000000","0x00000000","0x00000000","0x00000000","0x00000000","0x00000000","0x00000000","0x00000000","0x00000000","0x00000000","0x00000000","0x00000000","0x00000000","0x04000000","0x00000000","0x00000000","0x00000001","0xFFFFFFFF","0x00000020","0x00000260","0x00000040","0","0","0","0","0","1","1","0","0x8","0x7","0x6","0x4","0","0","0","0","0","0","0","0","0","0","0","0","0x00","0x00","0x00","0x00","0x0","0x0","0x0","0x0","1","0","0","0x5A000204","0x5A000204","0x70D000C4","0x70D00074","0x5808000C","0x1A08000A","0x5808000C","0x1A080061","0x08","0x09","0x08","0x07","0x06","0x05","0x04","0x03","0x000","0x000","0x007","0x000","0x050","0x000","0x130","0x000","0x00","0x00","0x00","0x20","0x20","0x20","0x20","0x20","0x20","0x20","0x20","0x20","0x20","0x20","0x20","0x20","0x20","0x20","0x20","0x20","0x20","0x20","0x20","0x20","0x20","0x20","0x20","0x20","0x20","0x20","0x20","0x20","0x20","0x07","0x20"
"66","0x6","0x7","0b0000000010000000","0b0000000011000000","0","0","0b0000000000000000","0b0000000000000000","0b0000000000000000","0b0000000001000000","1","0b0000000010000000","0b0000000001000000","0x00000022","0x72000204","1","0","0x0000000E","0","0","0","0x00000000","0x0000000A","0x00000000","0x00000000","0x00000000","0x00000000","0x00000000","0x00000000","0x00000000","0x00000000","0x00000000","0x00000000","0x00000000","0x00000000","0x00000000","0x00000000","0x00000000","0x00000000","0x00000000","0x00000000","0x00000000","0x00000000","0x00000000","0x00000000","0x04000000","0x00000000","0x00000000","0x00000001","0xFFFFFFFF","0x00000020","0x00000260","0x00000040","0","0","0","0","0","1","1","0","0x8","0x7","0x6","0x4","0","0","0","0","0","0","0","0","0","0","0","0","0x00","0x00","0x00","0x00","0x0","0x0","0x0","0x0","1","0","0","0x5A000204","0x5A000204","0x70D000C4","0x70D00074","0x5808000C","0x1A08000A","0x5808000C","0x1A080061","0x08","0x09","0x08","0x07","0x06","0x05","0x04","0x03","0x000","0x000","0x007","0x000","0x050","0x000","0x130","0x000","0x00","0x00","0x00","0x20","0x20","0x20","0x20","0x20","0x20","0x20","0x20","0x20","0x20","0x20","0x20","0x20","0x20","0x20","0x20","0x20","0x20","0x20","0x20","0x20","0x20","0x20","0x20","0x20","0x20","0x20","0x20","0x20","0x20","0x07","0x20"
"67","0x6","0x7","0b0000000011000000","0b0000000011000000","1","1","0b0000000010000000","0b0000000001000000","0b0000000000000000","0b0000000000000000","0","0b0000000011000000","0b0000000000000000","0x00000022","0x72000204","1","0","0x0000000E","1","0","0","0x00000000","0x0000000A","0x00000000","0x00000000","0x00000000","0x00000000","0x00000000","0x00000000","0x00000000","0x00000000","0x00000000","0x00000000","0x00000000","0x00000000","0x00000000","0x00000000","0x00000000","0x00000000","0x00000000","0x00000000","0x00000000","0x00000000","0x00000000","0x00000000","0x04000000","0x00000000","0x00000000","0x00000001","0xFFFFFFFF","0x00000020","0x00000260","0x00000040","0","0","0","0","0","1","1","0","0x8","0x7","0x6","0x4","0","0","0","0","0","0","0","0","0","0","0","0","0x00","0x00","0x00","0x00","0x0","0x0","0x0","0x0","1","0","0","0x5A000204","0x5A000204","0x5A000204","0x70D000C4","0x70D00074","0x5808000C","0x1A08000A","0x5808000C","0x08","0x08","0x09","0x08","0x07","0x06","0x05","0x04","0x000","0x000","0x000","0x007","0x000","0x050","0x000","0x130","0x00","0x00","0x00","0x20","0x20","0x20","0x20","0x20","0x20","0x20","0x20","0x20","0x20","0x20","0x20","0x20","0x20","0x20","0x20","0x20","0x20","0x20","0x20","0x20","0x20","0x20","0x20","0x20","0x20","0x20","0x20","0x20","0x20","0x07","0x20"
"68","0x6","0x7","0b0000000011000000","0b0000000011000000","1","1","0b0000000010000000","0b0000000001000000","0b0000000000000000","0b0000000000000000","1","0b0000000011000000","0b0000000000000000","0x00000023","0x72000204","1","0","0x0000000F","1","0","0","0x00000000","0x0000000A","0x00000000","0x00000000","0x00000000","0x00000000","0x00000000","0x00000000","0x00000000","0x00000000","0x00000000","0x00000000","0x00000000","0x00000000","0x00000000","0x00000000","0x00000000","0x00000000","0x00000000","0x00000000","0x00000000","0x00000000","0x00000000","0x00000000","0x04000000","0x00000000","0x00000000","0x00000001","0xFFFFFFFF","0x00000074","0x00000260","0x00000040","0","1","1","0","0","1","1","0","0x8","0x7","0x6","0x4","0","0","0","0","0","0","0","0","0","0","0","0","0x00","0x00","0x00","0x00","0x0","0x0","0x0","0x0","1","0","0","0x5A000204","0x5A000204","0x5A000204","0x70D000C4","0x70D00074","0x5808000C","0x1A08000A","0x5808000C","0x08","0x08","0x09","0x08","0x07","0x06","0x05","0x04","0x000","0x000","0x000","0x007","0x000","0x050","0x000","0x130","0x00","0x00","0x00","0x20","0x20","0x20","0x20","0x20","0x20","0x20","0x20","0x20","0x20","0x20","0x20","0x20","0x20","0x20","0x20","0x20","0x20","0x20","0x20","0x20","0x20","0x20","0x20","0x20","0x20","0x20","0x20","0x20","0x20","0x07","0x20"
"69","0x8","0x9","0b0000000000000000","0b0000000100000000","0","0","0b0000000000000000","0b0000000000000000","0b0000000000000000","0b0000000000000000","0","0b0000000000000000","0b0000000000000000","0x00000023","0x1A080001","1","0","0x0000000F","1","0","0","0x00000000","0x0000000A","0x00000000","0x00000000","0x00000000","0x00000000","0x00000000","0x00000000","0x00000000","0x00000000","0x00000000","0x00000000","0x00000000","0x00000000","0x00000000","0x00000000","0x00000000","0x00000000","0x00000000","0x00000000","0x00000000","0x00000000","0x00000000","0x00000000","0x04000000","0x00000000","0x00000000","0x00000001","0xFFFFFFFF","0x00000074","0x00000260","0x00000040","0","1","1","0","0","1","1","0","0x8","0x7","0x6","0x4","0","0","0","0","0","0","0","0","0","0","0","0","0x00","0x00","0x00","0x00","0x0","0x0","0x0","0x0","1","0","0","0x1A080001","0x5A000204","0x5A000204","0x5A000204","0x70D000C4","0x70D00074","0x5808000C","0x1A08000A","0x08","0x08","0x08","0x09","0x08","0x07","0x06","0x05","0x000","0x000","0x000","0x000","0x007","0x000","0x050","0x000","0x00","0x01","0x01","0x20","0x08","0x20","0x20","0x20","0x20","0x20","0x20","0x20","0x20","0x20","0x20","0x20","0x20","0x20","0x20","0x20","0x20","0x20","0x20","0x20","0x20","0x20","0x20","0x20","0x20","0x20","0x20","0x20","0x20","0x20","0x20"
"70","0x8","0x9","0b0000000000000000","0b0000000100000000","0","0","0b0000000000000000","0b0000000000000000","0b0000000000000000","0b0000000000000000","1","0b0000000000000000","0b0000000000000000","0x00000024","0x1A080001","1","0","0x00000010","1","0","0","0x00000000","0x0000000A","0x00000000","0x00000000","0x00000000","0x00000000","0x00000000","0x00000000","0x00000000","0x00000000","0x00000000","0x00000000","0x00000000","0x00000000","0x00000000","0x00000000","0x00000000","0x00000000","0x00000000","0x00000000","0x00000000","0x00000000","0x00000000","0x00000000","0x04000000","0x00000000","0x00000000","0x00000001","0xFFFFFFFF","0x00000074","0x00000260","0x00000040","0","1","0","0","0","1","0","0","0x8","0x7","0x6","0x4","0","0","0","0","0","0","0","0","0","0","0","0","0x00","0x00","0x00","0x00","0x0","0x0","0x0","0x0","1","0","0","0x1A080001","0x5A000204","0x5A000204","0x5A000204","0x70D000C4","0x70D00074","0x5808000C","0x1A08000A","0x08","0x08","0x08","0x09","0x08","0x07","0x06","0x05","0x000","0x000","0x000","0x000","0x007","0x000","0x050","0x000","0x00","0x01","0x01","0x20","0x08","0x20","0x20","0x20","0x20","0x20","0x20","0x20","0x20","0x20","0x20","0x20","0x20","0x20","0x20","0x20","0x20","0x20","0x20","0x20","0x20","0x20","0x20","0x20","0x20","0x20","0x20","0x20","0x20","0x20","0x20"
"71","0x8","0x9","0b0000000000000000","0b0000001100000000","0","0","0b0000000000000000","0b0000000000000000","0b0000000000000000","0b0000000100000000","0","0b0000000000000000","0b0000000100000000","0x00000024","0x1A1001B4","1","0","0x00000010","1","0","0","0x00000000","0x0000000A","0x00000000","0x00000000","0x00000000","0x00000000","0x00000000","0x00000000","0x00000000","0x00000000","0x00000000","0x00000000","0x00000000","0x00000000","0x00000000","0x00000000","0x00000000","0x00000000","0x00000000","0x00000000","0x00000000","0x00000000","0x00000000","0x00000000","0x04000000","0x00000000","0x00000000","0x00000001","0xFFFFFFFF","0x00000078","0x00000260","0x00000040","0","1","0","0","0","1","0","0","0x8","0x7","0x6","0x4","0","0","0","0","0","0","0","0","0","0","0","0","0x00","0x00","0x00","0x00","0x0","0x0","0x0","0x0","1","0","0","0x1A1001B4","0x1A080001","0x5A000204","0x5A000204","0x5A000204","0x70D000C4","0x70D00074","0x5808000C","0x09","0x08","0x08","0x08","0x09","0x08","0x07","0x06","0x000","0x000","0x000","0x000","0x000","0x007","0x000","0x050","0x00","0x01","0x01","0x20","0x08","0x09","0x20","0x20","0x20","0x20","0x20","0x20","0x20","0x20","0x20","0x20","0x20","0x20","0x20","0x20","0x20","0x20","0x20","0x20","0x20","0x20","0x20","0x20","0x20","0x20","0x20","0x20","0x20","0x20","0x20"
"72","0x8","0x9","0b0000000000000000","0b0000001100000000","0","0","0b0000000000000000","0b0000000000000000","0b0000000000000000","0b0000000100000000","1","0b0000000000000000","0b0000000100000000","0x00000025","0x1A1001B4","1","0","0x00000011","1","0","0","0x00000000","0x0000000A","0x00000000","0x00000000","0x00000000","0x00000000","0x00000000","0x00000000","0x00000000","0x00000000","0x00000000","0x00000000","0x00000000","0x00000000","0x00000000","0x00000000","0x00000000","0x00000000","0x00000000","0x00000000","0x00000000","0x00000000","0x00000000","0x00000000","0x04000000","0x00000000","0x00000000","0x00000001","0xFFFFFFFF","0x00000078","0x00000260","0x00000040","0","0","0","0","0","0","0","0","0x8","0x7","0x6","0x4","0","0","0","0","0","0","0","0","0","0","0","0","0x00","0x00","0x00","0x00","0x0","0x0","0x0","0x0","1","0","0","0x1A1001B4","0x1A080001","0x5A000204","0x5A000204","0x5A000204","0x70D000C4","0x70D00074","0x5808000C","0x09","0x08","0x08","0x08","0x09","0x08","0x07","0x06","0x000","0x000","0x000","0x000","0x000","0x007","0x000","0x050","0x00","0x01","0x01","0x20","0x08","0x09","0x20","0x20","0x20","0x20","0x20","0x20","0x20","0x20","0x20","0x20","0x20","0x20","0x20","0x20","0x20","0x20","0x20","0x20","0x20","0x20","0x20","0x20","0x20","0x20","0x20","0x20","0x20","0x20","0x20"
"73","0x8","0x9","0b0000000100000000","0b0000011100000000","0","1","0b0000000000000000","0b0000000100000000","0b0000000000000000","0b0000001000000000","0","0b0000000100000000","0b0000001000000000","0x00000025","0x1A28006B","1","0","0x00000011","1","1","0","0x00000000","0x0000000A","0x00000000","0x00000000","0x00000000","0x00000000","0x00000000","0x00000000","0x00000000","0x00000000","0x00000000","0x00000000","0x00000000","0x00000000","0x00000000","0x00000000","0x00000000","0x00000000","0x00000000","0x00000000","0x00000000","0x00000000","0x00000000","0x00000000","0x04000000","0x00000000","0x00000000","0x00000001","0xFFFFFFFF","0x0000007C","0x00000260","0x00000040","0","0","0","0","0","0","0","0","0x8","0x7","0x6","0x4","0","0","0","0","0","0","0","0","0","0","0","0","0x00","0x00","0x00","0x00","0x0","0x0","0x0","0x0","1","0","0","0x1A28006B","0x1A1001B4","0x1A080001","0x5A000204","0x5A000204","0x5A000204","0x70D000C4","0x70D00074","0x0A","0x09","0x08","0x08","0x08","0x09","0x08","0x07","0x000","0x000","0x000","0x000","0x000","0x000","0x007","0x000","0x00","0x01","0x01","0x20","0x08","0x09","0x20","0x20","0x0A","0x20","0x20","0x20","0x20","0x20","0x20","0x20","0x20","0x20","0x20","0x20","0x20","0x20","0x20","0x20","0x20","0x20","0x20","0x20","0x20","0x20","0x20","0x20","0x20","0x20","0x20"
"74","0x8","0x9","0b0000000100000000","0b0000011100000000","0","1","0b0000000000000000","0b0000000100000000","0b0000000000000000","0b0000001000000000","1","0b0000000100000000","0b0000001000000000","0x00000026","0x1A28006B","1","0","0x00000012","1","1","0","0x00000000","0x00000001","0x00000000","0x00000000","0x00000000","0x00000000","0x00000000","0x00000000","0x00000000","0x00000000","0x00000000","0x00000000","0x00000000","0x00000000","0x00000000","0x00000000","0x00000000","0x00000000","0x00000000","0x00000000","0x00000000","0x00000000","0x00000000","0x00000000","0x04000000","0x00000000","0x00000000","0x00000001","0xFFFFFFFF","0x0000007C","0x00000260","0x00000040","0","0","0","0","0","0","0","0","0x8","0x7","0x6","0x4","0","0","0","1","0","0","0","0","0","0","0","0","0x00","0x00","0x00","0x00","0x0","0x0","0x0","0xB","1","0","0","0x1A28006B","0x1A1001B4","0x1A080001","0x5A000204","0x5A000204","0x5A000204","0x70D000C4","0x70D00074","0x0A","0x09","0x08","0x08","0x08","0x09","0x08","0x07","0x000","0x000","0x000","0x000","0x000","0x000","0x007","0x000","0x00","0x01","0x01","0x20","0x08","0x09","0x20","0x20","0x0A","0x20","0x20","0x20","0x20","0x20","0x20","0x20","0x20","0x20","0x20","0x20","0x20","0x20","0x20","0x20","0x20","0x20","0x20","0x20","0x20","0x20","0x20","0x20","0x20","0x20","0x20"
"75","0x9","0xA","0b0000001000000000","0b0000111000000000","0","1","0b0000000000000000","0b0000001000000000","0b0000000000000000","0b0000010000000000","0","0b0000001000000000","0b0000010000000000","0x00000026","0x38180004","1","0","0x00000012","1","0","0","0x00000000","0x00000001","0x00000000","0x00000000","0x00000000","0x00000000","0x00000000","0x00000000","0x00000000","0x00000000","0x00000000","0x00000000","0x00000000","0x00000000","0x00000000","0x00000000","0x00000000","0x00000000","0x00000000","0x00000000","0x00000000","0x00000000","0x00000000","0x00000000","0x04000000","0x00000000","0x00000000","0x00000001","0xFFFFFFFF","0x00000080","0x00000260","0x00000040","0","0","0","0","0","0","0","0","0x8","0x7","0x6","0x4","0","0","0","1","0","0","0","0","0","0","0","0","0x00","0x00","0x00","0x00","0x0","0x0","0x0","0xB","1","0","0","0x38180004","0x1A28006B","0x1A1001B4","0x1A080001","0x5A000204","0x5A000204","0x5A000204","0x70D000C4","0x0B","0x0A","0x09","0x08","0x08","0x08","0x09","0x08","0x000","0x000","0x000","0x000","0x000","0x000","0x000","0x007","0x00","0x01","0x01","0x20","0x20","0x09","0x0B","0x20","0x0A","0x20","0x20","0x20","0x20","0x20","0x20","0x20","0x20","0x20","0x20","0x20","0x20","0x20","0x20","0x20","0x20","0x20","0x20","0x20","0x20","0x20","0x20","0x20","0x20","0x20","0x20"
"76","0x9","0xA","0b0000001000000000","0b0000111000000000","0","1","0b0000000000000000","0b0000001000000000","0b0000000000000000","0b0000010000000000","1","0b0000001000000000","0b0000010000000000","0x00000027","0x38180004","1","0","0x00000013","1","0","0","0x00000000","0x00000001","0x000001B4","0x00000000","0x00000000","0x00000000","0x00000000","0x00000000","0x00000000","0x00000000","0x00000000","0x00000000","0x00000000","0x00000000","0x00000000","0x00000000","0x00000000","0x00000000","0x00000000","0x00000000","0x00000000","0x00000000","0x00000000","0x00000000","0x04000000","0x00000000","0x00000000","0x00000001","0xFFFFFFFF","0x00000080","0x00000260","0x00000040","0","0","0","0","0","0","0","0","0x8","0x7","0x6","0x4","0","0","0","1","0","0","0","0","0","0","0","0","0x00","0x00","0x00","0x00","0x0","0x0","0x0","0xB","1","0","0","0x38180004","0x1A28006B","0x1A1001B4","0x1A080001","0x5A000204","0x5A000204","0x5A000204","0x70D000C4","0x0B","0x0A","0x09","0x08","0x08","0x08","0x09","0x08","0x000","0x000","0x000","0x000","0x000","0x000","0x000","0x007","0x00","0x01","0x01","0x20","0x20","0x09","0x0B","0x20","0x0A","0x20","0x20","0x20","0x20","0x20","0x20","0x20","0x20","0x20","0x20","0x20","0x20","0x20","0x20","0x20","0x20","0x20","0x20","0x20","0x20","0x20","0x20","0x20","0x20","0x20","0x20"
"77","0xA","0xB","0b0000010000000000","0b0001110000000000","0","1","0b0000000000000000","0b0000010000000000","0b0000000000000000","0b0000000000000000","0","0b0000010000000000","0b0000000000000000","0x00000027","0x7218D000","1","0","0x00000013","1","0","0","0x00000000","0x00000001","0x000001B4","0x00000000","0x00000000","0x00000000","0x00000000","0x00000000","0x00000000","0x00000000","0x00000000","0x00000000","0x00000000","0x00000000","0x00000000","0x00000000","0x00000000","0x00000000","0x00000000","0x00000000","0x00000000","0x00000000","0x00000000","0x00000000","0x04000000","0x00000000","0x00000000","0x00000001","0xFFFFFFFF","0x00000084","0x00000260","0x00000040","0","0","0","0","0","0","0","0","0x8","0x7","0x6","0x4","0","0","0","1","0","0","0","0","0","0","0","0","0x00","0x00","0x00","0x00","0x0","0x0","0x0","0xB","0","0","1","0x1618D000","0x38180004","0x1A28006B","0x1A1001B4","0x1A080001","0x5A000204","0x5A000204","0x5A000204","0x0C","0x0B","0x0A","0x09","0x08","0x08","0x08","0x09","0xB00","0x000","0x000","0x000","0x000","0x000","0x000","0x000","0x00","0x00","0x01","0x20","0x20","0x20","0x0B","0x20","0x0A","0x20","0x20","0x20","0x20","0x20","0x20","0x20","0x20","0x20","0x20","0x20","0x20","0x20","0x20","0x20","0x20","0x20","0x20","0x20","0x20","0x20","0x20","0x20","0x20","0x20","0x0C"
"78","0xA","0xB","0b0000010000000000","0b0001110000000000","0","1","0b0000000000000000","0b0000010000000000","0b0000000000000000","0b0000000000000000","1","0b0000010000000000","0b0000000000000000","0x00000028","0x7218D000","1","0","0x00000014","1","0","0","0x00000000","0x00000001","0x000001B4","0x00000000","0x00000000","0x0000006B","0x00000000","0x00000000","0x00000000","0x00000000","0x00000000","0x00000000","0x00000000","0x00000000","0x00000000","0x00000000","0x00000000","0x00000000","0x00000000","0x00000000","0x00000000","0x00000000","0x00000000","0x00000000","0x04000000","0x00000000","0x00000000","0x00000001","0xFFFFFFFF","0x00000084","0x00000260","0x00000040","0","0","0","0","0","0","0","0","0x8","0x7","0x6","0x4","0","0","0","1","0","0","0","1","0","0","0","0","0x00","0x00","0x00","0x18","0x0","0x0","0x0","0xB","0","0","1","0x1618D000","0x38180004","0x1A28006B","0x1A1001B4","0x1A080001","0x5A000204","0x5A000204","0x5A000204","0x0C","0x0B","0x0A","0x09","0x08","0x08","0x08","0x09","0xB00","0x000","0x000","0x000","0x000","0x000","0x000","0x000","0x00","0x00","0x01","0x20","0x20","0x20","0x0B","0x20","0x0A","0x20","0x20","0x20","0x20","0x20","0x20","0x20","0x20","0x20","0x20","0x20","0x20","0x20","0x20","0x20","0x20","0x20","0x20","0x20","0x20","0x20","0x20","0x20","0x20","0x20","0x0C"
"79","0xB","0xC","0b0000000000000000","0b0011100000000000","0","0","0b0000000000000000","0b0000000000000000","0b0000000000000000","0b0000000000000000","0","0b0000000000000000","0b0000000000000000","0x00000028","0x72D000B4","1","0","0x00000014","1","1","0","0x00000000","0x00000001","0x000001B4","0x00000000","0x00000000","0x0000006B","0x00000000","0x00000000","0x00000000","0x00000000","0x00000000","0x00000000","0x00000000","0x00000000","0x00000000","0x00000000","0x00000000","0x00000000","0x00000000","0x00000000","0x00000000","0x00000000","0x00000000","0x00000000","0x04000000","0x00000000","0x00000000","0x00000001","0xFFFFFFFF","0x00000088","0x00000260","0x00000040","0","0","0","0","0","0","0","0","0x8","0x7","0x6","0x4","0","0","0","1","0","0","0","1","0","0","0","0","0x00","0x00","0x00","0x18","0x0","0x0","0x0","0xB","0","0","0","0x60D000B4","0x1618D000","0x38180004","0x1A28006B","0x1A1001B4","0x1A080001","0x5A000204","0x5A000204","0x0D","0x0C","0x0B","0x0A","0x09","0x08","0x08","0x08","0x00C","0xB00","0x000","0x000","0x000","0x000","0x000","0x000","0x00","0x00","0x03","0x20","0x20","0x20","0x0B","0x20","0x20","0x20","0x20","0x20","0x20","0x20","0x20","0x20","0x20","0x20","0x20","0x20","0x20","0x20","0x20","0x20","0x20","0x20","0x20","0x20","0x20","0x20","0x20","0x20","0x20","0x20","0x0C"
"80","0xB","0xC","0b0000000000000000","0b0011100000000000","0","0","0b0000000000000000","0b0000000000000000","0b0000000000000000","0b0000000000000000","1","0b0000000000000000","0b0000000000000000","0x00000029","0x72D000B4","1","0","0x00000015","1","1","0","0x00000000","0x00000001","0x000001B4","0x00000000","0x00000000","0x0000006B","0x00000000","0x00000000","0x00000000","0x00000000","0x00000000","0x00000000","0x00000000","0x00000000","0x00000000","0x00000000","0x00000000","0x00000000","0x00000000","0x00000000","0x00000000","0x00000000","0x00000000","0x00000000","0x04000000","0x00000000","0x00000000","0x00000001","0xFFFFFFFF","0x00000088","0x00000260","0x00000040","0","0","0","0","0","0","0","0","0x8","0x7","0x6","0x4","0","0","1","1","0","0","0","1","0","0","0","0","0x00","0x00","0x00","0x18","0x0","0x0","0xE","0xB","0","0","0","0x60D000B4","0x1618D000","0x38180004","0x1A28006B","0x1A1001B4","0x1A080001","0x5A000204","0x5A000204","0x0D","0x0C","0x0B","0x0A","0x09","0x08","0x08","0x08","0x00C","0xB00","0x000","0x000","0x000","0x000","0x000","0x000","0x00","0x00","0x03","0x20","0x20","0x20","0x0B","0x20","0x20","0x20","0x20","0x20","0x20","0x20","0x20","0x20","0x20","0x20","0x20","0x20","0x20","0x20","0x20","0x20","0x20","0x20","0x20","0x20","0x20","0x20","0x20","0x20","0x20","0x20","0x0C"
"81","0xB","0xC","0b0000000000000000","0b0111100000000000","0","0","0b0000000000000000","0b0000000000000000","0b0000000000000000","0b0000000000000000","0","0b0000000000000000","0b0000000000000000","0x00000029","0x38200000","1","0","0x00000015","1","0","0","0x00000000","0x00000001","0x000001B4","0x00000000","0x00000000","0x0000006B","0x00000000","0x00000000","0x00000000","0x00000000","0x00000000","0x00000000","0x00000000","0x00000000","0x00000000","0x00000000","0x00000000","0x00000000","0x00000000","0x00000000","0x00000000","0x00000000","0x00000000","0x00000000","0x04000000","0x00000000","0x00000000","0x00000001","0xFFFFFFFF","0x0000008C","0x00000260","0x00000040","0","0","0","0","0","0","0","0","0x8","0x7","0x6","0x4","0","0","1","1","0","0","0","1","0","0","0","0","0x00","0x00","0x00","0x18","0x0","0x0","0xE","0xB","0","0","0","0x38200000","0x60D000B4","0x1618D000","0x38180004","0x1A28006B","0x1A1001B4","0x1A080001","0x5A000204","0x0E","0x0D","0x0C","0x0B","0x0A","0x09","0x08","0x08","0x000","0x00C","0xB00","0x000","0x000","0x000","0x000","0x000","0x00","0x01","0x07","0x20","0x20","0x20","0x0B","0x0E","0x20","0x20","0x20","0x20","0x20","0x20","0x20","0x20","0x20","0x20","0x20","0x20","0x20","0x20","0x20","0x20","0x20","0x20","0x20","0x20","0x20","0x20","0x20","0x20","0x20","0x20","0x0C"
"82","0xB","0xC","0b0000000000000000","0b0111100000000000","0","0","0b0000000000000000","0b0000000000000000","0b0000000000000000","0b0000000000000000","1","0b0000000000000000","0b0000000000000000","0x0000002A","0x38200000","1","0","0x00000016","1","0","0","0x00000000","0x00000001","0x000001B4","0x00000000","0x00000000","0x0000006B","0x00000000","0x00000000","0x00000000","0x00000000","0x00000000","0x00000000","0x00000000","0x00000000","0x00000000","0x00000000","0x00000000","0x00000000","0x00000000","0x00000000","0x00000000","0x00000000","0x00000000","0x00000000","0x04000000","0x00000000","0x00000000","0x00000001","0xFFFFFFFF","0x0000008C","0x00000260","0x00000040","0","0","0","0","0","0","0","1","0x8","0x7","0x6","0xF","0","0","1","1","0","0","0","1","0","0","0","0","0x00","0x00","0x00","0x18","0x0","0x0","0xE","0xB","0","0","0","0x38200000","0x60D000B4","0x1618D000","0x38180004","0x1A28006B","0x1A1001B4","0x1A080001","0x5A000204","0x0E","0x0D","0x0C","0x0B","0x0A","0x09","0x08","0x08","0x000","0x00C","0xB00","0x000","0x000","0x000","0x000","0x000","0x00","0x01","0x07","0x20","0x20","0x20","0x0B","0x0E","0x20","0x20","0x20","0x20","0x20","0x20","0x20","0x20","0x20","0x20","0x20","0x20","0x20","0x20","0x20","0x20","0x20","0x20","0x20","0x20","0x20","0x20","0x20","0x20","0x20","0x20","0x0C"
"83","0xB","0xC","0b0000000000000000","0b1111100000000000","0","0","0b0000000000000000","0b0000000000000000","0b0000000000000000","0b0000000000000000","0","0b0000000000000000","0b0000000000000000","0x0000002A","0x58E00008","1","0","0x00000016","1","0","0","0x00000000","0x00000001","0x000001B4","0x00000000","0x00000000","0x0000006B","0x00000000","0x00000000","0x00000000","0x00000000","0x00000000","0x00000000","0x00000000","0x00000000","0x00000000","0x00000000","0x00000000","0x00000000","0x00000000","0x00000000","0x00000000","0x00000000","0x00000000","0x00000000","0x04000000","0x00000000","0x00000000","0x00000001","0xFFFFFFFF","0x00000090","0x00000260","0x00000040","0","0","0","0","0","0","0","1","0x8","0x7","0x6","0xF","0","0","1","1","0","0","0","1","0","0","0","0","0x00","0x00","0x00","0x18","0x0","0x0","0xE","0xB","0","0","1","0x58E00008","0x38200000","0x60D000B4","0x1618D000","0x38180004","0x1A28006B","0x1A1001B4","0x1A080001","0x0F","0x0E","0x0D","0x0C","0x0B","0x0A","0x09","0x08","0x000","0x000","0x00C","0xB00","0x000","0x000","0x000","0x000","0x00","0x01","0x0D","0x20","0x20","0x20","0x0B","0x0E","0x20","0x20","0x20","0x20","0x20","0x20","0x20","0x20","0x20","0x20","0x20","0x20","0x20","0x20","0x20","0x20","0x20","0x20","0x20","0x20","0x20","0x20","0x20","0x20","0x20","0x20","0x0C"
"84","0xB","0xC","0b0000000000000000","0b1111100000000000","0","0","0b0000000000000000","0b0000000000000000","0b0000000000000000","0b0000000000000000","1","0b0000000000000000","0b0000000000000000","0x0000002B","0x58E00008","1","0","0x00000017","1","0","0","0x00000000","0x00000001","0x000001B4","0x00000000","0x00000000","0x0000006B","0x00000000","0x00000000","0x00000000","0x00000000","0x00000000","0x00000000","0x00000000","0x00000000","0x00000000","0x00000000","0x00000000","0x00000000","0x00000000","0x00000000","0x00000000","0x00000000","0x00000000","0x00000000","0x04000000","0x00000000","0x00000000","0x00000001","0xFFFFFFFF","0x00000090","0x00000260","0x00000040","0","0","0","0","0","0","1","1","0x8","0x7","0x0","0xF","0","0","1","1","0","0","1","1","0","0","0","1","0x00","0x00","0x20","0x18","0x0","0x0","0xE","0xB","0","0","1","0x58E00008","0x38200000","0x60D000B4","0x1618D000","0x38180004","0x1A28006B","0x1A1001B4","0x1A080001","0x0F","0x0E","0x0D","0x0C","0x0B","0x0A","0x09","0x08","0x000","0x000","0x00C","0xB00","0x000","0x000","0x000","0x000","0x00","0x01","0x0D","0x20","0x20","0x20","0x0B","0x0E","0x20","0x20","0x20","0x20","0x20","0x20","0x20","0x20","0x20","0x20","0x20","0x20","0x20","0x20","0x20","0x20","0x20","0x20","0x20","0x20","0x20","0x20","0x20","0x20","0x20","0x20","0x0C"
"85","0xB","0xC","0b0000000000000000","0b1111100000000001","0","0","0b0000000000000000","0b0000000000000000","0b0000000000000000","0b1000100000000000","0","0b0000000000000000","0b1000100000000000","0x0000002B","0x5828000C","1","0","0x00000017","1","0","0","0x00000000","0x00000001","0x000001B4","0x00000000","0x00000000","0x0000006B","0x00000000","0x00000000","0x00000000","0x00000000","0x00000000","0x00000000","0x00000000","0x00000000","0x00000000","0x00000000","0x00000000","0x00000000","0x00000000","0x00000000","0x00000000","0x00000000","0x00000000","0x00000000","0x04000000","0x00000000","0x00000000","0x00000001","0xFFFFFFFF","0x00000094","0x00000260","0x00000040","0","0","0","0","0","0","1","1","0x8","0x7","0x0","0xF","0","0","1","1","0","0","1","1","0","0","0","1","0x00","0x00","0x20","0x18","0x0","0x0","0xE","0xB","1","0","0","0x5828000C","0x58E00008","0x38200000","0x60D000B4","0x1618D000","0x38180004","0x1A28006B","0x1A1001B4","0x10","0x0F","0x0E","0x0D","0x0C","0x0B","0x0A","0x09","0x000","0x000","0x000","0x00C","0xB00","0x000","0x000","0x000","0x00","0x01","0x19","0x20","0x20","0x20","0x0B","0x0E","0x20","0x20","0x20","0x20","0x20","0x20","0x20","0x20","0x20","0x20","0x20","0x20","0x20","0x20","0x20","0x20","0x20","0x20","0x20","0x20","0x20","0x20","0x20","0x20","0x20","0x20","0x0C"
"86","0xB","0xC","0b0000000000000000","0b1111100000000001","0","0","0b0000000000000000","0b0000000000000000","0b0000000000000000","0b1000100000000000","1","0b0000000000000000","0b1000100000000000","0x0000002C","0x5828000C","1","0","0x00000018","1","0","0","0x00000000","0x00000001","0x000001B4","0x00000000","0x00000000","0x0000006B","0x00000000","0x00000000","0x00000000","0x00000000","0x00000000","0x00000000","0x00000000","0x00000000","0x00000000","0x00000000","0x00000000","0x00000000","0x00000000","0x00000000","0x00000000","0x00000000","0x00000000","0x00000000","0x04000000","0x00000000","0x00000000","0x00000001","0xFFFFFFFF","0x00000094","0x00000260","0x00000040","0","0","0","0","0","0","1","1","0x8","0x7","0x0","0xF","0","0","1","1","0","0","1","1","0","0","0","1","0x00","0x00","0x20","0x18","0x0","0x0","0xE","0xB","1","0","0","0x5828000C","0x58E00008","0x38200000","0x60D000B4","0x1618D000","0x38180004","0x1A28006B","0x1A1001B4","0x10","0x0F","0x0E","0x0D","0x0C","0x0B","0x0A","0x09","0x000","0x000","0x000","0x00C","0xB00","0x000","0x000","0x000","0x00","0x01","0x19","0x20","0x20","0x20","0x0B","0x0E","0x20","0x20","0x20","0x20","0x20","0x20","0x20","0x20","0x20","0x20","0x20","0x20","0x20","0x20","0x20","0x20","0x20","0x20","0x20","0x20","0x20","0x20","0x20","0x20","0x20","0x20","0x0C"
"87","0xB","0xC","0b1000100000000000","0b1111100000000011","0","1","0b0000000000000000","0b0000100000000000","0b0000000000000000","0b0000000000000001","0","0b1000100000000000","0b0000000000000001","0x0000002C","0x7220000A","1","0","0x00000018","1","0","0","0x00000000","0x00000001","0x000001B4","0x00000000","0x00000000","0x0000006B","0x00000000","0x00000000","0x00000000","0x00000000","0x00000000","0x00000000","0x00000000","0x00000000","0x00000000","0x00000000","0x00000000","0x00000000","0x00000000","0x00000000","0x00000000","0x00000000","0x00000000","0x00000000","0x04000000","0x00000000","0x00000000","0x00000001","0xFFFFFFFF","0x00000098","0x00000260","0x00000040","0","0","0","0","0","0","1","1","0x8","0x7","0x0","0xF","0","0","1","1","0","0","1","1","0","0","0","1","0x00","0x00","0x20","0x18","0x0","0x0","0xE","0xB","1","0","0","0x1720000A","0x5828000C","0x58E00008","0x38200000","0x60D000B4","0x1618D000","0x38180004","0x1A28006B","0x11","0x10","0x0F","0x0E","0x0D","0x0C","0x0B","0x0A","0xE00","0x000","0x000","0x000","0x00C","0xB00","0x000","0x000","0x00","0x00","0x31","0x20","0x20","0x20","0x0B","0x0E","0x20","0x20","0x20","0x20","0x20","0x20","0x20","0x20","0x20","0x20","0x20","0x20","0x20","0x20","0x20","0x20","0x20","0x20","0x20","0x20","0x20","0x20","0x20","0x20","0x20","0x20","0x11"
"88","0xB","0xC","0b1000100000000000","0b1111100000000011","0","1","0b0000000000000000","0b0000100000000000","0b0000000000000000","0b0000000000000001","1","0b1000100000000000","0b0000000000000001","0x0000002D","0x7220000A","1","0","0x00000019","1","0","0","0x00000000","0x00000001","0x000001B4","0x00000000","0x00000000","0x0000006B","0x00000000","0x00000000","0x00000000","0x00000000","0x00000000","0x00000000","0x00000000","0x00000000","0x00000000","0x00000000","0x00000000","0x00000000","0x00000000","0x00000000","0x00000000","0x00000000","0x00000000","0x00000000","0x04000000","0x00000000","0x00000000","0x00000001","0xFFFFFFFF","0x00000098","0x00000260","0x00000040","0","0","0","0","0","0","1","1","0x8","0x7","0x0","0xF","0","0","1","0","0","0","1","0","0","0","0","0","0x00","0x00","0x20","0x18","0x0","0x0","0xE","0xB","1","0","0","0x1720000A","0x5828000C","0x58E00008","0x38200000","0x60D000B4","0x1618D000","0x38180004","0x1A28006B","0x11","0x10","0x0F","0x0E","0x0D","0x0C","0x0B","0x0A","0xE00","0x000","0x000","0x000","0x00C","0xB00","0x000","0x000","0x00","0x00","0x31","0x20","0x20","0x20","0x0B","0x0E","0x20","0x20","0x20","0x20","0x20","0x20","0x20","0x20","0x20","0x20","0x20","0x20","0x20","0x20","0x20","0x20","0x20","0x20","0x20","0x20","0x20","0x20","0x20","0x20","0x20","0x20","0x11"
"89","0xC","0xD","0b1000000000000001","0b1111000000000111","0","0","0b0000000000000000","0b0000000000000000","0b0000000000000000","0b0000000000000000","0","0b1000000000000001","0b0000000000000000","0x0000002D","0x1618D000","1","0","0x00000019","1","0","0","0x00000000","0x00000001","0x000001B4","0x00000000","0x00000000","0x0000006B","0x00000000","0x00000000","0x00000000","0x00000000","0x00000000","0x00000000","0x00000000","0x00000000","0x00000000","0x00000000","0x00000000","0x00000000","0x00000000","0x00000000","0x00000000","0x00000000","0x00000000","0x00000000","0x04000000","0x00000000","0x00000000","0x00000001","0xFFFFFFFF","0x00000084","0x00000260","0x00000040","0","0","0","0","0","0","1","1","0x8","0x7","0x0","0xF","0","0","1","0","0","0","1","0","0","0","0","0","0x00","0x00","0x20","0x18","0x0","0x0","0xE","0xB","1","0","0","0x60D000B8","0x1720000A","0x5828000C","0x58E00008","0x38200000","0x60D000B4","0x1618D000","0x38180004","0x12","0x11","0x10","0x0F","0x0E","0x0D","0x0C","0x0B","0x001","0xE00","0x000","0x000","0x000","0x00C","0xB00","0x000","0x00","0x40","0x63","0x20","0x20","0x20","0x20","0x0E","0x20","0x20","0x20","0x20","0x20","0x20","0x20","0x20","0x20","0x20","0x20","0x20","0x20","0x20","0x20","0x20","0x20","0x20","0x20","0x20","0x20","0x20","0x20","0x20","0x20","0x20","0x11"
"90","0xC","0xD","0b1000000000000001","0b1111000000000111","0","0","0b0000000000000000","0b0000000000000000","0b0000000000000000","0b0000000000000000","1","0b1000000000000001","0b0000000000000000","0x0000002E","0x1618D000","1","0","0x0000001A","1","0","0","0x00000000","0x00000001","0x000001B4","0x00000000","0x00000000","0x0000006B","0x00000000","0x00000000","0x00000000","0x00000000","0x00000000","0x00000000","0x00000000","0x00000000","0x00000000","0x00000000","0x00000000","0x00000000","0x00000000","0x00000000","0x00000000","0x00000000","0x00000000","0x00000000","0x04000000","0x00000000","0x00000000","0x00000001","0xFFFFFFFF","0x00000084","0x00000260","0x00000040","0","0","0","0","0","1","1","1","0x8","0x3","0x0","0xF","0","0","1","0","0","0","1","0","0","0","1","0","0x00","0x00","0x20","0x18","0x0","0x0","0xE","0xB","1","0","0","0x60D000B8","0x1720000A","0x5828000C","0x58E00008","0x38200000","0x60D000B4","0x1618D000","0x38180004","0x12","0x11","0x10","0x0F","0x0E","0x0D","0x0C","0x0B","0x001","0xE00","0x000","0x000","0x000","0x00C","0xB00","0x000","0x00","0x40","0x63","0x20","0x20","0x20","0x20","0x0E","0x20","0x20","0x20","0x20","0x20","0x20","0x20","0x20","0x20","0x20","0x20","0x20","0x20","0x20","0x20","0x20","0x20","0x20","0x20","0x20","0x20","0x20","0x20","0x20","0x20","0x20","0x11"
"91","0xC","0xD","0b1000000000000001","0b1111000000001111","0","0","0b0000000000000000","0b0000000000000000","0b0000000000000000","0b0100000000000000","0","0b1000000000000001","0b0100000000000000","0x0000002E","0x72200000","1","0","0x0000001A","1","0","0","0x00000000","0x00000001","0x000001B4","0x00000000","0x00000000","0x0000006B","0x00000000","0x00000000","0x00000000","0x00000000","0x00000000","0x00000000","0x00000000","0x00000000","0x00000000","0x00000000","0x00000000","0x00000000","0x00000000","0x00000000","0x00000000","0x00000000","0x00000000","0x00000000","0x04000000","0x00000000","0x00000000","0x00000001","0xFFFFFFFF","0x000000A0","0x00000260","0x00000040","0","0","0","0","0","1","1","1","0x8","0x3","0x0","0xF","0","0","1","0","0","0","1","0","0","0","1","0","0x00","0x00","0x20","0x18","0x0","0x0","0xE","0xB","1","0","0","0x42200000","0x60D000B8","0x1720000A","0x5828000C","0x58E00008","0x38200000","0x60D000B4","0x1618D000","0x13","0x12","0x11","0x10","0x0F","0x0E","0x0D","0x0C","0x0E0","0x001","0xE00","0x000","0x000","0x000","0x00C","0xB00","0x00","0x00","0x47","0x20","0x20","0x20","0x20","0x0E","0x20","0x20","0x20","0x20","0x20","0x20","0x20","0x20","0x20","0x20","0x20","0x20","0x20","0x20","0x20","0x20","0x20","0x20","0x20","0x20","0x20","0x20","0x20","0x20","0x20","0x20","0x11"
"92","0xC","0xD","0b1000000000000001","0b1111000000001111","0","0","0b0000000000000000","0b0000000000000000","0b0000000000000000","0b0100000000000000","1","0b1000000000000001","0b0100000000000000","0x0000002F","0x72200000","1","0","0x0000001B","1","0","0","0x00000000","0x00000001","0x000001B4","0x00000000","0x00000000","0x0000006B","0x00000000","0x00000000","0x00000000","0x00000000","0x00000000","0x00000000","0x00000000","0x00000000","0x00000000","0x00000000","0x00000000","0x00000000","0x00000000","0x00000000","0x00000000","0x00000000","0x00000000","0x00000000","0x04000000","0x00000000","0x00000000","0x00000001","0xFFFFFFFF","0x000000A0","0x00000260","0x00000040","0","0","0","0","0","1","1","1","0x8","0x3","0x0","0xF","0","0","1","0","0","0","1","0","0","0","1","0","0x00","0x00","0x20","0x18","0x0","0x0","0xE","0xB","1","0","0","0x42200000","0x60D000B8","0x1720000A","0x5828000C","0x58E00008","0x38200000","0x60D000B4","0x1618D000","0x13","0x12","0x11","0x10","0x0F","0x0E","0x0D","0x0C","0x0E0","0x001","0xE00","0x000","0x000","0x000","0x00C","0xB00","0x00","0x00","0x47","0x20","0x20","0x20","0x20","0x0E","0x20","0x20","0x20","0x20","0x20","0x20","0x20","0x20","0x20","0x20","0x20","0x20","0x20","0x20","0x20","0x20","0x20","0x20","0x20","0x20","0x20","0x20","0x20","0x20","0x20","0x20","0x11"
"93","0xC","0xD","0b1100000000000001","0b1111000000011111","0","0","0b0000000000000000","0b0000000000000000","0b0000000000000000","0b0000000000000000","0","0b1100000000000001","0b0000000000000000","0x0000002F","0x02100004","1","0","0x0000001B","1","0","0","0x00000000","0x00000001","0x000001B4","0x00000000","0x00000000","0x0000006B","0x00000000","0x00000000","0x00000000","0x00000000","0x00000000","0x00000000","0x00000000","0x00000000","0x00000000","0x00000000","0x00000000","0x00000000","0x00000000","0x00000000","0x00000000","0x00000000","0x00000000","0x00000000","0x04000000","0x00000000","0x00000000","0x00000001","0xFFFFFFFF","0x000000A4","0x00000260","0x00000040","0","0","0","0","0","1","1","1","0x8","0x3","0x0","0xF","0","0","1","0","0","0","1","0","0","0","1","0","0x00","0x00","0x20","0x18","0x0","0x0","0xE","0xB","1","0","0","0x02100004","0x42200000","0x60D000B8","0x1720000A","0x5828000C","0x58E00008","0x38200000","0x60D000B4","0x14","0x13","0x12","0x11","0x10","0x0F","0x0E","0x0D","0x000","0x0E0","0x001","0xE00","0x000","0x000","0x000","0x00C","0x00","0x01","0x8F","0x20","0x20","0x14","0x20","0x0E","0x20","0x20","0x20","0x20","0x20","0x20","0x20","0x20","0x20","0x20","0x20","0x20","0x20","0x20","0x20","0x20","0x20","0x20","0x20","0x20","0x20","0x20","0x20","0x20","0x20","0x20","0x14"
"94","0xC","0xD","0b1100000000000001","0b1111000000011111","0","0","0b0000000000000000","0b0000000000000000","0b0000000000000000","0b0000000000000000","1","0b1100000000000001","0b0000000000000000","0x00000030","0x02100004","1","0","0x0000001C","1","0","0","0x00000000","0x00000001","0x000001B4","0x00000000","0x00000000","0x0000006B","0x00000000","0x00000000","0x00000000","0x00000000","0x00000000","0x00000000","0x00000000","0x00000000","0x00000000","0x00000000","0x00000000","0x00000000","0x00000000","0x00000000","0x00000000","0x00000000","0x00000000","0x00000000","0x04000000","0x00000000","0x00000000","0x00000001","0xFFFFFFFF","0x000000A4","0x00000260","0x00000040","0","0","0","0","0","1","1","1","0x8","0x3","0x0","0xF","0","0","1","0","0","0","1","0","0","0","1","0","0x00","0x00","0x20","0x18","0x0","0x0","0xE","0xB","1","0","0","0x02100004","0x42200000","0x60D000B8","0x1720000A","0x5828000C","0x58E00008","0x38200000","0x60D000B4","0x14","0x13","0x12","0x11","0x10","0x0F","0x0E","0x0D","0x000","0x0E0","0x001","0xE00","0x000","0x000","0x000","0x00C","0x00","0x01","0x8F","0x20","0x20","0x14","0x20","0x0E","0x20","0x20","0x20","0x20","0x20","0x20","0x20","0x20","0x20","0x20","0x20","0x20","0x20","0x20","0x20","0x20","0x20","0x20","0x20","0x20","0x20","0x20","0x20","0x20","0x20","0x20","0x14"
"95","0xC","0xD","0b1100000000000001","0b1111000000111111","0","0","0b0000000000000000","0b0000000000000000","0b0000000000000000","0b0001000000000000","0","0b1100000000000001","0b0001000000000000","0x00000030","0x02080001","1","0","0x0000001C","1","0","0","0x00000000","0x00000001","0x000001B4","0x00000000","0x00000000","0x0000006B","0x00000000","0x00000000","0x00000000","0x00000000","0x00000000","0x00000000","0x00000000","0x00000000","0x00000000","0x00000000","0x00000000","0x00000000","0x00000000","0x00000000","0x00000000","0x00000000","0x00000000","0x00000000","0x04000000","0x00000000","0x00000000","0x00000001","0xFFFFFFFF","0x000000A8","0x00000260","0x00000040","0","0","0","0","0","1","1","1","0x8","0x3","0x0","0xF","0","0","1","0","0","0","1","0","0","0","1","0","0x00","0x00","0x20","0x18","0x0","0x0","0xE","0xB","1","0","0","0x02080001","0x02100004","0x42200000","0x60D000B8","0x1720000A","0x5828000C","0x58E00008","0x60D000B4","0x15","0x14","0x13","0x12","0x11","0x10","0x0F","0x0D","0x000","0x000","0x0E0","0x001","0xE00","0x000","0x000","0x00C","0x00","0x01","0x9D","0x20","0x15","0x14","0x20","0x0E","0x20","0x20","0x20","0x20","0x20","0x20","0x20","0x20","0x20","0x20","0x20","0x20","0x20","0x20","0x20","0x20","0x20","0x20","0x20","0x20","0x20","0x20","0x20","0x20","0x20","0x20","0x15"
"96","0xC","0xD","0b1100000000000001","0b1111000000111111","0","0","0b0000000000000000","0b0000000000000000","0b0000000000000000","0b0001000000000000","1","0b1100000000000001","0b0001000000000000","0x00000031","0x02080001","1","0","0x0000001D","1","0","0","0x00000000","0x00000001","0x000001B4","0x00000000","0x00000000","0x0000006B","0x00000000","0x00000000","0x00000000","0x00000000","0x00000000","0x00000000","0x00000000","0x00000000","0x00000000","0x00000000","0x00000000","0x00000000","0x00000000","0x00000000","0x00000000","0x00000000","0x00000000","0x00000000","0x04000000","0x00000000","0x00000000","0x00000001","0xFFFFFFFF","0x000000A8","0x00000260","0x00000040","0","0","0","0","0","1","1","1","0x8","0x3","0x0","0xF","0","0","1","0","0","0","1","0","0","0","1","0","0x00","0x00","0x20","0x18","0x0","0x0","0xE","0xB","1","0","0","0x02080001","0x02100004","0x42200000","0x60D000B8","0x1720000A","0x5828000C","0x58E00008","0x60D000B4","0x15","0x14","0x13","0x12","0x11","0x10","0x0F","0x0D","0x000","0x000","0x0E0","0x001","0xE00","0x000","0x000","0x00C","0x00","0x01","0x9D","0x20","0x15","0x14","0x20","0x0E","0x20","0x20","0x20","0x20","0x20","0x20","0x20","0x20","0x20","0x20","0x20","0x20","0x20","0x20","0x20","0x20","0x20","0x20","0x20","0x20","0x20","0x20","0x20","0x20","0x20","0x20","0x15"
"97","0xC","0xD","0b1101000000000001","0b1111000001111111","0","1","0b0000000000000000","0b0001000000000000","0b0000000000000000","0b0000000000000000","0","0b1101000000000001","0b0000000000000000","0x00000031","0x72080014","1","0","0x0000001D","1","0","0","0x00000000","0x00000001","0x000001B4","0x00000000","0x00000000","0x0000006B","0x00000000","0x00000000","0x00000000","0x00000000","0x00000000","0x00000000","0x00000000","0x00000000","0x00000000","0x00000000","0x00000000","0x00000000","0x00000000","0x00000000","0x00000000","0x00000000","0x00000000","0x00000000","0x04000000","0x00000000","0x00000000","0x00000001","0xFFFFFFFF","0x000000AC","0x00000260","0x00000040","0","0","0","0","0","1","1","1","0x8","0x3","0x0","0xF","0","0","1","0","0","0","1","0","0","0","1","0","0x00","0x00","0x20","0x18","0x0","0x0","0xE","0xB","1","0","0","0x17080014","0x02080001","0x02100004","0x42200000","0x60D000B8","0x1720000A","0x5828000C","0x60D000B4","0x16","0x15","0x14","0x13","0x12","0x11","0x10","0x0D","0x500","0x000","0x000","0x0E0","0x001","0xE00","0x000","0x00C","0x00","0x00","0xB9","0x20","0x15","0x14","0x20","0x0E","0x20","0x20","0x20","0x20","0x20","0x20","0x20","0x20","0x20","0x20","0x20","0x20","0x20","0x20","0x20","0x20","0x20","0x20","0x20","0x20","0x20","0x20","0x20","0x20","0x20","0x20","0x16"
"98","0xC","0xD","0b1101000000000001","0b1111000001111111","0","1","0b0000000000000000","0b0001000000000000","0b0000000000000000","0b0000000000000000","1","0b1101000000000001","0b0000000000000000","0x00000032","0x72080014","1","0","0x0000001E","1","0","0","0x00000000","0x00000001","0x000001B4","0x00000000","0x00000000","0x0000006B","0x00000000","0x00000000","0x00000000","0x00000000","0x00000000","0x00000000","0x00000000","0x00000000","0x00000000","0x00000000","0x00000000","0x00000000","0x00000000","0x00000000","0x00000000","0x00000000","0x00000000","0x00000000","0x04000000","0x00000000","0x00000000","0x00000001","0xFFFFFFFF","0x000000AC","0x00000260","0x00000051","0","0","0","0","0","1","1","1","0x8","0x3","0x0","0xF","0","0","1","0","0","0","1","0","0","0","1","0","0x00","0x00","0x20","0x18","0x0","0x0","0xE","0xB","1","0","0","0x17080014","0x02080001","0x02100004","0x42200000","0x60D000B8","0x1720000A","0x5828000C","0x60D000B4","0x16","0x15","0x14","0x13","0x12","0x11","0x10","0x0D","0x500","0x000","0x000","0x0E0","0x001","0xE00","0x000","0x00C","0x00","0x00","0xB9","0x20","0x15","0x14","0x20","0x0E","0x20","0x20","0x20","0x20","0x20","0x20","0x20","0x20","0x20","0x20","0x20","0x20","0x20","0x20","0x20","0x20","0x20","0x20","0x20","0x20","0x20","0x20","0x20","0x20","0x20","0x20","0x16"
"99","0xD","0xE","0b1100000000000001","0b1110000011111111","0","0","0b0000000000000000","0b0000000000000000","0b0000000000000000","0b0000000000010000","0","0b1100000000000001","0b0000000000010000","0x00000032","0x60D000B4","1","0","0x0000001E","1","0","0","0x00000000","0x00000001","0x000001B4","0x00000000","0x00000000","0x0000006B","0x00000000","0x00000000","0x00000000","0x00000000","0x00000000","0x00000000","0x00000000","0x00000000","0x00000000","0x00000000","0x00000000","0x00000000","0x00000000","0x00000000","0x00000000","0x00000000","0x00000000","0x00000000","0x04000000","0x00000000","0x00000000","0x00000001","0xFFFFFFFF","0x00000088","0x00000260","0x00000051","0","0","0","0","0","1","1","1","0x8","0x3","0x0","0xF","0","0","1","0","0","0","1","0","0","0","1","0","0x00","0x00","0x20","0x18","0x0","0x0","0xE","0xB","1","0","0","0x60D000B8","0x17080014","0x02080001","0x02100004","0x42200000","0x60D000B8","0x1720000A","0x60D000B4","0x17","0x16","0x15","0x14","0x13","0x12","0x11","0x0D","0x006","0x500","0x000","0x000","0x0E0","0x001","0xE00","0x00C","0x00","0x80","0xF3","0x20","0x15","0x14","0x20","0x0E","0x20","0x20","0x20","0x20","0x20","0x20","0x20","0x20","0x20","0x20","0x20","0x20","0x20","0x20","0x20","0x20","0x20","0x20","0x20","0x20","0x20","0x20","0x20","0x20","0x20","0x20","0x16"
"100","0xD","0xE","0b1100000000000001","0b1110000011111111","0","0","0b0000000000000000","0b0000000000000000","0b0000000000000000","0b0000000000010000","1","0b1100000000000001","0b0000000000010000","0x00000033","0x60D000B4","1","0","0x0000001F","1","0","0","0x00000000","0x00000001","0x000001B4","0x00000000","0x00000000","0x0000006B","0x00000000","0x00000000","0x00000000","0x00000000","0x00000000","0x00000000","0x00000000","0x00000000","0x00000000","0x00000000","0x00000000","0x00000000","0x00000000","0x00000000","0x00000000","0x00000000","0x00000000","0x00000000","0x04000000","0x00000000","0x00000000","0x00000001","0xFFFFFFFF","0x00000088","0x00000260","0x00000051","0","0","0","0","0","1","1","1","0x8","0x3","0x0","0xF","0","0","1","0","0","0","1","0","0","0","1","0","0x00","0x00","0x20","0x18","0x0","0x0","0xE","0xB","1","0","0","0x60D000B8","0x17080014","0x02080001","0x02100004","0x42200000","0x60D000B8","0x1720000A","0x60D000B4","0x17","0x16","0x15","0x14","0x13","0x12","0x11","0x0D","0x006","0x500","0x000","0x000","0x0E0","0x001","0xE00","0x00C","0x00","0x80","0xF3","0x20","0x15","0x14","0x20","0x0E","0x20","0x20","0x20","0x20","0x20","0x20","0x20","0x20","0x20","0x20","0x20","0x20","0x20","0x20","0x20","0x20","0x20","0x20","0x20","0x20","0x20","0x20","0x20","0x20","0x20","0x20","0x16"
"101","0xD","0xE","0b1100000000010001","0b1110000111111111","0","0","0b0000000000000000","0b0000000000000000","0b1100001111111111","0b0010000000000000","0","0b1100000000010001","0b0010000000000000","0x00000033","0x72D00080","1","0","0x0000001F","1","0","1","0x00000000","0x00000001","0x000001B4","0x00000000","0x00000000","0x0000006B","0x00000000","0x00000000","0x00000000","0x00000000","0x00000000","0x00000000","0x00000000","0x00000000","0x00000000","0x00000000","0x00000000","0x00000000","0x00000000","0x00000000","0x00000000","0x00000000","0x00000000","0x00000000","0x04000000","0x00000000","0x00000000","0x00000001","0xFFFFFFFF","0x000000B4","0x00000260","0x00000051","0","0","0","0","0","1","1","1","0x8","0x3","0x0","0xF","0","0","1","0","0","0","1","0","0","0","1","0","0x00","0x00","0x20","0x18","0x0","0x0","0xE","0xB","1","0","0","0x66D00080","0x60D000B8","0x17080014","0x02080001","0x42200000","0x60D000B8","0x1720000A","0x1720000A","0x18","0x17","0x16","0x15","0x13","0x12","0x11","0x11","0x000","0x006","0x500","0x000","0x0E0","0x001","0xE00","0xE00","0xFF","0x01","0x77","0x20","0x15","0x14","0x20","0x0E","0x20","0x20","0x20","0x20","0x20","0x20","0x20","0x20","0x20","0x20","0x20","0x20","0x20","0x20","0x20","0x20","0x20","0x20","0x20","0x20","0x20","0x20","0x20","0x20","0x20","0x20","0x16"
"102","0xD","0xE","0b1100000000010001","0b1110000111111111","0","0","0b0000000000000000","0b0000000000000000","0b1100001111111111","0b0010000000000000","1","0b1100000000010001","0b0010000000000000","0x00000034","0x72D00080","1","0","0x00000020","1","0","1","0x00000000","0x00000001","0x000001B4","0x00000000","0x00000000","0x0000006B","0x00000000","0x00000000","0x00000000","0x00000000","0x00000000","0x00000000","0x00000000","0x00000000","0x00000000","0x00000000","0x00000000","0x00000000","0x00000000","0x00000000","0x00000000","0x00000000","0x00000000","0x00000000","0x04000000","0x00000000","0x00000000","0x00000001","0xFFFFFFFF","0x000000B4","0x00000260","0x00000051","0","0","0","0","0","0","0","0","0x8","0x3","0x0","0xF","0","0","0","0","0","0","0","0","0","0","0","0","0x00","0x00","0x20","0x18","0x0","0x0","0xE","0xB","1","0","0","0x66D00080","0x60D000B8","0x17080014","0x02080001","0x42200000","0x60D000B8","0x1720000A","0x1720000A","0x18","0x17","0x16","0x15","0x13","0x12","0x11","0x11","0x000","0x006","0x500","0x000","0x0E0","0x001","0xE00","0xE00","0xFF","0x01","0x77","0x20","0x15","0x14","0x20","0x0E","0x20","0x20","0x20","0x20","0x20","0x20","0x20","0x20","0x20","0x20","0x20","0x20","0x20","0x20","0x20","0x20","0x20","0x20","0x20","0x20","0x20","0x20","0x20","0x20","0x20","0x20","0x16"
"103","0xD","0xE","0b0010000000000000","0b0010000000000000","0","1","0b0000000000000000","0b0010000000000000","0b0000000000000000","0b0000000000000000","0","0b0010000000000000","0b0000000000000000","0x00000034","0x72200000","1","0","0x00000020","0","0","0","0x00000000","0x00000001","0x000001B4","0x00000000","0x00000000","0x0000006B","0x00000000","0x00000000","0x00000000","0x00000000","0x00000000","0x00000000","0x00000000","0x00000000","0x00000000","0x00000000","0x00000000","0x00000000","0x00000000","0x00000000","0x00000000","0x00000000","0x00000000","0x00000000","0x04000000","0x00000000","0x00000000","0x00000001","0xFFFFFFFF","0x000000B8","0x00000260","0x00000051","0","0","0","0","0","0","0","0","0x8","0x3","0x0","0xF","0","0","0","0","0","0","0","0","0","0","0","0","0x00","0x00","0x20","0x18","0x0","0x0","0xE","0xB","1","0","0","0x1A200000","0x66D00080","0x60D000B8","0x17080014","0x02080001","0x42200000","0x60D000B8","0x1720000A","0x19","0x18","0x17","0x16","0x15","0x13","0x12","0x11","0x000","0x000","0x006","0x500","0x000","0x0E0","0x001","0xE00","0x00","0x00","0x00","0x20","0x0D","0x0D","0x20","0x0D","0x20","0x20","0x20","0x20","0x20","0x20","0x20","0x20","0x20","0x20","0x20","0x20","0x20","0x20","0x20","0x20","0x20","0x20","0x20","0x20","0x20","0x20","0x20","0x20","0x20","0x20","0x0D"
"104","0xD","0xE","0b0010000000000000","0b0010000000000000","0","1","0b0000000000000000","0b0010000000000000","0b0000000000000000","0b0000000000000000","1","0b0010000000000000","0b0000000000000000","0x00000035","0x72200000","1","0","0x00000021","0","0","0","0x00000000","0x00000001","0x000001B4","0x00000000","0x00000000","0x0000006B","0x00000000","0x00000000","0x00000000","0x00000000","0x00000000","0x00000000","0x00000000","0x00000000","0x00000000","0x00000000","0x00000000","0x00000000","0x00000000","0x00000000","0x00000000","0x00000000","0x00000000","0x00000000","0x04000000","0x00000000","0x00000000","0x00000001","0xFFFFFFFF","0x000000B8","0x00000260","0x00000051","0","0","0","0","0","0","0","0","0x8","0x3","0x0","0xF","0","0","0","0","0","0","0","0","0","0","0","0","0x00","0x00","0x20","0x18","0x0","0x0","0xE","0xB","1","0","0","0x1A200000","0x66D00080","0x60D000B8","0x17080014","0x02080001","0x42200000","0x60D000B8","0x1720000A","0x19","0x18","0x17","0x16","0x15","0x13","0x12","0x11","0x000","0x000","0x006","0x500","0x000","0x0E0","0x001","0xE00","0x00","0x00","0x00","0x20","0x0D","0x0D","0x20","0x0D","0x20","0x20","0x20","0x20","0x20","0x20","0x20","0x20","0x20","0x20","0x20","0x20","0x20","0x20","0x20","0x20","0x20","0x20","0x20","0x20","0x20","0x20","0x20","0x20","0x20","0x20","0x0D"
"105","0xE","0xF","0b0000000000000000","0b0000000000000000","0","0","0b0000000000000000","0b0000000000000000","0b0000000000000000","0b0000000000000000","0","0b0000000000000000","0b0000000000000000","0x00000035","0x72200000","1","0","0x00000021","0","0","0","0x00000000","0x00000001","0x000001B4","0x00000000","0x00000000","0x0000006B","0x00000000","0x00000000","0x00000000","0x00000000","0x00000000","0x00000000","0x00000000","0x00000000","0x00000000","0x00000000","0x00000000","0x00000000","0x00000000","0x00000000","0x00000000","0x00000000","0x00000000","0x00000000","0x04000000","0x00000000","0x00000000","0x00000001","0xFFFFFFFF","0x0000008C","0x00000260","0x00000051","0","0","0","0","0","0","0","0","0x8","0x3","0x0","0xF","0","0","0","0","0","0","0","0","0","0","0","0","0x00","0x00","0x20","0x18","0x0","0x0","0xE","0xB","1","0","0","0x42200000","0x1A200000","0x66D00080","0x60D000B8","0x17080014","0x02080001","0x42200000","0x60D000B8","0x0E","0x19","0x18","0x17","0x16","0x15","0x13","0x12","0xDD0","0x000","0x000","0x006","0x500","0x000","0x0E0","0x001","0x00","0x00","0x00","0x20","0x20","0x20","0x20","0x20","0x20","0x20","0x20","0x20","0x20","0x20","0x20","0x20","0x20","0x20","0x20","0x20","0x20","0x20","0x20","0x20","0x20","0x20","0x20","0x20","0x20","0x20","0x20","0x20","0x20","0x20","0x20"
"106","0xE","0xF","0b0000000000000000","0b0000000000000000","0","0","0b0000000000000000","0b0000000000000000","0b0000000000000000","0b0000000000000000","1","0b0000000000000000","0b0000000000000000","0x00000036","0x72200000","1","0","0x00000022","0","0","0","0x00000000","0x00000001","0x000001B4","0x00000000","0x00000000","0x0000006B","0x00000000","0x00000000","0x00000000","0x00000000","0x00000000","0x00000000","0x00000000","0x00000000","0x00000000","0x00000000","0x00000000","0x00000000","0x00000000","0x00000000","0x00000000","0x00000000","0x00000000","0x00000000","0x04000000","0x00000000","0x00000000","0x00000001","0xFFFFFFFF","0x0000008C","0x00000260","0x00000051","0","0","0","0","0","0","0","0","0x8","0x3","0x0","0xF","0","0","0","0","0","0","0","0","0","0","0","0","0x00","0x00","0x20","0x18","0x0","0x0","0xE","0xB","1","0","0","0x42200000","0x1A200000","0x66D00080","0x60D000B8","0x17080014","0x02080001","0x42200000","0x60D000B8","0x0E","0x19","0x18","0x17","0x16","0x15","0x13","0x12","0xDD0","0x000","0x000","0x006","0x500","0x000","0x0E0","0x001","0x00","0x00","0x00","0x20","0x20","0x20","0x20","0x20","0x20","0x20","0x20","0x20","0x20","0x20","0x20","0x20","0x20","0x20","0x20","0x20","0x20","0x20","0x20","0x20","0x20","0x20","0x20","0x20","0x20","0x20","0x20","0x20","0x20","0x20","0x20"
"107","0xE","0xF","0b0000000000000000","0b0000000000000000","0","0","0b0000000000000000","0b0000000000000000","0b0000000000000000","0b0000000000000000","0","0b0000000000000000","0b0000000000000000","0x00000036","0x72200000","1","0","0x00000022","1","0","0","0x00000000","0x00000001","0x000001B4","0x00000000","0x00000000","0x0000006B","0x00000000","0x00000000","0x00000000","0x00000000","0x00000000","0x00000000","0x00000000","0x00000000","0x00000000","0x00000000","0x00000000","0x00000000","0x00000000","0x00000000","0x00000000","0x00000000","0x00000000","0x00000000","0x04000000","0x00000000","0x00000000","0x00000001","0xFFFFFFFF","0x0000008C","0x00000260","0x00000051","0","0","0","0","0","0","0","0","0x8","0x3","0x0","0xF","0","0","0","0","0","0","0","0","0","0","0","0","0x00","0x00","0x20","0x18","0x0","0x0","0xE","0xB","1","0","0","0x42200000","0x42200000","0x1A200000","0x66D00080","0x60D000B8","0x17080014","0x02080001","0x42200000","0x0E","0x0E","0x19","0x18","0x17","0x16","0x15","0x13","0x000","0xDD0","0x000","0x000","0x006","0x500","0x000","0x0E0","0x00","0x00","0x00","0x20","0x20","0x20","0x20","0x20","0x20","0x20","0x20","0x20","0x20","0x20","0x20","0x20","0x20","0x20","0x20","0x20","0x20","0x20","0x20","0x20","0x20","0x20","0x20","0x20","0x20","0x20","0x20","0x20","0x20","0x20","0x20"
"108","0xE","0xF","0b0000000000000000","0b0000000000000000","0","0","0b0000000000000000","0b0000000000000000","0b0000000000000000","0b0000000000000000","1","0b0000000000000000","0b0000000000000000","0x00000037","0x72200000","1","0","0x00000023","1","0","0","0x00000000","0x00000001","0x000001B4","0x00000000","0x00000000","0x0000006B","0x00000000","0x00000000","0x00000000","0x00000000","0x00000000","0x00000000","0x00000000","0x00000000","0x00000000","0x00000000","0x00000000","0x00000000","0x00000000","0x00000000","0x00000000","0x00000000","0x00000000","0x00000000","0x04000000","0x00000000","0x00000000","0x00000001","0xFFFFFFFF","0x000000B4","0x00000260","0x00000051","0","0","0","0","0","0","0","0","0x8","0x3","0x0","0xF","0","0","0","0","0","0","0","0","0","0","0","0","0x00","0x00","0x20","0x18","0x0","0x0","0xE","0xB","1","0","0","0x42200000","0x42200000","0x1A200000","0x66D00080","0x60D000B8","0x17080014","0x02080001","0x42200000","0x0E","0x0E","0x19","0x18","0x17","0x16","0x15","0x13","0x000","0xDD0","0x000","0x000","0x006","0x500","0x000","0x0E0","0x00","0x00","0x00","0x20","0x20","0x20","0x20","0x20","0x20","0x20","0x20","0x20","0x20","0x20","0x20","0x20","0x20","0x20","0x20","0x20","0x20","0x20","0x20","0x20","0x20","0x20","0x20","0x20","0x20","0x20","0x20","0x20","0x20","0x20","0x20"
"109","0xE","0xF","0b0000000000000000","0b0100000000000000","0","0","0b0000000000000000","0b0000000000000000","0b0000000000000000","0b0000000000000000","0","0b0000000000000000","0b0000000000000000","0x00000037","0x66D00080","1","0","0x00000023","1","0","0","0x00000000","0x00000001","0x000001B4","0x00000000","0x00000000","0x0000006B","0x00000000","0x00000000","0x00000000","0x00000000","0x00000000","0x00000000","0x00000000","0x00000000","0x00000000","0x00000000","0x00000000","0x00000000","0x00000000","0x00000000","0x00000000","0x00000000","0x00000000","0x00000000","0x04000000","0x00000000","0x00000000","0x00000001","0xFFFFFFFF","0x000000B4","0x00000260","0x00000051","0","0","0","0","0","0","0","0","0x8","0x3","0x0","0xF","0","0","0","0","0","0","0","0","0","0","0","0","0x00","0x00","0x20","0x18","0x0","0x0","0xE","0xB","1","0","0","0x66D00080","0x42200000","0x42200000","0x1A200000","0x66D00080","0x60D000B8","0x17080014","0x02080001","0x0E","0x0E","0x0E","0x19","0x18","0x17","0x16","0x15","0x000","0x000","0xDD0","0x000","0x000","0x006","0x500","0x000","0x00","0x01","0x01","0x20","0x20","0x20","0x20","0x20","0x20","0x20","0x20","0x20","0x20","0x20","0x20","0x20","0x20","0x20","0x20","0x20","0x20","0x20","0x20","0x20","0x20","0x20","0x20","0x20","0x20","0x20","0x20","0x20","0x20","0x20","0x20"
"110","0xE","0xF","0b0000000000000000","0b0100000000000000","0","0","0b0000000000000000","0b0000000000000000","0b0000000000000000","0b0000000000000000","1","0b0000000000000000","0b0000000000000000","0x00000038","0x66D00080","1","0","0x00000024","1","0","0","0x00000000","0x00000001","0x000001B4","0x00000000","0x00000000","0x0000006B","0x00000000","0x00000000","0x00000000","0x00000000","0x00000000","0x00000000","0x00000000","0x00000000","0x00000000","0x00000000","0x00000000","0x00000000","0x00000000","0x00000000","0x00000000","0x00000000","0x00000000","0x00000000","0x04000000","0x00000000","0x00000000","0x00000001","0xFFFFFFFF","0x000000B4","0x00000260","0x00000051","0","0","0","0","0","0","0","0","0x8","0x3","0x0","0xF","0","0","0","0","0","0","0","0","0","0","0","0","0x00","0x00","0x20","0x18","0x0","0x0","0xE","0xB","1","0","0","0x66D00080","0x42200000","0x42200000","0x1A200000","0x66D00080","0x60D000B8","0x17080014","0x02080001","0x0E","0x0E","0x0E","0x19","0x18","0x17","0x16","0x15","0x000","0x000","0xDD0","0x000","0x000","0x006","0x500","0x000","0x00","0x01","0x01","0x20","0x20","0x20","0x20","0x20","0x20","0x20","0x20","0x20","0x20","0x20","0x20","0x20","0x20","0x20","0x20","0x20","0x20","0x20","0x20","0x20","0x20","0x20","0x20","0x20","0x20","0x20","0x20","0x20","0x20","0x20","0x20"
"111","0xE","0xF","0b0000000000000000","0b1100000000000000","0","0","0b0000000000000000","0b0000000000000000","0b1000000000000001","0b0100000000000000","0","0b0000000000000000","0b0100000000000000","0x00000038","0x72200000","1","0","0x00000024","1","0","1","0x00000000","0x00000001","0x000001B4","0x00000000","0x00000000","0x0000006B","0x00000000","0x00000000","0x00000000","0x00000000","0x00000000","0x00000000","0x00000000","0x00000000","0x00000000","0x00000000","0x00000000","0x00000000","0x00000000","0x00000000","0x00000000","0x00000000","0x00000000","0x00000000","0x04000000","0x00000000","0x00000000","0x00000001","0xFFFFFFFF","0x000000B8","0x00000260","0x00000051","0","0","0","0","0","0","0","0","0x8","0x3","0x0","0xF","0","0","0","0","0","0","0","0","0","0","0","0","0x00","0x00","0x20","0x18","0x0","0x0","0xE","0xB","1","0","0","0x1A200000","0x66D00080","0x42200000","0x42200000","0x1A200000","0x66D00080","0x60D000B8","0x17080014","0x0F","0x0E","0x0E","0x0E","0x19","0x18","0x17","0x16","0x000","0x000","0x000","0xDD0","0x000","0x000","0x006","0x500","0xF1","0x01","0x01","0x20","0x20","0x20","0x20","0x0F","0x20","0x20","0x20","0x20","0x20","0x20","0x20","0x20","0x20","0x20","0x20","0x20","0x20","0x20","0x20","0x20","0x20","0x20","0x20","0x20","0x20","0x20","0x20","0x20","0x20","0x20","0x20"
"112","0xE","0xF","0b0000000000000000","0b1100000000000000","0","0","0b0000000000000000","0b0000000000000000","0b1000000000000001","0b0100000000000000","1","0b0000000000000000","0b0100000000000000","0x00000039","0x72200000","1","0","0x00000025","1","0","1","0x00000000","0x00000001","0x000001B4","0x00000000","0x00000000","0x0000006B","0x00000000","0x00000000","0x00000000","0x00000000","0x00000000","0x00000000","0x00000000","0x00000000","0x00000000","0x00000000","0x00000000","0x00000000","0x00000000","0x00000000","0x00000000","0x00000000","0x00000000","0x00000000","0x04000000","0x00000000","0x00000000","0x00000001","0xFFFFFFFF","0x000000B8","0x00000260","0x00000051","0","0","0","0","0","0","0","0","0x8","0x3","0x0","0xF","0","0","0","0","0","0","0","0","0","0","0","0","0x00","0x00","0x20","0x18","0x0","0x0","0xE","0xB","1","0","0","0x1A200000","0x66D00080","0x42200000","0x42200000","0x1A200000","0x66D00080","0x60D000B8","0x17080014","0x0F","0x0E","0x0E","0x0E","0x19","0x18","0x17","0x16","0x000","0x000","0x000","0xDD0","0x000","0x000","0x006","0x500","0xF1","0x01","0x01","0x20","0x20","0x20","0x20","0x0F","0x20","0x20","0x20","0x20","0x20","0x20","0x20","0x20","0x20","0x20","0x20","0x20","0x20","0x20","0x20","0x20","0x20","0x20","0x20","0x20","0x20","0x20","0x20","0x20","0x20","0x20","0x20"
"113","0xE","0xF","0b0100000000000000","0b0100000000000000","0","1","0b0000000000000000","0b0100000000000000","0b0000000000000000","0b0000000000000000","0","0b0100000000000000","0b0000000000000000","0x00000039","0x72200000","1","0","0x00000025","0","0","0","0x00000000","0x00000001","0x000001B4","0x00000000","0x00000000","0x0000006B","0x00000000","0x00000000","0x00000000","0x00000000","0x00000000","0x00000000","0x00000000","0x00000000","0x00000000","0x00000000","0x00000000","0x00000000","0x00000000","0x00000000","0x00000000","0x00000000","0x00000000","0x00000000","0x04000000","0x00000000","0x00000000","0x00000001","0xFFFFFFFF","0x000000BC","0x00000260","0x00000051","0","0","0","0","0","0","0","0","0x8","0x3","0x0","0xF","0","0","0","0","0","0","0","0","0","0","0","0","0x00","0x00","0x20","0x18","0x0","0x0","0xE","0xB","1","0","0","0x42200000","0x1A200000","0x66D00080","0x42200000","0x42200000","0x1A200000","0x66D00080","0x60D000B8","0x10","0x0F","0x0E","0x0E","0x0E","0x19","0x18","0x17","0x0F0","0x000","0x000","0x000","0xDD0","0x000","0x000","0x006","0x00","0x00","0x00","0x20","0x20","0x20","0x20","0x0E","0x20","0x20","0x20","0x20","0x20","0x20","0x20","0x20","0x20","0x20","0x20","0x20","0x20","0x20","0x20","0x20","0x20","0x20","0x20","0x20","0x20","0x20","0x20","0x20","0x20","0x20","0x20"
"114","0xE","0xF","0b0100000000000000","0b0100000000000000","0","1","0b0000000000000000","0b0100000000000000","0b0000000000000000","0b0000000000000000","1","0b0100000000000000","0b0000000000000000","0x0000003A","0x72200000","1","0","0x00000026","0","0","0","0x00000000","0x00000001","0x000001B4","0x00000000","0x00000000","0x0000006B","0x00000000","0x00000000","0x00000000","0x00000000","0x00000000","0x00000000","0x00000000","0x00000000","0x00000000","0x00000000","0x00000000","0x00000000","0x00000000","0x00000000","0x00000000","0x00000000","0x00000000","0x00000000","0x04000000","0x00000000","0x00000000","0x00000001","0xFFFFFFFF","0x000000BC","0x00000260","0x00000051","0","0","0","0","0","0","0","0","0x8","0x3","0x0","0xF","0","0","0","0","0","0","0","0","0","0","0","0","0x00","0x00","0x20","0x18","0x0","0x0","0xE","0xB","1","0","0","0x42200000","0x1A200000","0x66D00080","0x42200000","0x42200000","0x1A200000","0x66D00080","0x60D000B8","0x10","0x0F","0x0E","0x0E","0x0E","0x19","0x18","0x17","0x0F0","0x000","0x000","0x000","0xDD0","0x000","0x000","0x006","0x00","0x00","0x00","0x20","0x20","0x20","0x20","0x0E","0x20","0x20","0x20","0x20","0x20","0x20","0x20","0x20","0x20","0x20","0x20","0x20","0x20","0x20","0x20","0x20","0x20","0x20","0x20","0x20","0x20","0x20","0x20","0x20","0x20","0x20","0x20"
"115","0xF","0x0","0b0000000000000000","0b0000000000000000","0","0","0b0000000000000000","0b0000000000000000","0b0000000000000000","0b0000000000000000","0","0b0000000000000000","0b0000000000000000","0x0000003A","0x72000000","1","0","0x00000026","0","0","0","0x00000000","0x00000001","0x000001B4","0x00000000","0x00000000","0x0000006B","0x00000000","0x00000000","0x00000000","0x00000000","0x00000000","0x00000000","0x00000000","0x00000000","0x00000000","0x00000000","0x00000000","0x00000000","0x00000000","0x00000000","0x00000000","0x00000000","0x00000000","0x00000000","0x04000000","0x00000000","0x00000000","0x00000001","0xFFFFFFFF","0x000000B8","0x00000260","0x00000051","0","0","0","0","0","0","0","0","0x8","0x3","0x0","0xF","0","0","0","0","0","0","0","0","0","0","0","0","0x00","0x00","0x20","0x18","0x0","0x0","0xE","0xB","1","0","0","0x71000000","0x42200000","0x1A200000","0x66D00080","0x42200000","0x42200000","0x1A200000","0x66D00080","0x0F","0x10","0x0F","0x0E","0x0E","0x0E","0x19","0x18","0x000","0x0F0","0x000","0x000","0x000","0xDD0","0x000","0x000","0x00","0x00","0x00","0x20","0x20","0x20","0x20","0x20","0x20","0x20","0x20","0x20","0x20","0x20","0x20","0x20","0x20","0x20","0x20","0x20","0x20","0x20","0x20","0x20","0x20","0x20","0x20","0x20","0x20","0x20","0x20","0x20","0x20","0x20","0x20"
"116","0xF","0x0","0b0000000000000000","0b0000000000000000","0","0","0b0000000000000000","0b0000000000000000","0b0000000000000000","0b0000000000000000","1","0b0000000000000000","0b0000000000000000","0x0000003B","0x72000000","1","0","0x00000027","0","0","0","0x00000000","0x00000001","0x000001B4","0x00000000","0x00000000","0x0000006B","0x00000000","0x00000000","0x00000000","0x00000000","0x00000000","0x00000000","0x00000000","0x00000000","0x00000000","0x00000000","0x00000000","0x00000000","0x00000000","0x00000000","0x00000000","0x00000000","0x00000000","0x00000000","0x04000000","0x00000000","0x00000000","0x00000001","0xFFFFFFFF","0x000000B8","0x00000260","0x00000051","0","0","0","0","0","0","0","0","0x8","0x3","0x0","0xF","0","0","0","0","0","0","0","0","0","0","0","0","0x00","0x00","0x20","0x18","0x0","0x0","0xE","0xB","1","0","0","0x71000000","0x42200000","0x1A200000","0x66D00080","0x42200000","0x42200000","0x1A200000","0x66D00080","0x0F","0x10","0x0F","0x0E","0x0E","0x0E","0x19","0x18","0x000","0x0F0","0x000","0x000","0x000","0xDD0","0x000","0x000","0x00","0x00","0x00","0x20","0x20","0x20","0x20","0x20","0x20","0x20","0x20","0x20","0x20","0x20","0x20","0x20","0x20","0x20","0x20","0x20","0x20","0x20","0x20","0x20","0x20","0x20","0x20","0x20","0x20","0x20","0x20","0x20","0x20","0x20","0x20"
"117","0xF","0x0","0b0000000000000000","0b0000000000000000","0","0","0b0000000000000000","0b0000000000000000","0b0000000000000000","0b0000000000000000","0","0b0000000000000000","0b0000000000000000","0x0000003B","0x72000000","1","0","0x00000027","1","1","0","0x00000000","0x00000001","0x000001B4","0x00000000","0x00000000","0x0000006B","0x00000000","0x00000000","0x00000000","0x00000000","0x00000000","0x00000000","0x00000000","0x00000000","0x00000000","0x00000000","0x00000000","0x00000000","0x00000000","0x00000000","0x00000000","0x00000000","0x00000000","0x00000000","0x04000000","0x00000000","0x00000000","0x00000001","0xFFFFFFFF","0x000000B8","0x00000260","0x00000051","0","0","0","0","0","0","0","0","0x8","0x3","0x0","0xF","0","0","0","0","0","0","0","0","0","0","0","0","0x00","0x00","0x20","0x18","0x0","0x0","0xE","0xB","1","0","0","0x71000000","0x71000000","0x42200000","0x1A200000","0x66D00080","0x42200000","0x42200000","0x1A200000","0x0F","0x0F","0x10","0x0F","0x0E","0x0E","0x0E","0x19","0x000","0x000","0x0F0","0x000","0x000","0x000","0xDD0","0x000","0x00","0x00","0x00","0x20","0x20","0x20","0x20","0x20","0x20","0x20","0x20","0x20","0x20","0x20","0x20","0x20","0x20","0x20","0x20","0x20","0x20","0x20","0x20","0x20","0x20","0x20","0x20","0x20","0x20","0x20","0x20","0x20","0x20","0x20","0x20"
"118","0xF","0x0","0b0000000000000000","0b0000000000000000","0","0","0b0000000000000000","0b0000000000000000","0b0000000000000000","0b0000000000000000","1","0b0000000000000000","0b0000000000000000","0x0000003C","0x72000000","1","0","0x00000028","1","1","0","0x00000000","0x00000001","0x000001B4","0x00000000","0x00000000","0x0000006B","0x00000000","0x00000000","0x00000000","0x00000000","0x00000000","0x00000000","0x00000000","0x00000000","0x00000000","0x00000000","0x00000000","0x00000000","0x00000000","0x00000000","0x00000000","0x00000000","0x00000000","0x00000000","0x04000000","0x00000000","0x00000000","0x00000001","0xFFFFFFFF","0x00000080","0x00000260","0x00000051","0","0","0","0","0","0","0","0","0x8","0x3","0x0","0xF","0","0","0","1","0","0","0","0","0","0","0","0","0x00","0x00","0x20","0x18","0x0","0x0","0xE","0xF","1","0","0","0x71000000","0x71000000","0x42200000","0x1A200000","0x66D00080","0x42200000","0x42200000","0x1A200000","0x0F","0x0F","0x10","0x0F","0x0E","0x0E","0x0E","0x19","0x000","0x000","0x0F0","0x000","0x000","0x000","0xDD0","0x000","0x00","0x00","0x00","0x20","0x20","0x20","0x20","0x20","0x20","0x20","0x20","0x20","0x20","0x20","0x20","0x20","0x20","0x20","0x20","0x20","0x20","0x20","0x20","0x20","0x20","0x20","0x20","0x20","0x20","0x20","0x20","0x20","0x20","0x20","0x20"
"119","0xF","0x0","0b0000000000000000","0b1000000000000000","0","0","0b0000000000000000","0b0000000000000000","0b0000000000000000","0b0000000000000000","0","0b0000000000000000","0b0000000000000000","0x0000003C","0x38180004","1","0","0x00000028","1","0","0","0x00000000","0x00000001","0x000001B4","0x00000000","0x00000000","0x0000006B","0x00000000","0x00000000","0x00000000","0x00000000","0x00000000","0x00000000","0x00000000","0x00000000","0x00000000","0x00000000","0x00000000","0x00000000","0x00000000","0x00000000","0x00000000","0x00000000","0x00000000","0x00000000","0x04000000","0x00000000","0x00000000","0x00000001","0xFFFFFFFF","0x00000080","0x00000260","0x00000051","0","0","0","0","0","0","0","0","0x8","0x3","0x0","0xF","0","0","0","1","0","0","0","0","0","0","0","0","0x00","0x00","0x20","0x18","0x0","0x0","0xE","0xF","1","0","0","0x38180004","0x71000000","0x71000000","0x42200000","0x1A200000","0x66D00080","0x42200000","0x42200000","0x0F","0x0F","0x0F","0x10","0x0F","0x0E","0x0E","0x0E","0x000","0x000","0x000","0x0F0","0x000","0x000","0x000","0xDD0","0x00","0x01","0x01","0x20","0x20","0x20","0x0F","0x20","0x20","0x20","0x20","0x20","0x20","0x20","0x20","0x20","0x20","0x20","0x20","0x20","0x20","0x20","0x20","0x20","0x20","0x20","0x20","0x20","0x20","0x20","0x20","0x20","0x20","0x20","0x20"
"120","0xF","0x0","0b0000000000000000","0b1000000000000000","0","0","0b0000000000000000","0b0000000000000000","0b0000000000000000","0b0000000000000000","1","0b0000000000000000","0b0000000000000000","0x0000003D","0x38180004","1","0","0x00000029","1","0","0","0x00000000","0x00000001","0x000001B4","0x00000000","0x00000000","0x0000006B","0x00000000","0x00000000","0x00000000","0x00000000","0x00000000","0x00000000","0x00000000","0x00000000","0x00000000","0x00000000","0x00000000","0x00000000","0x00000000","0x00000000","0x00000000","0x00000000","0x00000000","0x00000000","0x04000000","0x00000000","0x00000000","0x00000001","0xFFFFFFFF","0x00000080","0x00000260","0x00000051","0","0","0","0","0","0","0","0","0x8","0x3","0x0","0xF","0","0","0","1","0","0","0","0","0","0","0","0","0x00","0x00","0x20","0x18","0x0","0x0","0xE","0xF","1","0","0","0x38180004","0x71000000","0x71000000","0x42200000","0x1A200000","0x66D00080","0x42200000","0x42200000","0x0F","0x0F","0x0F","0x10","0x0F","0x0E","0x0E","0x0E","0x000","0x000","0x000","0x0F0","0x000","0x000","0x000","0xDD0","0x00","0x01","0x01","0x20","0x20","0x20","0x0F","0x20","0x20","0x20","0x20","0x20","0x20","0x20","0x20","0x20","0x20","0x20","0x20","0x20","0x20","0x20","0x20","0x20","0x20","0x20","0x20","0x20","0x20","0x20","0x20","0x20","0x20","0x20","0x20"
"121","0xF","0x0","0b0000000000000000","0b1000000000000001","0","0","0b0000000000000000","0b0000000000000000","0b0000000000000000","0b0000000000000000","0","0b0000000000000000","0b0000000000000000","0x0000003D","0x7218D000","1","0","0x00000029","1","0","0","0x00000000","0x00000001","0x000001B4","0x00000000","0x00000000","0x0000006B","0x00000000","0x00000000","0x00000000","0x00000000","0x00000000","0x00000000","0x00000000","0x00000000","0x00000000","0x00000000","0x00000000","0x00000000","0x00000000","0x00000000","0x00000000","0x00000000","0x00000000","0x00000000","0x04000000","0x00000000","0x00000000","0x00000001","0xFFFFFFFF","0x00000084","0x00000260","0x00000051","0","0","0","0","0","0","0","0","0x8","0x3","0x0","0xF","0","0","0","1","0","0","0","0","0","0","0","0","0x00","0x00","0x20","0x18","0x0","0x0","0xE","0xF","0","0","1","0x1618D000","0x38180004","0x71000000","0x71000000","0x42200000","0x1A200000","0x66D00080","0x42200000","0x10","0x0F","0x0F","0x0F","0x10","0x0F","0x0E","0x0E","0xF00","0x000","0x000","0x000","0x0F0","0x000","0x000","0x000","0x00","0x00","0x01","0x20","0x20","0x20","0x0F","0x20","0x20","0x20","0x20","0x20","0x20","0x20","0x20","0x20","0x20","0x20","0x20","0x20","0x20","0x20","0x20","0x20","0x20","0x20","0x20","0x20","0x20","0x20","0x20","0x20","0x20","0x20","0x10"
"122","0xF","0x0","0b0000000000000000","0b1000000000000001","0","0","0b0000000000000000","0b0000000000000000","0b0000000000000000","0b0000000000000000","1","0b0000000000000000","0b0000000000000000","0x0000003E","0x7218D000","1","0","0x0000002A","1","0","0","0x00000000","0x00000001","0x000001B4","0x00000000","0x00000000","0x0000006B","0x00000000","0x00000000","0x00000000","0x00000000","0x00000000","0x00000000","0x00000000","0x00000000","0x00000000","0x00000000","0x00000000","0x00000000","0x00000000","0x00000000","0x00000000","0x00000000","0x00000000","0x00000000","0x04000000","0x00000000","0x00000000","0x00000001","0xFFFFFFFF","0x00000084","0x00000260","0x00000051","0","0","0","0","0","0","0","0","0x8","0x3","0x0","0xF","0","0","0","1","0","0","0","1","0","0","0","0","0x00","0x00","0x20","0x18","0x0","0x0","0xE","0xF","0","0","1","0x1618D000","0x38180004","0x71000000","0x71000000","0x42200000","0x1A200000","0x66D00080","0x42200000","0x10","0x0F","0x0F","0x0F","0x10","0x0F","0x0E","0x0E","0xF00","0x000","0x000","0x000","0x0F0","0x000","0x000","0x000","0x00","0x00","0x01","0x20","0x20","0x20","0x0F","0x20","0x20","0x20","0x20","0x20","0x20","0x20","0x20","0x20","0x20","0x20","0x20","0x20","0x20","0x20","0x20","0x20","0x20","0x20","0x20","0x20","0x20","0x20","0x20","0x20","0x20","0x20","0x10"
"123","0xF","0x0","0b0000000000000000","0b1000000000000011","0","0","0b0000000000000000","0b0000000000000000","0b0000000000000000","0b0000000000000000","0","0b0000000000000000","0b0000000000000000","0x0000003E","0x72D000B4","1","0","0x0000002A","1","0","0","0x00000000","0x00000001","0x000001B4","0x00000000","0x00000000","0x0000006B","0x00000000","0x00000000","0x00000000","0x00000000","0x00000000","0x00000000","0x00000000","0x00000000","0x00000000","0x00000000","0x00000000","0x00000000","0x00000000","0x00000000","0x00000000","0x00000000","0x00000000","0x00000000","0x04000000","0x00000000","0x00000000","0x00000001","0xFFFFFFFF","0x00000088","0x00000260","0x00000051","0","0","0","0","0","0","0","0","0x8","0x3","0x0","0xF","0","0","0","1","0","0","0","1","0","0","0","0","0x00","0x00","0x20","0x18","0x0","0x0","0xE","0xF","0","0","0","0x60D000B4","0x1618D000","0x38180004","0x71000000","0x71000000","0x42200000","0x1A200000","0x66D00080","0x11","0x10","0x0F","0x0F","0x0F","0x10","0x0F","0x0E","0x000","0xF00","0x000","0x000","0x000","0x0F0","0x000","0x000","0x00","0x00","0x03","0x20","0x20","0x20","0x0F","0x20","0x20","0x20","0x20","0x20","0x20","0x20","0x20","0x20","0x20","0x20","0x20","0x20","0x20","0x20","0x20","0x20","0x20","0x20","0x20","0x20","0x20","0x20","0x20","0x20","0x20","0x20","0x10"
"124","0xF","0x0","0b0000000000000000","0b1000000000000011","0","0","0b0000000000000000","0b0000000000000000","0b0000000000000000","0b0000000000000000","1","0b0000000000000000","0b0000000000000000","0x0000003F","0x72D000B4","1","0","0x0000002B","1","0","0","0x00000000","0x00000001","0x000001B4","0x00000000","0x00000000","0x0000006B","0x00000000","0x00000000","0x00000000","0x00000000","0x00000000","0x00000000","0x00000000","0x00000000","0x00000000","0x00000000","0x00000000","0x00000000","0x00000000","0x00000000","0x00000000","0x00000000","0x00000000","0x00000000","0x04000000","0x00000000","0x00000000","0x00000001","0xFFFFFFFF","0x00000088","0x00000260","0x00000051","0","0","0","0","0","0","0","0","0x8","0x3","0x0","0xF","0","0","0","1","0","0","0","1","0","0","0","0","0x00","0x00","0x20","0x18","0x0","0x0","0xE","0xF","0","0","0","0x60D000B4","0x1618D000","0x38180004","0x71000000","0x71000000","0x42200000","0x1A200000","0x66D00080","0x11","0x10","0x0F","0x0F","0x0F","0x10","0x0F","0x0E","0x000","0xF00","0x000","0x000","0x000","0x0F0","0x000","0x000","0x00","0x00","0x03","0x20","0x20","0x20","0x0F","0x20","0x20","0x20","0x20","0x20","0x20","0x20","0x20","0x20","0x20","0x20","0x20","0x20","0x20","0x20","0x20","0x20","0x20","0x20","0x20","0x20","0x20","0x20","0x20","0x20","0x20","0x20","0x10"
"125","0xF","0x0","0b0000000000000000","0b1000000000000111","0","0","0b0000000000000000","0b0000000000000000","0b0000000000000000","0b0000000000000000","0","0b0000000000000000","0b0000000000000000","0x0000003F","0x66D00080","1","0","0x0000002B","1","1","0","0x00000000","0x00000001","0x000001B4","0x00000000","0x00000000","0x0000006B","0x00000000","0x00000000","0x00000000","0x00000000","0x00000000","0x00000000","0x00000000","0x00000000","0x00000000","0x00000000","0x00000000","0x00000000","0x00000000","0x00000000","0x00000000","0x00000000","0x00000000","0x00000000","0x04000000","0x00000000","0x00000000","0x00000001","0xFFFFFFFF","0x000000B4","0x00000260","0x00000051","0","0","0","0","0","0","0","0","0x8","0x3","0x0","0xF","0","0","0","1","0","0","0","1","0","0","0","0","0x00","0x00","0x20","0x18","0x0","0x0","0xE","0xF","0","0","0","0x66D00080","0x60D000B4","0x1618D000","0x38180004","0x71000000","0x71000000","0x42200000","0x1A200000","0x12","0x11","0x10","0x0F","0x0F","0x0F","0x10","0x0F","0x000","0x000","0xF00","0x000","0x000","0x000","0x0F0","0x000","0x00","0x01","0x07","0x20","0x20","0x20","0x0F","0x20","0x20","0x20","0x20","0x20","0x20","0x20","0x20","0x20","0x20","0x20","0x20","0x20","0x20","0x20","0x20","0x20","0x20","0x20","0x20","0x20","0x20","0x20","0x20","0x20","0x20","0x20","0x10"
"126","0xF","0x0","0b0000000000000000","0b1000000000000111","0","0","0b0000000000000000","0b0000000000000000","0b0000000000000000","0b0000000000000000","1","0b0000000000000000","0b0000000000000000","0x00000040","0x66D00080","1","0","0x0000002C","1","1","0","0x00000000","0x00000001","0x000001B4","0x00000000","0x00000000","0x0000006B","0x00000000","0x00000000","0x00000000","0x00000000","0x00000000","0x00000000","0x00000000","0x00000000","0x00000000","0x00000000","0x00000000","0x00000000","0x00000000","0x00000000","0x00000000","0x00000000","0x00000000","0x00000000","0x04000000","0x00000000","0x00000000","0x00000001","0xFFFFFFFF","0x000000B4","0x00000260","0x00000051","0","0","0","0","0","0","0","0","0x8","0x3","0x0","0xF","0","0","1","1","0","0","0","1","0","0","0","0","0x00","0x00","0x20","0x18","0x0","0x0","0x3","0xF","0","0","0","0x66D00080","0x60D000B4","0x1618D000","0x38180004","0x71000000","0x71000000","0x42200000","0x1A200000","0x12","0x11","0x10","0x0F","0x0F","0x0F","0x10","0x0F","0x000","0x000","0xF00","0x000","0x000","0x000","0x0F0","0x000","0x00","0x01","0x07","0x20","0x20","0x20","0x0F","0x20","0x20","0x20","0x20","0x20","0x20","0x20","0x20","0x20","0x20","0x20","0x20","0x20","0x20","0x20","0x20","0x20","0x20","0x20","0x20","0x20","0x20","0x20","0x20","0x20","0x20","0x20","0x10"
"127","0xF","0x0","0b0000000000000000","0b1000000000001111","0","0","0b0000000000000000","0b0000000000000000","0b0000000000000000","0b0000000000000100","0","0b0000000000000000","0b0000000000000100","0x00000040","0x38180004","1","0","0x0000002C","1","0","0","0x00000000","0x00000001","0x000001B4","0x00000000","0x00000000","0x0000006B","0x00000000","0x00000000","0x00000000","0x00000000","0x00000000","0x00000000","0x00000000","0x00000000","0x00000000","0x00000000","0x00000000","0x00000000","0x00000000","0x00000000","0x00000000","0x00000000","0x00000000","0x00000000","0x04000000","0x00000000","0x00000000","0x00000001","0xFFFFFFFF","0x00000080","0x00000260","0x00000051","0","0","0","0","0","0","0","0","0x8","0x3","0x0","0xF","0","0","1","1","0","0","0","1","0","0","0","0","0x00","0x00","0x20","0x18","0x0","0x0","0x3","0xF","0","0","0","0x38180004","0x66D00080","0x60D000B4","0x1618D000","0x38180004","0x71000000","0x71000000","0x42200000","0x13","0x12","0x11","0x10","0x0F","0x0F","0x0F","0x10","0x000","0x000","0x000","0xF00","0x000","0x000","0x000","0x0F0","0x00","0x01","0x0D","0x20","0x20","0x20","0x13","0x20","0x20","0x20","0x20","0x20","0x20","0x20","0x20","0x20","0x20","0x20","0x20","0x20","0x20","0x20","0x20","0x20","0x20","0x20","0x20","0x20","0x20","0x20","0x20","0x20","0x20","0x20","0x10"
"128","0xF","0x0","0b0000000000000000","0b1000000000001111","0","0","0b0000000000000000","0b0000000000000000","0b0000000000000000","0b0000000000000100","1","0b0000000000000000","0b0000000000000100","0x00000041","0x38180004","1","0","0x0000002D","1","0","0","0x00000000","0x00000001","0x000001B4","0x00000000","0x00000000","0x0000006B","0x00000000","0x00000000","0x00000000","0x00000000","0x00000000","0x00000000","0x00000000","0x00000000","0x00000000","0x00000000","0x00000000","0x00000000","0x00000000","0x00000000","0x00000000","0x00000000","0x00000000","0x00000000","0x04000000","0x00000000","0x00000000","0x00000001","0xFFFFFFFF","0x00000080","0x00000260","0x00000051","0","0","0","0","0","0","0","0","0x8","0x3","0x0","0xF","0","0","1","1","0","0","0","1","0","0","0","1","0x00","0x00","0x20","0x18","0x0","0x0","0x3","0xF","0","0","0","0x38180004","0x66D00080","0x60D000B4","0x1618D000","0x38180004","0x71000000","0x71000000","0x42200000","0x13","0x12","0x11","0x10","0x0F","0x0F","0x0F","0x10","0x000","0x000","0x000","0xF00","0x000","0x000","0x000","0x0F0","0x00","0x01","0x0D","0x20","0x20","0x20","0x13","0x20","0x20","0x20","0x20","0x20","0x20","0x20","0x20","0x20","0x20","0x20","0x20","0x20","0x20","0x20","0x20","0x20","0x20","0x20","0x20","0x20","0x20","0x20","0x20","0x20","0x20","0x20","0x10"
"129","0xF","0x0","0b0000000000000100","0b1000000000011111","0","0","0b0000000000000000","0b0000000000000000","0b0000000000000000","0b1000000000000000","0","0b0000000000000100","0b1000000000000000","0x00000041","0x7218D000","1","0","0x0000002D","1","0","0","0x00000000","0x00000001","0x000001B4","0x00000000","0x00000000","0x0000006B","0x00000000","0x00000000","0x00000000","0x00000000","0x00000000","0x00000000","0x00000000","0x00000000","0x00000000","0x00000000","0x00000000","0x00000000","0x00000000","0x00000000","0x00000000","0x00000000","0x00000000","0x00000000","0x04000000","0x00000000","0x00000000","0x00000001","0xFFFFFFFF","0x00000084","0x00000260","0x00000051","0","0","0","0","0","0","0","0","0x8","0x3","0x0","0xF","0","0","1","1","0","0","0","1","0","0","0","1","0x00","0x00","0x20","0x18","0x0","0x0","0x3","0xF","0","0","1","0x1618D000","0x38180004","0x66D00080","0x60D000B4","0x1618D000","0x38180004","0x71000000","0x71000000","0x14","0x13","0x12","0x11","0x10","0x0F","0x0F","0x0F","0x300","0x000","0x000","0x000","0xF00","0x000","0x000","0x000","0x00","0x00","0x19","0x20","0x20","0x20","0x13","0x20","0x20","0x20","0x20","0x20","0x20","0x20","0x20","0x20","0x20","0x20","0x20","0x20","0x20","0x20","0x20","0x20","0x20","0x20","0x20","0x20","0x20","0x20","0x20","0x20","0x20","0x20","0x14"
"130","0xF","0x0","0b0000000000000100","0b1000000000011111","0","0","0b0000000000000000","0b0000000000000000","0b0000000000000000","0b1000000000000000","1","0b0000000000000100","0b1000000000000000","0x00000042","0x7218D000","1","0","0x0000002E","1","0","0","0x00000000","0x00000001","0x000001B4","0x00000000","0x00000000","0x0000006B","0x00000000","0x00000000","0x00000000","0x00000000","0x00000000","0x00000000","0x00000000","0x00000000","0x00000000","0x00000000","0x00000000","0x00000000","0x00000000","0x00000000","0x00000000","0x00000000","0x00000000","0x00000000","0x04000000","0x00000000","0x00000000","0x00000001","0xFFFFFFFF","0x00000084","0x00000260","0x00000051","0","0","0","0","0","0","0","0","0x8","0x3","0x0","0xF","0","0","1","1","0","0","1","1","0","0","0","1","0x00","0x00","0x18","0x18","0x0","0x0","0x3","0xF","0","0","1","0x1618D000","0x38180004","0x66D00080","0x60D000B4","0x1618D000","0x38180004","0x71000000","0x71000000","0x14","0x13","0x12","0x11","0x10","0x0F","0x0F","0x0F","0x300","0x000","0x000","0x000","0xF00","0x000","0x000","0x000","0x00","0x00","0x19","0x20","0x20","0x20","0x13","0x20","0x20","0x20","0x20","0x20","0x20","0x20","0x20","0x20","0x20","0x20","0x20","0x20","0x20","0x20","0x20","0x20","0x20","0x20","0x20","0x20","0x20","0x20","0x20","0x20","0x20","0x20","0x14"
"131","0xF","0x0","0b1000000000000100","0b1000000000111111","0","1","0b0000000000000000","0b1000000000000000","0b0000000000000000","0b0000000000000000","0","0b1000000000000100","0b0000000000000000","0x00000042","0x72D000B4","1","0","0x0000002E","1","0","0","0x00000000","0x00000001","0x000001B4","0x00000000","0x00000000","0x0000006B","0x00000000","0x00000000","0x00000000","0x00000000","0x00000000","0x00000000","0x00000000","0x00000000","0x00000000","0x00000000","0x00000000","0x00000000","0x00000000","0x00000000","0x00000000","0x00000000","0x00000000","0x00000000","0x04000000","0x00000000","0x00000000","0x00000001","0xFFFFFFFF","0x00000088","0x00000260","0x00000051","0","0","0","0","0","0","0","0","0x8","0x3","0x0","0xF","0","0","1","1","0","0","1","1","0","0","0","1","0x00","0x00","0x18","0x18","0x0","0x0","0x3","0xF","0","0","0","0x60D000B4","0x1618D000","0x38180004","0x66D00080","0x60D000B4","0x1618D000","0x38180004","0x71000000","0x15","0x14","0x13","0x12","0x11","0x10","0x0F","0x0F","0x004","0x300","0x000","0x000","0x000","0xF00","0x000","0x000","0x00","0x00","0x33","0x20","0x20","0x20","0x13","0x20","0x20","0x20","0x20","0x20","0x20","0x20","0x20","0x20","0x20","0x20","0x20","0x20","0x20","0x20","0x20","0x20","0x20","0x20","0x20","0x20","0x20","0x20","0x20","0x20","0x20","0x20","0x14"
"132","0xF","0x0","0b1000000000000100","0b1000000000111111","0","1","0b0000000000000000","0b1000000000000000","0b0000000000000000","0b0000000000000000","1","0b1000000000000100","0b0000000000000000","0x00000043","0x72D000B4","1","0","0x0000002F","1","0","0","0x00000000","0x00000001","0x000001B4","0x00000000","0x00000000","0x0000006B","0x00000000","0x00000000","0x00000000","0x00000000","0x00000000","0x00000000","0x00000000","0x00000000","0x00000000","0x00000000","0x00000000","0x00000000","0x00000000","0x00000000","0x00000000","0x00000000","0x00000000","0x00000000","0x04000000","0x00000000","0x00000000","0x00000001","0xFFFFFFFF","0x00000088","0x00000260","0x00000051","0","0","0","0","0","0","0","0","0x8","0x3","0x0","0xF","0","0","1","0","0","0","1","0","0","0","0","0","0x00","0x00","0x18","0x18","0x0","0x0","0x3","0xF","0","0","0","0x60D000B4","0x1618D000","0x38180004","0x66D00080","0x60D000B4","0x1618D000","0x38180004","0x71000000","0x15","0x14","0x13","0x12","0x11","0x10","0x0F","0x0F","0x004","0x300","0x000","0x000","0x000","0xF00","0x000","0x000","0x00","0x00","0x33","0x20","0x20","0x20","0x13","0x20","0x20","0x20","0x20","0x20","0x20","0x20","0x20","0x20","0x20","0x20","0x20","0x20","0x20","0x20","0x20","0x20","0x20","0x20","0x20","0x20","0x20","0x20","0x20","0x20","0x20","0x20","0x14"
"133","0x0","0x1","0b0000000000000100","0b0000000001111111","0","0","0b0000000000000000","0b0000000000000000","0b0000000000000000","0b0000000000000000","0","0b0000000000000100","0b0000000000000000","0x00000043","0x1618D000","1","0","0x0000002F","1","1","0","0x00000000","0x00000001","0x000001B4","0x00000000","0x00000000","0x0000006B","0x00000000","0x00000000","0x00000000","0x00000000","0x00000000","0x00000000","0x00000000","0x00000000","0x00000000","0x00000000","0x00000000","0x00000000","0x00000000","0x00000000","0x00000000","0x00000000","0x00000000","0x00000000","0x04000000","0x00000000","0x00000000","0x00000001","0xFFFFFFFF","0x00000084","0x00000260","0x00000051","0","0","0","0","0","0","0","0","0x8","0x3","0x0","0xF","0","0","1","0","0","0","1","0","0","0","0","0","0x00","0x00","0x18","0x18","0x0","0x0","0x3","0xF","0","0","0","0x66D00080","0x60D000B4","0x1618D000","0x38180004","0x66D00080","0x60D000B4","0x1618D000","0x38180004","0x16","0x15","0x14","0x13","0x12","0x11","0x10","0x0F","0x000","0x004","0x300","0x000","0x000","0x000","0xF00","0x000","0x00","0x41","0x67","0x20","0x20","0x20","0x13","0x20","0x20","0x20","0x20","0x20","0x20","0x20","0x20","0x20","0x20","0x20","0x20","0x20","0x20","0x20","0x20","0x20","0x20","0x20","0x20","0x20","0x20","0x20","0x20","0x20","0x20","0x20","0x14"
"134","0x0","0x1","0b0000000000000100","0b0000000001111111","0","0","0b0000000000000000","0b0000000000000000","0b0000000000000000","0b0000000000000000","1","0b0000000000000100","0b0000000000000000","0x00000044","0x1618D000","1","0","0x00000030","1","1","0","0x00000000","0x00000001","0x000001B4","0x00000000","0x00000000","0x0000006B","0x00000000","0x00000000","0x00000000","0x00000000","0x00000000","0x00000000","0x00000000","0x00000000","0x00000000","0x00000000","0x00000000","0x00000000","0x00000000","0x00000000","0x00000000","0x00000000","0x00000000","0x00000000","0x04000000","0x00000000","0x00000000","0x00000001","0xFFFFFFFF","0x00000084","0x00000260","0x00000051","0","0","0","0","0","0","0","0","0x8","0x3","0x0","0xF","0","0","1","1","0","0","1","0","0","0","0","0","0x00","0x00","0x18","0x18","0x0","0x0","0x3","0x7","0","0","0","0x66D00080","0x60D000B4","0x1618D000","0x38180004","0x66D00080","0x60D000B4","0x1618D000","0x38180004","0x16","0x15","0x14","0x13","0x12","0x11","0x10","0x0F","0x000","0x004","0x300","0x000","0x000","0x000","0xF00","0x000","0x00","0x41","0x67","0x20","0x20","0x20","0x13","0x20","0x20","0x20","0x20","0x20","0x20","0x20","0x20","0x20","0x20","0x20","0x20","0x20","0x20","0x20","0x20","0x20","0x20","0x20","0x20","0x20","0x20","0x20","0x20","0x20","0x20","0x20","0x14"
"135","0x0","0x1","0b0000000000000100","0b0000000011111111","0","0","0b0000000000000000","0b0000000000000000","0b0000000000000000","0b0000000000000000","0","0b0000000000000100","0b0000000000000000","0x00000044","0x66D00080","1","0","0x00000030","1","0","0","0x00000000","0x00000001","0x000001B4","0x00000000","0x00000000","0x0000006B","0x00000000","0x00000000","0x00000000","0x00000000","0x00000000","0x00000000","0x00000000","0x00000000","0x00000000","0x00000000","0x00000000","0x00000000","0x00000000","0x00000000","0x00000000","0x00000000","0x00000000","0x00000000","0x04000000","0x00000000","0x00000000","0x00000001","0xFFFFFFFF","0x000000B4","0x00000260","0x00000051","0","0","0","0","0","0","0","0","0x8","0x3","0x0","0xF","0","0","1","1","0","0","1","0","0","0","0","0","0x00","0x00","0x18","0x18","0x0","0x0","0x3","0x7","0","0","0","0x38180004","0x66D00080","0x60D000B4","0x1618D000","0x38180004","0x66D00080","0x60D000B4","0x1618D000","0x17","0x16","0x15","0x14","0x13","0x12","0x11","0x10","0x000","0x000","0x004","0x300","0x000","0x000","0x000","0xF00","0x00","0x03","0x4F","0x20","0x20","0x20","0x17","0x20","0x20","0x20","0x20","0x20","0x20","0x20","0x20","0x20","0x20","0x20","0x20","0x20","0x20","0x20","0x20","0x20","0x20","0x20","0x20","0x20","0x20","0x20","0x20","0x20","0x20","0x20","0x14"
"136","0x0","0x1","0b0000000000000100","0b0000000011111111","0","0","0b0000000000000000","0b0000000000000000","0b0000000000000000","0b0000000000000000","1","0b0000000000000100","0b0000000000000000","0x00000045","0x66D00080","1","0","0x00000031","1","0","0","0x00000000","0x00000001","0x000001B4","0x00000000","0x00000000","0x0000006B","0x00000000","0x00000000","0x00000000","0x00000000","0x00000000","0x00000000","0x00000000","0x00000000","0x00000000","0x00000000","0x00000000","0x00000000","0x00000000","0x00000000","0x00000000","0x00000000","0x00000000","0x00000000","0x04000000","0x00000000","0x00000000","0x00000001","0xFFFFFFFF","0x000000B4","0x00000260","0x00000051","0","0","0","0","0","0","0","0","0x8","0x3","0x0","0xF","0","0","1","1","0","0","1","0","0","0","1","0","0x00","0x00","0x18","0x18","0x0","0x0","0x3","0x7","0","0","0","0x38180004","0x66D00080","0x60D000B4","0x1618D000","0x38180004","0x66D00080","0x60D000B4","0x1618D000","0x17","0x16","0x15","0x14","0x13","0x12","0x11","0x10","0x000","0x000","0x004","0x300","0x000","0x000","0x000","0xF00","0x00","0x03","0x4F","0x20","0x20","0x20","0x17","0x20","0x20","0x20","0x20","0x20","0x20","0x20","0x20","0x20","0x20","0x20","0x20","0x20","0x20","0x20","0x20","0x20","0x20","0x20","0x20","0x20","0x20","0x20","0x20","0x20","0x20","0x20","0x14"
"137","0x0","0x1","0b0000000000000100","0b0000000111111111","0","0","0b0000000000000000","0b0000000000000000","0b0000000000000000","0b0000000001001000","0","0b0000000000000100","0b0000000001001000","0x00000045","0x38180004","1","0","0x00000031","1","0","0","0x00000000","0x00000001","0x000001B4","0x00000000","0x00000000","0x0000006B","0x00000000","0x00000000","0x00000000","0x00000000","0x00000000","0x00000000","0x00000000","0x00000000","0x00000000","0x00000000","0x00000000","0x00000000","0x00000000","0x00000000","0x00000000","0x00000000","0x00000000","0x00000000","0x04000000","0x00000000","0x00000000","0x00000001","0xFFFFFFFF","0x00000080","0x00000260","0x00000051","0","0","0","0","0","0","0","0","0x8","0x3","0x0","0xF","0","0","1","1","0","0","1","0","0","0","1","0","0x00","0x00","0x18","0x18","0x0","0x0","0x3","0x7","0","0","0","0x1618D000","0x38180004","0x66D00080","0x60D000B4","0x1618D000","0x38180004","0x66D00080","0x60D000B4","0x18","0x17","0x16","0x15","0x14","0x13","0x12","0x11","0x700","0x000","0x000","0x004","0x300","0x000","0x000","0x000","0x00","0x02","0x9B","0x20","0x20","0x20","0x17","0x20","0x20","0x20","0x20","0x20","0x20","0x20","0x20","0x20","0x20","0x20","0x20","0x20","0x20","0x20","0x20","0x20","0x20","0x20","0x20","0x20","0x20","0x20","0x20","0x20","0x20","0x20","0x18"
"138","0x0","0x1","0b0000000000000100","0b0000000111111111","0","0","0b0000000000000000","0b0000000000000000","0b0000000000000000","0b0000000001001000","1","0b0000000000000100","0b0000000001001000","0x00000046","0x38180004","1","0","0x00000032","1","0","0","0x00000000","0x00000001","0x000001B4","0x00000000","0x00000000","0x0000006B","0x00000000","0x00000000","0x00000000","0x00000000","0x00000000","0x00000000","0x00000000","0x00000000","0x00000000","0x00000000","0x00000000","0x00000000","0x00000000","0x00000000","0x00000000","0x00000000","0x00000000","0x00000000","0x04000000","0x00000000","0x00000000","0x00000001","0xFFFFFFFF","0x00000080","0x00000260","0x00000051","0","0","0","0","0","0","0","0","0x8","0x3","0x0","0xF","0","0","1","1","0","0","1","0","0","0","1","0","0x00","0x00","0x18","0x18","0x0","0x0","0x3","0x7","0","0","0","0x1618D000","0x38180004","0x66D00080","0x60D000B4","0x1618D000","0x38180004","0x66D00080","0x60D000B4","0x18","0x17","0x16","0x15","0x14","0x13","0x12","0x11","0x700","0x000","0x000","0x004","0x300","0x000","0x000","0x000","0x00","0x02","0x9B","0x20","0x20","0x20","0x17","0x20","0x20","0x20","0x20","0x20","0x20","0x20","0x20","0x20","0x20","0x20","0x20","0x20","0x20","0x20","0x20","0x20","0x20","0x20","0x20","0x20","0x20","0x20","0x20","0x20","0x20","0x20","0x18"
"139","0x0","0x1","0b0000000001001100","0b0000001111111111","0","0","0b0000000000000000","0b0000000000000000","0b0000000000000000","0b0000000000000001","0","0b0000000001001100","0b0000000000000001","0x00000046","0x72D000B4","1","0","0x00000032","1","0","0","0x00000000","0x00000001","0x000001B4","0x00000000","0x00000000","0x0000006B","0x00000000","0x00000000","0x00000000","0x00000000","0x00000000","0x00000000","0x00000000","0x00000000","0x00000000","0x00000000","0x00000000","0x00000000","0x00000000","0x00000000","0x00000000","0x00000000","0x00000000","0x00000000","0x04000000","0x00000000","0x00000000","0x00000001","0xFFFFFFFF","0x00000088","0x00000260","0x00000051","0","0","0","0","0","0","0","0","0x8","0x3","0x0","0xF","0","0","1","1","0","0","1","0","0","0","1","0","0x00","0x00","0x18","0x18","0x0","0x0","0x3","0x7","0","0","1","0x60D000B4","0x1618D000","0x38180004","0x66D00080","0x60D000B4","0x1618D000","0x38180004","0x60D000B4","0x19","0x18","0x17","0x16","0x15","0x14","0x13","0x11","0x008","0x700","0x000","0x000","0x004","0x300","0x000","0x000","0x00","0x00","0xB3","0x20","0x20","0x20","0x17","0x20","0x20","0x20","0x20","0x20","0x20","0x20","0x20","0x20","0x20","0x20","0x20","0x20","0x20","0x20","0x20","0x20","0x20","0x20","0x20","0x20","0x20","0x20","0x20","0x20","0x20","0x20","0x18"
"140","0x0","0x1","0b0000000001001100","0b0000001111111111","0","0","0b0000000000000000","0b0000000000000000","0b0000000000000000","0b0000000000000001","1","0b0000000001001100","0b0000000000000001","0x00000047","0x72D000B4","1","0","0x00000033","1","0","0","0x00000000","0x00000001","0x000001B4","0x00000000","0x00000000","0x0000006B","0x00000000","0x00000000","0x00000000","0x00000000","0x00000000","0x00000000","0x00000000","0x00000000","0x00000000","0x00000000","0x00000000","0x00000000","0x00000000","0x00000000","0x00000000","0x00000000","0x00000000","0x00000000","0x04000000","0x00000000","0x00000000","0x00000001","0xFFFFFFFF","0x00000088","0x00000260","0x00000051","0","0","0","0","0","0","0","0","0x8","0x3","0x0","0xF","0","0","1","1","0","0","1","1","0","0","1","0","0x00","0x00","0x18","0x18","0x0","0x0","0x3","0x7","0","0","1","0x60D000B4","0x1618D000","0x38180004","0x66D00080","0x60D000B4","0x1618D000","0x38180004","0x60D000B4","0x19","0x18","0x17","0x16","0x15","0x14","0x13","0x11","0x008","0x700","0x000","0x000","0x004","0x300","0x000","0x000","0x00","0x00","0xB3","0x20","0x20","0x20","0x17","0x20","0x20","0x20","0x20","0x20","0x20","0x20","0x20","0x20","0x20","0x20","0x20","0x20","0x20","0x20","0x20","0x20","0x20","0x20","0x20","0x20","0x20","0x20","0x20","0x20","0x20","0x20","0x18"
"141","0x0","0x1","0b0000000001001101","0b0000011111111111","0","1","0b0000000000000000","0b0000000000000001","0b0000000000000000","0b0000000000000000","0","0b0000000001001101","0b0000000000000000","0x00000047","0x66D00080","1","0","0x00000033","1","1","0","0x00000000","0x00000001","0x000001B4","0x00000000","0x00000000","0x0000006B","0x00000000","0x00000000","0x00000000","0x00000000","0x00000000","0x00000000","0x00000000","0x00000000","0x00000000","0x00000000","0x00000000","0x00000000","0x00000000","0x00000000","0x00000000","0x00000000","0x00000000","0x00000000","0x04000000","0x00000000","0x00000000","0x00000001","0xFFFFFFFF","0x000000B4","0x00000260","0x00000051","0","0","0","0","0","0","0","0","0x8","0x3","0x0","0xF","0","0","1","1","0","0","1","1","0","0","1","0","0x00","0x00","0x18","0x18","0x0","0x0","0x3","0x7","0","0","0","0x66D00080","0x60D000B4","0x1618D000","0x38180004","0x66D00080","0x60D000B4","0x1618D000","0x60D000B4","0x1A","0x19","0x18","0x17","0x16","0x15","0x14","0x11","0x000","0x008","0x700","0x000","0x000","0x004","0x300","0x000","0x00","0x01","0xE7","0x20","0x20","0x20","0x17","0x20","0x20","0x20","0x20","0x20","0x20","0x20","0x20","0x20","0x20","0x20","0x20","0x20","0x20","0x20","0x20","0x20","0x20","0x20","0x20","0x20","0x20","0x20","0x20","0x20","0x20","0x20","0x18"
"142","0x0","0x1","0b0000000001001101","0b0000011111111111","0","1","0b0000000000000000","0b0000000000000001","0b0000000000000000","0b0000000000000000","1","0b0000000001001101","0b0000000000000000","0x00000048","0x66D00080","1","0","0x00000034","1","1","0","0x00000000","0x00000001","0x000001B4","0x00000000","0x00000000","0x0000006B","0x00000000","0x00000000","0x00000000","0x00000000","0x00000000","0x00000000","0x00000000","0x00000000","0x00000000","0x00000000","0x00000000","0x00000000","0x00000000","0x00000000","0x00000000","0x00000000","0x00000000","0x00000000","0x04000000","0x00000000","0x00000000","0x00000001","0xFFFFFFFF","0x000000B4","0x00000260","0x00000051","0","0","0","0","0","0","0","0","0x8","0x3","0x0","0xF","0","0","1","1","0","0","1","1","0","0","1","0","0x00","0x00","0x18","0x18","0x0","0xB","0x3","0x7","0","0","0","0x66D00080","0x60D000B4","0x1618D000","0x38180004","0x66D00080","0x60D000B4","0x1618D000","0x60D000B4","0x1A","0x19","0x18","0x17","0x16","0x15","0x14","0x11","0x000","0x008","0x700","0x000","0x000","0x004","0x300","0x000","0x00","0x01","0xE7","0x20","0x20","0x20","0x17","0x20","0x20","0x20","0x20","0x20","0x20","0x20","0x20","0x20","0x20","0x20","0x20","0x20","0x20","0x20","0x20","0x20","0x20","0x20","0x20","0x20","0x20","0x20","0x20","0x20","0x20","0x20","0x18"
"143","0x1","0x2","0b0000000001001100","0b0000111111111110","0","0","0b0000000000000000","0b0000000000000000","0b0000000000000000","0b0000010000000000","0","0b0000000001001100","0b0000010000000000","0x00000048","0x60D000B4","1","0","0x00000034","1","0","0","0x00000000","0x00000001","0x000001B4","0x00000000","0x00000000","0x0000006B","0x00000000","0x00000000","0x00000000","0x00000000","0x00000000","0x00000000","0x00000000","0x00000000","0x00000000","0x00000000","0x00000000","0x00000000","0x00000000","0x00000000","0x00000000","0x00000000","0x00000000","0x00000000","0x04000000","0x00000000","0x00000000","0x00000001","0xFFFFFFFF","0x00000088","0x00000260","0x00000051","0","0","0","0","0","0","0","0","0x8","0x3","0x0","0xF","0","0","1","1","0","0","1","1","0","0","1","0","0x00","0x00","0x18","0x18","0x0","0xB","0x3","0x7","0","0","0","0x38180004","0x66D00080","0x60D000B4","0x1618D000","0x38180004","0x60D000B4","0x1618D000","0x60D000B4","0x1B","0x1A","0x19","0x18","0x17","0x15","0x14","0x11","0x000","0x000","0x008","0x700","0x000","0x004","0x300","0x000","0x00","0x81","0xED","0x20","0x20","0x20","0x1B","0x20","0x20","0x20","0x20","0x20","0x20","0x20","0x20","0x20","0x20","0x20","0x20","0x20","0x20","0x20","0x20","0x20","0x20","0x20","0x20","0x20","0x20","0x20","0x20","0x20","0x20","0x20","0x18"
"144","0x1","0x2","0b0000000001001100","0b0000111111111110","0","0","0b0000000000000000","0b0000000000000000","0b0000000000000000","0b0000010000000000","1","0b0000000001001100","0b0000010000000000","0x00000049","0x60D000B4","1","0","0x00000035","1","0","0","0x00000000","0x00000001","0x000001B4","0x00000000","0x00000000","0x0000006B","0x00000000","0x00000000","0x00000000","0x00000000","0x00000000","0x00000000","0x00000000","0x00000000","0x00000000","0x00000000","0x00000000","0x00000000","0x00000000","0x00000000","0x00000000","0x00000000","0x00000000","0x00000000","0x04000000","0x00000000","0x00000000","0x00000001","0xFFFFFFFF","0x00000088","0x00000260","0x00000051","0","0","0","0","0","0","0","0","0x8","0x3","0x0","0xF","0","0","1","1","0","0","1","1","0","0","1","0","0x00","0x00","0x18","0x18","0x0","0xB","0x3","0x7","0","0","0","0x38180004","0x66D00080","0x60D000B4","0x1618D000","0x38180004","0x60D000B4","0x1618D000","0x60D000B4","0x1B","0x1A","0x19","0x18","0x17","0x15","0x14","0x11","0x000","0x000","0x008","0x700","0x000","0x004","0x300","0x000","0x00","0x81","0xED","0x20","0x20","0x20","0x1B","0x20","0x20","0x20","0x20","0x20","0x20","0x20","0x20","0x20","0x20","0x20","0x20","0x20","0x20","0x20","0x20","0x20","0x20","0x20","0x20","0x20","0x20","0x20","0x20","0x20","0x20","0x20","0x18"
"145","0x1","0x2","0b0000010001001100","0b0001111111111110","0","0","0b0000000000000000","0b0000000000000000","0b0000000000000000","0b0000000000000010","0","0b0000010001001100","0b0000000000000010","0x00000049","0x38180004","1","0","0x00000035","1","0","0","0x00000000","0x00000001","0x000001B4","0x00000000","0x00000000","0x0000006B","0x00000000","0x00000000","0x00000000","0x00000000","0x00000000","0x00000000","0x00000000","0x00000000","0x00000000","0x00000000","0x00000000","0x00000000","0x00000000","0x00000000","0x00000000","0x00000000","0x00000000","0x00000000","0x04000000","0x00000000","0x00000000","0x00000001","0xFFFFFFFF","0x00000080","0x00000260","0x00000051","0","0","0","0","0","0","0","0","0x8","0x3","0x0","0xF","0","0","1","1","0","0","1","1","0","0","1","0","0x00","0x00","0x18","0x18","0x0","0xB","0x3","0x7","0","0","0","0x1618D000","0x38180004","0x66D00080","0x60D000B4","0x1618D000","0x60D000B4","0x1618D000","0x1618D000","0x1C","0x1B","0x1A","0x19","0x18","0x15","0x14","0x14","0xB00","0x000","0x000","0x008","0x700","0x004","0x300","0x300","0x00","0x02","0x7B","0x20","0x20","0x20","0x1B","0x20","0x20","0x20","0x20","0x20","0x20","0x20","0x20","0x20","0x20","0x20","0x20","0x20","0x20","0x20","0x20","0x20","0x20","0x20","0x20","0x20","0x20","0x20","0x20","0x20","0x20","0x20","0x1C"
"146","0x1","0x2","0b0000010001001100","0b0001111111111110","0","0","0b0000000000000000","0b0000000000000000","0b0000000000000000","0b0000000000000010","1","0b0000010001001100","0b0000000000000010","0x0000004A","0x38180004","1","0","0x00000036","1","0","0","0x00000000","0x00000001","0x000001B4","0x00000000","0x00000000","0x0000006B","0x00000000","0x00000000","0x00000000","0x00000000","0x00000000","0x00000000","0x00000000","0x00000000","0x00000000","0x00000000","0x00000000","0x00000000","0x00000000","0x00000000","0x00000000","0x00000000","0x00000000","0x00000000","0x04000000","0x00000000","0x00000000","0x00000001","0xFFFFFFFF","0x00000080","0x00000260","0x00000051","0","0","0","0","0","0","0","0","0x8","0x3","0x0","0xF","0","0","1","1","0","0","1","1","0","0","1","1","0x00","0x00","0x18","0x18","0x0","0xB","0x3","0x7","0","0","0","0x1618D000","0x38180004","0x66D00080","0x60D000B4","0x1618D000","0x60D000B4","0x1618D000","0x1618D000","0x1C","0x1B","0x1A","0x19","0x18","0x15","0x14","0x14","0xB00","0x000","0x000","0x008","0x700","0x004","0x300","0x300","0x00","0x02","0x7B","0x20","0x20","0x20","0x1B","0x20","0x20","0x20","0x20","0x20","0x20","0x20","0x20","0x20","0x20","0x20","0x20","0x20","0x20","0x20","0x20","0x20","0x20","0x20","0x20","0x20","0x20","0x20","0x20","0x20","0x20","0x20","0x1C"
"147","0x1","0x2","0b0000010001001110","0b0011111111111110","1","1","0b0000000000000100","0b0000000000000010","0b0000000000000000","0b0000000010000000","0","0b0000010001001110","0b0000000010000000","0x0000004A","0x72D000B4","1","0","0x00000036","1","0","0","0x00000000","0x00000001","0x000001B4","0x00000000","0x00000000","0x0000006B","0x00000000","0x00000000","0x00000000","0x00000000","0x00000000","0x00000000","0x00000000","0x00000000","0x00000000","0x00000000","0x00000000","0x00000000","0x00000000","0x00000000","0x00000000","0x00000000","0x00000000","0x00000000","0x04000000","0x00000000","0x00000000","0x00000001","0xFFFFFFFF","0x00000088","0x00000260","0x00000051","0","0","0","0","0","0","0","0","0x8","0x3","0x0","0xF","0","0","1","1","0","0","1","1","0","0","1","1","0x00","0x00","0x18","0x18","0x0","0xB","0x3","0x7","1","1","1","0x60D000B4","0x1618D000","0x38180004","0x66D00080","0x60D000B4","0x1618D000","0x60D000B4","0x1618D000","0x1D","0x1C","0x1B","0x1A","0x19","0x18","0x15","0x14","0x00C","0xB00","0x000","0x000","0x008","0x700","0x004","0x300","0x00","0x00","0xF3","0x20","0x20","0x20","0x1B","0x20","0x20","0x20","0x20","0x20","0x20","0x20","0x20","0x20","0x20","0x20","0x20","0x20","0x20","0x20","0x20","0x20","0x20","0x20","0x20","0x20","0x20","0x20","0x20","0x20","0x20","0x20","0x1C"
"148","0x1","0x2","0b0000010001001110","0b0011111111111110","1","1","0b0000000000000100","0b0000000000000010","0b0000000000000000","0b0000000010000000","1","0b0000010001001110","0b0000000010000000","0x0000004B","0x72D000B4","1","0","0x00000037","1","0","0","0x00000000","0x00000001","0x000001B4","0x00000000","0x00000000","0x0000006B","0x00000000","0x00000000","0x00000000","0x00000000","0x00000000","0x00000000","0x00000000","0x00000000","0x00000000","0x00000000","0x00000000","0x00000000","0x00000000","0x00000000","0x00000000","0x00000000","0x00000000","0x00000000","0x04000000","0x00000000","0x00000000","0x00000001","0xFFFFFFFF","0x00000088","0x00000260","0x00000051","0","0","0","0","0","0","0","0","0x8","0x3","0x0","0xF","0","0","1","1","0","0","1","1","0","0","1","1","0x00","0x00","0x18","0x18","0x0","0xB","0x3","0x7","1","1","1","0x60D000B4","0x1618D000","0x38180004","0x66D00080","0x60D000B4","0x1618D000","0x60D000B4","0x1618D000","0x1D","0x1C","0x1B","0x1A","0x19","0x18","0x15","0x14","0x00C","0xB00","0x000","0x000","0x008","0x700","0x004","0x300","0x00","0x00","0xF3","0x20","0x20","0x20","0x1B","0x20","0x20","0x20","0x20","0x20","0x20","0x20","0x20","0x20","0x20","0x20","0x20","0x20","0x20","0x20","0x20","0x20","0x20","0x20","0x20","0x20","0x20","0x20","0x20","0x20","0x20","0x20","0x1C"
"149","0x3","0x4","0b0000010011001000","0b0111111111111000","0","1","0b0000000000000000","0b0000000000001000","0b0000000000000000","0b0000000000000000","0","0b0000010011001000","0b0000000000000000","0x0000004B","0x66D00080","1","0","0x00000037","1","1","0","0x00000000","0x00000001","0x000001B4","0x00000000","0x00000000","0x0000006B","0x00000000","0x00000000","0x00000000","0x00000000","0x00000000","0x00000000","0x00000000","0x00000000","0x00000000","0x00000000","0x00000000","0x00000000","0x00000000","0x00000000","0x00000000","0x00000000","0x00000000","0x00000000","0x04000000","0x00000000","0x00000000","0x00000001","0xFFFFFFFF","0x000000B4","0x00000260","0x00000051","0","0","0","0","0","0","0","0","0x8","0x3","0x0","0xF","0","0","1","1","0","0","1","1","0","0","1","1","0x00","0x00","0x18","0x18","0x0","0xB","0x3","0x7","1","0","0","0x66D00080","0x60D000B4","0x1618D000","0x38180004","0x60D000B4","0x1618D000","0x60D000B4","0x1618D000","0x1E","0x1D","0x1C","0x1B","0x19","0x18","0x15","0x14","0x000","0x00C","0xB00","0x000","0x008","0x700","0x004","0x300","0x00","0x01","0xF7","0x20","0x20","0x20","0x1B","0x20","0x20","0x20","0x20","0x20","0x20","0x20","0x20","0x20","0x20","0x20","0x20","0x20","0x20","0x20","0x20","0x20","0x20","0x20","0x20","0x20","0x20","0x20","0x20","0x20","0x20","0x20","0x1C"
"150","0x3","0x4","0b0000010011001000","0b0111111111111000","0","1","0b0000000000000000","0b0000000000001000","0b0000000000000000","0b0000000000000000","1","0b0000010011001000","0b0000000000000000","0x0000004C","0x66D00080","1","0","0x00000038","1","1","0","0x00000000","0x00000001","0x000001B4","0x00000000","0x00000000","0x0000006B","0x00000000","0x00000000","0x00000000","0x00000000","0x00000000","0x00000000","0x00000000","0x00000000","0x00000000","0x00000000","0x00000000","0x00000000","0x00000000","0x00000000","0x00000000","0x00000000","0x00000000","0x00000000","0x04000000","0x00000000","0x00000000","0x00000001","0xFFFFFFFF","0x000000B4","0x00000260","0x00000051","0","0","0","0","0","0","0","0","0x8","0x3","0x0","0xF","0","1","0","1","0","0","0","1","0","0","0","1","0x00","0x00","0x18","0x18","0x0","0xF","0x3","0x7","1","0","0","0x66D00080","0x60D000B4","0x1618D000","0x38180004","0x60D000B4","0x1618D000","0x60D000B4","0x1618D000","0x1E","0x1D","0x1C","0x1B","0x19","0x18","0x15","0x14","0x000","0x00C","0xB00","0x000","0x008","0x700","0x004","0x300","0x00","0x01","0xF7","0x20","0x20","0x20","0x1B","0x20","0x20","0x20","0x20","0x20","0x20","0x20","0x20","0x20","0x20","0x20","0x20","0x20","0x20","0x20","0x20","0x20","0x20","0x20","0x20","0x20","0x20","0x20","0x20","0x20","0x20","0x20","0x1C"
"151","0x4","0x5","0b0000010011000000","0b1111111111110000","0","0","0b0000000000000000","0b0000000000000000","0b0000000000000000","0b0100000000000000","0","0b0000010011000000","0b0100000000000000","0x0000004C","0x1618D000","1","0","0x00000038","1","0","0","0x00000000","0x00000001","0x000001B4","0x00000000","0x00000000","0x0000006B","0x00000000","0x00000000","0x00000000","0x00000000","0x00000000","0x00000000","0x00000000","0x00000000","0x00000000","0x00000000","0x00000000","0x00000000","0x00000000","0x00000000","0x00000000","0x00000000","0x00000000","0x00000000","0x04000000","0x00000000","0x00000000","0x00000001","0xFFFFFFFF","0x00000084","0x00000260","0x00000051","0","0","0","0","0","0","0","0","0x8","0x3","0x0","0xF","0","1","0","1","0","0","0","1","0","0","0","1","0x00","0x00","0x18","0x18","0x0","0xF","0x3","0x7","1","0","0","0x38180004","0x66D00080","0x60D000B4","0x1618D000","0x60D000B4","0x1618D000","0x60D000B4","0x1618D000","0x1F","0x1E","0x1D","0x1C","0x19","0x18","0x15","0x14","0x000","0x000","0x00C","0xB00","0x008","0x700","0x004","0x300","0x00","0x81","0xFD","0x20","0x20","0x20","0x1F","0x20","0x20","0x20","0x20","0x20","0x20","0x20","0x20","0x20","0x20","0x20","0x20","0x20","0x20","0x20","0x20","0x20","0x20","0x20","0x20","0x20","0x20","0x20","0x20","0x20","0x20","0x20","0x1C"
"152","0x4","0x5","0b0000010011000000","0b1111111111110000","0","0","0b0000000000000000","0b0000000000000000","0b0000000000000000","0b0100000000000000","1","0b0000010011000000","0b0100000000000000","0x0000004D","0x1618D000","1","0","0x00000039","1","0","0","0x00000000","0x00000001","0x000001B4","0x00000000","0x00000000","0x0000006B","0x00000000","0x00000000","0x00000000","0x00000000","0x00000000","0x00000000","0x00000000","0x00000000","0x00000000","0x00000000","0x00000000","0x00000000","0x00000000","0x00000000","0x00000000","0x00000000","0x00000000","0x00000000","0x04000000","0x00000000","0x00000000","0x00000001","0xFFFFFFFF","0x00000084","0x00000260","0x00000051","0","0","0","0","0","0","0","0","0x8","0x3","0x0","0xF","0","1","0","1","0","0","0","1","0","0","0","1","0x00","0x00","0x18","0x18","0x0","0xF","0x3","0x7","1","0","0","0x38180004","0x66D00080","0x60D000B4","0x1618D000","0x60D000B4","0x1618D000","0x60D000B4","0x1618D000","0x1F","0x1E","0x1D","0x1C","0x19","0x18","0x15","0x14","0x000","0x000","0x00C","0xB00","0x008","0x700","0x004","0x300","0x00","0x81","0xFD","0x20","0x20","0x20","0x1F","0x20","0x20","0x20","0x20","0x20","0x20","0x20","0x20","0x20","0x20","0x20","0x20","0x20","0x20","0x20","0x20","0x20","0x20","0x20","0x20","0x20","0x20","0x20","0x20","0x20","0x20","0x20","0x1C"
"153","0x4","0x5","0b0100010011000000","0b1111111111110001","0","0","0b0000000000000000","0b0000000000000000","0b0000000000000000","0b0000000000000000","0","0b0100010011000000","0b0000000000000000","0x0000004D","0x38180004","1","0","0x00000039","1","0","0","0x00000000","0x00000001","0x000001B4","0x00000000","0x00000000","0x0000006B","0x00000000","0x00000000","0x00000000","0x00000000","0x00000000","0x00000000","0x00000000","0x00000000","0x00000000","0x00000000","0x00000000","0x00000000","0x00000000","0x00000000","0x00000000","0x00000000","0x00000000","0x00000000","0x04000000","0x00000000","0x00000000","0x00000001","0xFFFFFFFF","0x00000080","0x00000260","0x00000051","0","0","0","0","0","0","0","0","0x8","0x3","0x0","0xF","0","1","0","1","0","0","0","1","0","0","0","1","0x00","0x00","0x18","0x18","0x0","0xF","0x3","0x7","1","0","0","0x1618D000","0x38180004","0x60D000B4","0x1618D000","0x60D000B4","0x1618D000","0x60D000B4","0x60D000B4","0x00","0x1F","0x1D","0x1C","0x19","0x18","0x15","0x15","0xF00","0x000","0x00C","0xB00","0x008","0x700","0x004","0x004","0x00","0x02","0x7F","0x20","0x20","0x20","0x1F","0x20","0x20","0x20","0x20","0x20","0x20","0x20","0x20","0x20","0x20","0x20","0x20","0x20","0x20","0x20","0x20","0x20","0x20","0x20","0x20","0x20","0x20","0x20","0x20","0x20","0x20","0x20","0x00"
"154","0x4","0x5","0b0100010011000000","0b1111111111110001","0","0","0b0000000000000000","0b0000000000000000","0b0000000000000000","0b0000000000000000","1","0b0100010011000000","0b0000000000000000","0x0000004E","0x38180004","1","0","0x0000003A","1","0","0","0x00000000","0x00000001","0x000001B4","0x00000000","0x00000000","0x0000006B","0x00000000","0x00000000","0x00000000","0x00000000","0x00000000","0x00000000","0x00000000","0x00000000","0x00000000","0x00000000","0x00000000","0x00000000","0x00000000","0x00000000","0x00000000","0x00000000","0x00000000","0x00000000","0x04000000","0x00000000","0x00000000","0x00000001","0xFFFFFFFF","0x00000080","0x00000260","0x00000051","0","0","0","0","0","0","0","0","0x8","0x3","0x0","0xF","0","1","0","1","0","0","0","1","0","0","0","1","0x00","0x00","0x18","0x18","0x0","0xF","0x3","0x7","1","0","0","0x1618D000","0x38180004","0x60D000B4","0x1618D000","0x60D000B4","0x1618D000","0x60D000B4","0x60D000B4","0x00","0x1F","0x1D","0x1C","0x19","0x18","0x15","0x15","0xF00","0x000","0x00C","0xB00","0x008","0x700","0x004","0x004","0x00","0x02","0x7F","0x20","0x20","0x20","0x1F","0x20","0x20","0x20","0x20","0x20","0x20","0x20","0x20","0x20","0x20","0x20","0x20","0x20","0x20","0x20","0x20","0x20","0x20","0x20","0x20","0x20","0x20","0x20","0x20","0x20","0x20","0x20","0x00"
"155","0x4","0x5","0b0100010011000000","0b1111111111110011","0","0","0b0000000000000000","0b0000000000000000","0b0000000000000000","0b0000000000000000","0","0b0100010011000000","0b0000000000000000","0x0000004E","0x72D000B4","1","0","0x0000003A","1","0","0","0x00000000","0x00000001","0x000001B4","0x00000000","0x00000000","0x0000006B","0x00000000","0x00000000","0x00000000","0x00000000","0x00000000","0x00000000","0x00000000","0x00000000","0x00000000","0x00000000","0x00000000","0x00000000","0x00000000","0x00000000","0x00000000","0x00000000","0x00000000","0x00000000","0x04000000","0x00000000","0x00000000","0x00000001","0xFFFFFFFF","0x00000088","0x00000260","0x00000051","0","0","0","0","0","0","0","0","0x8","0x3","0x0","0xF","0","1","0","1","0","0","0","1","0","0","0","1","0x00","0x00","0x18","0x18","0x0","0xF","0x3","0x7","0","0","1","0x60D000B4","0x1618D000","0x38180004","0x60D000B4","0x1618D000","0x60D000B4","0x1618D000","0x60D000B4","0x01","0x00","0x1F","0x1D","0x1C","0x19","0x18","0x15","0x000","0xF00","0x000","0x00C","0xB00","0x008","0x700","0x004","0x00","0x00","0xFB","0x20","0x20","0x20","0x1F","0x20","0x20","0x20","0x20","0x20","0x20","0x20","0x20","0x20","0x20","0x20","0x20","0x20","0x20","0x20","0x20","0x20","0x20","0x20","0x20","0x20","0x20","0x20","0x20","0x20","0x20","0x20","0x00"
"156","0x4","0x5","0b0100010011000000","0b1111111111110011","0","0","0b0000000000000000","0b0000000000000000","0b0000000000000000","0b0000000000000000","1","0b0100010011000000","0b0000000000000000","0x0000004F","0x72D000B4","1","0","0x0000003B","1","0","0","0x00000000","0x00000001","0x000001B4","0x00000000","0x00000000","0x0000006B","0x00000000","0x00000000","0x00000000","0x00000000","0x00000000","0x00000000","0x00000000","0x00000000","0x00000000","0x00000000","0x00000000","0x00000000","0x00000000","0x00000000","0x00000000","0x00000000","0x00000000","0x00000000","0x04000000","0x00000000","0x00000000","0x00000001","0xFFFFFFFF","0x00000088","0x00000260","0x00000051","0","0","0","0","0","0","0","0","0x8","0x3","0x0","0xF","0","1","0","1","0","1","0","1","0","0","0","1","0x00","0x18","0x18","0x18","0x0","0xF","0x3","0x7","0","0","1","0x60D000B4","0x1618D000","0x38180004","0x60D000B4","0x1618D000","0x60D000B4","0x1618D000","0x60D000B4","0x01","0x00","0x1F","0x1D","0x1C","0x19","0x18","0x15","0x000","0xF00","0x000","0x00C","0xB00","0x008","0x700","0x004","0x00","0x00","0xFB","0x20","0x20","0x20","0x1F","0x20","0x20","0x20","0x20","0x20","0x20","0x20","0x20","0x20","0x20","0x20","0x20","0x20","0x20","0x20","0x20","0x20","0x20","0x20","0x20","0x20","0x20","0x20","0x20","0x20","0x20","0x20","0x00"
"157","0x4","0x5","0b0100010011000000","0b1111111111110111","0","0","0b0000000000000000","0b0000000000000000","0b0000000000000000","0b0000000000010000","0","0b0100010011000000","0b0000000000010000","0x0000004F","0x66D00080","1","0","0x0000003B","0","0","0","0x00000000","0x00000001","0x000001B4","0x00000000","0x00000000","0x0000006B","0x00000000","0x00000000","0x00000000","0x00000000","0x00000000","0x00000000","0x00000000","0x00000000","0x00000000","0x00000000","0x00000000","0x00000000","0x00000000","0x00000000","0x00000000","0x00000000","0x00000000","0x00000000","0x04000000","0x00000000","0x00000000","0x00000001","0xFFFFFFFF","0x000000B4","0x00000260","0x00000051","0","0","0","0","0","0","0","0","0x8","0x3","0x0","0xF","0","1","0","1","0","1","0","1","0","0","0","1","0x00","0x18","0x18","0x18","0x0","0xF","0x3","0x7","0","0","0","0x66D00080","0x60D000B4","0x1618D000","0x60D000B4","0x1618D000","0x60D000B4","0x1618D000","0x60D000B4","0x02","0x01","0x00","0x1D","0x1C","0x19","0x18","0x15","0x000","0x000","0xF00","0x00C","0xB00","0x008","0x700","0x004","0x00","0x01","0xFF","0x20","0x20","0x20","0x1F","0x20","0x20","0x20","0x20","0x20","0x20","0x20","0x20","0x20","0x20","0x20","0x20","0x20","0x20","0x20","0x20","0x20","0x20","0x20","0x20","0x20","0x20","0x20","0x20","0x20","0x20","0x20","0x00"
"158","0x4","0x5","0b0100010011000000","0b1111111111110111","0","0","0b0000000000000000","0b0000000000000000","0b0000000000000000","0b0000000000010000","1","0b0100010011000000","0b0000000000010000","0x00000050","0x66D00080","1","0","0x0000003C","0","0","0","0x00000000","0x00000001","0x000001B4","0x00000000","0x00000000","0x0000006B","0x00000000","0x00000000","0x00000000","0x00000000","0x00000000","0x00000000","0x00000000","0x00000000","0x00000000","0x00000000","0x00000000","0x00000000","0x00000000","0x00000000","0x00000000","0x00000000","0x00000000","0x00000000","0x04000000","0x00000000","0x00000000","0x00000001","0xFFFFFFFF","0x000000B4","0x00000260","0x00000051","0","0","0","0","0","0","0","0","0x8","0x3","0x0","0xF","0","1","0","1","0","1","0","1","0","0","0","1","0x00","0x18","0x18","0x18","0x0","0xF","0x3","0x7","0","0","0","0x66D00080","0x60D000B4","0x1618D000","0x60D000B4","0x1618D000","0x60D000B4","0x1618D000","0x60D000B4","0x02","0x01","0x00","0x1D","0x1C","0x19","0x18","0x15","0x000","0x000","0xF00","0x00C","0xB00","0x008","0x700","0x004","0x00","0x01","0xFF","0x20","0x20","0x20","0x1F","0x20","0x20","0x20","0x20","0x20","0x20","0x20","0x20","0x20","0x20","0x20","0x20","0x20","0x20","0x20","0x20","0x20","0x20","0x20","0x20","0x20","0x20","0x20","0x20","0x20","0x20","0x20","0x00"
"159","0x4","0x5","0b0100010011010000","0b1111111111110111","0","1","0b0000000000000000","0b0000000000010000","0b0000000000000000","0b0000000000000100","0","0b0100010011010000","0b0000000000000100","0x00000050","0x72180004","1","0","0x0000003C","0","0","0","0x00000000","0x00000001","0x000001B4","0x00000000","0x00000000","0x0000006B","0x00000000","0x00000000","0x00000000","0x00000000","0x00000000","0x00000000","0x00000000","0x00000000","0x00000000","0x00000000","0x00000000","0x00000000","0x00000000","0x00000000","0x00000000","0x00000000","0x00000000","0x00000000","0x04000000","0x00000000","0x00000000","0x00000001","0xFFFFFFFF","0x00000080","0x00000260","0x00000051","0","0","0","0","0","0","0","0","0x8","0x3","0x0","0xF","0","1","0","1","0","1","0","1","0","0","0","1","0x00","0x18","0x18","0x18","0x0","0xF","0x3","0x7","0","0","0","0x38180004","0x60D000B4","0x1618D000","0x60D000B4","0x1618D000","0x60D000B4","0x1618D000","0x60D000B4","0x03","0x01","0x00","0x1D","0x1C","0x19","0x18","0x15","0x000","0x000","0xF00","0x00C","0xB00","0x008","0x700","0x004","0x00","0x00","0xFE","0x20","0x20","0x20","0x1F","0x20","0x20","0x20","0x20","0x20","0x20","0x20","0x20","0x20","0x20","0x20","0x20","0x20","0x20","0x20","0x20","0x20","0x20","0x20","0x20","0x20","0x20","0x20","0x20","0x20","0x20","0x20","0x00"
"160","0x4","0x5","0b0100010011010000","0b1111111111110111","0","1","0b0000000000000000","0b0000000000010000","0b0000000000000000","0b0000000000000100","1","0b0100010011010000","0b0000000000000100","0x00000051","0x72180004","1","0","0x0000003D","0","0","0","0x00000000","0x00000001","0x000001B4","0x00000000","0x00000000","0x0000006B","0x00000000","0x00000000","0x00000000","0x00000000","0x00000000","0x00000000","0x00000000","0x00000000","0x00000000","0x00000000","0x00000000","0x00000000","0x00000000","0x00000000","0x00000000","0x00000000","0x00000000","0x00000000","0x04000000","0x00000000","0x00000000","0x00000001","0xFFFFFFFF","0x00000080","0x00000260","0x00000051","0","0","0","0","0","0","0","0","0x8","0x3","0x0","0xF","0","1","0","1","0","1","0","1","0","0","0","1","0x00","0x18","0x18","0x18","0x0","0xF","0x3","0x7","0","0","0","0x38180004","0x60D000B4","0x1618D000","0x60D000B4","0x1618D000","0x60D000B4","0x1618D000","0x60D000B4","0x03","0x01","0x00","0x1D","0x1C","0x19","0x18","0x15","0x000","0x000","0xF00","0x00C","0xB00","0x008","0x700","0x004","0x00","0x00","0xFE","0x20","0x20","0x20","0x1F","0x20","0x20","0x20","0x20","0x20","0x20","0x20","0x20","0x20","0x20","0x20","0x20","0x20","0x20","0x20","0x20","0x20","0x20","0x20","0x20","0x20","0x20","0x20","0x20","0x20","0x20","0x20","0x00"
"161","0x5","0x6","0b0100010011000100","0b1111111111100111","0","0","0b0000000000000000","0b0000000000000000","0b0000000000000000","0b0000000000000000","0","0b0100010011000100","0b0000000000000000","0x00000051","0x60D000B4","1","0","0x0000003D","1","1","0","0x00000000","0x00000001","0x000001B4","0x00000000","0x00000000","0x0000006B","0x00000000","0x00000000","0x00000000","0x00000000","0x00000000","0x00000000","0x00000000","0x00000000","0x00000000","0x00000000","0x00000000","0x00000000","0x00000000","0x00000000","0x00000000","0x00000000","0x00000000","0x00000000","0x04000000","0x00000000","0x00000000","0x00000001","0xFFFFFFFF","0x00000088","0x00000260","0x00000051","0","0","0","0","0","0","0","0","0x8","0x3","0x0","0xF","0","1","0","1","0","1","0","1","0","0","0","1","0x00","0x18","0x18","0x18","0x0","0xF","0x3","0x7","0","0","0","0x38180004","0x60D000B4","0x1618D000","0x60D000B4","0x1618D000","0x60D000B4","0x1618D000","0x60D000B4","0x03","0x01","0x00","0x1D","0x1C","0x19","0x18","0x15","0x000","0x000","0xF00","0x00C","0xB00","0x008","0x700","0x004","0x00","0x80","0xFE","0x20","0x20","0x20","0x1F","0x20","0x20","0x20","0x20","0x20","0x20","0x20","0x20","0x20","0x20","0x20","0x20","0x20","0x20","0x20","0x20","0x20","0x20","0x20","0x20","0x20","0x20","0x20","0x20","0x20","0x20","0x20","0x00"
"162","0x5","0x6","0b0100010011000100","0b1111111111100111","0","0","0b0000000000000000","0b0000000000000000","0b0000000000000000","0b0000000000000000","1","0b0100010011000100","0b0000000000000000","0x00000052","0x60D000B4","1","0","0x0000003E","1","1","0","0x00000000","0x00000001","0x000001B4","0x00000000","0x00000000","0x0000006B","0x00000000","0x00000000","0x00000000","0x00000000","0x00000000","0x00000000","0x00000000","0x00000000","0x00000000","0x00000000","0x00000000","0x00000000","0x00000000","0x00000000","0x00000000","0x00000000","0x00000000","0x00000000","0x04000000","0x00000000","0x00000000","0x00000001","0xFFFFFFFF","0x00000088","0x00000260","0x00000051","0","0","0","0","0","0","0","0","0x8","0x3","0x0","0xF","0","1","1","1","0","1","0","1","0","1","0","1","0x00","0x18","0x18","0x18","0x0","0xF","0x3","0x7","0","0","0","0x38180004","0x60D000B4","0x1618D000","0x60D000B4","0x1618D000","0x60D000B4","0x1618D000","0x60D000B4","0x03","0x01","0x00","0x1D","0x1C","0x19","0x18","0x15","0x000","0x000","0xF00","0x00C","0xB00","0x008","0x700","0x004","0x00","0x80","0xFE","0x20","0x20","0x20","0x1F","0x20","0x20","0x20","0x20","0x20","0x20","0x20","0x20","0x20","0x20","0x20","0x20","0x20","0x20","0x20","0x20","0x20","0x20","0x20","0x20","0x20","0x20","0x20","0x20","0x20","0x20","0x20","0x00"
"163","0x5","0x6","0b0100010011000100","0b1111111111101111","0","0","0b0000000000000000","0b0000000000000000","0b0000000000000000","0b1000000000100000","0","0b0100010011000100","0b1000000000100000","0x00000052","0x38180004","1","0","0x0000003E","0","0","0","0x00000000","0x00000001","0x000001B4","0x00000000","0x00000000","0x0000006B","0x00000000","0x00000000","0x00000000","0x00000000","0x00000000","0x00000000","0x00000000","0x00000000","0x00000000","0x00000000","0x00000000","0x00000000","0x00000000","0x00000000","0x00000000","0x00000000","0x00000000","0x00000000","0x04000000","0x00000000","0x00000000","0x00000001","0xFFFFFFFF","0x00000080","0x00000260","0x00000051","0","0","0","0","0","0","0","0","0x8","0x3","0x0","0xF","0","1","1","1","0","1","0","1","0","1","0","1","0x00","0x18","0x18","0x18","0x0","0xF","0x3","0x7","0","0","0","0x38180004","0x60D000B4","0x1618D000","0x60D000B4","0x1618D000","0x60D000B4","0x1618D000","0x1618D000","0x03","0x01","0x00","0x1D","0x1C","0x19","0x18","0x18","0x000","0x000","0xF00","0x00C","0xB00","0x008","0x700","0x700","0x00","0x01","0x7F","0x20","0x20","0x20","0x03","0x20","0x20","0x20","0x20","0x20","0x20","0x20","0x20","0x20","0x20","0x20","0x20","0x20","0x20","0x20","0x20","0x20","0x20","0x20","0x20","0x20","0x20","0x20","0x20","0x20","0x20","0x20","0x00"
"164","0x5","0x6","0b0100010011000100","0b1111111111101111","0","0","0b0000000000000000","0b0000000000000000","0b0000000000000000","0b1000000000100000","1","0b0100010011000100","0b1000000000100000","0x00000053","0x38180004","1","0","0x0000003F","0","0","0","0x00000000","0x00000001","0x000001B4","0x00000000","0x00000000","0x0000006B","0x00000000","0x00000000","0x00000000","0x00000000","0x00000000","0x00000000","0x00000000","0x00000000","0x00000000","0x00000000","0x00000000","0x00000000","0x00000000","0x00000000","0x00000000","0x00000000","0x00000000","0x00000000","0x04000000","0x00000000","0x00000000","0x00000001","0xFFFFFFFF","0x00000080","0x00000260","0x00000051","0","0","0","0","0","0","0","0","0x8","0x3","0x0","0xF","0","1","1","1","0","1","0","1","0","1","0","1","0x00","0x18","0x18","0x18","0x0","0xF","0x3","0x7","0","0","0","0x38180004","0x60D000B4","0x1618D000","0x60D000B4","0x1618D000","0x60D000B4","0x1618D000","0x1618D000","0x03","0x01","0x00","0x1D","0x1C","0x19","0x18","0x18","0x000","0x000","0xF00","0x00C","0xB00","0x008","0x700","0x700","0x00","0x01","0x7F","0x20","0x20","0x20","0x03","0x20","0x20","0x20","0x20","0x20","0x20","0x20","0x20","0x20","0x20","0x20","0x20","0x20","0x20","0x20","0x20","0x20","0x20","0x20","0x20","0x20","0x20","0x20","0x20","0x20","0x20","0x20","0x00"
"165","0x5","0x6","0b1100010011100100","0b1111111111101111","1","1","0b0000000001000000","0b0000000000100000","0b0000000000000000","0b0000000000000000","0","0b1100010011100100","0b0000000000000000","0x00000053","0x7218D000","1","0","0x0000003F","0","0","0","0x00000000","0x00000001","0x000001B4","0x00000000","0x00000000","0x0000006B","0x00000000","0x00000000","0x00000000","0x00000000","0x00000000","0x00000000","0x00000000","0x00000000","0x00000000","0x00000000","0x00000000","0x00000000","0x00000000","0x00000000","0x00000000","0x00000000","0x00000000","0x00000000","0x04000000","0x00000000","0x00000000","0x00000001","0xFFFFFFFF","0x00000084","0x00000260","0x00000051","0","0","0","0","0","0","0","0","0x8","0x3","0x0","0xF","0","1","1","1","0","1","0","1","0","1","0","1","0x00","0x18","0x18","0x18","0x0","0xF","0x3","0x7","0","0","1","0x1618D000","0x38180004","0x60D000B4","0x1618D000","0x60D000B4","0x1618D000","0x60D000B4","0x1618D000","0x04","0x03","0x01","0x00","0x1D","0x1C","0x19","0x18","0x300","0x000","0x000","0xF00","0x00C","0xB00","0x008","0x700","0x00","0x00","0xFC","0x20","0x20","0x20","0x03","0x20","0x20","0x20","0x20","0x20","0x20","0x20","0x20","0x20","0x20","0x20","0x20","0x20","0x20","0x20","0x20","0x20","0x20","0x20","0x20","0x20","0x20","0x20","0x20","0x20","0x20","0x20","0x00"
"166","0x5","0x6","0b1100010011100100","0b1111111111101111","1","1","0b0000000001000000","0b0000000000100000","0b0000000000000000","0b0000000000000000","1","0b1100010011100100","0b0000000000000000","0x00000054","0x7218D000","1","0","0x00000040","0","0","0","0x00000000","0x00000001","0x000001B4","0x00000000","0x00000000","0x0000006B","0x00000000","0x00000000","0x00000000","0x00000000","0x00000000","0x00000000","0x00000000","0x00000000","0x00000000","0x00000000","0x00000000","0x00000000","0x00000000","0x00000000","0x00000000","0x00000000","0x00000000","0x00000000","0x04000000","0x00000000","0x00000000","0x00000001","0xFFFFFFFF","0x00000084","0x00000260","0x00000051","0","0","0","0","0","0","0","0","0x8","0x3","0x0","0xF","0","1","1","1","0","1","1","1","0","1","0","1","0x00","0x18","0x18","0x18","0x0","0xF","0x3","0x7","0","0","1","0x1618D000","0x38180004","0x60D000B4","0x1618D000","0x60D000B4","0x1618D000","0x60D000B4","0x1618D000","0x04","0x03","0x01","0x00","0x1D","0x1C","0x19","0x18","0x300","0x000","0x000","0xF00","0x00C","0xB00","0x008","0x700","0x00","0x00","0xFC","0x20","0x20","0x20","0x03","0x20","0x20","0x20","0x20","0x20","0x20","0x20","0x20","0x20","0x20","0x20","0x20","0x20","0x20","0x20","0x20","0x20","0x20","0x20","0x20","0x20","0x20","0x20","0x20","0x20","0x20","0x20","0x00"
"167","0x7","0x8","0b1100010010000100","0b1111111110001111","0","1","0b0000000000000000","0b0000000010000000","0b0000000000000000","0b0000000000000000","0","0b1100010010000100","0b0000000000000000","0x00000054","0x7218D000","1","0","0x00000040","1","0","0","0x00000000","0x00000001","0x000001B4","0x00000000","0x00000000","0x0000006B","0x00000000","0x00000000","0x00000000","0x00000000","0x00000000","0x00000000","0x00000000","0x00000000","0x00000000","0x00000000","0x00000000","0x00000000","0x00000000","0x00000000","0x00000000","0x00000000","0x00000000","0x00000000","0x04000000","0x00000000","0x00000000","0x00000001","0xFFFFFFFF","0x00000084","0x00000260","0x00000051","0","0","0","0","0","0","0","0","0x8","0x3","0x0","0xF","0","1","1","1","0","1","1","1","0","1","0","1","0x00","0x18","0x18","0x18","0x0","0xF","0x3","0x7","0","0","0","0x1618D000","0x1618D000","0x60D000B4","0x1618D000","0x60D000B4","0x1618D000","0x60D000B4","0x1618D000","0x04","0x04","0x01","0x00","0x1D","0x1C","0x19","0x18","0x300","0x300","0x000","0xF00","0x00C","0xB00","0x008","0x700","0x00","0x00","0xFC","0x20","0x20","0x20","0x03","0x20","0x20","0x20","0x20","0x20","0x20","0x20","0x20","0x20","0x20","0x20","0x20","0x20","0x20","0x20","0x20","0x20","0x20","0x20","0x20","0x20","0x20","0x20","0x20","0x20","0x20","0x20","0x00"
"168","0x7","0x8","0b1100010010000100","0b1111111110001111","0","1","0b0000000000000000","0b0000000010000000","0b0000000000000000","0b0000000000000000","1","0b1100010010000100","0b0000000000000000","0x00000055","0x7218D000","1","0","0x00000041","1","0","0","0x00000000","0x00000001","0x000001B4","0x00000000","0x00000000","0x0000006B","0x00000000","0x00000000","0x00000000","0x00000000","0x00000000","0x00000000","0x00000000","0x00000000","0x00000000","0x00000000","0x00000000","0x00000000","0x00000000","0x00000000","0x00000000","0x00000000","0x00000000","0x00000000","0x04000000","0x00000000","0x00000000","0x00000001","0xFFFFFFFF","0x00000084","0x00000260","0x00000051","0","0","0","0","0","0","0","0","0x8","0x3","0x0","0xF","0","1","1","0","0","1","1","0","0","1","0","0","0x00","0x18","0x18","0x18","0x0","0xF","0x3","0x7","0","0","0","0x1618D000","0x1618D000","0x60D000B4","0x1618D000","0x60D000B4","0x1618D000","0x60D000B4","0x1618D000","0x04","0x04","0x01","0x00","0x1D","0x1C","0x19","0x18","0x300","0x300","0x000","0xF00","0x00C","0xB00","0x008","0x700","0x00","0x00","0xFC","0x20","0x20","0x20","0x03","0x20","0x20","0x20","0x20","0x20","0x20","0x20","0x20","0x20","0x20","0x20","0x20","0x20","0x20","0x20","0x20","0x20","0x20","0x20","0x20","0x20","0x20","0x20","0x20","0x20","0x20","0x20","0x00"
"169","0x8","0x9","0b1100010000000100","0b1111111100011111","0","0","0b0000000000000000","0b0000000000000000","0b0000000000000000","0b0000000000000000","0","0b1100010000000100","0b0000000000000000","0x00000055","0x1618D000","1","0","0x00000041","1","0","0","0x00000000","0x00000001","0x000001B4","0x00000000","0x00000000","0x0000006B","0x00000000","0x00000000","0x00000000","0x00000000","0x00000000","0x00000000","0x00000000","0x00000000","0x00000000","0x00000000","0x00000000","0x00000000","0x00000000","0x00000000","0x00000000","0x00000000","0x00000000","0x00000000","0x04000000","0x00000000","0x00000000","0x00000001","0xFFFFFFFF","0x00000084","0x00000260","0x00000051","0","0","0","0","0","0","0","0","0x8","0x3","0x0","0xF","0","1","1","0","0","1","1","0","0","1","0","0","0x00","0x18","0x18","0x18","0x0","0xF","0x3","0x7","0","0","0","0x1618D000","0x1618D000","0x60D000B4","0x1618D000","0x60D000B4","0x1618D000","0x60D000B4","0x1618D000","0x04","0x04","0x01","0x00","0x1D","0x1C","0x19","0x18","0x300","0x300","0x000","0xF00","0x00C","0xB00","0x008","0x700","0x00","0x80","0xFD","0x20","0x20","0x20","0x03","0x20","0x20","0x20","0x20","0x20","0x20","0x20","0x20","0x20","0x20","0x20","0x20","0x20","0x20","0x20","0x20","0x20","0x20","0x20","0x20","0x20","0x20","0x20","0x20","0x20","0x20","0x20","0x04"
"170","0x8","0x9","0b1100010000000100","0b1111111100011111","0","0","0b0000000000000000","0b0000000000000000","0b0000000000000000","0b0000000000000000","1","0b1100010000000100","0b0000000000000000","0x00000056","0x1618D000","1","0","0x00000042","1","0","0","0x00000000","0x00000001","0x000001B4","0x00000000","0x00000000","0x0000006B","0x00000000","0x00000000","0x00000000","0x00000000","0x00000000","0x00000000","0x00000000","0x00000000","0x00000000","0x00000000","0x00000000","0x00000000","0x00000000","0x00000000","0x00000000","0x00000000","0x00000000","0x00000000","0x04000000","0x00000000","0x00000000","0x00000001","0xFFFFFFFF","0x00000084","0x00000260","0x00000051","0","0","0","0","0","0","0","0","0x8","0x3","0x0","0xF","0","1","1","0","0","1","1","0","0","1","0","0","0x00","0x18","0x18","0x18","0x0","0xF","0x3","0x7","0","0","0","0x1618D000","0x1618D000","0x60D000B4","0x1618D000","0x60D000B4","0x1618D000","0x60D000B4","0x1618D000","0x04","0x04","0x01","0x00","0x1D","0x1C","0x19","0x18","0x300","0x300","0x000","0xF00","0x00C","0xB00","0x008","0x700","0x00","0x80","0xFD","0x20","0x20","0x20","0x03","0x20","0x20","0x20","0x20","0x20","0x20","0x20","0x20","0x20","0x20","0x20","0x20","0x20","0x20","0x20","0x20","0x20","0x20","0x20","0x20","0x20","0x20","0x20","0x20","0x20","0x20","0x20","0x04"
"171","0x8","0x9","0b1100010000000100","0b1111111100111111","0","0","0b0000000000000000","0b0000000000000000","0b0000000000000000","0b0000000000000000","0","0b1100010000000100","0b0000000000000000","0x00000056","0x72D000B4","1","0","0x00000042","1","0","0","0x00000000","0x00000001","0x000001B4","0x00000000","0x00000000","0x0000006B","0x00000000","0x00000000","0x00000000","0x00000000","0x00000000","0x00000000","0x00000000","0x00000000","0x00000000","0x00000000","0x00000000","0x00000000","0x00000000","0x00000000","0x00000000","0x00000000","0x00000000","0x00000000","0x04000000","0x00000000","0x00000000","0x00000001","0xFFFFFFFF","0x00000088","0x00000260","0x00000051","0","0","0","0","0","0","0","0","0x8","0x3","0x0","0xF","0","1","1","0","0","1","1","0","0","1","0","0","0x00","0x18","0x18","0x18","0x0","0xF","0x3","0x7","0","0","0","0x60D000B4","0x1618D000","0x60D000B4","0x1618D000","0x60D000B4","0x1618D000","0x60D000B4","0x60D000B4","0x05","0x04","0x01","0x00","0x1D","0x1C","0x19","0x19","0x004","0x300","0x000","0xF00","0x00C","0xB00","0x008","0x008","0x00","0x00","0x7F","0x20","0x20","0x20","0x03","0x20","0x20","0x20","0x20","0x20","0x20","0x20","0x20","0x20","0x20","0x20","0x20","0x20","0x20","0x20","0x20","0x20","0x20","0x20","0x20","0x20","0x20","0x20","0x20","0x20","0x20","0x20","0x04"
"172","0x8","0x9","0b1100010000000100","0b1111111100111111","0","0","0b0000000000000000","0b0000000000000000","0b0000000000000000","0b0000000000000000","1","0b1100010000000100","0b0000000000000000","0x00000057","0x72D000B4","1","0","0x00000043","1","0","0","0x00000000","0x00000001","0x000001B4","0x00000000","0x00000000","0x0000006B","0x00000000","0x00000000","0x00000000","0x00000000","0x00000000","0x00000000","0x00000000","0x00000000","0x00000000","0x00000000","0x00000000","0x00000000","0x00000000","0x00000000","0x00000000","0x00000000","0x00000000","0x00000000","0x04000000","0x00000000","0x00000000","0x00000001","0xFFFFFFFF","0x00000088","0x00000260","0x00000051","0","0","0","0","0","0","0","0","0x8","0x3","0x0","0xF","0","1","1","0","0","1","1","0","0","1","1","0","0x00","0x18","0x18","0x18","0x0","0xF","0x3","0x7","0","0","0","0x60D000B4","0x1618D000","0x60D000B4","0x1618D000","0x60D000B4","0x1618D000","0x60D000B4","0x60D000B4","0x05","0x04","0x01","0x00","0x1D","0x1C","0x19","0x19","0x004","0x300","0x000","0xF00","0x00C","0xB00","0x008","0x008","0x00","0x00","0x7F","0x20","0x20","0x20","0x03","0x20","0x20","0x20","0x20","0x20","0x20","0x20","0x20","0x20","0x20","0x20","0x20","0x20","0x20","0x20","0x20","0x20","0x20","0x20","0x20","0x20","0x20","0x20","0x20","0x20","0x20","0x20","0x04"
"173","0x8","0x9","0b1100010000000100","0b1111111101111111","0","0","0b0000000000000000","0b0000000000000000","0b0000000000000000","0b0000000000001000","0","0b1100010000000100","0b0000000000001000","0x00000057","0x66D00080","1","0","0x00000043","0","0","0","0x00000000","0x00000001","0x000001B4","0x00000000","0x00000000","0x0000006B","0x00000000","0x00000000","0x00000000","0x00000000","0x00000000","0x00000000","0x00000000","0x00000000","0x00000000","0x00000000","0x00000000","0x00000000","0x00000000","0x00000000","0x00000000","0x00000000","0x00000000","0x00000000","0x04000000","0x00000000","0x00000000","0x00000001","0xFFFFFFFF","0x000000B4","0x00000260","0x00000051","0","0","0","0","0","0","0","0","0x8","0x3","0x0","0xF","0","1","1","0","0","1","1","0","0","1","1","0","0x00","0x18","0x18","0x18","0x0","0xF","0x3","0x7","0","0","0","0x66D00080","0x60D000B4","0x1618D000","0x60D000B4","0x1618D000","0x60D000B4","0x1618D000","0x60D000B4","0x06","0x05","0x04","0x01","0x00","0x1D","0x1C","0x19","0x000","0x004","0x300","0x000","0xF00","0x00C","0xB00","0x008","0x00","0x01","0xFF","0x20","0x20","0x20","0x03","0x20","0x20","0x20","0x20","0x20","0x20","0x20","0x20","0x20","0x20","0x20","0x20","0x20","0x20","0x20","0x20","0x20","0x20","0x20","0x20","0x20","0x20","0x20","0x20","0x20","0x20","0x20","0x04"
"174","0x8","0x9","0b1100010000000100","0b1111111101111111","0","0","0b0000000000000000","0b0000000000000000","0b0000000000000000","0b0000000000001000","1","0b1100010000000100","0b0000000000001000","0x00000058","0x66D00080","1","0","0x00000044","0","0","0","0x00000000","0x00000001","0x000001B4","0x00000000","0x00000000","0x0000006B","0x00000000","0x00000000","0x00000000","0x00000000","0x00000000","0x00000000","0x00000000","0x00000000","0x00000000","0x00000000","0x00000000","0x00000000","0x00000000","0x00000000","0x00000000","0x00000000","0x00000000","0x00000000","0x04000000","0x00000000","0x00000000","0x00000001","0xFFFFFFFF","0x000000B4","0x00000260","0x00000051","0","0","0","0","0","0","0","0","0x8","0x3","0x0","0xF","0","1","1","0","0","1","1","0","0","1","1","0","0x00","0x18","0x18","0x18","0x0","0xF","0x3","0x7","0","0","0","0x66D00080","0x60D000B4","0x1618D000","0x60D000B4","0x1618D000","0x60D000B4","0x1618D000","0x60D000B4","0x06","0x05","0x04","0x01","0x00","0x1D","0x1C","0x19","0x000","0x004","0x300","0x000","0xF00","0x00C","0xB00","0x008","0x00","0x01","0xFF","0x20","0x20","0x20","0x03","0x20","0x20","0x20","0x20","0x20","0x20","0x20","0x20","0x20","0x20","0x20","0x20","0x20","0x20","0x20","0x20","0x20","0x20","0x20","0x20","0x20","0x20","0x20","0x20","0x20","0x20","0x20","0x04"
"175","0x8","0x9","0b1100010000001100","0b1111111101111111","0","0","0b0000000000000000","0b0000000000000000","0b0000000000000000","0b0000000101000000","0","0b1100010000001100","0b0000000101000000","0x00000058","0x72180004","1","0","0x00000044","0","0","0","0x00000000","0x00000001","0x000001B4","0x00000000","0x00000000","0x0000006B","0x00000000","0x00000000","0x00000000","0x00000000","0x00000000","0x00000000","0x00000000","0x00000000","0x00000000","0x00000000","0x00000000","0x00000000","0x00000000","0x00000000","0x00000000","0x00000000","0x00000000","0x00000000","0x04000000","0x00000000","0x00000000","0x00000001","0xFFFFFFFF","0x00000080","0x00000260","0x00000051","0","0","0","0","0","0","0","0","0x8","0x3","0x0","0xF","0","1","1","0","0","1","1","0","0","1","1","0","0x00","0x18","0x18","0x18","0x0","0xF","0x3","0x7","0","0","0","0x38180004","0x60D000B4","0x1618D000","0x60D000B4","0x1618D000","0x60D000B4","0x1618D000","0x60D000B4","0x07","0x05","0x04","0x01","0x00","0x1D","0x1C","0x19","0x000","0x004","0x300","0x000","0xF00","0x00C","0xB00","0x008","0x00","0x00","0xFE","0x20","0x20","0x20","0x03","0x20","0x20","0x20","0x20","0x20","0x20","0x20","0x20","0x20","0x20","0x20","0x20","0x20","0x20","0x20","0x20","0x20","0x20","0x20","0x20","0x20","0x20","0x20","0x20","0x20","0x20","0x20","0x04"
"176","0x8","0x9","0b1100010000001100","0b1111111101111111","0","0","0b0000000000000000","0b0000000000000000","0b0000000000000000","0b0000000101000000","1","0b1100010000001100","0b0000000101000000","0x00000059","0x72180004","1","0","0x00000045","0","0","0","0x00000000","0x00000001","0x000001B4","0x00000000","0x00000000","0x0000006B","0x00000000","0x00000000","0x00000000","0x00000000","0x00000000","0x00000000","0x00000000","0x00000000","0x00000000","0x00000000","0x00000000","0x00000000","0x00000000","0x00000000","0x00000000","0x00000000","0x00000000","0x00000000","0x04000000","0x00000000","0x00000000","0x00000001","0xFFFFFFFF","0x00000080","0x00000260","0x00000051","0","0","0","0","0","0","0","0","0x8","0x3","0x0","0xF","0","1","1","0","0","1","1","0","0","1","1","0","0x00","0x18","0x18","0x18","0x0","0xF","0x3","0x7","0","0","0","0x38180004","0x60D000B4","0x1618D000","0x60D000B4","0x1618D000","0x60D000B4","0x1618D000","0x60D000B4","0x07","0x05","0x04","0x01","0x00","0x1D","0x1C","0x19","0x000","0x004","0x300","0x000","0xF00","0x00C","0xB00","0x008","0x00","0x00","0xFE","0x20","0x20","0x20","0x03","0x20","0x20","0x20","0x20","0x20","0x20","0x20","0x20","0x20","0x20","0x20","0x20","0x20","0x20","0x20","0x20","0x20","0x20","0x20","0x20","0x20","0x20","0x20","0x20","0x20","0x20","0x20","0x04"
"177","0x8","0x9","0b1100010101001100","0b1111111101111111","0","1","0b0000000000000000","0b0000000100000000","0b0000000000000000","0b0000000000000000","0","0b1100010101001100","0b0000000000000000","0x00000059","0x72180004","1","0","0x00000045","0","0","0","0x00000000","0x00000001","0x000001B4","0x00000000","0x00000000","0x0000006B","0x00000000","0x00000000","0x00000000","0x00000000","0x00000000","0x00000000","0x00000000","0x00000000","0x00000000","0x00000000","0x00000000","0x00000000","0x00000000","0x00000000","0x00000000","0x00000000","0x00000000","0x00000000","0x04000000","0x00000000","0x00000000","0x00000001","0xFFFFFFFF","0x00000080","0x00000260","0x00000051","0","0","0","0","0","0","0","0","0x8","0x3","0x0","0xF","0","1","1","0","0","1","1","0","0","1","1","0","0x00","0x18","0x18","0x18","0x0","0xF","0x3","0x7","0","0","0","0x38180004","0x60D000B4","0x1618D000","0x60D000B4","0x1618D000","0x60D000B4","0x1618D000","0x60D000B4","0x07","0x05","0x04","0x01","0x00","0x1D","0x1C","0x19","0x000","0x004","0x300","0x000","0xF00","0x00C","0xB00","0x008","0x00","0x00","0xFE","0x20","0x20","0x20","0x03","0x20","0x20","0x20","0x20","0x20","0x20","0x20","0x20","0x20","0x20","0x20","0x20","0x20","0x20","0x20","0x20","0x20","0x20","0x20","0x20","0x20","0x20","0x20","0x20","0x20","0x20","0x20","0x04"
"178","0x8","0x9","0b1100010101001100","0b1111111101111111","0","1","0b0000000000000000","0b0000000100000000","0b0000000000000000","0b0000000000000000","1","0b1100010101001100","0b0000000000000000","0x0000005A","0x72180004","1","0","0x00000046","0","0","0","0x00000000","0x00000001","0x000001B4","0x00000000","0x00000000","0x0000006B","0x00000000","0x00000000","0x00000000","0x00000000","0x00000000","0x00000000","0x00000000","0x00000000","0x00000000","0x00000000","0x00000000","0x00000000","0x00000000","0x00000000","0x00000000","0x00000000","0x00000000","0x00000000","0x04000000","0x00000000","0x00000000","0x00000001","0xFFFFFFFF","0x00000080","0x00000260","0x00000051","0","0","0","0","0","0","0","0","0x8","0x3","0x0","0xF","0","1","1","0","0","1","1","0","0","1","1","0","0x00","0x18","0x18","0x18","0x0","0xF","0x3","0x7","0","0","0","0x38180004","0x60D000B4","0x1618D000","0x60D000B4","0x1618D000","0x60D000B4","0x1618D000","0x60D000B4","0x07","0x05","0x04","0x01","0x00","0x1D","0x1C","0x19","0x000","0x004","0x300","0x000","0xF00","0x00C","0xB00","0x008","0x00","0x00","0xFE","0x20","0x20","0x20","0x03","0x20","0x20","0x20","0x20","0x20","0x20","0x20","0x20","0x20","0x20","0x20","0x20","0x20","0x20","0x20","0x20","0x20","0x20","0x20","0x20","0x20","0x20","0x20","0x20","0x20","0x20","0x20","0x04"
"179","0x9","0xA","0b1100010001001100","0b1111111001111111","0","0","0b0000000000000000","0b0000000000000000","0b0000000000000000","0b0000000000000000","0","0b1100010001001100","0b0000000000000000","0x0000005A","0x60D000B4","1","0","0x00000046","1","1","0","0x00000000","0x00000001","0x000001B4","0x00000000","0x00000000","0x0000006B","0x00000000","0x00000000","0x00000000","0x00000000","0x00000000","0x00000000","0x00000000","0x00000000","0x00000000","0x00000000","0x00000000","0x00000000","0x00000000","0x00000000","0x00000000","0x00000000","0x00000000","0x00000000","0x04000000","0x00000000","0x00000000","0x00000001","0xFFFFFFFF","0x00000088","0x00000260","0x00000051","0","0","0","0","0","0","0","0","0x8","0x3","0x0","0xF","0","1","1","0","0","1","1","0","0","1","1","0","0x00","0x18","0x18","0x18","0x0","0xF","0x3","0x7","0","0","0","0x38180004","0x60D000B4","0x1618D000","0x60D000B4","0x1618D000","0x60D000B4","0x1618D000","0x60D000B4","0x07","0x05","0x04","0x01","0x00","0x1D","0x1C","0x19","0x000","0x004","0x300","0x000","0xF00","0x00C","0xB00","0x008","0x00","0x80","0xFE","0x20","0x20","0x20","0x03","0x20","0x20","0x20","0x20","0x20","0x20","0x20","0x20","0x20","0x20","0x20","0x20","0x20","0x20","0x20","0x20","0x20","0x20","0x20","0x20","0x20","0x20","0x20","0x20","0x20","0x20","0x20","0x04"
"180","0x9","0xA","0b1100010001001100","0b1111111001111111","0","0","0b0000000000000000","0b0000000000000000","0b0000000000000000","0b0000000000000000","1","0b1100010001001100","0b0000000000000000","0x0000005B","0x60D000B4","1","0","0x00000047","1","1","0","0x00000000","0x00000001","0x000001B4","0x00000000","0x00000000","0x0000006B","0x00000000","0x00000000","0x00000000","0x00000000","0x00000000","0x00000000","0x00000000","0x00000000","0x00000000","0x00000000","0x00000000","0x00000000","0x00000000","0x00000000","0x00000000","0x00000000","0x00000000","0x00000000","0x04000000","0x00000000","0x00000000","0x00000001","0xFFFFFFFF","0x00000088","0x00000260","0x00000051","0","0","0","0","0","0","0","0","0x8","0x3","0x0","0xF","0","1","1","1","0","1","1","0","0","1","1","0","0x00","0x18","0x18","0x18","0x0","0xF","0x3","0x7","0","0","0","0x38180004","0x60D000B4","0x1618D000","0x60D000B4","0x1618D000","0x60D000B4","0x1618D000","0x60D000B4","0x07","0x05","0x04","0x01","0x00","0x1D","0x1C","0x19","0x000","0x004","0x300","0x000","0xF00","0x00C","0xB00","0x008","0x00","0x80","0xFE","0x20","0x20","0x20","0x03","0x20","0x20","0x20","0x20","0x20","0x20","0x20","0x20","0x20","0x20","0x20","0x20","0x20","0x20","0x20","0x20","0x20","0x20","0x20","0x20","0x20","0x20","0x20","0x20","0x20","0x20","0x20","0x04"
"181","0x9","0xA","0b1100010001001100","0b1111111011111111","0","0","0b0000000000000000","0b0000000000000000","0b0000000000000000","0b0000001000000000","0","0b1100010001001100","0b0000001000000000","0x0000005B","0x38180004","1","0","0x00000047","0","0","0","0x00000000","0x00000001","0x000001B4","0x00000000","0x00000000","0x0000006B","0x00000000","0x00000000","0x00000000","0x00000000","0x00000000","0x00000000","0x00000000","0x00000000","0x00000000","0x00000000","0x00000000","0x00000000","0x00000000","0x00000000","0x00000000","0x00000000","0x00000000","0x00000000","0x04000000","0x00000000","0x00000000","0x00000001","0xFFFFFFFF","0x00000080","0x00000260","0x00000051","0","0","0","0","0","0","0","0","0x8","0x3","0x0","0xF","0","1","1","1","0","1","1","0","0","1","1","0","0x00","0x18","0x18","0x18","0x0","0xF","0x3","0x7","0","0","0","0x38180004","0x60D000B4","0x1618D000","0x60D000B4","0x1618D000","0x60D000B4","0x1618D000","0x1618D000","0x07","0x05","0x04","0x01","0x00","0x1D","0x1C","0x1C","0x000","0x004","0x300","0x000","0xF00","0x00C","0xB00","0xB00","0x00","0x01","0x7F","0x20","0x20","0x20","0x07","0x20","0x20","0x20","0x20","0x20","0x20","0x20","0x20","0x20","0x20","0x20","0x20","0x20","0x20","0x20","0x20","0x20","0x20","0x20","0x20","0x20","0x20","0x20","0x20","0x20","0x20","0x20","0x04"
"182","0x9","0xA","0b1100010001001100","0b1111111011111111","0","0","0b0000000000000000","0b0000000000000000","0b0000000000000000","0b0000001000000000","1","0b1100010001001100","0b0000001000000000","0x0000005C","0x38180004","1","0","0x00000048","0","0","0","0x00000000","0x00000001","0x000001B4","0x00000000","0x00000000","0x0000006B","0x00000000","0x00000000","0x00000000","0x00000000","0x00000000","0x00000000","0x00000000","0x00000000","0x00000000","0x00000000","0x00000000","0x00000000","0x00000000","0x00000000","0x00000000","0x00000000","0x00000000","0x00000000","0x04000000","0x00000000","0x00000000","0x00000001","0xFFFFFFFF","0x00000080","0x00000260","0x00000051","0","0","0","0","0","0","0","0","0x8","0x3","0x0","0xF","0","1","1","1","0","1","1","0","0","1","1","0","0x00","0x18","0x18","0x18","0x0","0xF","0x3","0x7","0","0","0","0x38180004","0x60D000B4","0x1618D000","0x60D000B4","0x1618D000","0x60D000B4","0x1618D000","0x1618D000","0x07","0x05","0x04","0x01","0x00","0x1D","0x1C","0x1C","0x000","0x004","0x300","0x000","0xF00","0x00C","0xB00","0xB00","0x00","0x01","0x7F","0x20","0x20","0x20","0x07","0x20","0x20","0x20","0x20","0x20","0x20","0x20","0x20","0x20","0x20","0x20","0x20","0x20","0x20","0x20","0x20","0x20","0x20","0x20","0x20","0x20","0x20","0x20","0x20","0x20","0x20","0x20","0x04"
"183","0x9","0xA","0b1100011001001100","0b1111111011111111","1","1","0b0000010000000000","0b0000001000000000","0b0000000000000000","0b0000000000000000","0","0b1100011001001100","0b0000000000000000","0x0000005C","0x7218D000","1","0","0x00000048","0","0","0","0x00000000","0x00000001","0x000001B4","0x00000000","0x00000000","0x0000006B","0x00000000","0x00000000","0x00000000","0x00000000","0x00000000","0x00000000","0x00000000","0x00000000","0x00000000","0x00000000","0x00000000","0x00000000","0x00000000","0x00000000","0x00000000","0x00000000","0x00000000","0x00000000","0x04000000","0x00000000","0x00000000","0x00000001","0xFFFFFFFF","0x00000084","0x00000260","0x00000051","0","0","0","0","0","0","0","0","0x8","0x3","0x0","0xF","0","1","1","1","0","1","1","0","0","1","1","0","0x00","0x18","0x18","0x18","0x0","0xF","0x3","0x7","0","0","1","0x1618D000","0x38180004","0x60D000B4","0x1618D000","0x60D000B4","0x1618D000","0x60D000B4","0x1618D000","0x08","0x07","0x05","0x04","0x01","0x00","0x1D","0x1C","0x700","0x000","0x004","0x300","0x000","0xF00","0x00C","0xB00","0x00","0x00","0xFC","0x20","0x20","0x20","0x07","0x20","0x20","0x20","0x20","0x20","0x20","0x20","0x20","0x20","0x20","0x20","0x20","0x20","0x20","0x20","0x20","0x20","0x20","0x20","0x20","0x20","0x20","0x20","0x20","0x20","0x20","0x20","0x04"
"184","0x9","0xA","0b1100011001001100","0b1111111011111111","1","1","0b0000010000000000","0b0000001000000000","0b0000000000000000","0b0000000000000000","1","0b1100011001001100","0b0000000000000000","0x0000005D","0x7218D000","1","0","0x00000049","0","0","0","0x00000000","0x00000001","0x000001B4","0x00000000","0x00000000","0x0000006B","0x00000000","0x00000000","0x00000000","0x00000000","0x00000000","0x00000000","0x00000000","0x00000000","0x00000000","0x00000000","0x00000000","0x00000000","0x00000000","0x00000000","0x00000000","0x00000000","0x00000000","0x00000000","0x04000000","0x00000000","0x00000000","0x00000001","0xFFFFFFFF","0x00000084","0x00000260","0x00000051","0","0","0","0","0","0","0","0","0x8","0x3","0x0","0xF","0","1","1","1","0","1","1","1","0","1","1","0","0x00","0x18","0x18","0x18","0x0","0xF","0x3","0x7","0","0","1","0x1618D000","0x38180004","0x60D000B4","0x1618D000","0x60D000B4","0x1618D000","0x60D000B4","0x1618D000","0x08","0x07","0x05","0x04","0x01","0x00","0x1D","0x1C","0x700","0x000","0x004","0x300","0x000","0xF00","0x00C","0xB00","0x00","0x00","0xFC","0x20","0x20","0x20","0x07","0x20","0x20","0x20","0x20","0x20","0x20","0x20","0x20","0x20","0x20","0x20","0x20","0x20","0x20","0x20","0x20","0x20","0x20","0x20","0x20","0x20","0x20","0x20","0x20","0x20","0x20","0x20","0x04"
"185","0xB","0xC","0b1100000001001100","0b1111100011111111","0","0","0b0000000000000000","0b0000000000000000","0b0000000000000000","0b0000000000000000","0","0b1100000001001100","0b0000000000000000","0x0000005D","0x7218D000","1","0","0x00000049","1","0","0","0x00000000","0x00000001","0x000001B4","0x00000000","0x00000000","0x0000006B","0x00000000","0x00000000","0x00000000","0x00000000","0x00000000","0x00000000","0x00000000","0x00000000","0x00000000","0x00000000","0x00000000","0x00000000","0x00000000","0x00000000","0x00000000","0x00000000","0x00000000","0x00000000","0x04000000","0x00000000","0x00000000","0x00000001","0xFFFFFFFF","0x00000084","0x00000260","0x00000051","0","0","0","0","0","0","0","0","0x8","0x3","0x0","0xF","0","1","1","1","0","1","1","1","0","1","1","0","0x00","0x18","0x18","0x18","0x0","0xF","0x3","0x7","0","0","0","0x1618D000","0x1618D000","0x60D000B4","0x1618D000","0x60D000B4","0x1618D000","0x60D000B4","0x1618D000","0x08","0x08","0x05","0x04","0x01","0x00","0x1D","0x1C","0x700","0x700","0x004","0x300","0x000","0xF00","0x00C","0xB00","0x00","0x00","0xFC","0x20","0x20","0x20","0x07","0x20","0x20","0x20","0x20","0x20","0x20","0x20","0x20","0x20","0x20","0x20","0x20","0x20","0x20","0x20","0x20","0x20","0x20","0x20","0x20","0x20","0x20","0x20","0x20","0x20","0x20","0x20","0x04"
"186","0xB","0xC","0b1100000001001100","0b1111100011111111","0","0","0b0000000000000000","0b0000000000000000","0b0000000000000000","0b0000000000000000","1","0b1100000001001100","0b0000000000000000","0x0000005E","0x7218D000","1","0","0x0000004A","1","0","0","0x00000000","0x00000001","0x000001B4","0x00000000","0x00000000","0x0000006B","0x00000000","0x00000000","0x00000000","0x00000000","0x00000000","0x00000000","0x00000000","0x00000000","0x00000000","0x00000000","0x00000000","0x00000000","0x00000000","0x00000000","0x00000000","0x00000000","0x00000000","0x00000000","0x04000000","0x00000000","0x00000000","0x00000001","0xFFFFFFFF","0x00000084","0x00000260","0x00000051","0","0","0","0","0","0","0","0","0x8","0x3","0x0","0xF","0","1","1","1","0","1","1","1","0","1","1","0","0x00","0x18","0x18","0x18","0x0","0xF","0x3","0x7","0","0","0","0x1618D000","0x1618D000","0x60D000B4","0x1618D000","0x60D000B4","0x1618D000","0x60D000B4","0x1618D000","0x08","0x08","0x05","0x04","0x01","0x00","0x1D","0x1C","0x700","0x700","0x004","0x300","0x000","0xF00","0x00C","0xB00","0x00","0x00","0xFC","0x20","0x20","0x20","0x07","0x20","0x20","0x20","0x20","0x20","0x20","0x20","0x20","0x20","0x20","0x20","0x20","0x20","0x20","0x20","0x20","0x20","0x20","0x20","0x20","0x20","0x20","0x20","0x20","0x20","0x20","0x20","0x04"
"187","0xB","0xC","0b1100000001001100","0b1111100111111111","0","0","0b0000000000000000","0b0000000000000000","0b0000000000000000","0b0000000000000000","0","0b1100000001001100","0b0000000000000000","0x0000005E","0x7218D000","1","0","0x0000004A","1","0","0","0x00000000","0x00000001","0x000001B4","0x00000000","0x00000000","0x0000006B","0x00000000","0x00000000","0x00000000","0x00000000","0x00000000","0x00000000","0x00000000","0x00000000","0x00000000","0x00000000","0x00000000","0x00000000","0x00000000","0x00000000","0x00000000","0x00000000","0x00000000","0x00000000","0x04000000","0x00000000","0x00000000","0x00000001","0xFFFFFFFF","0x00000084","0x00000260","0x00000051","0","0","0","0","0","0","0","0","0x8","0x3","0x0","0xF","0","1","1","1","0","1","1","1","0","1","1","0","0x00","0x18","0x18","0x18","0x0","0xF","0x3","0x7","0","0","0","0x1618D000","0x1618D000","0x60D000B4","0x1618D000","0x60D000B4","0x1618D000","0x60D000B4","0x1618D000","0x08","0x08","0x05","0x04","0x01","0x00","0x1D","0x1C","0x700","0x700","0x004","0x300","0x000","0xF00","0x00C","0xB00","0x00","0x00","0xFD","0x20","0x20","0x20","0x07","0x20","0x20","0x20","0x20","0x20","0x20","0x20","0x20","0x20","0x20","0x20","0x20","0x20","0x20","0x20","0x20","0x20","0x20","0x20","0x20","0x20","0x20","0x20","0x20","0x20","0x20","0x20","0x08"
"188","0xB","0xC","0b1100000001001100","0b1111100111111111","0","0","0b0000000000000000","0b0000000000000000","0b0000000000000000","0b0000000000000000","1","0b1100000001001100","0b0000000000000000","0x0000005F","0x7218D000","1","0","0x0000004B","1","0","0","0x00000000","0x00000001","0x000001B4","0x00000000","0x00000000","0x0000006B","0x00000000","0x00000000","0x00000000","0x00000000","0x00000000","0x00000000","0x00000000","0x00000000","0x00000000","0x00000000","0x00000000","0x00000000","0x00000000","0x00000000","0x00000000","0x00000000","0x00000000","0x00000000","0x04000000","0x00000000","0x00000000","0x00000001","0xFFFFFFFF","0x00000084","0x00000260","0x00000051","0","0","0","0","0","0","0","0","0x8","0x3","0x0","0xF","0","1","1","1","0","1","1","1","0","1","1","0","0x00","0x18","0x18","0x18","0x0","0xF","0x3","0x7","0","0","0","0x1618D000","0x1618D000","0x60D000B4","0x1618D000","0x60D000B4","0x1618D000","0x60D000B4","0x1618D000","0x08","0x08","0x05","0x04","0x01","0x00","0x1D","0x1C","0x700","0x700","0x004","0x300","0x000","0xF00","0x00C","0xB00","0x00","0x00","0xFD","0x20","0x20","0x20","0x07","0x20","0x20","0x20","0x20","0x20","0x20","0x20","0x20","0x20","0x20","0x20","0x20","0x20","0x20","0x20","0x20","0x20","0x20","0x20","0x20","0x20","0x20","0x20","0x20","0x20","0x20","0x20","0x08"
"189","0xB","0xC","0b1100000001001100","0b1111101111111111","0","0","0b0000000000000000","0b0000000000000000","0b0000000000000000","0b0000000000000000","0","0b1100000001001100","0b0000000000000000","0x0000005F","0x72D000B4","1","0","0x0000004B","0","0","0","0x00000000","0x00000001","0x000001B4","0x00000000","0x00000000","0x0000006B","0x00000000","0x00000000","0x00000000","0x00000000","0x00000000","0x00000000","0x00000000","0x00000000","0x00000000","0x00000000","0x00000000","0x00000000","0x00000000","0x00000000","0x00000000","0x00000000","0x00000000","0x00000000","0x04000000","0x00000000","0x00000000","0x00000001","0xFFFFFFFF","0x00000088","0x00000260","0x00000051","0","0","0","0","0","0","0","0","0x8","0x3","0x0","0xF","0","1","1","1","0","1","1","1","0","1","1","0","0x00","0x18","0x18","0x18","0x0","0xF","0x3","0x7","0","0","0","0x60D000B4","0x1618D000","0x60D000B4","0x1618D000","0x60D000B4","0x1618D000","0x60D000B4","0x1618D000","0x09","0x08","0x05","0x04","0x01","0x00","0x1D","0x1C","0x008","0x700","0x004","0x300","0x000","0xF00","0x00C","0xB00","0x00","0x00","0xFF","0x20","0x20","0x20","0x07","0x20","0x20","0x20","0x20","0x20","0x20","0x20","0x20","0x20","0x20","0x20","0x20","0x20","0x20","0x20","0x20","0x20","0x20","0x20","0x20","0x20","0x20","0x20","0x20","0x20","0x20","0x20","0x08"
"190","0xB","0xC","0b1100000001001100","0b1111101111111111","0","0","0b0000000000000000","0b0000000000000000","0b0000000000000000","0b0000000000000000","1","0b1100000001001100","0b0000000000000000","0x00000060","0x72D000B4","1","0","0x0000004C","0","0","0","0x00000000","0x00000001","0x000001B4","0x00000000","0x00000000","0x0000006B","0x00000000","0x00000000","0x00000000","0x00000000","0x00000000","0x00000000","0x00000000","0x00000000","0x00000000","0x00000000","0x00000000","0x00000000","0x00000000","0x00000000","0x00000000","0x00000000","0x00000000","0x00000000","0x04000000","0x00000000","0x00000000","0x00000001","0xFFFFFFFF","0x00000088","0x00000260","0x00000051","0","0","0","0","0","0","0","0","0x8","0x3","0x0","0xF","0","1","1","1","0","1","1","1","0","1","1","1","0x00","0x18","0x18","0x18","0x0","0xF","0x3","0x7","0","0","0","0x60D000B4","0x1618D000","0x60D000B4","0x1618D000","0x60D000B4","0x1618D000","0x60D000B4","0x1618D000","0x09","0x08","0x05","0x04","0x01","0x00","0x1D","0x1C","0x008","0x700","0x004","0x300","0x000","0xF00","0x00C","0xB00","0x00","0x00","0xFF","0x20","0x20","0x20","0x07","0x20","0x20","0x20","0x20","0x20","0x20","0x20","0x20","0x20","0x20","0x20","0x20","0x20","0x20","0x20","0x20","0x20","0x20","0x20","0x20","0x20","0x20","0x20","0x20","0x20","0x20","0x20","0x08"
"191","0xB","0xC","0b1100000001001100","0b1111101111111111","0","0","0b0000000000000000","0b0000000000000000","0b0000000000000000","0b0000000010000000","0","0b1100000001001100","0b0000000010000000","0x00000060","0x72D000B4","1","0","0x0000004C","0","0","0","0x00000000","0x00000001","0x000001B4","0x00000000","0x00000000","0x0000006B","0x00000000","0x00000000","0x00000000","0x00000000","0x00000000","0x00000000","0x00000000","0x00000000","0x00000000","0x00000000","0x00000000","0x00000000","0x00000000","0x00000000","0x00000000","0x00000000","0x00000000","0x00000000","0x04000000","0x00000000","0x00000000","0x00000001","0xFFFFFFFF","0x00000088","0x00000260","0x00000051","0","0","0","0","0","0","0","0","0x8","0x3","0x0","0xF","0","1","1","1","0","1","1","1","0","1","1","1","0x00","0x18","0x18","0x18","0x0","0xF","0x3","0x7","0","0","0","0x60D000B4","0x1618D000","0x60D000B4","0x1618D000","0x60D000B4","0x1618D000","0x60D000B4","0x1618D000","0x09","0x08","0x05","0x04","0x01","0x00","0x1D","0x1C","0x008","0x700","0x004","0x300","0x000","0xF00","0x00C","0xB00","0x00","0x00","0xFF","0x20","0x20","0x20","0x07","0x20","0x20","0x20","0x20","0x20","0x20","0x20","0x20","0x20","0x20","0x20","0x20","0x20","0x20","0x20","0x20","0x20","0x20","0x20","0x20","0x20","0x20","0x20","0x20","0x20","0x20","0x20","0x08"
"192","0xB","0xC","0b1100000001001100","0b1111101111111111","0","0","0b0000000000000000","0b0000000000000000","0b0000000000000000","0b0000000010000000","1","0b1100000001001100","0b0000000010000000","0x00000061","0x72D000B4","1","0","0x0000004D","0","0","0","0x00000000","0x00000001","0x000001B4","0x00000000","0x00000000","0x0000006B","0x00000000","0x00000000","0x00000000","0x00000000","0x00000000","0x00000000","0x00000000","0x00000000","0x00000000","0x00000000","0x00000000","0x00000000","0x00000000","0x00000000","0x00000000","0x00000000","0x00000000","0x00000000","0x04000000","0x00000000","0x00000000","0x00000001","0xFFFFFFFF","0x00000088","0x00000260","0x00000051","0","0","0","0","0","0","0","0","0x8","0x3","0x0","0xF","0","1","1","1","0","1","1","1","0","1","1","1","0x00","0x18","0x18","0x18","0x0","0xF","0x3","0x7","0","0","0","0x60D000B4","0x1618D000","0x60D000B4","0x1618D000","0x60D000B4","0x1618D000","0x60D000B4","0x1618D000","0x09","0x08","0x05","0x04","0x01","0x00","0x1D","0x1C","0x008","0x700","0x004","0x300","0x000","0xF00","0x00C","0xB00","0x00","0x00","0xFF","0x20","0x20","0x20","0x07","0x20","0x20","0x20","0x20","0x20","0x20","0x20","0x20","0x20","0x20","0x20","0x20","0x20","0x20","0x20","0x20","0x20","0x20","0x20","0x20","0x20","0x20","0x20","0x20","0x20","0x20","0x20","0x08"
"193","0xB","0xC","0b1100000011001100","0b1111101111111111","0","0","0b0000000000000000","0b0000000000000000","0b0000000000000000","0b0000000000000000","0","0b1100000011001100","0b0000000000000000","0x00000061","0x72D000B4","1","0","0x0000004D","0","0","0","0x00000000","0x00000001","0x000001B4","0x00000000","0x00000000","0x0000006B","0x00000000","0x00000000","0x00000000","0x00000000","0x00000000","0x00000000","0x00000000","0x00000000","0x00000000","0x00000000","0x00000000","0x00000000","0x00000000","0x00000000","0x00000000","0x00000000","0x00000000","0x00000000","0x04000000","0x00000000","0x00000000","0x00000001","0xFFFFFFFF","0x00000088","0x00000260","0x00000051","0","0","0","0","0","0","0","0","0x8","0x3","0x0","0xF","0","1","1","1","0","1","1","1","0","1","1","1","0x00","0x18","0x18","0x18","0x0","0xF","0x3","0x7","0","0","0","0x60D000B4","0x1618D000","0x60D000B4","0x1618D000","0x60D000B4","0x1618D000","0x60D000B4","0x1618D000","0x09","0x08","0x05","0x04","0x01","0x00","0x1D","0x1C","0x008","0x700","0x004","0x300","0x000","0xF00","0x00C","0xB00","0x00","0x00","0xFF","0x20","0x20","0x20","0x07","0x20","0x20","0x20","0x20","0x20","0x20","0x20","0x20","0x20","0x20","0x20","0x20","0x20","0x20","0x20","0x20","0x20","0x20","0x20","0x20","0x20","0x20","0x20","0x20","0x20","0x20","0x20","0x08"
"194","0xB","0xC","0b1100000011001100","0b1111101111111111","0","0","0b0000000000000000","0b0000000000000000","0b0000000000000000","0b0000000000000000","1","0b1100000011001100","0b0000000000000000","0x00000062","0x72D000B4","1","0","0x0000004E","0","0","0","0x00000000","0x00000001","0x000001B4","0x00000000","0x00000000","0x0000006B","0x00000000","0x00000000","0x00000000","0x00000000","0x00000000","0x00000000","0x00000000","0x00000000","0x00000000","0x00000000","0x00000000","0x00000000","0x00000000","0x00000000","0x00000000","0x00000000","0x00000000","0x00000000","0x04000000","0x00000000","0x00000000","0x00000001","0xFFFFFFFF","0x00000088","0x00000260","0x00000051","0","0","0","0","0","0","0","0","0x8","0x3","0x0","0xF","0","1","1","1","0","1","1","1","0","1","1","1","0x00","0x18","0x18","0x18","0x0","0xF","0x3","0x7","0","0","0","0x60D000B4","0x1618D000","0x60D000B4","0x1618D000","0x60D000B4","0x1618D000","0x60D000B4","0x1618D000","0x09","0x08","0x05","0x04","0x01","0x00","0x1D","0x1C","0x008","0x700","0x004","0x300","0x000","0xF00","0x00C","0xB00","0x00","0x00","0xFF","0x20","0x20","0x20","0x07","0x20","0x20","0x20","0x20","0x20","0x20","0x20","0x20","0x20","0x20","0x20","0x20","0x20","0x20","0x20","0x20","0x20","0x20","0x20","0x20","0x20","0x20","0x20","0x20","0x20","0x20","0x20","0x08"
"195","0xB","0xC","0b1100000011001100","0b1111101111111111","0","0","0b0000000000000000","0b0000000000000000","0b0000000000000000","0b0000000000000000","0","0b1100000011001100","0b0000000000000000","0x00000062","0x72D000B4","1","0","0x0000004E","0","0","0","0x00000000","0x00000001","0x000001B4","0x00000000","0x00000000","0x0000006B","0x00000000","0x00000000","0x00000000","0x00000000","0x00000000","0x00000000","0x00000000","0x00000000","0x00000000","0x00000000","0x00000000","0x00000000","0x00000000","0x00000000","0x00000000","0x00000000","0x00000000","0x00000000","0x04000000","0x00000000","0x00000000","0x00000001","0xFFFFFFFF","0x00000088","0x00000260","0x00000051","0","0","0","0","0","0","0","0","0x8","0x3","0x0","0xF","0","1","1","1","0","1","1","1","0","1","1","1","0x00","0x18","0x18","0x18","0x0","0xF","0x3","0x7","0","0","0","0x60D000B4","0x1618D000","0x60D000B4","0x1618D000","0x60D000B4","0x1618D000","0x60D000B4","0x1618D000","0x09","0x08","0x05","0x04","0x01","0x00","0x1D","0x1C","0x008","0x700","0x004","0x300","0x000","0xF00","0x00C","0xB00","0x00","0x00","0xFF","0x20","0x20","0x20","0x07","0x20","0x20","0x20","0x20","0x20","0x20","0x20","0x20","0x20","0x20","0x20","0x20","0x20","0x20","0x20","0x20","0x20","0x20","0x20","0x20","0x20","0x20","0x20","0x20","0x20","0x20","0x20","0x08"
"196","0xB","0xC","0b1100000011001100","0b1111101111111111","0","0","0b0000000000000000","0b0000000000000000","0b0000000000000000","0b0000000000000000","1","0b1100000011001100","0b0000000000000000","0x00000063","0x72D000B4","1","0","0x0000004F","0","0","0","0x00000000","0x00000001","0x000001B4","0x00000000","0x00000000","0x0000006B","0x00000000","0x00000000","0x00000000","0x00000000","0x00000000","0x00000000","0x00000000","0x00000000","0x00000000","0x00000000","0x00000000","0x00000000","0x00000000","0x00000000","0x00000000","0x00000000","0x00000000","0x00000000","0x04000000","0x00000000","0x00000000","0x00000001","0xFFFFFFFF","0x00000088","0x00000260","0x00000051","0","0","0","0","0","0","0","0","0x8","0x3","0x0","0xF","0","1","1","1","0","1","1","1","0","1","1","1","0x00","0x18","0x18","0x18","0x0","0xF","0x3","0x7","0","0","0","0x60D000B4","0x1618D000","0x60D000B4","0x1618D000","0x60D000B4","0x1618D000","0x60D000B4","0x1618D000","0x09","0x08","0x05","0x04","0x01","0x00","0x1D","0x1C","0x008","0x700","0x004","0x300","0x000","0xF00","0x00C","0xB00","0x00","0x00","0xFF","0x20","0x20","0x20","0x07","0x20","0x20","0x20","0x20","0x20","0x20","0x20","0x20","0x20","0x20","0x20","0x20","0x20","0x20","0x20","0x20","0x20","0x20","0x20","0x20","0x20","0x20","0x20","0x20","0x20","0x20","0x20","0x08"
"197","0xB","0xC","0b1100000011001100","0b1111101111111111","0","0","0b0000000000000000","0b0000000000000000","0b0000000000000000","0b0000000000000000","0","0b1100000011001100","0b0000000000000000","0x00000063","0x72D000B4","1","0","0x0000004F","0","0","0","0x00000000","0x00000001","0x000001B4","0x00000000","0x00000000","0x0000006B","0x00000000","0x00000000","0x00000000","0x00000000","0x00000000","0x00000000","0x00000000","0x00000000","0x00000000","0x00000000","0x00000000","0x00000000","0x00000000","0x00000000","0x00000000","0x00000000","0x00000000","0x00000000","0x04000000","0x00000000","0x00000000","0x00000001","0xFFFFFFFF","0x00000088","0x00000260","0x00000051","0","0","0","0","0","0","0","0","0x8","0x3","0x0","0xF","0","1","1","1","0","1","1","1","0","1","1","1","0x00","0x18","0x18","0x18","0x0","0xF","0x3","0x7","0","0","0","0x60D000B4","0x1618D000","0x60D000B4","0x1618D000","0x60D000B4","0x1618D000","0x60D000B4","0x1618D000","0x09","0x08","0x05","0x04","0x01","0x00","0x1D","0x1C","0x008","0x700","0x004","0x300","0x000","0xF00","0x00C","0xB00","0x00","0x00","0xFF","0x20","0x20","0x20","0x07","0x20","0x20","0x20","0x20","0x20","0x20","0x20","0x20","0x20","0x20","0x20","0x20","0x20","0x20","0x20","0x20","0x20","0x20","0x20","0x20","0x20","0x20","0x20","0x20","0x20","0x20","0x20","0x08"
"198","0xB","0xC","0b1100000011001100","0b1111101111111111","0","0","0b0000000000000000","0b0000000000000000","0b0000000000000000","0b0000000000000000","1","0b1100000011001100","0b0000000000000000","0x00000064","0x72D000B4","1","0","0x00000050","0","0","0","0x00000000","0x00000001","0x000001B4","0x00000000","0x00000000","0x0000006B","0x00000000","0x00000000","0x00000000","0x00000000","0x00000000","0x00000000","0x00000000","0x00000000","0x00000000","0x00000000","0x00000000","0x00000000","0x00000000","0x00000000","0x00000000","0x00000000","0x00000000","0x00000000","0x04000000","0x00000000","0x00000000","0x00000001","0xFFFFFFFF","0x00000088","0x00000260","0x00000051","0","0","0","0","0","0","0","0","0x8","0x3","0x0","0xF","0","1","1","1","0","1","1","1","0","1","1","1","0x00","0x18","0x18","0x18","0x0","0xF","0x3","0x7","0","0","0","0x60D000B4","0x1618D000","0x60D000B4","0x1618D000","0x60D000B4","0x1618D000","0x60D000B4","0x1618D000","0x09","0x08","0x05","0x04","0x01","0x00","0x1D","0x1C","0x008","0x700","0x004","0x300","0x000","0xF00","0x00C","0xB00","0x00","0x00","0xFF","0x20","0x20","0x20","0x07","0x20","0x20","0x20","0x20","0x20","0x20","0x20","0x20","0x20","0x20","0x20","0x20","0x20","0x20","0x20","0x20","0x20","0x20","0x20","0x20","0x20","0x20","0x20","0x20","0x20","0x20","0x20","0x08"
"199","0xB","0xC","0b1100000011001100","0b1111101111111111","0","0","0b0000000000000000","0b0000000000000000","0b0000000000000000","0b0000000000000000","0","0b1100000011001100","0b0000000000000000","0x00000064","0x72D000B4","1","0","0x00000050","0","0","0","0x00000000","0x00000001","0x000001B4","0x00000000","0x00000000","0x0000006B","0x00000000","0x00000000","0x00000000","0x00000000","0x00000000","0x00000000","0x00000000","0x00000000","0x00000000","0x00000000","0x00000000","0x00000000","0x00000000","0x00000000","0x00000000","0x00000000","0x00000000","0x00000000","0x04000000","0x00000000","0x00000000","0x00000001","0xFFFFFFFF","0x00000088","0x00000260","0x00000051","0","0","0","0","0","0","0","0","0x8","0x3","0x0","0xF","0","1","1","1","0","1","1","1","0","1","1","1","0x00","0x18","0x18","0x18","0x0","0xF","0x3","0x7","0","0","0","0x60D000B4","0x1618D000","0x60D000B4","0x1618D000","0x60D000B4","0x1618D000","0x60D000B4","0x1618D000","0x09","0x08","0x05","0x04","0x01","0x00","0x1D","0x1C","0x008","0x700","0x004","0x300","0x000","0xF00","0x00C","0xB00","0x00","0x00","0xFF","0x20","0x20","0x20","0x07","0x20","0x20","0x20","0x20","0x20","0x20","0x20","0x20","0x20","0x20","0x20","0x20","0x20","0x20","0x20","0x20","0x20","0x20","0x20","0x20","0x20","0x20","0x20","0x20","0x20","0x20","0x20","0x08"
"200","0xB","0xC","0b1100000011001100","0b1111101111111111","0","0","0b0000000000000000","0b0000000000000000","0b0000000000000000","0b0000000000000000","1","0b1100000011001100","0b0000000000000000","0x00000065","0x72D000B4","1","0","0x00000051","0","0","0","0x00000000","0x00000001","0x000001B4","0x00000000","0x00000000","0x0000006B","0x00000000","0x00000000","0x00000000","0x00000000","0x00000000","0x00000000","0x00000000","0x00000000","0x00000000","0x00000000","0x00000000","0x00000000","0x00000000","0x00000000","0x00000000","0x00000000","0x00000000","0x00000000","0x04000000","0x00000000","0x00000000","0x00000001","0xFFFFFFFF","0x00000088","0x00000260","0x00000051","0","0","0","0","0","0","0","0","0x8","0x3","0x0","0xF","0","1","1","1","0","1","1","1","0","1","1","1","0x00","0x18","0x18","0x18","0x0","0xF","0x3","0x7","0","0","0","0x60D000B4","0x1618D000","0x60D000B4","0x1618D000","0x60D000B4","0x1618D000","0x60D000B4","0x1618D000","0x09","0x08","0x05","0x04","0x01","0x00","0x1D","0x1C","0x008","0x700","0x004","0x300","0x000","0xF00","0x00C","0xB00","0x00","0x00","0xFF","0x20","0x20","0x20","0x07","0x20","0x20","0x20","0x20","0x20","0x20","0x20","0x20","0x20","0x20","0x20","0x20","0x20","0x20","0x20","0x20","0x20","0x20","0x20","0x20","0x20","0x20","0x20","0x20","0x20","0x20","0x20","0x08"
"201","0xB","0xC","0b1100000011001100","0b1111101111111111","0","0","0b0000000000000000","0b0000000000000000","0b0000000000000000","0b0000000000000000","0","0b1100000011001100","0b0000000000000000","0x00000065","0x72D000B4","1","0","0x00000051","0","0","0","0x00000000","0x00000001","0x000001B4","0x00000000","0x00000000","0x0000006B","0x00000000","0x00000000","0x00000000","0x00000000","0x00000000","0x00000000","0x00000000","0x00000000","0x00000000","0x00000000","0x00000000","0x00000000","0x00000000","0x00000000","0x00000000","0x00000000","0x00000000","0x00000000","0x04000000","0x00000000","0x00000000","0x00000001","0xFFFFFFFF","0x00000088","0x00000260","0x00000051","0","0","0","0","0","0","0","0","0x8","0x3","0x0","0xF","0","1","1","1","0","1","1","1","0","1","1","1","0x00","0x18","0x18","0x18","0x0","0xF","0x3","0x7","0","0","0","0x60D000B4","0x1618D000","0x60D000B4","0x1618D000","0x60D000B4","0x1618D000","0x60D000B4","0x1618D000","0x09","0x08","0x05","0x04","0x01","0x00","0x1D","0x1C","0x008","0x700","0x004","0x300","0x000","0xF00","0x00C","0xB00","0x00","0x00","0xFF","0x20","0x20","0x20","0x07","0x20","0x20","0x20","0x20","0x20","0x20","0x20","0x20","0x20","0x20","0x20","0x20","0x20","0x20","0x20","0x20","0x20","0x20","0x20","0x20","0x20","0x20","0x20","0x20","0x20","0x20","0x20","0x08"
"202","0xB","0xC","0b1100000011001100","0b1111101111111111","0","0","0b0000000000000000","0b0000000000000000","0b0000000000000000","0b0000000000000000","1","0b1100000011001100","0b0000000000000000","0x00000066","0x72D000B4","1","0","0x00000052","0","0","0","0x00000000","0x00000001","0x000001B4","0x00000000","0x00000000","0x0000006B","0x00000000","0x00000000","0x00000000","0x00000000","0x00000000","0x00000000","0x00000000","0x00000000","0x00000000","0x00000000","0x00000000","0x00000000","0x00000000","0x00000000","0x00000000","0x00000000","0x00000000","0x00000000","0x04000000","0x00000000","0x00000000","0x00000001","0xFFFFFFFF","0x00000088","0x00000260","0x00000051","0","0","0","0","0","0","0","0","0x8","0x3","0x0","0xF","0","1","1","1","0","1","1","1","0","1","1","1","0x00","0x18","0x18","0x18","0x0","0xF","0x3","0x7","0","0","0","0x60D000B4","0x1618D000","0x60D000B4","0x1618D000","0x60D000B4","0x1618D000","0x60D000B4","0x1618D000","0x09","0x08","0x05","0x04","0x01","0x00","0x1D","0x1C","0x008","0x700","0x004","0x300","0x000","0xF00","0x00C","0xB00","0x00","0x00","0xFF","0x20","0x20","0x20","0x07","0x20","0x20","0x20","0x20","0x20","0x20","0x20","0x20","0x20","0x20","0x20","0x20","0x20","0x20","0x20","0x20","0x20","0x20","0x20","0x20","0x20","0x20","0x20","0x20","0x20","0x20","0x20","0x08"
"203","0xB","0xC","0b1100000011001100","0b1111101111111111","0","0","0b0000000000000000","0b0000000000000000","0b0000000000000000","0b0000000000000000","0","0b1100000011001100","0b0000000000000000","0x00000066","0x72D000B4","1","0","0x00000052","0","0","0","0x00000000","0x00000001","0x000001B4","0x00000000","0x00000000","0x0000006B","0x00000000","0x00000000","0x00000000","0x00000000","0x00000000","0x00000000","0x00000000","0x00000000","0x00000000","0x00000000","0x00000000","0x00000000","0x00000000","0x00000000","0x00000000","0x00000000","0x00000000","0x00000000","0x04000000","0x00000000","0x00000000","0x00000001","0xFFFFFFFF","0x00000088","0x00000260","0x00000051","0","0","0","0","0","0","0","0","0x8","0x3","0x0","0xF","0","1","1","1","0","1","1","1","0","1","1","1","0x00","0x18","0x18","0x18","0x0","0xF","0x3","0x7","0","0","0","0x60D000B4","0x1618D000","0x60D000B4","0x1618D000","0x60D000B4","0x1618D000","0x60D000B4","0x1618D000","0x09","0x08","0x05","0x04","0x01","0x00","0x1D","0x1C","0x008","0x700","0x004","0x300","0x000","0xF00","0x00C","0xB00","0x00","0x00","0xFF","0x20","0x20","0x20","0x07","0x20","0x20","0x20","0x20","0x20","0x20","0x20","0x20","0x20","0x20","0x20","0x20","0x20","0x20","0x20","0x20","0x20","0x20","0x20","0x20","0x20","0x20","0x20","0x20","0x20","0x20","0x20","0x08"
"204","0xB","0xC","0b1100000011001100","0b1111101111111111","0","0","0b0000000000000000","0b0000000000000000","0b0000000000000000","0b0000000000000000","1","0b1100000011001100","0b0000000000000000","0x00000067","0x72D000B4","1","0","0x00000053","0","0","0","0x00000000","0x00000001","0x000001B4","0x00000000","0x00000000","0x0000006B","0x00000000","0x00000000","0x00000000","0x00000000","0x00000000","0x00000000","0x00000000","0x00000000","0x00000000","0x00000000","0x00000000","0x00000000","0x00000000","0x00000000","0x00000000","0x00000000","0x00000000","0x00000000","0x04000000","0x00000000","0x00000000","0x00000001","0xFFFFFFFF","0x00000088","0x00000260","0x00000051","0","0","0","0","0","0","0","0","0x8","0x3","0x0","0xF","0","1","1","1","0","1","1","1","0","1","1","1","0x00","0x18","0x18","0x18","0x0","0xF","0x3","0x7","0","0","0","0x60D000B4","0x1618D000","0x60D000B4","0x1618D000","0x60D000B4","0x1618D000","0x60D000B4","0x1618D000","0x09","0x08","0x05","0x04","0x01","0x00","0x1D","0x1C","0x008","0x700","0x004","0x300","0x000","0xF00","0x00C","0xB00","0x00","0x00","0xFF","0x20","0x20","0x20","0x07","0x20","0x20","0x20","0x20","0x20","0x20","0x20","0x20","0x20","0x20","0x20","0x20","0x20","0x20","0x20","0x20","0x20","0x20","0x20","0x20","0x20","0x20","0x20","0x20","0x20","0x20","0x20","0x08"
"205","0xB","0xC","0b1100000011001100","0b1111101111111111","0","0","0b0000000000000000","0b0000000000000000","0b0000000000000000","0b0000000000000000","0","0b1100000011001100","0b0000000000000000","0x00000067","0x72D000B4","1","0","0x00000053","0","0","0","0x00000000","0x00000001","0x000001B4","0x00000000","0x00000000","0x0000006B","0x00000000","0x00000000","0x00000000","0x00000000","0x00000000","0x00000000","0x00000000","0x00000000","0x00000000","0x00000000","0x00000000","0x00000000","0x00000000","0x00000000","0x00000000","0x00000000","0x00000000","0x00000000","0x04000000","0x00000000","0x00000000","0x00000001","0xFFFFFFFF","0x00000088","0x00000260","0x00000051","0","0","0","0","0","0","0","0","0x8","0x3","0x0","0xF","0","1","1","1","0","1","1","1","0","1","1","1","0x00","0x18","0x18","0x18","0x0","0xF","0x3","0x7","0","0","0","0x60D000B4","0x1618D000","0x60D000B4","0x1618D000","0x60D000B4","0x1618D000","0x60D000B4","0x1618D000","0x09","0x08","0x05","0x04","0x01","0x00","0x1D","0x1C","0x008","0x700","0x004","0x300","0x000","0xF00","0x00C","0xB00","0x00","0x00","0xFF","0x20","0x20","0x20","0x07","0x20","0x20","0x20","0x20","0x20","0x20","0x20","0x20","0x20","0x20","0x20","0x20","0x20","0x20","0x20","0x20","0x20","0x20","0x20","0x20","0x20","0x20","0x20","0x20","0x20","0x20","0x20","0x08"
"206","0xB","0xC","0b1100000011001100","0b1111101111111111","0","0","0b0000000000000000","0b0000000000000000","0b0000000000000000","0b0000000000000000","1","0b1100000011001100","0b0000000000000000","0x00000068","0x72D000B4","1","0","0x00000054","0","0","0","0x00000000","0x00000001","0x000001B4","0x00000000","0x00000000","0x0000006B","0x00000000","0x00000000","0x00000000","0x00000000","0x00000000","0x00000000","0x00000000","0x00000000","0x00000000","0x00000000","0x00000000","0x00000000","0x00000000","0x00000000","0x00000000","0x00000000","0x00000000","0x00000000","0x04000000","0x00000000","0x00000000","0x00000001","0xFFFFFFFF","0x00000088","0x00000260","0x00000051","0","0","0","0","0","0","0","0","0x8","0x3","0x0","0xF","0","1","1","1","0","1","1","1","0","1","1","1","0x00","0x18","0x18","0x18","0x0","0xF","0x3","0x7","0","0","0","0x60D000B4","0x1618D000","0x60D000B4","0x1618D000","0x60D000B4","0x1618D000","0x60D000B4","0x1618D000","0x09","0x08","0x05","0x04","0x01","0x00","0x1D","0x1C","0x008","0x700","0x004","0x300","0x000","0xF00","0x00C","0xB00","0x00","0x00","0xFF","0x20","0x20","0x20","0x07","0x20","0x20","0x20","0x20","0x20","0x20","0x20","0x20","0x20","0x20","0x20","0x20","0x20","0x20","0x20","0x20","0x20","0x20","0x20","0x20","0x20","0x20","0x20","0x20","0x20","0x20","0x20","0x08"
"207","0xB","0xC","0b1100000011001100","0b1111101111111111","0","0","0b0000000000000000","0b0000000000000000","0b0000000000000000","0b0000000000000000","0","0b1100000011001100","0b0000000000000000","0x00000068","0x72D000B4","1","0","0x00000054","0","0","0","0x00000000","0x00000001","0x000001B4","0x00000000","0x00000000","0x0000006B","0x00000000","0x00000000","0x00000000","0x00000000","0x00000000","0x00000000","0x00000000","0x00000000","0x00000000","0x00000000","0x00000000","0x00000000","0x00000000","0x00000000","0x00000000","0x00000000","0x00000000","0x00000000","0x04000000","0x00000000","0x00000000","0x00000001","0xFFFFFFFF","0x00000088","0x00000260","0x00000051","0","0","0","0","0","0","0","0","0x8","0x3","0x0","0xF","0","1","1","1","0","1","1","1","0","1","1","1","0x00","0x18","0x18","0x18","0x0","0xF","0x3","0x7","0","0","0","0x60D000B4","0x1618D000","0x60D000B4","0x1618D000","0x60D000B4","0x1618D000","0x60D000B4","0x1618D000","0x09","0x08","0x05","0x04","0x01","0x00","0x1D","0x1C","0x008","0x700","0x004","0x300","0x000","0xF00","0x00C","0xB00","0x00","0x00","0xFF","0x20","0x20","0x20","0x07","0x20","0x20","0x20","0x20","0x20","0x20","0x20","0x20","0x20","0x20","0x20","0x20","0x20","0x20","0x20","0x20","0x20","0x20","0x20","0x20","0x20","0x20","0x20","0x20","0x20","0x20","0x20","0x08"
"208","0xB","0xC","0b1100000011001100","0b1111101111111111","0","0","0b0000000000000000","0b0000000000000000","0b0000000000000000","0b0000000000000000","1","0b1100000011001100","0b0000000000000000","0x00000069","0x72D000B4","1","0","0x00000055","0","0","0","0x00000000","0x00000001","0x000001B4","0x00000000","0x00000000","0x0000006B","0x00000000","0x00000000","0x00000000","0x00000000","0x00000000","0x00000000","0x00000000","0x00000000","0x00000000","0x00000000","0x00000000","0x00000000","0x00000000","0x00000000","0x00000000","0x00000000","0x00000000","0x00000000","0x04000000","0x00000000","0x00000000","0x00000001","0xFFFFFFFF","0x00000088","0x00000260","0x00000051","0","0","0","0","0","0","0","0","0x8","0x3","0x0","0xF","0","1","1","1","0","1","1","1","0","1","1","1","0x00","0x18","0x18","0x18","0x0","0xF","0x3","0x7","0","0","0","0x60D000B4","0x1618D000","0x60D000B4","0x1618D000","0x60D000B4","0x1618D000","0x60D000B4","0x1618D000","0x09","0x08","0x05","0x04","0x01","0x00","0x1D","0x1C","0x008","0x700","0x004","0x300","0x000","0xF00","0x00C","0xB00","0x00","0x00","0xFF","0x20","0x20","0x20","0x07","0x20","0x20","0x20","0x20","0x20","0x20","0x20","0x20","0x20","0x20","0x20","0x20","0x20","0x20","0x20","0x20","0x20","0x20","0x20","0x20","0x20","0x20","0x20","0x20","0x20","0x20","0x20","0x08"
"209","0xB","0xC","0b1100000011001100","0b1111101111111111","0","0","0b0000000000000000","0b0000000000000000","0b0000000000000000","0b0000000000000000","0","0b1100000011001100","0b0000000000000000","0x00000069","0x72D000B4","1","0","0x00000055","0","0","0","0x00000000","0x00000001","0x000001B4","0x00000000","0x00000000","0x0000006B","0x00000000","0x00000000","0x00000000","0x00000000","0x00000000","0x00000000","0x00000000","0x00000000","0x00000000","0x00000000","0x00000000","0x00000000","0x00000000","0x00000000","0x00000000","0x00000000","0x00000000","0x00000000","0x04000000","0x00000000","0x00000000","0x00000001","0xFFFFFFFF","0x00000088","0x00000260","0x00000051","0","0","0","0","0","0","0","0","0x8","0x3","0x0","0xF","0","1","1","1","0","1","1","1","0","1","1","1","0x00","0x18","0x18","0x18","0x0","0xF","0x3","0x7","0","0","0","0x60D000B4","0x1618D000","0x60D000B4","0x1618D000","0x60D000B4","0x1618D000","0x60D000B4","0x1618D000","0x09","0x08","0x05","0x04","0x01","0x00","0x1D","0x1C","0x008","0x700","0x004","0x300","0x000","0xF00","0x00C","0xB00","0x00","0x00","0xFF","0x20","0x20","0x20","0x07","0x20","0x20","0x20","0x20","0x20","0x20","0x20","0x20","0x20","0x20","0x20","0x20","0x20","0x20","0x20","0x20","0x20","0x20","0x20","0x20","0x20","0x20","0x20","0x20","0x20","0x20","0x20","0x08"
"210","0xB","0xC","0b1100000011001100","0b1111101111111111","0","0","0b0000000000000000","0b0000000000000000","0b0000000000000000","0b0000000000000000","1","0b1100000011001100","0b0000000000000000","0x0000006A","0x72D000B4","1","0","0x00000056","0","0","0","0x00000000","0x00000001","0x000001B4","0x00000000","0x00000000","0x0000006B","0x00000000","0x00000000","0x00000000","0x00000000","0x00000000","0x00000000","0x00000000","0x00000000","0x00000000","0x00000000","0x00000000","0x00000000","0x00000000","0x00000000","0x00000000","0x00000000","0x00000000","0x00000000","0x04000000","0x00000000","0x00000000","0x00000001","0xFFFFFFFF","0x00000088","0x00000260","0x00000051","0","0","0","0","0","0","0","0","0x8","0x3","0x0","0xF","0","1","1","1","0","1","1","1","0","1","1","1","0x00","0x18","0x18","0x18","0x0","0xF","0x3","0x7","0","0","0","0x60D000B4","0x1618D000","0x60D000B4","0x1618D000","0x60D000B4","0x1618D000","0x60D000B4","0x1618D000","0x09","0x08","0x05","0x04","0x01","0x00","0x1D","0x1C","0x008","0x700","0x004","0x300","0x000","0xF00","0x00C","0xB00","0x00","0x00","0xFF","0x20","0x20","0x20","0x07","0x20","0x20","0x20","0x20","0x20","0x20","0x20","0x20","0x20","0x20","0x20","0x20","0x20","0x20","0x20","0x20","0x20","0x20","0x20","0x20","0x20","0x20","0x20","0x20","0x20","0x20","0x20","0x08"
"211","0xB","0xC","0b1100000011001100","0b1111101111111111","0","0","0b0000000000000000","0b0000000000000000","0b0000000000000000","0b0000000000000000","0","0b1100000011001100","0b0000000000000000","0x0000006A","0x72D000B4","1","0","0x00000056","0","0","0","0x00000000","0x00000001","0x000001B4","0x00000000","0x00000000","0x0000006B","0x00000000","0x00000000","0x00000000","0x00000000","0x00000000","0x00000000","0x00000000","0x00000000","0x00000000","0x00000000","0x00000000","0x00000000","0x00000000","0x00000000","0x00000000","0x00000000","0x00000000","0x00000000","0x04000000","0x00000000","0x00000000","0x00000001","0xFFFFFFFF","0x00000088","0x00000260","0x00000051","0","0","0","0","0","0","0","0","0x8","0x3","0x0","0xF","0","1","1","1","0","1","1","1","0","1","1","1","0x00","0x18","0x18","0x18","0x0","0xF","0x3","0x7","0","0","0","0x60D000B4","0x1618D000","0x60D000B4","0x1618D000","0x60D000B4","0x1618D000","0x60D000B4","0x1618D000","0x09","0x08","0x05","0x04","0x01","0x00","0x1D","0x1C","0x008","0x700","0x004","0x300","0x000","0xF00","0x00C","0xB00","0x00","0x00","0xFF","0x20","0x20","0x20","0x07","0x20","0x20","0x20","0x20","0x20","0x20","0x20","0x20","0x20","0x20","0x20","0x20","0x20","0x20","0x20","0x20","0x20","0x20","0x20","0x20","0x20","0x20","0x20","0x20","0x20","0x20","0x20","0x08"
"212","0xB","0xC","0b1100000011001100","0b1111101111111111","0","0","0b0000000000000000","0b0000000000000000","0b0000000000000000","0b0000000000000000","1","0b1100000011001100","0b0000000000000000","0x0000006B","0x72D000B4","1","0","0x00000057","0","0","0","0x00000000","0x00000001","0x000001B4","0x00000000","0x00000000","0x0000006B","0x00000000","0x00000000","0x00000000","0x00000000","0x00000000","0x00000000","0x00000000","0x00000000","0x00000000","0x00000000","0x00000000","0x00000000","0x00000000","0x00000000","0x00000000","0x00000000","0x00000000","0x00000000","0x04000000","0x00000000","0x00000000","0x00000001","0xFFFFFFFF","0x00000088","0x00000260","0x00000051","0","0","0","0","0","0","0","0","0x8","0x3","0x0","0xF","0","1","1","1","0","1","1","1","0","1","1","1","0x00","0x18","0x18","0x18","0x0","0xF","0x3","0x7","0","0","0","0x60D000B4","0x1618D000","0x60D000B4","0x1618D000","0x60D000B4","0x1618D000","0x60D000B4","0x1618D000","0x09","0x08","0x05","0x04","0x01","0x00","0x1D","0x1C","0x008","0x700","0x004","0x300","0x000","0xF00","0x00C","0xB00","0x00","0x00","0xFF","0x20","0x20","0x20","0x07","0x20","0x20","0x20","0x20","0x20","0x20","0x20","0x20","0x20","0x20","0x20","0x20","0x20","0x20","0x20","0x20","0x20","0x20","0x20","0x20","0x20","0x20","0x20","0x20","0x20","0x20","0x20","0x08"
"213","0xB","0xC","0b1100000011001100","0b1111101111111111","0","0","0b0000000000000000","0b0000000000000000","0b0000000000000000","0b0000000000000000","0","0b1100000011001100","0b0000000000000000","0x0000006B","0x72D000B4","1","0","0x00000057","0","0","0","0x00000000","0x00000001","0x000001B4","0x00000000","0x00000000","0x0000006B","0x00000000","0x00000000","0x00000000","0x00000000","0x00000000","0x00000000","0x00000000","0x00000000","0x00000000","0x00000000","0x00000000","0x00000000","0x00000000","0x00000000","0x00000000","0x00000000","0x00000000","0x00000000","0x04000000","0x00000000","0x00000000","0x00000001","0xFFFFFFFF","0x00000088","0x00000260","0x00000051","0","0","0","0","0","0","0","0","0x8","0x3","0x0","0xF","0","1","1","1","0","1","1","1","0","1","1","1","0x00","0x18","0x18","0x18","0x0","0xF","0x3","0x7","0","0","0","0x60D000B4","0x1618D000","0x60D000B4","0x1618D000","0x60D000B4","0x1618D000","0x60D000B4","0x1618D000","0x09","0x08","0x05","0x04","0x01","0x00","0x1D","0x1C","0x008","0x700","0x004","0x300","0x000","0xF00","0x00C","0xB00","0x00","0x00","0xFF","0x20","0x20","0x20","0x07","0x20","0x20","0x20","0x20","0x20","0x20","0x20","0x20","0x20","0x20","0x20","0x20","0x20","0x20","0x20","0x20","0x20","0x20","0x20","0x20","0x20","0x20","0x20","0x20","0x20","0x20","0x20","0x08"
"214","0xB","0xC","0b1100000011001100","0b1111101111111111","0","0","0b0000000000000000","0b0000000000000000","0b0000000000000000","0b0000000000000000","1","0b1100000011001100","0b0000000000000000","0x0000006C","0x72D000B4","1","0","0x00000058","0","0","0","0x00000000","0x00000001","0x000001B4","0x00000000","0x00000000","0x0000006B","0x00000000","0x00000000","0x00000000","0x00000000","0x00000000","0x00000000","0x00000000","0x00000000","0x00000000","0x00000000","0x00000000","0x00000000","0x00000000","0x00000000","0x00000000","0x00000000","0x00000000","0x00000000","0x04000000","0x00000000","0x00000000","0x00000001","0xFFFFFFFF","0x00000088","0x00000260","0x00000051","0","0","0","0","0","0","0","0","0x8","0x3","0x0","0xF","0","1","1","1","0","1","1","1","0","1","1","1","0x00","0x18","0x18","0x18","0x0","0xF","0x3","0x7","0","0","0","0x60D000B4","0x1618D000","0x60D000B4","0x1618D000","0x60D000B4","0x1618D000","0x60D000B4","0x1618D000","0x09","0x08","0x05","0x04","0x01","0x00","0x1D","0x1C","0x008","0x700","0x004","0x300","0x000","0xF00","0x00C","0xB00","0x00","0x00","0xFF","0x20","0x20","0x20","0x07","0x20","0x20","0x20","0x20","0x20","0x20","0x20","0x20","0x20","0x20","0x20","0x20","0x20","0x20","0x20","0x20","0x20","0x20","0x20","0x20","0x20","0x20","0x20","0x20","0x20","0x20","0x20","0x08"
"215","0xB","0xC","0b1100000011001100","0b1111101111111111","0","0","0b0000000000000000","0b0000000000000000","0b0000000000000000","0b0000000000000000","0","0b1100000011001100","0b0000000000000000","0x0000006C","0x72D000B4","1","0","0x00000058","0","0","0","0x00000000","0x00000001","0x000001B4","0x00000000","0x00000000","0x0000006B","0x00000000","0x00000000","0x00000000","0x00000000","0x00000000","0x00000000","0x00000000","0x00000000","0x00000000","0x00000000","0x00000000","0x00000000","0x00000000","0x00000000","0x00000000","0x00000000","0x00000000","0x00000000","0x04000000","0x00000000","0x00000000","0x00000001","0xFFFFFFFF","0x00000088","0x00000260","0x00000051","0","0","0","0","0","0","0","0","0x8","0x3","0x0","0xF","0","1","1","1","0","1","1","1","0","1","1","1","0x00","0x18","0x18","0x18","0x0","0xF","0x3","0x7","0","0","0","0x60D000B4","0x1618D000","0x60D000B4","0x1618D000","0x60D000B4","0x1618D000","0x60D000B4","0x1618D000","0x09","0x08","0x05","0x04","0x01","0x00","0x1D","0x1C","0x008","0x700","0x004","0x300","0x000","0xF00","0x00C","0xB00","0x00","0x00","0xFF","0x20","0x20","0x20","0x07","0x20","0x20","0x20","0x20","0x20","0x20","0x20","0x20","0x20","0x20","0x20","0x20","0x20","0x20","0x20","0x20","0x20","0x20","0x20","0x20","0x20","0x20","0x20","0x20","0x20","0x20","0x20","0x08"
"216","0xB","0xC","0b1100000011001100","0b1111101111111111","0","0","0b0000000000000000","0b0000000000000000","0b0000000000000000","0b0000000000000000","1","0b1100000011001100","0b0000000000000000","0x0000006D","0x72D000B4","1","0","0x00000059","0","0","0","0x00000000","0x00000001","0x000001B4","0x00000000","0x00000000","0x0000006B","0x00000000","0x00000000","0x00000000","0x00000000","0x00000000","0x00000000","0x00000000","0x00000000","0x00000000","0x00000000","0x00000000","0x00000000","0x00000000","0x00000000","0x00000000","0x00000000","0x00000000","0x00000000","0x04000000","0x00000000","0x00000000","0x00000001","0xFFFFFFFF","0x00000088","0x00000260","0x00000051","0","0","0","0","0","0","0","0","0x8","0x3","0x0","0xF","0","1","1","1","0","1","1","1","0","1","1","1","0x00","0x18","0x18","0x18","0x0","0xF","0x3","0x7","0","0","0","0x60D000B4","0x1618D000","0x60D000B4","0x1618D000","0x60D000B4","0x1618D000","0x60D000B4","0x1618D000","0x09","0x08","0x05","0x04","0x01","0x00","0x1D","0x1C","0x008","0x700","0x004","0x300","0x000","0xF00","0x00C","0xB00","0x00","0x00","0xFF","0x20","0x20","0x20","0x07","0x20","0x20","0x20","0x20","0x20","0x20","0x20","0x20","0x20","0x20","0x20","0x20","0x20","0x20","0x20","0x20","0x20","0x20","0x20","0x20","0x20","0x20","0x20","0x20","0x20","0x20","0x20","0x08"
"217","0xB","0xC","0b1100000011001100","0b1111101111111111","0","0","0b0000000000000000","0b0000000000000000","0b0000000000000000","0b0000000000000000","0","0b1100000011001100","0b0000000000000000","0x0000006D","0x72D000B4","1","0","0x00000059","0","0","0","0x00000000","0x00000001","0x000001B4","0x00000000","0x00000000","0x0000006B","0x00000000","0x00000000","0x00000000","0x00000000","0x00000000","0x00000000","0x00000000","0x00000000","0x00000000","0x00000000","0x00000000","0x00000000","0x00000000","0x00000000","0x00000000","0x00000000","0x00000000","0x00000000","0x04000000","0x00000000","0x00000000","0x00000001","0xFFFFFFFF","0x00000088","0x00000260","0x00000051","0","0","0","0","0","0","0","0","0x8","0x3","0x0","0xF","0","1","1","1","0","1","1","1","0","1","1","1","0x00","0x18","0x18","0x18","0x0","0xF","0x3","0x7","0","0","0","0x60D000B4","0x1618D000","0x60D000B4","0x1618D000","0x60D000B4","0x1618D000","0x60D000B4","0x1618D000","0x09","0x08","0x05","0x04","0x01","0x00","0x1D","0x1C","0x008","0x700","0x004","0x300","0x000","0xF00","0x00C","0xB00","0x00","0x00","0xFF","0x20","0x20","0x20","0x07","0x20","0x20","0x20","0x20","0x20","0x20","0x20","0x20","0x20","0x20","0x20","0x20","0x20","0x20","0x20","0x20","0x20","0x20","0x20","0x20","0x20","0x20","0x20","0x20","0x20","0x20","0x20","0x08"
"218","0xB","0xC","0b1100000011001100","0b1111101111111111","0","0","0b0000000000000000","0b0000000000000000","0b0000000000000000","0b0000000000000000","1","0b1100000011001100","0b0000000000000000","0x0000006E","0x72D000B4","1","0","0x0000005A","0","0","0","0x00000000","0x00000001","0x000001B4","0x00000000","0x00000000","0x0000006B","0x00000000","0x00000000","0x00000000","0x00000000","0x00000000","0x00000000","0x00000000","0x00000000","0x00000000","0x00000000","0x00000000","0x00000000","0x00000000","0x00000000","0x00000000","0x00000000","0x00000000","0x00000000","0x04000000","0x00000000","0x00000000","0x00000001","0xFFFFFFFF","0x00000088","0x00000260","0x00000051","0","0","0","0","0","0","0","0","0x8","0x3","0x0","0xF","0","1","1","1","0","1","1","1","0","1","1","1","0x00","0x18","0x18","0x18","0x0","0xF","0x3","0x7","0","0","0","0x60D000B4","0x1618D000","0x60D000B4","0x1618D000","0x60D000B4","0x1618D000","0x60D000B4","0x1618D000","0x09","0x08","0x05","0x04","0x01","0x00","0x1D","0x1C","0x008","0x700","0x004","0x300","0x000","0xF00","0x00C","0xB00","0x00","0x00","0xFF","0x20","0x20","0x20","0x07","0x20","0x20","0x20","0x20","0x20","0x20","0x20","0x20","0x20","0x20","0x20","0x20","0x20","0x20","0x20","0x20","0x20","0x20","0x20","0x20","0x20","0x20","0x20","0x20","0x20","0x20","0x20","0x08"
"219","0xB","0xC","0b1100000011001100","0b1111101111111111","0","0","0b0000000000000000","0b0000000000000000","0b0000000000000000","0b0000000000000000","0","0b1100000011001100","0b0000000000000000","0x0000006E","0x72D000B4","1","0","0x0000005A","0","0","0","0x00000000","0x00000001","0x000001B4","0x00000000","0x00000000","0x0000006B","0x00000000","0x00000000","0x00000000","0x00000000","0x00000000","0x00000000","0x00000000","0x00000000","0x00000000","0x00000000","0x00000000","0x00000000","0x00000000","0x00000000","0x00000000","0x00000000","0x00000000","0x00000000","0x04000000","0x00000000","0x00000000","0x00000001","0xFFFFFFFF","0x00000088","0x00000260","0x00000051","0","0","0","0","0","0","0","0","0x8","0x3","0x0","0xF","0","1","1","1","0","1","1","1","0","1","1","1","0x00","0x18","0x18","0x18","0x0","0xF","0x3","0x7","0","0","0","0x60D000B4","0x1618D000","0x60D000B4","0x1618D000","0x60D000B4","0x1618D000","0x60D000B4","0x1618D000","0x09","0x08","0x05","0x04","0x01","0x00","0x1D","0x1C","0x008","0x700","0x004","0x300","0x000","0xF00","0x00C","0xB00","0x00","0x00","0xFF","0x20","0x20","0x20","0x07","0x20","0x20","0x20","0x20","0x20","0x20","0x20","0x20","0x20","0x20","0x20","0x20","0x20","0x20","0x20","0x20","0x20","0x20","0x20","0x20","0x20","0x20","0x20","0x20","0x20","0x20","0x20","0x08"
"220","0xB","0xC","0b1100000011001100","0b1111101111111111","0","0","0b0000000000000000","0b0000000000000000","0b0000000000000000","0b0000000000000000","1","0b1100000011001100","0b0000000000000000","0x0000006F","0x72D000B4","1","0","0x0000005B","0","0","0","0x00000000","0x00000001","0x000001B4","0x00000000","0x00000000","0x0000006B","0x00000000","0x00000000","0x00000000","0x00000000","0x00000000","0x00000000","0x00000000","0x00000000","0x00000000","0x00000000","0x00000000","0x00000000","0x00000000","0x00000000","0x00000000","0x00000000","0x00000000","0x00000000","0x04000000","0x00000000","0x00000000","0x00000001","0xFFFFFFFF","0x00000088","0x00000260","0x00000051","0","0","0","0","0","0","0","0","0x8","0x3","0x0","0xF","0","1","1","1","0","1","1","1","0","1","1","1","0x00","0x18","0x18","0x18","0x0","0xF","0x3","0x7","0","0","0","0x60D000B4","0x1618D000","0x60D000B4","0x1618D000","0x60D000B4","0x1618D000","0x60D000B4","0x1618D000","0x09","0x08","0x05","0x04","0x01","0x00","0x1D","0x1C","0x008","0x700","0x004","0x300","0x000","0xF00","0x00C","0xB00","0x00","0x00","0xFF","0x20","0x20","0x20","0x07","0x20","0x20","0x20","0x20","0x20","0x20","0x20","0x20","0x20","0x20","0x20","0x20","0x20","0x20","0x20","0x20","0x20","0x20","0x20","0x20","0x20","0x20","0x20","0x20","0x20","0x20","0x20","0x08"
"221","0xB","0xC","0b1100000011001100","0b1111101111111111","0","0","0b0000000000000000","0b0000000000000000","0b0000000000000000","0b0000000000000000","0","0b1100000011001100","0b0000000000000000","0x0000006F","0x72D000B4","1","0","0x0000005B","0","0","0","0x00000000","0x00000001","0x000001B4","0x00000000","0x00000000","0x0000006B","0x00000000","0x00000000","0x00000000","0x00000000","0x00000000","0x00000000","0x00000000","0x00000000","0x00000000","0x00000000","0x00000000","0x00000000","0x00000000","0x00000000","0x00000000","0x00000000","0x00000000","0x00000000","0x04000000","0x00000000","0x00000000","0x00000001","0xFFFFFFFF","0x00000088","0x00000260","0x00000051","0","0","0","0","0","0","0","0","0x8","0x3","0x0","0xF","0","1","1","1","0","1","1","1","0","1","1","1","0x00","0x18","0x18","0x18","0x0","0xF","0x3","0x7","0","0","0","0x60D000B4","0x1618D000","0x60D000B4","0x1618D000","0x60D000B4","0x1618D000","0x60D000B4","0x1618D000","0x09","0x08","0x05","0x04","0x01","0x00","0x1D","0x1C","0x008","0x700","0x004","0x300","0x000","0xF00","0x00C","0xB00","0x00","0x00","0xFF","0x20","0x20","0x20","0x07","0x20","0x20","0x20","0x20","0x20","0x20","0x20","0x20","0x20","0x20","0x20","0x20","0x20","0x20","0x20","0x20","0x20","0x20","0x20","0x20","0x20","0x20","0x20","0x20","0x20","0x20","0x20","0x08"
"222","0xB","0xC","0b1100000011001100","0b1111101111111111","0","0","0b0000000000000000","0b0000000000000000","0b0000000000000000","0b0000000000000000","1","0b1100000011001100","0b0000000000000000","0x00000070","0x72D000B4","1","0","0x0000005C","0","0","0","0x00000000","0x00000001","0x000001B4","0x00000000","0x00000000","0x0000006B","0x00000000","0x00000000","0x00000000","0x00000000","0x00000000","0x00000000","0x00000000","0x00000000","0x00000000","0x00000000","0x00000000","0x00000000","0x00000000","0x00000000","0x00000000","0x00000000","0x00000000","0x00000000","0x04000000","0x00000000","0x00000000","0x00000001","0xFFFFFFFF","0x00000088","0x00000260","0x00000051","0","0","0","0","0","0","0","0","0x8","0x3","0x0","0xF","0","1","1","1","0","1","1","1","0","1","1","1","0x00","0x18","0x18","0x18","0x0","0xF","0x3","0x7","0","0","0","0x60D000B4","0x1618D000","0x60D000B4","0x1618D000","0x60D000B4","0x1618D000","0x60D000B4","0x1618D000","0x09","0x08","0x05","0x04","0x01","0x00","0x1D","0x1C","0x008","0x700","0x004","0x300","0x000","0xF00","0x00C","0xB00","0x00","0x00","0xFF","0x20","0x20","0x20","0x07","0x20","0x20","0x20","0x20","0x20","0x20","0x20","0x20","0x20","0x20","0x20","0x20","0x20","0x20","0x20","0x20","0x20","0x20","0x20","0x20","0x20","0x20","0x20","0x20","0x20","0x20","0x20","0x08"
"223","0xB","0xC","0b1100000011001100","0b1111101111111111","0","0","0b0000000000000000","0b0000000000000000","0b0000000000000000","0b0000000000000000","0","0b1100000011001100","0b0000000000000000","0x00000070","0x72D000B4","1","0","0x0000005C","0","0","0","0x00000000","0x00000001","0x000001B4","0x00000000","0x00000000","0x0000006B","0x00000000","0x00000000","0x00000000","0x00000000","0x00000000","0x00000000","0x00000000","0x00000000","0x00000000","0x00000000","0x00000000","0x00000000","0x00000000","0x00000000","0x00000000","0x00000000","0x00000000","0x00000000","0x04000000","0x00000000","0x00000000","0x00000001","0xFFFFFFFF","0x00000088","0x00000260","0x00000051","0","0","0","0","0","0","0","0","0x8","0x3","0x0","0xF","0","1","1","1","0","1","1","1","0","1","1","1","0x00","0x18","0x18","0x18","0x0","0xF","0x3","0x7","0","0","0","0x60D000B4","0x1618D000","0x60D000B4","0x1618D000","0x60D000B4","0x1618D000","0x60D000B4","0x1618D000","0x09","0x08","0x05","0x04","0x01","0x00","0x1D","0x1C","0x008","0x700","0x004","0x300","0x000","0xF00","0x00C","0xB00","0x00","0x00","0xFF","0x20","0x20","0x20","0x07","0x20","0x20","0x20","0x20","0x20","0x20","0x20","0x20","0x20","0x20","0x20","0x20","0x20","0x20","0x20","0x20","0x20","0x20","0x20","0x20","0x20","0x20","0x20","0x20","0x20","0x20","0x20","0x08"
"224","0xB","0xC","0b1100000011001100","0b1111101111111111","0","0","0b0000000000000000","0b0000000000000000","0b0000000000000000","0b0000000000000000","1","0b1100000011001100","0b0000000000000000","0x00000071","0x72D000B4","1","0","0x0000005D","0","0","0","0x00000000","0x00000001","0x000001B4","0x00000000","0x00000000","0x0000006B","0x00000000","0x00000000","0x00000000","0x00000000","0x00000000","0x00000000","0x00000000","0x00000000","0x00000000","0x00000000","0x00000000","0x00000000","0x00000000","0x00000000","0x00000000","0x00000000","0x00000000","0x00000000","0x04000000","0x00000000","0x00000000","0x00000001","0xFFFFFFFF","0x00000088","0x00000260","0x00000051","0","0","0","0","0","0","0","0","0x8","0x3","0x0","0xF","0","1","1","1","0","1","1","1","0","1","1","1","0x00","0x18","0x18","0x18","0x0","0xF","0x3","0x7","0","0","0","0x60D000B4","0x1618D000","0x60D000B4","0x1618D000","0x60D000B4","0x1618D000","0x60D000B4","0x1618D000","0x09","0x08","0x05","0x04","0x01","0x00","0x1D","0x1C","0x008","0x700","0x004","0x300","0x000","0xF00","0x00C","0xB00","0x00","0x00","0xFF","0x20","0x20","0x20","0x07","0x20","0x20","0x20","0x20","0x20","0x20","0x20","0x20","0x20","0x20","0x20","0x20","0x20","0x20","0x20","0x20","0x20","0x20","0x20","0x20","0x20","0x20","0x20","0x20","0x20","0x20","0x20","0x08"
"225","0xB","0xC","0b1100000011001100","0b1111101111111111","0","0","0b0000000000000000","0b0000000000000000","0b0000000000000000","0b0000000000000000","0","0b1100000011001100","0b0000000000000000","0x00000071","0x72D000B4","1","0","0x0000005D","0","0","0","0x00000000","0x00000001","0x000001B4","0x00000000","0x00000000","0x0000006B","0x00000000","0x00000000","0x00000000","0x00000000","0x00000000","0x00000000","0x00000000","0x00000000","0x00000000","0x00000000","0x00000000","0x00000000","0x00000000","0x00000000","0x00000000","0x00000000","0x00000000","0x00000000","0x04000000","0x00000000","0x00000000","0x00000001","0xFFFFFFFF","0x00000088","0x00000260","0x00000051","0","0","0","0","0","0","0","0","0x8","0x3","0x0","0xF","0","1","1","1","0","1","1","1","0","1","1","1","0x00","0x18","0x18","0x18","0x0","0xF","0x3","0x7","0","0","0","0x60D000B4","0x1618D000","0x60D000B4","0x1618D000","0x60D000B4","0x1618D000","0x60D000B4","0x1618D000","0x09","0x08","0x05","0x04","0x01","0x00","0x1D","0x1C","0x008","0x700","0x004","0x300","0x000","0xF00","0x00C","0xB00","0x00","0x00","0xFF","0x20","0x20","0x20","0x07","0x20","0x20","0x20","0x20","0x20","0x20","0x20","0x20","0x20","0x20","0x20","0x20","0x20","0x20","0x20","0x20","0x20","0x20","0x20","0x20","0x20","0x20","0x20","0x20","0x20","0x20","0x20","0x08"
"226","0xB","0xC","0b1100000011001100","0b1111101111111111","0","0","0b0000000000000000","0b0000000000000000","0b0000000000000000","0b0000000000000000","1","0b1100000011001100","0b0000000000000000","0x00000072","0x72D000B4","1","0","0x0000005E","0","0","0","0x00000000","0x00000001","0x000001B4","0x00000000","0x00000000","0x0000006B","0x00000000","0x00000000","0x00000000","0x00000000","0x00000000","0x00000000","0x00000000","0x00000000","0x00000000","0x00000000","0x00000000","0x00000000","0x00000000","0x00000000","0x00000000","0x00000000","0x00000000","0x00000000","0x04000000","0x00000000","0x00000000","0x00000001","0xFFFFFFFF","0x00000088","0x00000260","0x00000051","0","0","0","0","0","0","0","0","0x8","0x3","0x0","0xF","0","1","1","1","0","1","1","1","0","1","1","1","0x00","0x18","0x18","0x18","0x0","0xF","0x3","0x7","0","0","0","0x60D000B4","0x1618D000","0x60D000B4","0x1618D000","0x60D000B4","0x1618D000","0x60D000B4","0x1618D000","0x09","0x08","0x05","0x04","0x01","0x00","0x1D","0x1C","0x008","0x700","0x004","0x300","0x000","0xF00","0x00C","0xB00","0x00","0x00","0xFF","0x20","0x20","0x20","0x07","0x20","0x20","0x20","0x20","0x20","0x20","0x20","0x20","0x20","0x20","0x20","0x20","0x20","0x20","0x20","0x20","0x20","0x20","0x20","0x20","0x20","0x20","0x20","0x20","0x20","0x20","0x20","0x08"
"227","0xB","0xC","0b1100000011001100","0b1111101111111111","0","0","0b0000000000000000","0b0000000000000000","0b0000000000000000","0b0000000000000000","0","0b1100000011001100","0b0000000000000000","0x00000072","0x72D000B4","1","0","0x0000005E","0","0","0","0x00000000","0x00000001","0x000001B4","0x00000000","0x00000000","0x0000006B","0x00000000","0x00000000","0x00000000","0x00000000","0x00000000","0x00000000","0x00000000","0x00000000","0x00000000","0x00000000","0x00000000","0x00000000","0x00000000","0x00000000","0x00000000","0x00000000","0x00000000","0x00000000","0x04000000","0x00000000","0x00000000","0x00000001","0xFFFFFFFF","0x00000088","0x00000260","0x00000051","0","0","0","0","0","0","0","0","0x8","0x3","0x0","0xF","0","1","1","1","0","1","1","1","0","1","1","1","0x00","0x18","0x18","0x18","0x0","0xF","0x3","0x7","0","0","0","0x60D000B4","0x1618D000","0x60D000B4","0x1618D000","0x60D000B4","0x1618D000","0x60D000B4","0x1618D000","0x09","0x08","0x05","0x04","0x01","0x00","0x1D","0x1C","0x008","0x700","0x004","0x300","0x000","0xF00","0x00C","0xB00","0x00","0x00","0xFF","0x20","0x20","0x20","0x07","0x20","0x20","0x20","0x20","0x20","0x20","0x20","0x20","0x20","0x20","0x20","0x20","0x20","0x20","0x20","0x20","0x20","0x20","0x20","0x20","0x20","0x20","0x20","0x20","0x20","0x20","0x20","0x08"
"228","0xB","0xC","0b1100000011001100","0b1111101111111111","0","0","0b0000000000000000","0b0000000000000000","0b0000000000000000","0b0000000000000000","1","0b1100000011001100","0b0000000000000000","0x00000073","0x72D000B4","1","0","0x0000005F","0","0","0","0x00000000","0x00000001","0x000001B4","0x00000000","0x00000000","0x0000006B","0x00000000","0x00000000","0x00000000","0x00000000","0x00000000","0x00000000","0x00000000","0x00000000","0x00000000","0x00000000","0x00000000","0x00000000","0x00000000","0x00000000","0x00000000","0x00000000","0x00000000","0x00000000","0x04000000","0x00000000","0x00000000","0x00000001","0xFFFFFFFF","0x00000088","0x00000260","0x00000051","0","0","0","0","0","0","0","0","0x8","0x3","0x0","0xF","0","1","1","1","0","1","1","1","0","1","1","1","0x00","0x18","0x18","0x18","0x0","0xF","0x3","0x7","0","0","0","0x60D000B4","0x1618D000","0x60D000B4","0x1618D000","0x60D000B4","0x1618D000","0x60D000B4","0x1618D000","0x09","0x08","0x05","0x04","0x01","0x00","0x1D","0x1C","0x008","0x700","0x004","0x300","0x000","0xF00","0x00C","0xB00","0x00","0x00","0xFF","0x20","0x20","0x20","0x07","0x20","0x20","0x20","0x20","0x20","0x20","0x20","0x20","0x20","0x20","0x20","0x20","0x20","0x20","0x20","0x20","0x20","0x20","0x20","0x20","0x20","0x20","0x20","0x20","0x20","0x20","0x20","0x08"
"229","0xB","0xC","0b1100000011001100","0b1111101111111111","0","0","0b0000000000000000","0b0000000000000000","0b0000000000000000","0b0000000000000000","0","0b1100000011001100","0b0000000000000000","0x00000073","0x72D000B4","1","0","0x0000005F","0","0","0","0x00000000","0x00000001","0x000001B4","0x00000000","0x00000000","0x0000006B","0x00000000","0x00000000","0x00000000","0x00000000","0x00000000","0x00000000","0x00000000","0x00000000","0x00000000","0x00000000","0x00000000","0x00000000","0x00000000","0x00000000","0x00000000","0x00000000","0x00000000","0x00000000","0x04000000","0x00000000","0x00000000","0x00000001","0xFFFFFFFF","0x00000088","0x00000260","0x00000051","0","0","0","0","0","0","0","0","0x8","0x3","0x0","0xF","0","1","1","1","0","1","1","1","0","1","1","1","0x00","0x18","0x18","0x18","0x0","0xF","0x3","0x7","0","0","0","0x60D000B4","0x1618D000","0x60D000B4","0x1618D000","0x60D000B4","0x1618D000","0x60D000B4","0x1618D000","0x09","0x08","0x05","0x04","0x01","0x00","0x1D","0x1C","0x008","0x700","0x004","0x300","0x000","0xF00","0x00C","0xB00","0x00","0x00","0xFF","0x20","0x20","0x20","0x07","0x20","0x20","0x20","0x20","0x20","0x20","0x20","0x20","0x20","0x20","0x20","0x20","0x20","0x20","0x20","0x20","0x20","0x20","0x20","0x20","0x20","0x20","0x20","0x20","0x20","0x20","0x20","0x08"
"230","0xB","0xC","0b1100000011001100","0b1111101111111111","0","0","0b0000000000000000","0b0000000000000000","0b0000000000000000","0b0000000000000000","1","0b1100000011001100","0b0000000000000000","0x00000074","0x72D000B4","1","0","0x00000060","0","0","0","0x00000000","0x00000001","0x000001B4","0x00000000","0x00000000","0x0000006B","0x00000000","0x00000000","0x00000000","0x00000000","0x00000000","0x00000000","0x00000000","0x00000000","0x00000000","0x00000000","0x00000000","0x00000000","0x00000000","0x00000000","0x00000000","0x00000000","0x00000000","0x00000000","0x04000000","0x00000000","0x00000000","0x00000001","0xFFFFFFFF","0x00000088","0x00000260","0x00000051","0","0","0","0","0","0","0","0","0x8","0x3","0x0","0xF","0","1","1","1","0","1","1","1","0","1","1","1","0x00","0x18","0x18","0x18","0x0","0xF","0x3","0x7","0","0","0","0x60D000B4","0x1618D000","0x60D000B4","0x1618D000","0x60D000B4","0x1618D000","0x60D000B4","0x1618D000","0x09","0x08","0x05","0x04","0x01","0x00","0x1D","0x1C","0x008","0x700","0x004","0x300","0x000","0xF00","0x00C","0xB00","0x00","0x00","0xFF","0x20","0x20","0x20","0x07","0x20","0x20","0x20","0x20","0x20","0x20","0x20","0x20","0x20","0x20","0x20","0x20","0x20","0x20","0x20","0x20","0x20","0x20","0x20","0x20","0x20","0x20","0x20","0x20","0x20","0x20","0x20","0x08"
"231","0xB","0xC","0b1100000011001100","0b1111101111111111","0","0","0b0000000000000000","0b0000000000000000","0b0000000000000000","0b0000000000000000","0","0b1100000011001100","0b0000000000000000","0x00000074","0x72D000B4","1","0","0x00000060","0","0","0","0x00000000","0x00000001","0x000001B4","0x00000000","0x00000000","0x0000006B","0x00000000","0x00000000","0x00000000","0x00000000","0x00000000","0x00000000","0x00000000","0x00000000","0x00000000","0x00000000","0x00000000","0x00000000","0x00000000","0x00000000","0x00000000","0x00000000","0x00000000","0x00000000","0x04000000","0x00000000","0x00000000","0x00000001","0xFFFFFFFF","0x00000088","0x00000260","0x00000051","0","0","0","0","0","0","0","0","0x8","0x3","0x0","0xF","0","1","1","1","0","1","1","1","0","1","1","1","0x00","0x18","0x18","0x18","0x0","0xF","0x3","0x7","0","0","0","0x60D000B4","0x1618D000","0x60D000B4","0x1618D000","0x60D000B4","0x1618D000","0x60D000B4","0x1618D000","0x09","0x08","0x05","0x04","0x01","0x00","0x1D","0x1C","0x008","0x700","0x004","0x300","0x000","0xF00","0x00C","0xB00","0x00","0x00","0xFF","0x20","0x20","0x20","0x07","0x20","0x20","0x20","0x20","0x20","0x20","0x20","0x20","0x20","0x20","0x20","0x20","0x20","0x20","0x20","0x20","0x20","0x20","0x20","0x20","0x20","0x20","0x20","0x20","0x20","0x20","0x20","0x08"
"232","0xB","0xC","0b1100000011001100","0b1111101111111111","0","0","0b0000000000000000","0b0000000000000000","0b0000000000000000","0b0000000000000000","1","0b1100000011001100","0b0000000000000000","0x00000075","0x72D000B4","1","0","0x00000061","0","0","0","0x00000000","0x00000001","0x000001B4","0x00000000","0x00000000","0x0000006B","0x00000000","0x00000000","0x00000000","0x00000000","0x00000000","0x00000000","0x00000000","0x00000000","0x00000000","0x00000000","0x00000000","0x00000000","0x00000000","0x00000000","0x00000000","0x00000000","0x00000000","0x00000000","0x04000000","0x00000000","0x00000000","0x00000001","0xFFFFFFFF","0x00000088","0x00000260","0x00000051","0","0","0","0","0","0","0","0","0x8","0x3","0x0","0xF","0","1","1","1","0","1","1","1","0","1","1","1","0x00","0x18","0x18","0x18","0x0","0xF","0x3","0x7","0","0","0","0x60D000B4","0x1618D000","0x60D000B4","0x1618D000","0x60D000B4","0x1618D000","0x60D000B4","0x1618D000","0x09","0x08","0x05","0x04","0x01","0x00","0x1D","0x1C","0x008","0x700","0x004","0x300","0x000","0xF00","0x00C","0xB00","0x00","0x00","0xFF","0x20","0x20","0x20","0x07","0x20","0x20","0x20","0x20","0x20","0x20","0x20","0x20","0x20","0x20","0x20","0x20","0x20","0x20","0x20","0x20","0x20","0x20","0x20","0x20","0x20","0x20","0x20","0x20","0x20","0x20","0x20","0x08"
"233","0xB","0xC","0b1100000011001100","0b1111101111111111","0","0","0b0000000000000000","0b0000000000000000","0b0000000000000000","0b0000000000000000","0","0b1100000011001100","0b0000000000000000","0x00000075","0x72D000B4","1","0","0x00000061","0","0","0","0x00000000","0x00000001","0x000001B4","0x00000000","0x00000000","0x0000006B","0x00000000","0x00000000","0x00000000","0x00000000","0x00000000","0x00000000","0x00000000","0x00000000","0x00000000","0x00000000","0x00000000","0x00000000","0x00000000","0x00000000","0x00000000","0x00000000","0x00000000","0x00000000","0x04000000","0x00000000","0x00000000","0x00000001","0xFFFFFFFF","0x00000088","0x00000260","0x00000051","0","0","0","0","0","0","0","0","0x8","0x3","0x0","0xF","0","1","1","1","0","1","1","1","0","1","1","1","0x00","0x18","0x18","0x18","0x0","0xF","0x3","0x7","0","0","0","0x60D000B4","0x1618D000","0x60D000B4","0x1618D000","0x60D000B4","0x1618D000","0x60D000B4","0x1618D000","0x09","0x08","0x05","0x04","0x01","0x00","0x1D","0x1C","0x008","0x700","0x004","0x300","0x000","0xF00","0x00C","0xB00","0x00","0x00","0xFF","0x20","0x20","0x20","0x07","0x20","0x20","0x20","0x20","0x20","0x20","0x20","0x20","0x20","0x20","0x20","0x20","0x20","0x20","0x20","0x20","0x20","0x20","0x20","0x20","0x20","0x20","0x20","0x20","0x20","0x20","0x20","0x08"
"234","0xB","0xC","0b1100000011001100","0b1111101111111111","0","0","0b0000000000000000","0b0000000000000000","0b0000000000000000","0b0000000000000000","1","0b1100000011001100","0b0000000000000000","0x00000076","0x72D000B4","1","0","0x00000062","0","0","0","0x00000000","0x00000001","0x000001B4","0x00000000","0x00000000","0x0000006B","0x00000000","0x00000000","0x00000000","0x00000000","0x00000000","0x00000000","0x00000000","0x00000000","0x00000000","0x00000000","0x00000000","0x00000000","0x00000000","0x00000000","0x00000000","0x00000000","0x00000000","0x00000000","0x04000000","0x00000000","0x00000000","0x00000001","0xFFFFFFFF","0x00000088","0x00000260","0x00000051","0","0","0","0","0","0","0","0","0x8","0x3","0x0","0xF","0","1","1","1","0","1","1","1","0","1","1","1","0x00","0x18","0x18","0x18","0x0","0xF","0x3","0x7","0","0","0","0x60D000B4","0x1618D000","0x60D000B4","0x1618D000","0x60D000B4","0x1618D000","0x60D000B4","0x1618D000","0x09","0x08","0x05","0x04","0x01","0x00","0x1D","0x1C","0x008","0x700","0x004","0x300","0x000","0xF00","0x00C","0xB00","0x00","0x00","0xFF","0x20","0x20","0x20","0x07","0x20","0x20","0x20","0x20","0x20","0x20","0x20","0x20","0x20","0x20","0x20","0x20","0x20","0x20","0x20","0x20","0x20","0x20","0x20","0x20","0x20","0x20","0x20","0x20","0x20","0x20","0x20","0x08"
"235","0xB","0xC","0b1100000011001100","0b1111101111111111","0","0","0b0000000000000000","0b0000000000000000","0b0000000000000000","0b0000000000000000","0","0b1100000011001100","0b0000000000000000","0x00000076","0x72D000B4","1","0","0x00000062","0","0","0","0x00000000","0x00000001","0x000001B4","0x00000000","0x00000000","0x0000006B","0x00000000","0x00000000","0x00000000","0x00000000","0x00000000","0x00000000","0x00000000","0x00000000","0x00000000","0x00000000","0x00000000","0x00000000","0x00000000","0x00000000","0x00000000","0x00000000","0x00000000","0x00000000","0x04000000","0x00000000","0x00000000","0x00000001","0xFFFFFFFF","0x00000088","0x00000260","0x00000051","0","0","0","0","0","0","0","0","0x8","0x3","0x0","0xF","0","1","1","1","0","1","1","1","0","1","1","1","0x00","0x18","0x18","0x18","0x0","0xF","0x3","0x7","0","0","0","0x60D000B4","0x1618D000","0x60D000B4","0x1618D000","0x60D000B4","0x1618D000","0x60D000B4","0x1618D000","0x09","0x08","0x05","0x04","0x01","0x00","0x1D","0x1C","0x008","0x700","0x004","0x300","0x000","0xF00","0x00C","0xB00","0x00","0x00","0xFF","0x20","0x20","0x20","0x07","0x20","0x20","0x20","0x20","0x20","0x20","0x20","0x20","0x20","0x20","0x20","0x20","0x20","0x20","0x20","0x20","0x20","0x20","0x20","0x20","0x20","0x20","0x20","0x20","0x20","0x20","0x20","0x08"
"236","0xB","0xC","0b1100000011001100","0b1111101111111111","0","0","0b0000000000000000","0b0000000000000000","0b0000000000000000","0b0000000000000000","1","0b1100000011001100","0b0000000000000000","0x00000077","0x72D000B4","1","0","0x00000063","0","0","0","0x00000000","0x00000001","0x000001B4","0x00000000","0x00000000","0x0000006B","0x00000000","0x00000000","0x00000000","0x00000000","0x00000000","0x00000000","0x00000000","0x00000000","0x00000000","0x00000000","0x00000000","0x00000000","0x00000000","0x00000000","0x00000000","0x00000000","0x00000000","0x00000000","0x04000000","0x00000000","0x00000000","0x00000001","0xFFFFFFFF","0x00000088","0x00000260","0x00000051","0","0","0","0","0","0","0","0","0x8","0x3","0x0","0xF","0","1","1","1","0","1","1","1","0","1","1","1","0x00","0x18","0x18","0x18","0x0","0xF","0x3","0x7","0","0","0","0x60D000B4","0x1618D000","0x60D000B4","0x1618D000","0x60D000B4","0x1618D000","0x60D000B4","0x1618D000","0x09","0x08","0x05","0x04","0x01","0x00","0x1D","0x1C","0x008","0x700","0x004","0x300","0x000","0xF00","0x00C","0xB00","0x00","0x00","0xFF","0x20","0x20","0x20","0x07","0x20","0x20","0x20","0x20","0x20","0x20","0x20","0x20","0x20","0x20","0x20","0x20","0x20","0x20","0x20","0x20","0x20","0x20","0x20","0x20","0x20","0x20","0x20","0x20","0x20","0x20","0x20","0x08"
"237","0xB","0xC","0b1100000011001100","0b1111101111111111","0","0","0b0000000000000000","0b0000000000000000","0b0000000000000000","0b0000000000000000","0","0b1100000011001100","0b0000000000000000","0x00000077","0x72D000B4","1","0","0x00000063","0","0","0","0x00000000","0x00000001","0x000001B4","0x00000000","0x00000000","0x0000006B","0x00000000","0x00000000","0x00000000","0x00000000","0x00000000","0x00000000","0x00000000","0x00000000","0x00000000","0x00000000","0x00000000","0x00000000","0x00000000","0x00000000","0x00000000","0x00000000","0x00000000","0x00000000","0x04000000","0x00000000","0x00000000","0x00000001","0xFFFFFFFF","0x00000088","0x00000260","0x00000051","0","0","0","0","0","0","0","0","0x8","0x3","0x0","0xF","0","1","1","1","0","1","1","1","0","1","1","1","0x00","0x18","0x18","0x18","0x0","0xF","0x3","0x7","0","0","0","0x60D000B4","0x1618D000","0x60D000B4","0x1618D000","0x60D000B4","0x1618D000","0x60D000B4","0x1618D000","0x09","0x08","0x05","0x04","0x01","0x00","0x1D","0x1C","0x008","0x700","0x004","0x300","0x000","0xF00","0x00C","0xB00","0x00","0x00","0xFF","0x20","0x20","0x20","0x07","0x20","0x20","0x20","0x20","0x20","0x20","0x20","0x20","0x20","0x20","0x20","0x20","0x20","0x20","0x20","0x20","0x20","0x20","0x20","0x20","0x20","0x20","0x20","0x20","0x20","0x20","0x20","0x08"
"238","0xB","0xC","0b1100000011001100","0b1111101111111111","0","0","0b0000000000000000","0b0000000000000000","0b0000000000000000","0b0000000000000000","1","0b1100000011001100","0b0000000000000000","0x00000078","0x72D000B4","1","0","0x00000064","0","0","0","0x00000000","0x00000001","0x000001B4","0x00000000","0x00000000","0x0000006B","0x00000000","0x00000000","0x00000000","0x00000000","0x00000000","0x00000000","0x00000000","0x00000000","0x00000000","0x00000000","0x00000000","0x00000000","0x00000000","0x00000000","0x00000000","0x00000000","0x00000000","0x00000000","0x04000000","0x00000000","0x00000000","0x00000001","0xFFFFFFFF","0x00000088","0x00000260","0x00000051","0","0","0","0","0","0","0","0","0x8","0x3","0x0","0xF","0","1","1","1","0","1","1","1","0","1","1","1","0x00","0x18","0x18","0x18","0x0","0xF","0x3","0x7","0","0","0","0x60D000B4","0x1618D000","0x60D000B4","0x1618D000","0x60D000B4","0x1618D000","0x60D000B4","0x1618D000","0x09","0x08","0x05","0x04","0x01","0x00","0x1D","0x1C","0x008","0x700","0x004","0x300","0x000","0xF00","0x00C","0xB00","0x00","0x00","0xFF","0x20","0x20","0x20","0x07","0x20","0x20","0x20","0x20","0x20","0x20","0x20","0x20","0x20","0x20","0x20","0x20","0x20","0x20","0x20","0x20","0x20","0x20","0x20","0x20","0x20","0x20","0x20","0x20","0x20","0x20","0x20","0x08"
"239","0xB","0xC","0b1100000011001100","0b1111101111111111","0","0","0b0000000000000000","0b0000000000000000","0b0000000000000000","0b0000000000000000","0","0b1100000011001100","0b0000000000000000","0x00000078","0x72D000B4","1","0","0x00000064","0","0","0","0x00000000","0x00000001","0x000001B4","0x00000000","0x00000000","0x0000006B","0x00000000","0x00000000","0x00000000","0x00000000","0x00000000","0x00000000","0x00000000","0x00000000","0x00000000","0x00000000","0x00000000","0x00000000","0x00000000","0x00000000","0x00000000","0x00000000","0x00000000","0x00000000","0x04000000","0x00000000","0x00000000","0x00000001","0xFFFFFFFF","0x00000088","0x00000260","0x00000051","0","0","0","0","0","0","0","0","0x8","0x3","0x0","0xF","0","1","1","1","0","1","1","1","0","1","1","1","0x00","0x18","0x18","0x18","0x0","0xF","0x3","0x7","0","0","0","0x60D000B4","0x1618D000","0x60D000B4","0x1618D000","0x60D000B4","0x1618D000","0x60D000B4","0x1618D000","0x09","0x08","0x05","0x04","0x01","0x00","0x1D","0x1C","0x008","0x700","0x004","0x300","0x000","0xF00","0x00C","0xB00","0x00","0x00","0xFF","0x20","0x20","0x20","0x07","0x20","0x20","0x20","0x20","0x20","0x20","0x20","0x20","0x20","0x20","0x20","0x20","0x20","0x20","0x20","0x20","0x20","0x20","0x20","0x20","0x20","0x20","0x20","0x20","0x20","0x20","0x20","0x08"
"240","0xB","0xC","0b1100000011001100","0b1111101111111111","0","0","0b0000000000000000","0b0000000000000000","0b0000000000000000","0b0000000000000000","1","0b1100000011001100","0b0000000000000000","0x00000079","0x72D000B4","1","0","0x00000065","0","0","0","0x00000000","0x00000001","0x000001B4","0x00000000","0x00000000","0x0000006B","0x00000000","0x00000000","0x00000000","0x00000000","0x00000000","0x00000000","0x00000000","0x00000000","0x00000000","0x00000000","0x00000000","0x00000000","0x00000000","0x00000000","0x00000000","0x00000000","0x00000000","0x00000000","0x04000000","0x00000000","0x00000000","0x00000001","0xFFFFFFFF","0x00000088","0x00000260","0x00000051","0","0","0","0","0","0","0","0","0x8","0x3","0x0","0xF","0","1","1","1","0","1","1","1","0","1","1","1","0x00","0x18","0x18","0x18","0x0","0xF","0x3","0x7","0","0","0","0x60D000B4","0x1618D000","0x60D000B4","0x1618D000","0x60D000B4","0x1618D000","0x60D000B4","0x1618D000","0x09","0x08","0x05","0x04","0x01","0x00","0x1D","0x1C","0x008","0x700","0x004","0x300","0x000","0xF00","0x00C","0xB00","0x00","0x00","0xFF","0x20","0x20","0x20","0x07","0x20","0x20","0x20","0x20","0x20","0x20","0x20","0x20","0x20","0x20","0x20","0x20","0x20","0x20","0x20","0x20","0x20","0x20","0x20","0x20","0x20","0x20","0x20","0x20","0x20","0x20","0x20","0x08"
"241","0xB","0xC","0b1100000011001100","0b1111101111111111","0","0","0b0000000000000000","0b0000000000000000","0b0000000000000000","0b0000000000000000","0","0b1100000011001100","0b0000000000000000","0x00000079","0x72D000B4","1","0","0x00000065","0","0","0","0x00000000","0x00000001","0x000001B4","0x00000000","0x00000000","0x0000006B","0x00000000","0x00000000","0x00000000","0x00000000","0x00000000","0x00000000","0x00000000","0x00000000","0x00000000","0x00000000","0x00000000","0x00000000","0x00000000","0x00000000","0x00000000","0x00000000","0x00000000","0x00000000","0x04000000","0x00000000","0x00000000","0x00000001","0xFFFFFFFF","0x00000088","0x00000260","0x00000051","0","0","0","0","0","0","0","0","0x8","0x3","0x0","0xF","0","1","1","1","0","1","1","1","0","1","1","1","0x00","0x18","0x18","0x18","0x0","0xF","0x3","0x7","0","0","0","0x60D000B4","0x1618D000","0x60D000B4","0x1618D000","0x60D000B4","0x1618D000","0x60D000B4","0x1618D000","0x09","0x08","0x05","0x04","0x01","0x00","0x1D","0x1C","0x008","0x700","0x004","0x300","0x000","0xF00","0x00C","0xB00","0x00","0x00","0xFF","0x20","0x20","0x20","0x07","0x20","0x20","0x20","0x20","0x20","0x20","0x20","0x20","0x20","0x20","0x20","0x20","0x20","0x20","0x20","0x20","0x20","0x20","0x20","0x20","0x20","0x20","0x20","0x20","0x20","0x20","0x20","0x08"
"242","0xB","0xC","0b1100000011001100","0b1111101111111111","0","0","0b0000000000000000","0b0000000000000000","0b0000000000000000","0b0000000000000000","1","0b1100000011001100","0b0000000000000000","0x0000007A","0x72D000B4","1","0","0x00000066","0","0","0","0x00000000","0x00000001","0x000001B4","0x00000000","0x00000000","0x0000006B","0x00000000","0x00000000","0x00000000","0x00000000","0x00000000","0x00000000","0x00000000","0x00000000","0x00000000","0x00000000","0x00000000","0x00000000","0x00000000","0x00000000","0x00000000","0x00000000","0x00000000","0x00000000","0x04000000","0x00000000","0x00000000","0x00000001","0xFFFFFFFF","0x00000088","0x00000260","0x00000051","0","0","0","0","0","0","0","0","0x8","0x3","0x0","0xF","0","1","1","1","0","1","1","1","0","1","1","1","0x00","0x18","0x18","0x18","0x0","0xF","0x3","0x7","0","0","0","0x60D000B4","0x1618D000","0x60D000B4","0x1618D000","0x60D000B4","0x1618D000","0x60D000B4","0x1618D000","0x09","0x08","0x05","0x04","0x01","0x00","0x1D","0x1C","0x008","0x700","0x004","0x300","0x000","0xF00","0x00C","0xB00","0x00","0x00","0xFF","0x20","0x20","0x20","0x07","0x20","0x20","0x20","0x20","0x20","0x20","0x20","0x20","0x20","0x20","0x20","0x20","0x20","0x20","0x20","0x20","0x20","0x20","0x20","0x20","0x20","0x20","0x20","0x20","0x20","0x20","0x20","0x08"
"243","0xB","0xC","0b1100000011001100","0b1111101111111111","0","0","0b0000000000000000","0b0000000000000000","0b0000000000000000","0b0000000000000000","0","0b1100000011001100","0b0000000000000000","0x0000007A","0x72D000B4","1","0","0x00000066","0","0","0","0x00000000","0x00000001","0x000001B4","0x00000000","0x00000000","0x0000006B","0x00000000","0x00000000","0x00000000","0x00000000","0x00000000","0x00000000","0x00000000","0x00000000","0x00000000","0x00000000","0x00000000","0x00000000","0x00000000","0x00000000","0x00000000","0x00000000","0x00000000","0x00000000","0x04000000","0x00000000","0x00000000","0x00000001","0xFFFFFFFF","0x00000088","0x00000260","0x00000051","0","0","0","0","0","0","0","0","0x8","0x3","0x0","0xF","0","1","1","1","0","1","1","1","0","1","1","1","0x00","0x18","0x18","0x18","0x0","0xF","0x3","0x7","0","0","0","0x60D000B4","0x1618D000","0x60D000B4","0x1618D000","0x60D000B4","0x1618D000","0x60D000B4","0x1618D000","0x09","0x08","0x05","0x04","0x01","0x00","0x1D","0x1C","0x008","0x700","0x004","0x300","0x000","0xF00","0x00C","0xB00","0x00","0x00","0xFF","0x20","0x20","0x20","0x07","0x20","0x20","0x20","0x20","0x20","0x20","0x20","0x20","0x20","0x20","0x20","0x20","0x20","0x20","0x20","0x20","0x20","0x20","0x20","0x20","0x20","0x20","0x20","0x20","0x20","0x20","0x20","0x08"
"244","0xB","0xC","0b1100000011001100","0b1111101111111111","0","0","0b0000000000000000","0b0000000000000000","0b0000000000000000","0b0000000000000000","1","0b1100000011001100","0b0000000000000000","0x0000007B","0x72D000B4","1","0","0x00000067","0","0","0","0x00000000","0x00000001","0x000001B4","0x00000000","0x00000000","0x0000006B","0x00000000","0x00000000","0x00000000","0x00000000","0x00000000","0x00000000","0x00000000","0x00000000","0x00000000","0x00000000","0x00000000","0x00000000","0x00000000","0x00000000","0x00000000","0x00000000","0x00000000","0x00000000","0x04000000","0x00000000","0x00000000","0x00000001","0xFFFFFFFF","0x00000088","0x00000260","0x00000051","0","0","0","0","0","0","0","0","0x8","0x3","0x0","0xF","0","1","1","1","0","1","1","1","0","1","1","1","0x00","0x18","0x18","0x18","0x0","0xF","0x3","0x7","0","0","0","0x60D000B4","0x1618D000","0x60D000B4","0x1618D000","0x60D000B4","0x1618D000","0x60D000B4","0x1618D000","0x09","0x08","0x05","0x04","0x01","0x00","0x1D","0x1C","0x008","0x700","0x004","0x300","0x000","0xF00","0x00C","0xB00","0x00","0x00","0xFF","0x20","0x20","0x20","0x07","0x20","0x20","0x20","0x20","0x20","0x20","0x20","0x20","0x20","0x20","0x20","0x20","0x20","0x20","0x20","0x20","0x20","0x20","0x20","0x20","0x20","0x20","0x20","0x20","0x20","0x20","0x20","0x08"
"245","0xB","0xC","0b1100000011001100","0b1111101111111111","0","0","0b0000000000000000","0b0000000000000000","0b0000000000000000","0b0000000000000000","0","0b1100000011001100","0b0000000000000000","0x0000007B","0x72D000B4","1","0","0x00000067","0","0","0","0x00000000","0x00000001","0x000001B4","0x00000000","0x00000000","0x0000006B","0x00000000","0x00000000","0x00000000","0x00000000","0x00000000","0x00000000","0x00000000","0x00000000","0x00000000","0x00000000","0x00000000","0x00000000","0x00000000","0x00000000","0x00000000","0x00000000","0x00000000","0x00000000","0x04000000","0x00000000","0x00000000","0x00000001","0xFFFFFFFF","0x00000088","0x00000260","0x00000051","0","0","0","0","0","0","0","0","0x8","0x3","0x0","0xF","0","1","1","1","0","1","1","1","0","1","1","1","0x00","0x18","0x18","0x18","0x0","0xF","0x3","0x7","0","0","0","0x60D000B4","0x1618D000","0x60D000B4","0x1618D000","0x60D000B4","0x1618D000","0x60D000B4","0x1618D000","0x09","0x08","0x05","0x04","0x01","0x00","0x1D","0x1C","0x008","0x700","0x004","0x300","0x000","0xF00","0x00C","0xB00","0x00","0x00","0xFF","0x20","0x20","0x20","0x07","0x20","0x20","0x20","0x20","0x20","0x20","0x20","0x20","0x20","0x20","0x20","0x20","0x20","0x20","0x20","0x20","0x20","0x20","0x20","0x20","0x20","0x20","0x20","0x20","0x20","0x20","0x20","0x08"
"246","0xB","0xC","0b1100000011001100","0b1111101111111111","0","0","0b0000000000000000","0b0000000000000000","0b0000000000000000","0b0000000000000000","1","0b1100000011001100","0b0000000000000000","0x0000007C","0x72D000B4","1","0","0x00000068","0","0","0","0x00000000","0x00000001","0x000001B4","0x00000000","0x00000000","0x0000006B","0x00000000","0x00000000","0x00000000","0x00000000","0x00000000","0x00000000","0x00000000","0x00000000","0x00000000","0x00000000","0x00000000","0x00000000","0x00000000","0x00000000","0x00000000","0x00000000","0x00000000","0x00000000","0x04000000","0x00000000","0x00000000","0x00000001","0xFFFFFFFF","0x00000088","0x00000260","0x00000051","0","0","0","0","0","0","0","0","0x8","0x3","0x0","0xF","0","1","1","1","0","1","1","1","0","1","1","1","0x00","0x18","0x18","0x18","0x0","0xF","0x3","0x7","0","0","0","0x60D000B4","0x1618D000","0x60D000B4","0x1618D000","0x60D000B4","0x1618D000","0x60D000B4","0x1618D000","0x09","0x08","0x05","0x04","0x01","0x00","0x1D","0x1C","0x008","0x700","0x004","0x300","0x000","0xF00","0x00C","0xB00","0x00","0x00","0xFF","0x20","0x20","0x20","0x07","0x20","0x20","0x20","0x20","0x20","0x20","0x20","0x20","0x20","0x20","0x20","0x20","0x20","0x20","0x20","0x20","0x20","0x20","0x20","0x20","0x20","0x20","0x20","0x20","0x20","0x20","0x20","0x08"
"247","0xB","0xC","0b1100000011001100","0b1111101111111111","0","0","0b0000000000000000","0b0000000000000000","0b0000000000000000","0b0000000000000000","0","0b1100000011001100","0b0000000000000000","0x0000007C","0x72D000B4","1","0","0x00000068","0","0","0","0x00000000","0x00000001","0x000001B4","0x00000000","0x00000000","0x0000006B","0x00000000","0x00000000","0x00000000","0x00000000","0x00000000","0x00000000","0x00000000","0x00000000","0x00000000","0x00000000","0x00000000","0x00000000","0x00000000","0x00000000","0x00000000","0x00000000","0x00000000","0x00000000","0x04000000","0x00000000","0x00000000","0x00000001","0xFFFFFFFF","0x00000088","0x00000260","0x00000051","0","0","0","0","0","0","0","0","0x8","0x3","0x0","0xF","0","1","1","1","0","1","1","1","0","1","1","1","0x00","0x18","0x18","0x18","0x0","0xF","0x3","0x7","0","0","0","0x60D000B4","0x1618D000","0x60D000B4","0x1618D000","0x60D000B4","0x1618D000","0x60D000B4","0x1618D000","0x09","0x08","0x05","0x04","0x01","0x00","0x1D","0x1C","0x008","0x700","0x004","0x300","0x000","0xF00","0x00C","0xB00","0x00","0x00","0xFF","0x20","0x20","0x20","0x07","0x20","0x20","0x20","0x20","0x20","0x20","0x20","0x20","0x20","0x20","0x20","0x20","0x20","0x20","0x20","0x20","0x20","0x20","0x20","0x20","0x20","0x20","0x20","0x20","0x20","0x20","0x20","0x08"
"248","0xB","0xC","0b1100000011001100","0b1111101111111111","0","0","0b0000000000000000","0b0000000000000000","0b0000000000000000","0b0000000000000000","1","0b1100000011001100","0b0000000000000000","0x0000007D","0x72D000B4","1","0","0x00000069","0","0","0","0x00000000","0x00000001","0x000001B4","0x00000000","0x00000000","0x0000006B","0x00000000","0x00000000","0x00000000","0x00000000","0x00000000","0x00000000","0x00000000","0x00000000","0x00000000","0x00000000","0x00000000","0x00000000","0x00000000","0x00000000","0x00000000","0x00000000","0x00000000","0x00000000","0x04000000","0x00000000","0x00000000","0x00000001","0xFFFFFFFF","0x00000088","0x00000260","0x00000051","0","0","0","0","0","0","0","0","0x8","0x3","0x0","0xF","0","1","1","1","0","1","1","1","0","1","1","1","0x00","0x18","0x18","0x18","0x0","0xF","0x3","0x7","0","0","0","0x60D000B4","0x1618D000","0x60D000B4","0x1618D000","0x60D000B4","0x1618D000","0x60D000B4","0x1618D000","0x09","0x08","0x05","0x04","0x01","0x00","0x1D","0x1C","0x008","0x700","0x004","0x300","0x000","0xF00","0x00C","0xB00","0x00","0x00","0xFF","0x20","0x20","0x20","0x07","0x20","0x20","0x20","0x20","0x20","0x20","0x20","0x20","0x20","0x20","0x20","0x20","0x20","0x20","0x20","0x20","0x20","0x20","0x20","0x20","0x20","0x20","0x20","0x20","0x20","0x20","0x20","0x08"
"249","0xB","0xC","0b1100000011001100","0b1111101111111111","0","0","0b0000000000000000","0b0000000000000000","0b0000000000000000","0b0000000000000000","0","0b1100000011001100","0b0000000000000000","0x0000007D","0x72D000B4","1","0","0x00000069","0","0","0","0x00000000","0x00000001","0x000001B4","0x00000000","0x00000000","0x0000006B","0x00000000","0x00000000","0x00000000","0x00000000","0x00000000","0x00000000","0x00000000","0x00000000","0x00000000","0x00000000","0x00000000","0x00000000","0x00000000","0x00000000","0x00000000","0x00000000","0x00000000","0x00000000","0x04000000","0x00000000","0x00000000","0x00000001","0xFFFFFFFF","0x00000088","0x00000260","0x00000051","0","0","0","0","0","0","0","0","0x8","0x3","0x0","0xF","0","1","1","1","0","1","1","1","0","1","1","1","0x00","0x18","0x18","0x18","0x0","0xF","0x3","0x7","0","0","0","0x60D000B4","0x1618D000","0x60D000B4","0x1618D000","0x60D000B4","0x1618D000","0x60D000B4","0x1618D000","0x09","0x08","0x05","0x04","0x01","0x00","0x1D","0x1C","0x008","0x700","0x004","0x300","0x000","0xF00","0x00C","0xB00","0x00","0x00","0xFF","0x20","0x20","0x20","0x07","0x20","0x20","0x20","0x20","0x20","0x20","0x20","0x20","0x20","0x20","0x20","0x20","0x20","0x20","0x20","0x20","0x20","0x20","0x20","0x20","0x20","0x20","0x20","0x20","0x20","0x20","0x20","0x08"
"250","0xB","0xC","0b1100000011001100","0b1111101111111111","0","0","0b0000000000000000","0b0000000000000000","0b0000000000000000","0b0000000000000000","1","0b1100000011001100","0b0000000000000000","0x0000007E","0x72D000B4","1","0","0x0000006A","0","0","0","0x00000000","0x00000001","0x000001B4","0x00000000","0x00000000","0x0000006B","0x00000000","0x00000000","0x00000000","0x00000000","0x00000000","0x00000000","0x00000000","0x00000000","0x00000000","0x00000000","0x00000000","0x00000000","0x00000000","0x00000000","0x00000000","0x00000000","0x00000000","0x00000000","0x04000000","0x00000000","0x00000000","0x00000001","0xFFFFFFFF","0x00000088","0x00000260","0x00000051","0","0","0","0","0","0","0","0","0x8","0x3","0x0","0xF","0","1","1","1","0","1","1","1","0","1","1","1","0x00","0x18","0x18","0x18","0x0","0xF","0x3","0x7","0","0","0","0x60D000B4","0x1618D000","0x60D000B4","0x1618D000","0x60D000B4","0x1618D000","0x60D000B4","0x1618D000","0x09","0x08","0x05","0x04","0x01","0x00","0x1D","0x1C","0x008","0x700","0x004","0x300","0x000","0xF00","0x00C","0xB00","0x00","0x00","0xFF","0x20","0x20","0x20","0x07","0x20","0x20","0x20","0x20","0x20","0x20","0x20","0x20","0x20","0x20","0x20","0x20","0x20","0x20","0x20","0x20","0x20","0x20","0x20","0x20","0x20","0x20","0x20","0x20","0x20","0x20","0x20","0x08"
"251","0xB","0xC","0b1100000011001100","0b1111101111111111","0","0","0b0000000000000000","0b0000000000000000","0b0000000000000000","0b0000000000000000","0","0b1100000011001100","0b0000000000000000","0x0000007E","0x72D000B4","1","0","0x0000006A","0","0","0","0x00000000","0x00000001","0x000001B4","0x00000000","0x00000000","0x0000006B","0x00000000","0x00000000","0x00000000","0x00000000","0x00000000","0x00000000","0x00000000","0x00000000","0x00000000","0x00000000","0x00000000","0x00000000","0x00000000","0x00000000","0x00000000","0x00000000","0x00000000","0x00000000","0x04000000","0x00000000","0x00000000","0x00000001","0xFFFFFFFF","0x00000088","0x00000260","0x00000051","0","0","0","0","0","0","0","0","0x8","0x3","0x0","0xF","0","1","1","1","0","1","1","1","0","1","1","1","0x00","0x18","0x18","0x18","0x0","0xF","0x3","0x7","0","0","0","0x60D000B4","0x1618D000","0x60D000B4","0x1618D000","0x60D000B4","0x1618D000","0x60D000B4","0x1618D000","0x09","0x08","0x05","0x04","0x01","0x00","0x1D","0x1C","0x008","0x700","0x004","0x300","0x000","0xF00","0x00C","0xB00","0x00","0x00","0xFF","0x20","0x20","0x20","0x07","0x20","0x20","0x20","0x20","0x20","0x20","0x20","0x20","0x20","0x20","0x20","0x20","0x20","0x20","0x20","0x20","0x20","0x20","0x20","0x20","0x20","0x20","0x20","0x20","0x20","0x20","0x20","0x08"
"252","0xB","0xC","0b1100000011001100","0b1111101111111111","0","0","0b0000000000000000","0b0000000000000000","0b0000000000000000","0b0000000000000000","1","0b1100000011001100","0b0000000000000000","0x0000007F","0x72D000B4","1","0","0x0000006B","0","0","0","0x00000000","0x00000001","0x000001B4","0x00000000","0x00000000","0x0000006B","0x00000000","0x00000000","0x00000000","0x00000000","0x00000000","0x00000000","0x00000000","0x00000000","0x00000000","0x00000000","0x00000000","0x00000000","0x00000000","0x00000000","0x00000000","0x00000000","0x00000000","0x00000000","0x04000000","0x00000000","0x00000000","0x00000001","0xFFFFFFFF","0x00000088","0x00000260","0x00000051","0","0","0","0","0","0","0","0","0x8","0x3","0x0","0xF","0","1","1","1","0","1","1","1","0","1","1","1","0x00","0x18","0x18","0x18","0x0","0xF","0x3","0x7","0","0","0","0x60D000B4","0x1618D000","0x60D000B4","0x1618D000","0x60D000B4","0x1618D000","0x60D000B4","0x1618D000","0x09","0x08","0x05","0x04","0x01","0x00","0x1D","0x1C","0x008","0x700","0x004","0x300","0x000","0xF00","0x00C","0xB00","0x00","0x00","0xFF","0x20","0x20","0x20","0x07","0x20","0x20","0x20","0x20","0x20","0x20","0x20","0x20","0x20","0x20","0x20","0x20","0x20","0x20","0x20","0x20","0x20","0x20","0x20","0x20","0x20","0x20","0x20","0x20","0x20","0x20","0x20","0x08"
"253","0xB","0xC","0b1100000011001100","0b1111101111111111","0","0","0b0000000000000000","0b0000000000000000","0b0000000000000000","0b0000000000000000","0","0b1100000011001100","0b0000000000000000","0x0000007F","0x72D000B4","1","0","0x0000006B","0","0","0","0x00000000","0x00000001","0x000001B4","0x00000000","0x00000000","0x0000006B","0x00000000","0x00000000","0x00000000","0x00000000","0x00000000","0x00000000","0x00000000","0x00000000","0x00000000","0x00000000","0x00000000","0x00000000","0x00000000","0x00000000","0x00000000","0x00000000","0x00000000","0x00000000","0x04000000","0x00000000","0x00000000","0x00000001","0xFFFFFFFF","0x00000088","0x00000260","0x00000051","0","0","0","0","0","0","0","0","0x8","0x3","0x0","0xF","0","1","1","1","0","1","1","1","0","1","1","1","0x00","0x18","0x18","0x18","0x0","0xF","0x3","0x7","0","0","0","0x60D000B4","0x1618D000","0x60D000B4","0x1618D000","0x60D000B4","0x1618D000","0x60D000B4","0x1618D000","0x09","0x08","0x05","0x04","0x01","0x00","0x1D","0x1C","0x008","0x700","0x004","0x300","0x000","0xF00","0x00C","0xB00","0x00","0x00","0xFF","0x20","0x20","0x20","0x07","0x20","0x20","0x20","0x20","0x20","0x20","0x20","0x20","0x20","0x20","0x20","0x20","0x20","0x20","0x20","0x20","0x20","0x20","0x20","0x20","0x20","0x20","0x20","0x20","0x20","0x20","0x20","0x08"
"254","0xB","0xC","0b1100000011001100","0b1111101111111111","0","0","0b0000000000000000","0b0000000000000000","0b0000000000000000","0b0000000000000000","1","0b1100000011001100","0b0000000000000000","0x00000080","0x72D000B4","1","0","0x0000006C","0","0","0","0x00000000","0x00000001","0x000001B4","0x00000000","0x00000000","0x0000006B","0x00000000","0x00000000","0x00000000","0x00000000","0x00000000","0x00000000","0x00000000","0x00000000","0x00000000","0x00000000","0x00000000","0x00000000","0x00000000","0x00000000","0x00000000","0x00000000","0x00000000","0x00000000","0x04000000","0x00000000","0x00000000","0x00000001","0xFFFFFFFF","0x00000088","0x00000260","0x00000051","0","0","0","0","0","0","0","0","0x8","0x3","0x0","0xF","0","1","1","1","0","1","1","1","0","1","1","1","0x00","0x18","0x18","0x18","0x0","0xF","0x3","0x7","0","0","0","0x60D000B4","0x1618D000","0x60D000B4","0x1618D000","0x60D000B4","0x1618D000","0x60D000B4","0x1618D000","0x09","0x08","0x05","0x04","0x01","0x00","0x1D","0x1C","0x008","0x700","0x004","0x300","0x000","0xF00","0x00C","0xB00","0x00","0x00","0xFF","0x20","0x20","0x20","0x07","0x20","0x20","0x20","0x20","0x20","0x20","0x20","0x20","0x20","0x20","0x20","0x20","0x20","0x20","0x20","0x20","0x20","0x20","0x20","0x20","0x20","0x20","0x20","0x20","0x20","0x20","0x20","0x08"
"255","0xB","0xC","0b1100000011001100","0b1111101111111111","0","0","0b0000000000000000","0b0000000000000000","0b0000000000000000","0b0000000000000000","0","0b1100000011001100","0b0000000000000000","0x00000080","0x72D000B4","1","0","0x0000006C","0","0","0","0x00000000","0x00000001","0x000001B4","0x00000000","0x00000000","0x0000006B","0x00000000","0x00000000","0x00000000","0x00000000","0x00000000","0x00000000","0x00000000","0x00000000","0x00000000","0x00000000","0x00000000","0x00000000","0x00000000","0x00000000","0x00000000","0x00000000","0x00000000","0x00000000","0x04000000","0x00000000","0x00000000","0x00000001","0xFFFFFFFF","0x00000088","0x00000260","0x00000051","0","0","0","0","0","0","0","0","0x8","0x3","0x0","0xF","0","1","1","1","0","1","1","1","0","1","1","1","0x00","0x18","0x18","0x18","0x0","0xF","0x3","0x7","0","0","0","0x60D000B4","0x1618D000","0x60D000B4","0x1618D000","0x60D000B4","0x1618D000","0x60D000B4","0x1618D000","0x09","0x08","0x05","0x04","0x01","0x00","0x1D","0x1C","0x008","0x700","0x004","0x300","0x000","0xF00","0x00C","0xB00","0x00","0x00","0xFF","0x20","0x20","0x20","0x07","0x20","0x20","0x20","0x20","0x20","0x20","0x20","0x20","0x20","0x20","0x20","0x20","0x20","0x20","0x20","0x20","0x20","0x20","0x20","0x20","0x20","0x20","0x20","0x20","0x20","0x20","0x20","0x08"
"256","0xB","0xC","0b1100000011001100","0b1111101111111111","0","0","0b0000000000000000","0b0000000000000000","0b0000000000000000","0b0000000000000000","1","0b1100000011001100","0b0000000000000000","0x00000081","0x72D000B4","1","0","0x0000006D","0","0","0","0x00000000","0x00000001","0x000001B4","0x00000000","0x00000000","0x0000006B","0x00000000","0x00000000","0x00000000","0x00000000","0x00000000","0x00000000","0x00000000","0x00000000","0x00000000","0x00000000","0x00000000","0x00000000","0x00000000","0x00000000","0x00000000","0x00000000","0x00000000","0x00000000","0x04000000","0x00000000","0x00000000","0x00000001","0xFFFFFFFF","0x00000088","0x00000260","0x00000051","0","0","0","0","0","0","0","0","0x8","0x3","0x0","0xF","0","1","1","1","0","1","1","1","0","1","1","1","0x00","0x18","0x18","0x18","0x0","0xF","0x3","0x7","0","0","0","0x60D000B4","0x1618D000","0x60D000B4","0x1618D000","0x60D000B4","0x1618D000","0x60D000B4","0x1618D000","0x09","0x08","0x05","0x04","0x01","0x00","0x1D","0x1C","0x008","0x700","0x004","0x300","0x000","0xF00","0x00C","0xB00","0x00","0x00","0xFF","0x20","0x20","0x20","0x07","0x20","0x20","0x20","0x20","0x20","0x20","0x20","0x20","0x20","0x20","0x20","0x20","0x20","0x20","0x20","0x20","0x20","0x20","0x20","0x20","0x20","0x20","0x20","0x20","0x20","0x20","0x20","0x08"
"257","0xB","0xC","0b1100000011001100","0b1111101111111111","0","0","0b0000000000000000","0b0000000000000000","0b0000000000000000","0b0000000000000000","0","0b1100000011001100","0b0000000000000000","0x00000081","0x72D000B4","1","0","0x0000006D","0","0","0","0x00000000","0x00000001","0x000001B4","0x00000000","0x00000000","0x0000006B","0x00000000","0x00000000","0x00000000","0x00000000","0x00000000","0x00000000","0x00000000","0x00000000","0x00000000","0x00000000","0x00000000","0x00000000","0x00000000","0x00000000","0x00000000","0x00000000","0x00000000","0x00000000","0x04000000","0x00000000","0x00000000","0x00000001","0xFFFFFFFF","0x00000088","0x00000260","0x00000051","0","0","0","0","0","0","0","0","0x8","0x3","0x0","0xF","0","1","1","1","0","1","1","1","0","1","1","1","0x00","0x18","0x18","0x18","0x0","0xF","0x3","0x7","0","0","0","0x60D000B4","0x1618D000","0x60D000B4","0x1618D000","0x60D000B4","0x1618D000","0x60D000B4","0x1618D000","0x09","0x08","0x05","0x04","0x01","0x00","0x1D","0x1C","0x008","0x700","0x004","0x300","0x000","0xF00","0x00C","0xB00","0x00","0x00","0xFF","0x20","0x20","0x20","0x07","0x20","0x20","0x20","0x20","0x20","0x20","0x20","0x20","0x20","0x20","0x20","0x20","0x20","0x20","0x20","0x20","0x20","0x20","0x20","0x20","0x20","0x20","0x20","0x20","0x20","0x20","0x20","0x08"
"258","0xB","0xC","0b1100000011001100","0b1111101111111111","0","0","0b0000000000000000","0b0000000000000000","0b0000000000000000","0b0000000000000000","1","0b1100000011001100","0b0000000000000000","0x00000082","0x72D000B4","1","0","0x0000006E","0","0","0","0x00000000","0x00000001","0x000001B4","0x00000000","0x00000000","0x0000006B","0x00000000","0x00000000","0x00000000","0x00000000","0x00000000","0x00000000","0x00000000","0x00000000","0x00000000","0x00000000","0x00000000","0x00000000","0x00000000","0x00000000","0x00000000","0x00000000","0x00000000","0x00000000","0x04000000","0x00000000","0x00000000","0x00000001","0xFFFFFFFF","0x00000088","0x00000260","0x00000051","0","0","0","0","0","0","0","0","0x8","0x3","0x0","0xF","0","1","1","1","0","1","1","1","0","1","1","1","0x00","0x18","0x18","0x18","0x0","0xF","0x3","0x7","0","0","0","0x60D000B4","0x1618D000","0x60D000B4","0x1618D000","0x60D000B4","0x1618D000","0x60D000B4","0x1618D000","0x09","0x08","0x05","0x04","0x01","0x00","0x1D","0x1C","0x008","0x700","0x004","0x300","0x000","0xF00","0x00C","0xB00","0x00","0x00","0xFF","0x20","0x20","0x20","0x07","0x20","0x20","0x20","0x20","0x20","0x20","0x20","0x20","0x20","0x20","0x20","0x20","0x20","0x20","0x20","0x20","0x20","0x20","0x20","0x20","0x20","0x20","0x20","0x20","0x20","0x20","0x20","0x08"
"259","0xB","0xC","0b1100000011001100","0b1111101111111111","0","0","0b0000000000000000","0b0000000000000000","0b0000000000000000","0b0000000000000000","0","0b1100000011001100","0b0000000000000000","0x00000082","0x72D000B4","1","0","0x0000006E","0","0","0","0x00000000","0x00000001","0x000001B4","0x00000000","0x00000000","0x0000006B","0x00000000","0x00000000","0x00000000","0x00000000","0x00000000","0x00000000","0x00000000","0x00000000","0x00000000","0x00000000","0x00000000","0x00000000","0x00000000","0x00000000","0x00000000","0x00000000","0x00000000","0x00000000","0x04000000","0x00000000","0x00000000","0x00000001","0xFFFFFFFF","0x00000088","0x00000260","0x00000051","0","0","0","0","0","0","0","0","0x8","0x3","0x0","0xF","0","1","1","1","0","1","1","1","0","1","1","1","0x00","0x18","0x18","0x18","0x0","0xF","0x3","0x7","0","0","0","0x60D000B4","0x1618D000","0x60D000B4","0x1618D000","0x60D000B4","0x1618D000","0x60D000B4","0x1618D000","0x09","0x08","0x05","0x04","0x01","0x00","0x1D","0x1C","0x008","0x700","0x004","0x300","0x000","0xF00","0x00C","0xB00","0x00","0x00","0xFF","0x20","0x20","0x20","0x07","0x20","0x20","0x20","0x20","0x20","0x20","0x20","0x20","0x20","0x20","0x20","0x20","0x20","0x20","0x20","0x20","0x20","0x20","0x20","0x20","0x20","0x20","0x20","0x20","0x20","0x20","0x20","0x08"
"260","0xB","0xC","0b1100000011001100","0b1111101111111111","0","0","0b0000000000000000","0b0000000000000000","0b0000000000000000","0b0000000000000000","1","0b1100000011001100","0b0000000000000000","0x00000083","0x72D000B4","1","0","0x0000006F","0","0","0","0x00000000","0x00000001","0x000001B4","0x00000000","0x00000000","0x0000006B","0x00000000","0x00000000","0x00000000","0x00000000","0x00000000","0x00000000","0x00000000","0x00000000","0x00000000","0x00000000","0x00000000","0x00000000","0x00000000","0x00000000","0x00000000","0x00000000","0x00000000","0x00000000","0x04000000","0x00000000","0x00000000","0x00000001","0xFFFFFFFF","0x00000088","0x00000260","0x00000051","0","0","0","0","0","0","0","0","0x8","0x3","0x0","0xF","0","1","1","1","0","1","1","1","0","1","1","1","0x00","0x18","0x18","0x18","0x0","0xF","0x3","0x7","0","0","0","0x60D000B4","0x1618D000","0x60D000B4","0x1618D000","0x60D000B4","0x1618D000","0x60D000B4","0x1618D000","0x09","0x08","0x05","0x04","0x01","0x00","0x1D","0x1C","0x008","0x700","0x004","0x300","0x000","0xF00","0x00C","0xB00","0x00","0x00","0xFF","0x20","0x20","0x20","0x07","0x20","0x20","0x20","0x20","0x20","0x20","0x20","0x20","0x20","0x20","0x20","0x20","0x20","0x20","0x20","0x20","0x20","0x20","0x20","0x20","0x20","0x20","0x20","0x20","0x20","0x20","0x20","0x08"
"261","0xB","0xC","0b1100000011001100","0b1111101111111111","0","0","0b0000000000000000","0b0000000000000000","0b0000000000000000","0b0000000000000000","0","0b1100000011001100","0b0000000000000000","0x00000083","0x72D000B4","1","0","0x0000006F","0","0","0","0x00000000","0x00000001","0x000001B4","0x00000000","0x00000000","0x0000006B","0x00000000","0x00000000","0x00000000","0x00000000","0x00000000","0x00000000","0x00000000","0x00000000","0x00000000","0x00000000","0x00000000","0x00000000","0x00000000","0x00000000","0x00000000","0x00000000","0x00000000","0x00000000","0x04000000","0x00000000","0x00000000","0x00000001","0xFFFFFFFF","0x00000088","0x00000260","0x00000051","0","0","0","0","0","0","0","0","0x8","0x3","0x0","0xF","0","1","1","1","0","1","1","1","0","1","1","1","0x00","0x18","0x18","0x18","0x0","0xF","0x3","0x7","0","0","0","0x60D000B4","0x1618D000","0x60D000B4","0x1618D000","0x60D000B4","0x1618D000","0x60D000B4","0x1618D000","0x09","0x08","0x05","0x04","0x01","0x00","0x1D","0x1C","0x008","0x700","0x004","0x300","0x000","0xF00","0x00C","0xB00","0x00","0x00","0xFF","0x20","0x20","0x20","0x07","0x20","0x20","0x20","0x20","0x20","0x20","0x20","0x20","0x20","0x20","0x20","0x20","0x20","0x20","0x20","0x20","0x20","0x20","0x20","0x20","0x20","0x20","0x20","0x20","0x20","0x20","0x20","0x08"
"262","0xB","0xC","0b1100000011001100","0b1111101111111111","0","0","0b0000000000000000","0b0000000000000000","0b0000000000000000","0b0000000000000000","1","0b1100000011001100","0b0000000000000000","0x00000084","0x72D000B4","1","0","0x00000070","0","0","0","0x00000000","0x00000001","0x000001B4","0x00000000","0x00000000","0x0000006B","0x00000000","0x00000000","0x00000000","0x00000000","0x00000000","0x00000000","0x00000000","0x00000000","0x00000000","0x00000000","0x00000000","0x00000000","0x00000000","0x00000000","0x00000000","0x00000000","0x00000000","0x00000000","0x04000000","0x00000000","0x00000000","0x00000001","0xFFFFFFFF","0x00000088","0x00000260","0x00000051","0","0","0","0","0","0","0","0","0x8","0x3","0x0","0xF","0","1","1","1","0","1","1","1","0","1","1","1","0x00","0x18","0x18","0x18","0x0","0xF","0x3","0x7","0","0","0","0x60D000B4","0x1618D000","0x60D000B4","0x1618D000","0x60D000B4","0x1618D000","0x60D000B4","0x1618D000","0x09","0x08","0x05","0x04","0x01","0x00","0x1D","0x1C","0x008","0x700","0x004","0x300","0x000","0xF00","0x00C","0xB00","0x00","0x00","0xFF","0x20","0x20","0x20","0x07","0x20","0x20","0x20","0x20","0x20","0x20","0x20","0x20","0x20","0x20","0x20","0x20","0x20","0x20","0x20","0x20","0x20","0x20","0x20","0x20","0x20","0x20","0x20","0x20","0x20","0x20","0x20","0x08"
"263","0xB","0xC","0b1100000011001100","0b1111101111111111","0","0","0b0000000000000000","0b0000000000000000","0b0000000000000000","0b0000000000000000","0","0b1100000011001100","0b0000000000000000","0x00000084","0x72D000B4","1","0","0x00000070","0","0","0","0x00000000","0x00000001","0x000001B4","0x00000000","0x00000000","0x0000006B","0x00000000","0x00000000","0x00000000","0x00000000","0x00000000","0x00000000","0x00000000","0x00000000","0x00000000","0x00000000","0x00000000","0x00000000","0x00000000","0x00000000","0x00000000","0x00000000","0x00000000","0x00000000","0x04000000","0x00000000","0x00000000","0x00000001","0xFFFFFFFF","0x00000088","0x00000260","0x00000051","0","0","0","0","0","0","0","0","0x8","0x3","0x0","0xF","0","1","1","1","0","1","1","1","0","1","1","1","0x00","0x18","0x18","0x18","0x0","0xF","0x3","0x7","0","0","0","0x60D000B4","0x1618D000","0x60D000B4","0x1618D000","0x60D000B4","0x1618D000","0x60D000B4","0x1618D000","0x09","0x08","0x05","0x04","0x01","0x00","0x1D","0x1C","0x008","0x700","0x004","0x300","0x000","0xF00","0x00C","0xB00","0x00","0x00","0xFF","0x20","0x20","0x20","0x07","0x20","0x20","0x20","0x20","0x20","0x20","0x20","0x20","0x20","0x20","0x20","0x20","0x20","0x20","0x20","0x20","0x20","0x20","0x20","0x20","0x20","0x20","0x20","0x20","0x20","0x20","0x20","0x08"
"264","0xB","0xC","0b1100000011001100","0b1111101111111111","0","0","0b0000000000000000","0b0000000000000000","0b0000000000000000","0b0000000000000000","1","0b1100000011001100","0b0000000000000000","0x00000085","0x72D000B4","1","0","0x00000071","0","0","0","0x00000000","0x00000001","0x000001B4","0x00000000","0x00000000","0x0000006B","0x00000000","0x00000000","0x00000000","0x00000000","0x00000000","0x00000000","0x00000000","0x00000000","0x00000000","0x00000000","0x00000000","0x00000000","0x00000000","0x00000000","0x00000000","0x00000000","0x00000000","0x00000000","0x04000000","0x00000000","0x00000000","0x00000001","0xFFFFFFFF","0x00000088","0x00000260","0x00000051","0","0","0","0","0","0","0","0","0x8","0x3","0x0","0xF","0","1","1","1","0","1","1","1","0","1","1","1","0x00","0x18","0x18","0x18","0x0","0xF","0x3","0x7","0","0","0","0x60D000B4","0x1618D000","0x60D000B4","0x1618D000","0x60D000B4","0x1618D000","0x60D000B4","0x1618D000","0x09","0x08","0x05","0x04","0x01","0x00","0x1D","0x1C","0x008","0x700","0x004","0x300","0x000","0xF00","0x00C","0xB00","0x00","0x00","0xFF","0x20","0x20","0x20","0x07","0x20","0x20","0x20","0x20","0x20","0x20","0x20","0x20","0x20","0x20","0x20","0x20","0x20","0x20","0x20","0x20","0x20","0x20","0x20","0x20","0x20","0x20","0x20","0x20","0x20","0x20","0x20","0x08"
"265","0xB","0xC","0b1100000011001100","0b1111101111111111","0","0","0b0000000000000000","0b0000000000000000","0b0000000000000000","0b0000000000000000","0","0b1100000011001100","0b0000000000000000","0x00000085","0x72D000B4","1","0","0x00000071","0","0","0","0x00000000","0x00000001","0x000001B4","0x00000000","0x00000000","0x0000006B","0x00000000","0x00000000","0x00000000","0x00000000","0x00000000","0x00000000","0x00000000","0x00000000","0x00000000","0x00000000","0x00000000","0x00000000","0x00000000","0x00000000","0x00000000","0x00000000","0x00000000","0x00000000","0x04000000","0x00000000","0x00000000","0x00000001","0xFFFFFFFF","0x00000088","0x00000260","0x00000051","0","0","0","0","0","0","0","0","0x8","0x3","0x0","0xF","0","1","1","1","0","1","1","1","0","1","1","1","0x00","0x18","0x18","0x18","0x0","0xF","0x3","0x7","0","0","0","0x60D000B4","0x1618D000","0x60D000B4","0x1618D000","0x60D000B4","0x1618D000","0x60D000B4","0x1618D000","0x09","0x08","0x05","0x04","0x01","0x00","0x1D","0x1C","0x008","0x700","0x004","0x300","0x000","0xF00","0x00C","0xB00","0x00","0x00","0xFF","0x20","0x20","0x20","0x07","0x20","0x20","0x20","0x20","0x20","0x20","0x20","0x20","0x20","0x20","0x20","0x20","0x20","0x20","0x20","0x20","0x20","0x20","0x20","0x20","0x20","0x20","0x20","0x20","0x20","0x20","0x20","0x08"
"266","0xB","0xC","0b1100000011001100","0b1111101111111111","0","0","0b0000000000000000","0b0000000000000000","0b0000000000000000","0b0000000000000000","1","0b1100000011001100","0b0000000000000000","0x00000086","0x72D000B4","1","0","0x00000072","0","0","0","0x00000000","0x00000001","0x000001B4","0x00000000","0x00000000","0x0000006B","0x00000000","0x00000000","0x00000000","0x00000000","0x00000000","0x00000000","0x00000000","0x00000000","0x00000000","0x00000000","0x00000000","0x00000000","0x00000000","0x00000000","0x00000000","0x00000000","0x00000000","0x00000000","0x04000000","0x00000000","0x00000000","0x00000001","0xFFFFFFFF","0x00000088","0x00000260","0x00000051","0","0","0","0","0","0","0","0","0x8","0x3","0x0","0xF","0","1","1","1","0","1","1","1","0","1","1","1","0x00","0x18","0x18","0x18","0x0","0xF","0x3","0x7","0","0","0","0x60D000B4","0x1618D000","0x60D000B4","0x1618D000","0x60D000B4","0x1618D000","0x60D000B4","0x1618D000","0x09","0x08","0x05","0x04","0x01","0x00","0x1D","0x1C","0x008","0x700","0x004","0x300","0x000","0xF00","0x00C","0xB00","0x00","0x00","0xFF","0x20","0x20","0x20","0x07","0x20","0x20","0x20","0x20","0x20","0x20","0x20","0x20","0x20","0x20","0x20","0x20","0x20","0x20","0x20","0x20","0x20","0x20","0x20","0x20","0x20","0x20","0x20","0x20","0x20","0x20","0x20","0x08"
"267","0xB","0xC","0b1100000011001100","0b1111101111111111","0","0","0b0000000000000000","0b0000000000000000","0b0000000000000000","0b0000000000000000","0","0b1100000011001100","0b0000000000000000","0x00000086","0x72D000B4","1","0","0x00000072","0","0","0","0x00000000","0x00000001","0x000001B4","0x00000000","0x00000000","0x0000006B","0x00000000","0x00000000","0x00000000","0x00000000","0x00000000","0x00000000","0x00000000","0x00000000","0x00000000","0x00000000","0x00000000","0x00000000","0x00000000","0x00000000","0x00000000","0x00000000","0x00000000","0x00000000","0x04000000","0x00000000","0x00000000","0x00000001","0xFFFFFFFF","0x00000088","0x00000260","0x00000051","0","0","0","0","0","0","0","0","0x8","0x3","0x0","0xF","0","1","1","1","0","1","1","1","0","1","1","1","0x00","0x18","0x18","0x18","0x0","0xF","0x3","0x7","0","0","0","0x60D000B4","0x1618D000","0x60D000B4","0x1618D000","0x60D000B4","0x1618D000","0x60D000B4","0x1618D000","0x09","0x08","0x05","0x04","0x01","0x00","0x1D","0x1C","0x008","0x700","0x004","0x300","0x000","0xF00","0x00C","0xB00","0x00","0x00","0xFF","0x20","0x20","0x20","0x07","0x20","0x20","0x20","0x20","0x20","0x20","0x20","0x20","0x20","0x20","0x20","0x20","0x20","0x20","0x20","0x20","0x20","0x20","0x20","0x20","0x20","0x20","0x20","0x20","0x20","0x20","0x20","0x08"
"268","0xB","0xC","0b1100000011001100","0b1111101111111111","0","0","0b0000000000000000","0b0000000000000000","0b0000000000000000","0b0000000000000000","1","0b1100000011001100","0b0000000000000000","0x00000087","0x72D000B4","1","0","0x00000073","0","0","0","0x00000000","0x00000001","0x000001B4","0x00000000","0x00000000","0x0000006B","0x00000000","0x00000000","0x00000000","0x00000000","0x00000000","0x00000000","0x00000000","0x00000000","0x00000000","0x00000000","0x00000000","0x00000000","0x00000000","0x00000000","0x00000000","0x00000000","0x00000000","0x00000000","0x04000000","0x00000000","0x00000000","0x00000001","0xFFFFFFFF","0x00000088","0x00000260","0x00000051","0","0","0","0","0","0","0","0","0x8","0x3","0x0","0xF","0","1","1","1","0","1","1","1","0","1","1","1","0x00","0x18","0x18","0x18","0x0","0xF","0x3","0x7","0","0","0","0x60D000B4","0x1618D000","0x60D000B4","0x1618D000","0x60D000B4","0x1618D000","0x60D000B4","0x1618D000","0x09","0x08","0x05","0x04","0x01","0x00","0x1D","0x1C","0x008","0x700","0x004","0x300","0x000","0xF00","0x00C","0xB00","0x00","0x00","0xFF","0x20","0x20","0x20","0x07","0x20","0x20","0x20","0x20","0x20","0x20","0x20","0x20","0x20","0x20","0x20","0x20","0x20","0x20","0x20","0x20","0x20","0x20","0x20","0x20","0x20","0x20","0x20","0x20","0x20","0x20","0x20","0x08"
"269","0xB","0xC","0b1100000011001100","0b1111101111111111","0","0","0b0000000000000000","0b0000000000000000","0b0000000000000000","0b0000000000000000","0","0b1100000011001100","0b0000000000000000","0x00000087","0x72D000B4","1","0","0x00000073","0","0","0","0x00000000","0x00000001","0x000001B4","0x00000000","0x00000000","0x0000006B","0x00000000","0x00000000","0x00000000","0x00000000","0x00000000","0x00000000","0x00000000","0x00000000","0x00000000","0x00000000","0x00000000","0x00000000","0x00000000","0x00000000","0x00000000","0x00000000","0x00000000","0x00000000","0x04000000","0x00000000","0x00000000","0x00000001","0xFFFFFFFF","0x00000088","0x00000260","0x00000051","0","0","0","0","0","0","0","0","0x8","0x3","0x0","0xF","0","1","1","1","0","1","1","1","0","1","1","1","0x00","0x18","0x18","0x18","0x0","0xF","0x3","0x7","0","0","0","0x60D000B4","0x1618D000","0x60D000B4","0x1618D000","0x60D000B4","0x1618D000","0x60D000B4","0x1618D000","0x09","0x08","0x05","0x04","0x01","0x00","0x1D","0x1C","0x008","0x700","0x004","0x300","0x000","0xF00","0x00C","0xB00","0x00","0x00","0xFF","0x20","0x20","0x20","0x07","0x20","0x20","0x20","0x20","0x20","0x20","0x20","0x20","0x20","0x20","0x20","0x20","0x20","0x20","0x20","0x20","0x20","0x20","0x20","0x20","0x20","0x20","0x20","0x20","0x20","0x20","0x20","0x08"
"270","0xB","0xC","0b1100000011001100","0b1111101111111111","0","0","0b0000000000000000","0b0000000000000000","0b0000000000000000","0b0000000000000000","1","0b1100000011001100","0b0000000000000000","0x00000088","0x72D000B4","1","0","0x00000074","0","0","0","0x00000000","0x00000001","0x000001B4","0x00000000","0x00000000","0x0000006B","0x00000000","0x00000000","0x00000000","0x00000000","0x00000000","0x00000000","0x00000000","0x00000000","0x00000000","0x00000000","0x00000000","0x00000000","0x00000000","0x00000000","0x00000000","0x00000000","0x00000000","0x00000000","0x04000000","0x00000000","0x00000000","0x00000001","0xFFFFFFFF","0x00000088","0x00000260","0x00000051","0","0","0","0","0","0","0","0","0x8","0x3","0x0","0xF","0","1","1","1","0","1","1","1","0","1","1","1","0x00","0x18","0x18","0x18","0x0","0xF","0x3","0x7","0","0","0","0x60D000B4","0x1618D000","0x60D000B4","0x1618D000","0x60D000B4","0x1618D000","0x60D000B4","0x1618D000","0x09","0x08","0x05","0x04","0x01","0x00","0x1D","0x1C","0x008","0x700","0x004","0x300","0x000","0xF00","0x00C","0xB00","0x00","0x00","0xFF","0x20","0x20","0x20","0x07","0x20","0x20","0x20","0x20","0x20","0x20","0x20","0x20","0x20","0x20","0x20","0x20","0x20","0x20","0x20","0x20","0x20","0x20","0x20","0x20","0x20","0x20","0x20","0x20","0x20","0x20","0x20","0x08"
"271","0xB","0xC","0b1100000011001100","0b1111101111111111","0","0","0b0000000000000000","0b0000000000000000","0b0000000000000000","0b0000000000000000","0","0b1100000011001100","0b0000000000000000","0x00000088","0x72D000B4","1","0","0x00000074","0","0","0","0x00000000","0x00000001","0x000001B4","0x00000000","0x00000000","0x0000006B","0x00000000","0x00000000","0x00000000","0x00000000","0x00000000","0x00000000","0x00000000","0x00000000","0x00000000","0x00000000","0x00000000","0x00000000","0x00000000","0x00000000","0x00000000","0x00000000","0x00000000","0x00000000","0x04000000","0x00000000","0x00000000","0x00000001","0xFFFFFFFF","0x00000088","0x00000260","0x00000051","0","0","0","0","0","0","0","0","0x8","0x3","0x0","0xF","0","1","1","1","0","1","1","1","0","1","1","1","0x00","0x18","0x18","0x18","0x0","0xF","0x3","0x7","0","0","0","0x60D000B4","0x1618D000","0x60D000B4","0x1618D000","0x60D000B4","0x1618D000","0x60D000B4","0x1618D000","0x09","0x08","0x05","0x04","0x01","0x00","0x1D","0x1C","0x008","0x700","0x004","0x300","0x000","0xF00","0x00C","0xB00","0x00","0x00","0xFF","0x20","0x20","0x20","0x07","0x20","0x20","0x20","0x20","0x20","0x20","0x20","0x20","0x20","0x20","0x20","0x20","0x20","0x20","0x20","0x20","0x20","0x20","0x20","0x20","0x20","0x20","0x20","0x20","0x20","0x20","0x20","0x08"
"272","0xB","0xC","0b1100000011001100","0b1111101111111111","0","0","0b0000000000000000","0b0000000000000000","0b0000000000000000","0b0000000000000000","1","0b1100000011001100","0b0000000000000000","0x00000089","0x72D000B4","1","0","0x00000075","0","0","0","0x00000000","0x00000001","0x000001B4","0x00000000","0x00000000","0x0000006B","0x00000000","0x00000000","0x00000000","0x00000000","0x00000000","0x00000000","0x00000000","0x00000000","0x00000000","0x00000000","0x00000000","0x00000000","0x00000000","0x00000000","0x00000000","0x00000000","0x00000000","0x00000000","0x04000000","0x00000000","0x00000000","0x00000001","0xFFFFFFFF","0x00000088","0x00000260","0x00000051","0","0","0","0","0","0","0","0","0x8","0x3","0x0","0xF","0","1","1","1","0","1","1","1","0","1","1","1","0x00","0x18","0x18","0x18","0x0","0xF","0x3","0x7","0","0","0","0x60D000B4","0x1618D000","0x60D000B4","0x1618D000","0x60D000B4","0x1618D000","0x60D000B4","0x1618D000","0x09","0x08","0x05","0x04","0x01","0x00","0x1D","0x1C","0x008","0x700","0x004","0x300","0x000","0xF00","0x00C","0xB00","0x00","0x00","0xFF","0x20","0x20","0x20","0x07","0x20","0x20","0x20","0x20","0x20","0x20","0x20","0x20","0x20","0x20","0x20","0x20","0x20","0x20","0x20","0x20","0x20","0x20","0x20","0x20","0x20","0x20","0x20","0x20","0x20","0x20","0x20","0x08"
"273","0xB","0xC","0b1100000011001100","0b1111101111111111","0","0","0b0000000000000000","0b0000000000000000","0b0000000000000000","0b0000000000000000","0","0b1100000011001100","0b0000000000000000","0x00000089","0x72D000B4","1","0","0x00000075","0","0","0","0x00000000","0x00000001","0x000001B4","0x00000000","0x00000000","0x0000006B","0x00000000","0x00000000","0x00000000","0x00000000","0x00000000","0x00000000","0x00000000","0x00000000","0x00000000","0x00000000","0x00000000","0x00000000","0x00000000","0x00000000","0x00000000","0x00000000","0x00000000","0x00000000","0x04000000","0x00000000","0x00000000","0x00000001","0xFFFFFFFF","0x00000088","0x00000260","0x00000051","0","0","0","0","0","0","0","0","0x8","0x3","0x0","0xF","0","1","1","1","0","1","1","1","0","1","1","1","0x00","0x18","0x18","0x18","0x0","0xF","0x3","0x7","0","0","0","0x60D000B4","0x1618D000","0x60D000B4","0x1618D000","0x60D000B4","0x1618D000","0x60D000B4","0x1618D000","0x09","0x08","0x05","0x04","0x01","0x00","0x1D","0x1C","0x008","0x700","0x004","0x300","0x000","0xF00","0x00C","0xB00","0x00","0x00","0xFF","0x20","0x20","0x20","0x07","0x20","0x20","0x20","0x20","0x20","0x20","0x20","0x20","0x20","0x20","0x20","0x20","0x20","0x20","0x20","0x20","0x20","0x20","0x20","0x20","0x20","0x20","0x20","0x20","0x20","0x20","0x20","0x08"
"274","0xB","0xC","0b1100000011001100","0b1111101111111111","0","0","0b0000000000000000","0b0000000000000000","0b0000000000000000","0b0000000000000000","1","0b1100000011001100","0b0000000000000000","0x0000008A","0x72D000B4","1","0","0x00000076","0","0","0","0x00000000","0x00000001","0x000001B4","0x00000000","0x00000000","0x0000006B","0x00000000","0x00000000","0x00000000","0x00000000","0x00000000","0x00000000","0x00000000","0x00000000","0x00000000","0x00000000","0x00000000","0x00000000","0x00000000","0x00000000","0x00000000","0x00000000","0x00000000","0x00000000","0x04000000","0x00000000","0x00000000","0x00000001","0xFFFFFFFF","0x00000088","0x00000260","0x00000051","0","0","0","0","0","0","0","0","0x8","0x3","0x0","0xF","0","1","1","1","0","1","1","1","0","1","1","1","0x00","0x18","0x18","0x18","0x0","0xF","0x3","0x7","0","0","0","0x60D000B4","0x1618D000","0x60D000B4","0x1618D000","0x60D000B4","0x1618D000","0x60D000B4","0x1618D000","0x09","0x08","0x05","0x04","0x01","0x00","0x1D","0x1C","0x008","0x700","0x004","0x300","0x000","0xF00","0x00C","0xB00","0x00","0x00","0xFF","0x20","0x20","0x20","0x07","0x20","0x20","0x20","0x20","0x20","0x20","0x20","0x20","0x20","0x20","0x20","0x20","0x20","0x20","0x20","0x20","0x20","0x20","0x20","0x20","0x20","0x20","0x20","0x20","0x20","0x20","0x20","0x08"
"275","0xB","0xC","0b1100000011001100","0b1111101111111111","0","0","0b0000000000000000","0b0000000000000000","0b0000000000000000","0b0000000000000000","0","0b1100000011001100","0b0000000000000000","0x0000008A","0x72D000B4","1","0","0x00000076","0","0","0","0x00000000","0x00000001","0x000001B4","0x00000000","0x00000000","0x0000006B","0x00000000","0x00000000","0x00000000","0x00000000","0x00000000","0x00000000","0x00000000","0x00000000","0x00000000","0x00000000","0x00000000","0x00000000","0x00000000","0x00000000","0x00000000","0x00000000","0x00000000","0x00000000","0x04000000","0x00000000","0x00000000","0x00000001","0xFFFFFFFF","0x00000088","0x00000260","0x00000051","0","0","0","0","0","0","0","0","0x8","0x3","0x0","0xF","0","1","1","1","0","1","1","1","0","1","1","1","0x00","0x18","0x18","0x18","0x0","0xF","0x3","0x7","0","0","0","0x60D000B4","0x1618D000","0x60D000B4","0x1618D000","0x60D000B4","0x1618D000","0x60D000B4","0x1618D000","0x09","0x08","0x05","0x04","0x01","0x00","0x1D","0x1C","0x008","0x700","0x004","0x300","0x000","0xF00","0x00C","0xB00","0x00","0x00","0xFF","0x20","0x20","0x20","0x07","0x20","0x20","0x20","0x20","0x20","0x20","0x20","0x20","0x20","0x20","0x20","0x20","0x20","0x20","0x20","0x20","0x20","0x20","0x20","0x20","0x20","0x20","0x20","0x20","0x20","0x20","0x20","0x08"
"276","0xB","0xC","0b1100000011001100","0b1111101111111111","0","0","0b0000000000000000","0b0000000000000000","0b0000000000000000","0b0000000000000000","1","0b1100000011001100","0b0000000000000000","0x0000008B","0x72D000B4","1","0","0x00000077","0","0","0","0x00000000","0x00000001","0x000001B4","0x00000000","0x00000000","0x0000006B","0x00000000","0x00000000","0x00000000","0x00000000","0x00000000","0x00000000","0x00000000","0x00000000","0x00000000","0x00000000","0x00000000","0x00000000","0x00000000","0x00000000","0x00000000","0x00000000","0x00000000","0x00000000","0x04000000","0x00000000","0x00000000","0x00000001","0xFFFFFFFF","0x00000088","0x00000260","0x00000051","0","0","0","0","0","0","0","0","0x8","0x3","0x0","0xF","0","1","1","1","0","1","1","1","0","1","1","1","0x00","0x18","0x18","0x18","0x0","0xF","0x3","0x7","0","0","0","0x60D000B4","0x1618D000","0x60D000B4","0x1618D000","0x60D000B4","0x1618D000","0x60D000B4","0x1618D000","0x09","0x08","0x05","0x04","0x01","0x00","0x1D","0x1C","0x008","0x700","0x004","0x300","0x000","0xF00","0x00C","0xB00","0x00","0x00","0xFF","0x20","0x20","0x20","0x07","0x20","0x20","0x20","0x20","0x20","0x20","0x20","0x20","0x20","0x20","0x20","0x20","0x20","0x20","0x20","0x20","0x20","0x20","0x20","0x20","0x20","0x20","0x20","0x20","0x20","0x20","0x20","0x08"
"277","0xB","0xC","0b1100000011001100","0b1111101111111111","0","0","0b0000000000000000","0b0000000000000000","0b0000000000000000","0b0000000000000000","0","0b1100000011001100","0b0000000000000000","0x0000008B","0x72D000B4","1","0","0x00000077","0","0","0","0x00000000","0x00000001","0x000001B4","0x00000000","0x00000000","0x0000006B","0x00000000","0x00000000","0x00000000","0x00000000","0x00000000","0x00000000","0x00000000","0x00000000","0x00000000","0x00000000","0x00000000","0x00000000","0x00000000","0x00000000","0x00000000","0x00000000","0x00000000","0x00000000","0x04000000","0x00000000","0x00000000","0x00000001","0xFFFFFFFF","0x00000088","0x00000260","0x00000051","0","0","0","0","0","0","0","0","0x8","0x3","0x0","0xF","0","1","1","1","0","1","1","1","0","1","1","1","0x00","0x18","0x18","0x18","0x0","0xF","0x3","0x7","0","0","0","0x60D000B4","0x1618D000","0x60D000B4","0x1618D000","0x60D000B4","0x1618D000","0x60D000B4","0x1618D000","0x09","0x08","0x05","0x04","0x01","0x00","0x1D","0x1C","0x008","0x700","0x004","0x300","0x000","0xF00","0x00C","0xB00","0x00","0x00","0xFF","0x20","0x20","0x20","0x07","0x20","0x20","0x20","0x20","0x20","0x20","0x20","0x20","0x20","0x20","0x20","0x20","0x20","0x20","0x20","0x20","0x20","0x20","0x20","0x20","0x20","0x20","0x20","0x20","0x20","0x20","0x20","0x08"
