"step","com1_inst","com2_inst","VG2_inst","U_inst","com2","com1","CM2_inst","CM1_inst","CLR_inst","V1_inst","C","VG1_inst","V2_inst","R1","R2","R3","R4","R5","R6","R7","R8","R9","R10","R11","R12","R13","R14","R15","R16","R17","R18","R19","R20","R21","R22","R23","R24","R25","R26","R27","R28","R29","R30","R31","R32","comM1","comM2","comM3","comM4","vM1","vM2","vM3","vM4","instM1","instM2","instM3","instM4","MV-1","MV-2","MV-3","MV-4","MAV-1","MAV-2","MAV-3","MAV-4","MDV-1","MDV-2","MDV-3","MDV-4","MR-1","MR-2","MR-3","MR-4","MID-1","MID-2","MID-3","MID-4","inst1","inst2","inst3","inst4","inst5","inst6","inst7","inst8","inst_ID-1","inst_ID-2","inst_ID-3","inst_ID-4","inst_ID-5","inst_ID-6","inst_ID-7","inst_ID-8","inst-dep1","inst-dep2","inst-dep3","inst-dep4","inst-dep5","inst-dep6","inst-dep7","inst-dep8","C8","AV8","MV8","R1","R2","R3","R4","R5","R6","R7","R8","R9","R10","R11","R12","R13","R14","R15","R16","R17","R18","R19","R20","R21","R22","R23","R24","R25","R26","R27","R28","R29","R30","R31","R32"
"0","0x0","0x1","0b0000000000000000","0b0000000000000000","0","0","0b0000000000000000","0b0000000000000000","0b0000000000000000","0b0000000000000000","1","0b0000000000000000","0b0000000000000000","0x00000000","0x00000000","0x00000000","0x00000000","0x00000000","0x00000000","0x00000000","0x00000000","0x00000000","0x00000000","0x00000000","0x00000000","0x00000000","0x00000000","0x00000000","0x00000000","0x00000000","0x00000000","0x00000000","0x00000000","0x00000000","0x00000000","0x00000000","0x00000000","0x00000000","0x00000000","0x00000000","0x00000001","0xFFFFFFFF","0x00000000","0x00000000","0x00000040","0","0","0","0","0","0","0","0","0x0","0x0","0x0","0x0","0","0","0","0","0","0","0","0","0","0","0","0","0x00","0x00","0x00","0x00","0x0","0x0","0x0","0x0","0x00000000","0x00000000","0x00000000","0x00000000","0x00000000","0x00000000","0x00000000","0x00000000","0x00","0x00","0x00","0x00","0x00","0x00","0x00","0x00","0x000","0x000","0x000","0x000","0x000","0x000","0x000","0x000","0xFF","0x00","0x00","0x00","0x00","0x00","0x00","0x00","0x00","0x00","0x00","0x00","0x00","0x00","0x00","0x00","0x00","0x00","0x00","0x00","0x00","0x00","0x00","0x00","0x00","0x00","0x00","0x00","0x00","0x20","0x20","0x20","0x20","0x00","0x00"
"1","0x0","0x1","0b0000000000000000","0b0000000000000000","0","0","0b0000000000000000","0b0000000000000000","0b0000000000000000","0b0000000000000000","0","0b0000000000000000","0b0000000000000000","0x00000000","0x00000000","0x00000000","0x00000000","0x00000000","0x00000000","0x00000000","0x00000000","0x00000000","0x00000000","0x00000000","0x00000000","0x00000000","0x00000000","0x00000000","0x00000000","0x00000000","0x00000000","0x00000000","0x00000000","0x00000000","0x00000000","0x00000000","0x00000000","0x00000000","0x00000000","0x00000000","0x00000001","0xFFFFFFFF","0x00000000","0x00000000","0x00000040","0","0","0","0","0","0","0","0","0x0","0x0","0x0","0x0","0","0","0","0","0","0","0","0","0","0","0","0","0x00","0x00","0x00","0x00","0x0","0x0","0x0","0x0","0x00000000","0x00000000","0x00000000","0x00000000","0x00000000","0x00000000","0x00000000","0x00000000","0x00","0x00","0x00","0x00","0x00","0x00","0x00","0x00","0x000","0x000","0x000","0x000","0x000","0x000","0x000","0x000","0xFF","0x00","0x00","0x20","0x20","0x20","0x20","0x20","0x20","0x20","0x20","0x20","0x20","0x20","0x20","0x20","0x20","0x20","0x20","0x20","0x20","0x20","0x20","0x20","0x20","0x20","0x20","0x20","0x20","0x20","0x20","0x20","0x20","0x20","0x20"
"2","0x0","0x1","0b0000000000000000","0b0000000000000000","0","0","0b0000000000000000","0b0000000000000000","0b0000000000000000","0b0000000000000000","1","0b0000000000000000","0b0000000000000000","0x00000000","0x00000000","0x00000000","0x00000000","0x00000000","0x00000000","0x00000000","0x00000000","0x00000000","0x00000000","0x00000000","0x00000000","0x00000000","0x00000000","0x00000000","0x00000000","0x00000000","0x00000000","0x00000000","0x00000000","0x00000000","0x00000000","0x00000000","0x00000000","0x00000000","0x00000000","0x00000000","0x00000001","0xFFFFFFFF","0x00000000","0x00000000","0x00000040","0","0","0","0","0","0","0","0","0x0","0x0","0x0","0x0","0","0","0","0","0","0","0","0","0","0","0","0","0x00","0x00","0x00","0x00","0x0","0x0","0x0","0x0","0x00000000","0x00000000","0x00000000","0x00000000","0x00000000","0x00000000","0x00000000","0x00000000","0x00","0x00","0x00","0x00","0x00","0x00","0x00","0x00","0x000","0x000","0x000","0x000","0x000","0x000","0x000","0x000","0xFF","0x00","0x00","0x20","0x20","0x20","0x20","0x20","0x20","0x20","0x20","0x20","0x20","0x20","0x20","0x20","0x20","0x20","0x20","0x20","0x20","0x20","0x20","0x20","0x20","0x20","0x20","0x20","0x20","0x20","0x20","0x20","0x20","0x20","0x20"
"3","0x0","0x1","0b0000000000000000","0b0000000000000000","0","0","0b0000000000000000","0b0000000000000000","0b0000000000000000","0b0000000000000000","0","0b0000000000000000","0b0000000000000000","0x00000000","0x00000000","0x00000000","0x00000000","0x00000000","0x00000000","0x00000000","0x00000000","0x00000000","0x00000000","0x00000000","0x00000000","0x00000000","0x00000000","0x00000000","0x00000000","0x00000000","0x00000000","0x00000000","0x00000000","0x00000000","0x00000000","0x00000000","0x00000000","0x00000000","0x00000000","0x00000000","0x00000001","0xFFFFFFFF","0x00000000","0x00000000","0x00000040","0","0","0","0","0","0","0","0","0x0","0x0","0x0","0x0","0","0","0","0","0","0","0","0","0","0","0","0","0x00","0x00","0x00","0x00","0x0","0x0","0x0","0x0","0x00000000","0x00000000","0x00000000","0x00000000","0x00000000","0x00000000","0x00000000","0x00000000","0x00","0x00","0x00","0x00","0x00","0x00","0x00","0x00","0x000","0x000","0x000","0x000","0x000","0x000","0x000","0x000","0xFF","0x00","0x00","0x20","0x20","0x20","0x20","0x20","0x20","0x20","0x20","0x20","0x20","0x20","0x20","0x20","0x20","0x20","0x20","0x20","0x20","0x20","0x20","0x20","0x20","0x20","0x20","0x20","0x20","0x20","0x20","0x20","0x20","0x20","0x20"
"4","0x0","0x1","0b0000000000000000","0b0000000000000000","0","0","0b0000000000000000","0b0000000000000000","0b0000000000000000","0b0000000000000000","1","0b0000000000000000","0b0000000000000000","0x00000000","0x00000000","0x00000000","0x00000000","0x00000000","0x00000000","0x00000000","0x00000000","0x00000000","0x00000000","0x00000000","0x00000000","0x00000000","0x00000000","0x00000000","0x00000000","0x00000000","0x00000000","0x00000000","0x00000000","0x00000000","0x00000000","0x00000000","0x00000000","0x00000000","0x00000000","0x00000000","0x00000001","0xFFFFFFFF","0x00000000","0x00000000","0x00000040","0","0","0","0","0","0","0","0","0x0","0x0","0x0","0x0","0","0","0","0","0","0","0","0","0","0","0","0","0x00","0x00","0x00","0x00","0x0","0x0","0x0","0x0","0x00000000","0x00000000","0x00000000","0x00000000","0x00000000","0x00000000","0x00000000","0x00000000","0x00","0x00","0x00","0x00","0x00","0x00","0x00","0x00","0x000","0x000","0x000","0x000","0x000","0x000","0x000","0x000","0xFF","0x00","0x00","0x20","0x20","0x20","0x20","0x20","0x20","0x20","0x20","0x20","0x20","0x20","0x20","0x20","0x20","0x20","0x20","0x20","0x20","0x20","0x20","0x20","0x20","0x20","0x20","0x20","0x20","0x20","0x20","0x20","0x20","0x20","0x20"
"5","0x0","0x1","0b0000000000000000","0b0000000000000000","0","0","0b0000000000000000","0b0000000000000000","0b0000000000000000","0b0000000000000000","0","0b0000000000000000","0b0000000000000000","0x00000000","0x00000000","0x00000000","0x00000000","0x00000000","0x00000000","0x00000000","0x00000000","0x00000000","0x00000000","0x00000000","0x00000000","0x00000000","0x00000000","0x00000000","0x00000000","0x00000000","0x00000000","0x00000000","0x00000000","0x00000000","0x00000000","0x00000000","0x00000000","0x00000000","0x00000000","0x00000000","0x00000001","0xFFFFFFFF","0x00000000","0x00000000","0x00000040","0","0","0","0","0","0","0","0","0x0","0x0","0x0","0x0","0","0","0","0","0","0","0","0","0","0","0","0","0x00","0x00","0x00","0x00","0x0","0x0","0x0","0x0","0x00000000","0x00000000","0x00000000","0x00000000","0x00000000","0x00000000","0x00000000","0x00000000","0x00","0x00","0x00","0x00","0x00","0x00","0x00","0x00","0x000","0x000","0x000","0x000","0x000","0x000","0x000","0x000","0xFF","0x00","0x00","0x20","0x20","0x20","0x20","0x20","0x20","0x20","0x20","0x20","0x20","0x20","0x20","0x20","0x20","0x20","0x20","0x20","0x20","0x20","0x20","0x20","0x20","0x20","0x20","0x20","0x20","0x20","0x20","0x20","0x20","0x20","0x20"
"6","0x0","0x1","0b0000000000000000","0b0000000000000000","0","0","0b0000000000000000","0b0000000000000000","0b0000000000000000","0b0000000000000000","1","0b0000000000000000","0b0000000000000000","0x00000000","0x00000000","0x00000000","0x00000000","0x00000000","0x00000000","0x00000000","0x00000000","0x00000000","0x00000000","0x00000000","0x00000000","0x00000000","0x00000000","0x00000000","0x00000000","0x00000000","0x00000000","0x00000000","0x00000000","0x00000000","0x00000000","0x00000000","0x00000000","0x00000000","0x00000000","0x00000000","0x00000001","0xFFFFFFFF","0x00000000","0x00000000","0x00000040","0","0","0","0","0","0","0","0","0x0","0x0","0x0","0x0","0","0","0","0","0","0","0","0","0","0","0","0","0x00","0x00","0x00","0x00","0x0","0x0","0x0","0x0","0x00000000","0x00000000","0x00000000","0x00000000","0x00000000","0x00000000","0x00000000","0x00000000","0x00","0x00","0x00","0x00","0x00","0x00","0x00","0x00","0x000","0x000","0x000","0x000","0x000","0x000","0x000","0x000","0xFF","0x00","0x00","0x20","0x20","0x20","0x20","0x20","0x20","0x20","0x20","0x20","0x20","0x20","0x20","0x20","0x20","0x20","0x20","0x20","0x20","0x20","0x20","0x20","0x20","0x20","0x20","0x20","0x20","0x20","0x20","0x20","0x20","0x20","0x20"
"7","0x0","0x1","0b0000000000000000","0b0000000000000000","0","0","0b0000000000000000","0b0000000000000000","0b0000000000000000","0b0000000000000000","0","0b0000000000000000","0b0000000000000000","0x00000000","0x00000000","0x00000000","0x00000000","0x00000000","0x00000000","0x00000000","0x00000000","0x00000000","0x00000000","0x00000000","0x00000000","0x00000000","0x00000000","0x00000000","0x00000000","0x00000000","0x00000000","0x00000000","0x00000000","0x00000000","0x00000000","0x00000000","0x00000000","0x00000000","0x00000000","0x00000000","0x00000001","0xFFFFFFFF","0x00000000","0x00000000","0x00000040","0","0","0","0","0","0","0","0","0x0","0x0","0x0","0x0","0","0","0","0","0","0","0","0","0","0","0","0","0x00","0x00","0x00","0x00","0x0","0x0","0x0","0x0","0x00000000","0x00000000","0x00000000","0x00000000","0x00000000","0x00000000","0x00000000","0x00000000","0x00","0x00","0x00","0x00","0x00","0x00","0x00","0x00","0x000","0x000","0x000","0x000","0x000","0x000","0x000","0x000","0xFF","0x00","0x00","0x20","0x20","0x20","0x20","0x20","0x20","0x20","0x20","0x20","0x20","0x20","0x20","0x20","0x20","0x20","0x20","0x20","0x20","0x20","0x20","0x20","0x20","0x20","0x20","0x20","0x20","0x20","0x20","0x20","0x20","0x20","0x20"
"8","0x0","0x1","0b0000000000000000","0b0000000000000000","0","0","0b0000000000000000","0b0000000000000000","0b0000000000000000","0b0000000000000000","1","0b0000000000000000","0b0000000000000000","0x00000000","0x00000000","0x00000000","0x00000000","0x00000000","0x00000000","0x00000000","0x00000000","0x00000000","0x00000000","0x00000000","0x00000000","0x00000000","0x00000000","0x00000000","0x00000000","0x00000000","0x00000000","0x00000000","0x00000000","0x00000000","0x00000000","0x00000000","0x00000000","0x00000000","0x00000000","0x00000000","0x00000001","0xFFFFFFFF","0x00000000","0x00000000","0x00000040","0","0","0","0","0","0","0","0","0x0","0x0","0x0","0x0","0","0","0","0","0","0","0","0","0","0","0","0","0x00","0x00","0x00","0x00","0x0","0x0","0x0","0x0","0x00000000","0x00000000","0x00000000","0x00000000","0x00000000","0x00000000","0x00000000","0x00000000","0x00","0x00","0x00","0x00","0x00","0x00","0x00","0x00","0x000","0x000","0x000","0x000","0x000","0x000","0x000","0x000","0xFF","0x00","0x00","0x20","0x20","0x20","0x20","0x20","0x20","0x20","0x20","0x20","0x20","0x20","0x20","0x20","0x20","0x20","0x20","0x20","0x20","0x20","0x20","0x20","0x20","0x20","0x20","0x20","0x20","0x20","0x20","0x20","0x20","0x20","0x20"
"9","0x0","0x1","0b0000000000000000","0b0000000000000000","0","0","0b0000000000000000","0b0000000000000000","0b0000000000000000","0b0000000000000000","0","0b0000000000000000","0b0000000000000000","0x00000000","0x00000000","0x00000000","0x00000000","0x00000000","0x00000000","0x00000000","0x00000000","0x00000000","0x00000000","0x00000000","0x00000000","0x00000000","0x00000000","0x00000000","0x00000000","0x00000000","0x00000000","0x00000000","0x00000000","0x00000000","0x00000000","0x00000000","0x00000000","0x00000000","0x00000000","0x00000000","0x00000001","0xFFFFFFFF","0x00000000","0x00000000","0x00000040","0","0","0","0","0","0","0","0","0x0","0x0","0x0","0x0","0","0","0","0","0","0","0","0","0","0","0","0","0x00","0x00","0x00","0x00","0x0","0x0","0x0","0x0","0x00000000","0x00000000","0x00000000","0x00000000","0x00000000","0x00000000","0x00000000","0x00000000","0x00","0x00","0x00","0x00","0x00","0x00","0x00","0x00","0x000","0x000","0x000","0x000","0x000","0x000","0x000","0x000","0xFF","0x00","0x00","0x20","0x20","0x20","0x20","0x20","0x20","0x20","0x20","0x20","0x20","0x20","0x20","0x20","0x20","0x20","0x20","0x20","0x20","0x20","0x20","0x20","0x20","0x20","0x20","0x20","0x20","0x20","0x20","0x20","0x20","0x20","0x20"
"10","0x0","0x1","0b0000000000000000","0b0000000000000000","0","0","0b0000000000000000","0b0000000000000000","0b0000000000000000","0b0000000000000000","1","0b0000000000000000","0b0000000000000000","0x00000000","0x00000000","0x00000000","0x00000000","0x00000000","0x00000000","0x00000000","0x00000000","0x00000000","0x00000000","0x00000000","0x00000000","0x00000000","0x00000000","0x00000000","0x00000000","0x00000000","0x00000000","0x00000000","0x00000000","0x00000000","0x00000000","0x00000000","0x00000000","0x00000000","0x00000000","0x00000000","0x00000001","0xFFFFFFFF","0x00000000","0x00000000","0x00000040","0","0","0","0","0","0","0","0","0x0","0x0","0x0","0x0","0","0","0","0","0","0","0","0","0","0","0","0","0x00","0x00","0x00","0x00","0x0","0x0","0x0","0x0","0x00000000","0x00000000","0x00000000","0x00000000","0x00000000","0x00000000","0x00000000","0x00000000","0x00","0x00","0x00","0x00","0x00","0x00","0x00","0x00","0x000","0x000","0x000","0x000","0x000","0x000","0x000","0x000","0xFF","0x00","0x00","0x20","0x20","0x20","0x20","0x20","0x20","0x20","0x20","0x20","0x20","0x20","0x20","0x20","0x20","0x20","0x20","0x20","0x20","0x20","0x20","0x20","0x20","0x20","0x20","0x20","0x20","0x20","0x20","0x20","0x20","0x20","0x20"
"11","0x0","0x1","0b0000000000000000","0b0000000000000000","0","0","0b0000000000000000","0b0000000000000000","0b0000000000000000","0b0000000000000000","0","0b0000000000000000","0b0000000000000000","0x00000000","0x00000000","0x00000000","0x00000000","0x00000000","0x00000000","0x00000000","0x00000000","0x00000000","0x00000000","0x00000000","0x00000000","0x00000000","0x00000000","0x00000000","0x00000000","0x00000000","0x00000000","0x00000000","0x00000000","0x00000000","0x00000000","0x00000000","0x00000000","0x00000000","0x00000000","0x00000000","0x00000001","0xFFFFFFFF","0x00000000","0x00000000","0x00000040","0","0","0","0","0","0","0","0","0x0","0x0","0x0","0x0","0","0","0","0","0","0","0","0","0","0","0","0","0x00","0x00","0x00","0x00","0x0","0x0","0x0","0x0","0x00000000","0x00000000","0x00000000","0x00000000","0x00000000","0x00000000","0x00000000","0x00000000","0x00","0x00","0x00","0x00","0x00","0x00","0x00","0x00","0x000","0x000","0x000","0x000","0x000","0x000","0x000","0x000","0xFF","0x00","0x00","0x20","0x20","0x20","0x20","0x20","0x20","0x20","0x20","0x20","0x20","0x20","0x20","0x20","0x20","0x20","0x20","0x20","0x20","0x20","0x20","0x20","0x20","0x20","0x20","0x20","0x20","0x20","0x20","0x20","0x20","0x20","0x20"
"12","0x0","0x1","0b0000000000000000","0b0000000000000000","0","0","0b0000000000000000","0b0000000000000000","0b0000000000000000","0b0000000000000000","1","0b0000000000000000","0b0000000000000000","0x00000000","0x00000000","0x00000000","0x00000000","0x00000000","0x00000000","0x00000000","0x00000000","0x00000000","0x00000000","0x00000000","0x00000000","0x00000000","0x00000000","0x00000000","0x00000000","0x00000000","0x00000000","0x00000000","0x00000000","0x00000000","0x00000000","0x00000000","0x00000000","0x00000000","0x00000000","0x00000000","0x00000001","0xFFFFFFFF","0x00000000","0x00000000","0x00000040","0","0","0","0","0","0","0","0","0x0","0x0","0x0","0x0","0","0","0","0","0","0","0","0","0","0","0","0","0x00","0x00","0x00","0x00","0x0","0x0","0x0","0x0","0x00000000","0x00000000","0x00000000","0x00000000","0x00000000","0x00000000","0x00000000","0x00000000","0x00","0x00","0x00","0x00","0x00","0x00","0x00","0x00","0x000","0x000","0x000","0x000","0x000","0x000","0x000","0x000","0xFF","0x00","0x00","0x20","0x20","0x20","0x20","0x20","0x20","0x20","0x20","0x20","0x20","0x20","0x20","0x20","0x20","0x20","0x20","0x20","0x20","0x20","0x20","0x20","0x20","0x20","0x20","0x20","0x20","0x20","0x20","0x20","0x20","0x20","0x20"
"13","0x0","0x1","0b0000000000000000","0b0000000000000000","0","0","0b0000000000000000","0b0000000000000000","0b0000000000000000","0b0000000000000000","0","0b0000000000000000","0b0000000000000000","0x00000000","0x00000000","0x00000000","0x00000000","0x00000000","0x00000000","0x00000000","0x00000000","0x00000000","0x00000000","0x00000000","0x00000000","0x00000000","0x00000000","0x00000000","0x00000000","0x00000000","0x00000000","0x00000000","0x00000000","0x00000000","0x00000000","0x00000000","0x00000000","0x00000000","0x00000000","0x00000000","0x00000001","0xFFFFFFFF","0x00000000","0x00000000","0x00000040","0","0","0","0","0","0","0","0","0x0","0x0","0x0","0x0","0","0","0","0","0","0","0","0","0","0","0","0","0x00","0x00","0x00","0x00","0x0","0x0","0x0","0x0","0x00000000","0x00000000","0x00000000","0x00000000","0x00000000","0x00000000","0x00000000","0x00000000","0x00","0x00","0x00","0x00","0x00","0x00","0x00","0x00","0x000","0x000","0x000","0x000","0x000","0x000","0x000","0x000","0xFF","0x00","0x00","0x20","0x20","0x20","0x20","0x20","0x20","0x20","0x20","0x20","0x20","0x20","0x20","0x20","0x20","0x20","0x20","0x20","0x20","0x20","0x20","0x20","0x20","0x20","0x20","0x20","0x20","0x20","0x20","0x20","0x20","0x20","0x20"
"14","0x0","0x1","0b0000000000000000","0b0000000000000000","0","0","0b0000000000000000","0b0000000000000000","0b0000000000000000","0b0000000000000000","1","0b0000000000000000","0b0000000000000000","0x00000000","0x00000000","0x00000000","0x00000000","0x00000000","0x00000000","0x00000000","0x00000000","0x00000000","0x00000000","0x00000000","0x00000000","0x00000000","0x00000000","0x00000000","0x00000000","0x00000000","0x00000000","0x00000000","0x00000000","0x00000000","0x00000000","0x00000000","0x00000000","0x00000000","0x00000000","0x00000000","0x00000001","0xFFFFFFFF","0x00000000","0x00000000","0x00000040","0","0","0","0","0","0","0","0","0x0","0x0","0x0","0x0","0","0","0","0","0","0","0","0","0","0","0","0","0x00","0x00","0x00","0x00","0x0","0x0","0x0","0x0","0x00000000","0x00000000","0x00000000","0x00000000","0x00000000","0x00000000","0x00000000","0x00000000","0x00","0x00","0x00","0x00","0x00","0x00","0x00","0x00","0x000","0x000","0x000","0x000","0x000","0x000","0x000","0x000","0xFF","0x00","0x00","0x20","0x20","0x20","0x20","0x20","0x20","0x20","0x20","0x20","0x20","0x20","0x20","0x20","0x20","0x20","0x20","0x20","0x20","0x20","0x20","0x20","0x20","0x20","0x20","0x20","0x20","0x20","0x20","0x20","0x20","0x20","0x20"
"15","0x0","0x1","0b0000000000000000","0b0000000000000000","0","0","0b0000000000000000","0b0000000000000000","0b0000000000000000","0b0000000000000000","0","0b0000000000000000","0b0000000000000000","0x00000000","0x00000000","0x00000000","0x00000000","0x00000000","0x00000000","0x00000000","0x00000000","0x00000000","0x00000000","0x00000000","0x00000000","0x00000000","0x00000000","0x00000000","0x00000000","0x00000000","0x00000000","0x00000000","0x00000000","0x00000000","0x00000000","0x00000000","0x00000000","0x00000000","0x00000000","0x00000000","0x00000001","0xFFFFFFFF","0x00000000","0x00000000","0x00000040","0","0","0","0","0","0","0","0","0x0","0x0","0x0","0x0","0","0","0","0","0","0","0","0","0","0","0","0","0x00","0x00","0x00","0x00","0x0","0x0","0x0","0x0","0x00000000","0x00000000","0x00000000","0x00000000","0x00000000","0x00000000","0x00000000","0x00000000","0x00","0x00","0x00","0x00","0x00","0x00","0x00","0x00","0x000","0x000","0x000","0x000","0x000","0x000","0x000","0x000","0xFF","0x00","0x00","0x20","0x20","0x20","0x20","0x20","0x20","0x20","0x20","0x20","0x20","0x20","0x20","0x20","0x20","0x20","0x20","0x20","0x20","0x20","0x20","0x20","0x20","0x20","0x20","0x20","0x20","0x20","0x20","0x20","0x20","0x20","0x20"
"16","0x0","0x1","0b0000000000000000","0b0000000000000000","0","0","0b0000000000000000","0b0000000000000000","0b0000000000000000","0b0000000000000000","1","0b0000000000000000","0b0000000000000000","0x00000000","0x00000000","0x00000000","0x00000000","0x00000000","0x00000000","0x00000000","0x00000000","0x00000000","0x00000000","0x00000000","0x00000000","0x00000000","0x00000000","0x00000000","0x00000000","0x00000000","0x00000000","0x00000000","0x00000000","0x00000000","0x00000000","0x00000000","0x00000000","0x00000000","0x00000000","0x00000000","0x00000001","0xFFFFFFFF","0x00000000","0x00000000","0x00000040","0","0","0","0","0","0","0","0","0x0","0x0","0x0","0x0","0","0","0","0","0","0","0","0","0","0","0","0","0x00","0x00","0x00","0x00","0x0","0x0","0x0","0x0","0x00000000","0x00000000","0x00000000","0x00000000","0x00000000","0x00000000","0x00000000","0x00000000","0x00","0x00","0x00","0x00","0x00","0x00","0x00","0x00","0x000","0x000","0x000","0x000","0x000","0x000","0x000","0x000","0xFF","0x00","0x00","0x20","0x20","0x20","0x20","0x20","0x20","0x20","0x20","0x20","0x20","0x20","0x20","0x20","0x20","0x20","0x20","0x20","0x20","0x20","0x20","0x20","0x20","0x20","0x20","0x20","0x20","0x20","0x20","0x20","0x20","0x20","0x20"
"17","0x0","0x1","0b0000000000000000","0b0000000000000000","0","0","0b0000000000000000","0b0000000000000000","0b0000000000000000","0b0000000000000000","0","0b0000000000000000","0b0000000000000000","0x00000000","0x00000000","0x00000000","0x00000000","0x00000000","0x00000000","0x00000000","0x00000000","0x00000000","0x00000000","0x00000000","0x00000000","0x00000000","0x00000000","0x00000000","0x00000000","0x00000000","0x00000000","0x00000000","0x00000000","0x00000000","0x00000000","0x00000000","0x00000000","0x00000000","0x00000000","0x00000000","0x00000001","0xFFFFFFFF","0x00000000","0x00000000","0x00000040","0","0","0","0","0","0","0","0","0x0","0x0","0x0","0x0","0","0","0","0","0","0","0","0","0","0","0","0","0x00","0x00","0x00","0x00","0x0","0x0","0x0","0x0","0x00000000","0x00000000","0x00000000","0x00000000","0x00000000","0x00000000","0x00000000","0x00000000","0x00","0x00","0x00","0x00","0x00","0x00","0x00","0x00","0x000","0x000","0x000","0x000","0x000","0x000","0x000","0x000","0x00","0x00","0x00","0x20","0x20","0x20","0x20","0x20","0x20","0x20","0x20","0x20","0x20","0x20","0x20","0x20","0x20","0x20","0x20","0x20","0x20","0x20","0x20","0x20","0x20","0x20","0x20","0x20","0x20","0x20","0x20","0x20","0x20","0x20","0x20"
"18","0x0","0x1","0b0000000000000000","0b0000000000000000","0","0","0b0000000000000000","0b0000000000000000","0b0000000000000000","0b0000000000000000","1","0b0000000000000000","0b0000000000000000","0x00000000","0x00000000","0x00000000","0x00000000","0x00000000","0x00000000","0x00000000","0x00000000","0x00000000","0x00000000","0x00000000","0x00000000","0x00000000","0x00000000","0x00000000","0x00000000","0x00000000","0x00000000","0x00000000","0x00000000","0x00000000","0x00000000","0x00000000","0x00000000","0x00000000","0x00000000","0x00000000","0x00000001","0xFFFFFFFF","0x00000000","0x00000000","0x00000040","0","0","0","0","0","0","0","0","0x0","0x0","0x0","0x0","0","0","0","0","0","0","0","0","0","0","0","0","0x00","0x00","0x00","0x00","0x0","0x0","0x0","0x0","0x00000000","0x00000000","0x00000000","0x00000000","0x00000000","0x00000000","0x00000000","0x00000000","0x00","0x00","0x00","0x00","0x00","0x00","0x00","0x00","0x000","0x000","0x000","0x000","0x000","0x000","0x000","0x000","0x00","0x00","0x00","0x20","0x20","0x20","0x20","0x20","0x20","0x20","0x20","0x20","0x20","0x20","0x20","0x20","0x20","0x20","0x20","0x20","0x20","0x20","0x20","0x20","0x20","0x20","0x20","0x20","0x20","0x20","0x20","0x20","0x20","0x20","0x20"
"19","0x0","0x1","0b0000000000000000","0b0000000000000000","0","0","0b0000000000000000","0b0000000000000000","0b0000000000000000","0b0000000000000000","0","0b0000000000000000","0b0000000000000000","0x00000000","0x00000000","0x00000000","0x00000000","0x00000000","0x00000000","0x00000000","0x00000000","0x00000000","0x00000000","0x00000000","0x00000000","0x00000000","0x00000000","0x00000000","0x00000000","0x00000000","0x00000000","0x00000000","0x00000000","0x00000000","0x00000000","0x00000000","0x00000000","0x00000000","0x00000000","0x00000000","0x00000001","0xFFFFFFFF","0x00000000","0x00000000","0x00000040","0","0","0","0","0","0","0","0","0x0","0x0","0x0","0x0","0","0","0","0","0","0","0","0","0","0","0","0","0x00","0x00","0x00","0x00","0x0","0x0","0x0","0x0","0x00000000","0x00000000","0x00000000","0x00000000","0x00000000","0x00000000","0x00000000","0x00000000","0x00","0x00","0x00","0x00","0x00","0x00","0x00","0x00","0x000","0x000","0x000","0x000","0x000","0x000","0x000","0x000","0x00","0x00","0x00","0x20","0x20","0x20","0x20","0x20","0x20","0x20","0x20","0x20","0x20","0x20","0x20","0x20","0x20","0x20","0x20","0x20","0x20","0x20","0x20","0x20","0x20","0x20","0x20","0x20","0x20","0x20","0x20","0x20","0x20","0x20","0x20"
"20","0x0","0x1","0b0000000000000000","0b0000000000000000","0","0","0b0000000000000000","0b0000000000000000","0b0000000000000000","0b0000000000000000","1","0b0000000000000000","0b0000000000000000","0x00000000","0x00000000","0x00000000","0x00000000","0x00000000","0x00000000","0x00000000","0x00000000","0x00000000","0x00000000","0x00000000","0x00000000","0x00000000","0x00000000","0x00000000","0x00000000","0x00000000","0x00000000","0x00000000","0x00000000","0x00000000","0x00000000","0x00000000","0x00000000","0x00000000","0x00000000","0x00000000","0x00000001","0xFFFFFFFF","0x00000000","0x00000000","0x00000040","0","0","0","0","0","0","0","0","0x0","0x0","0x0","0x0","0","0","0","0","0","0","0","0","0","0","0","0","0x00","0x00","0x00","0x00","0x0","0x0","0x0","0x0","0x00000000","0x00000000","0x00000000","0x00000000","0x00000000","0x00000000","0x00000000","0x00000000","0x00","0x00","0x00","0x00","0x00","0x00","0x00","0x00","0x000","0x000","0x000","0x000","0x000","0x000","0x000","0x000","0x00","0x00","0x00","0x20","0x20","0x20","0x20","0x20","0x20","0x20","0x20","0x20","0x20","0x20","0x20","0x20","0x20","0x20","0x20","0x20","0x20","0x20","0x20","0x20","0x20","0x20","0x20","0x20","0x20","0x20","0x20","0x20","0x20","0x20","0x20"
"21","0x0","0x1","0b0000000000000000","0b0000000000000000","0","0","0b0000000000000000","0b0000000000000000","0b0000000000000000","0b0000000000000000","0","0b0000000000000000","0b0000000000000000","0x00000000","0x00000000","0x00000000","0x00000000","0x00000000","0x00000000","0x00000000","0x00000000","0x00000000","0x00000000","0x00000000","0x00000000","0x00000000","0x00000000","0x00000000","0x00000000","0x00000000","0x00000000","0x00000000","0x00000000","0x00000000","0x00000000","0x00000000","0x00000000","0x00000000","0x00000000","0x00000000","0x00000001","0xFFFFFFFF","0x00000000","0x00000000","0x00000040","0","0","0","0","0","0","0","0","0x0","0x0","0x0","0x0","0","0","0","0","0","0","0","0","0","0","0","0","0x00","0x00","0x00","0x00","0x0","0x0","0x0","0x0","0x00000000","0x00000000","0x00000000","0x00000000","0x00000000","0x00000000","0x00000000","0x00000000","0x00","0x00","0x00","0x00","0x00","0x00","0x00","0x00","0x000","0x000","0x000","0x000","0x000","0x000","0x000","0x000","0x00","0x00","0x00","0x20","0x20","0x20","0x20","0x20","0x20","0x20","0x20","0x20","0x20","0x20","0x20","0x20","0x20","0x20","0x20","0x20","0x20","0x20","0x20","0x20","0x20","0x20","0x20","0x20","0x20","0x20","0x20","0x20","0x20","0x20","0x20"
"22","0x0","0x1","0b0000000000000000","0b0000000000000000","0","0","0b0000000000000000","0b0000000000000000","0b0000000000000000","0b0000000000000000","1","0b0000000000000000","0b0000000000000000","0x00000000","0x00000000","0x00000000","0x00000000","0x00000000","0x00000000","0x00000000","0x00000000","0x00000000","0x00000000","0x00000000","0x00000000","0x00000000","0x00000000","0x00000000","0x00000000","0x00000000","0x00000000","0x00000000","0x00000000","0x00000000","0x00000000","0x00000000","0x00000000","0x00000000","0x00000000","0x00000000","0x00000001","0xFFFFFFFF","0x00000000","0x00000000","0x00000040","0","0","0","0","0","0","0","0","0x0","0x0","0x0","0x0","0","0","0","0","0","0","0","0","0","0","0","0","0x00","0x00","0x00","0x00","0x0","0x0","0x0","0x0","0x00000000","0x00000000","0x00000000","0x00000000","0x00000000","0x00000000","0x00000000","0x00000000","0x00","0x00","0x00","0x00","0x00","0x00","0x00","0x00","0x000","0x000","0x000","0x000","0x000","0x000","0x000","0x000","0x00","0x00","0x00","0x20","0x20","0x20","0x20","0x20","0x20","0x20","0x20","0x20","0x20","0x20","0x20","0x20","0x20","0x20","0x20","0x20","0x20","0x20","0x20","0x20","0x20","0x20","0x20","0x20","0x20","0x20","0x20","0x20","0x20","0x20","0x20"
"23","0x0","0x1","0b0000000000000000","0b0000000000000000","0","0","0b0000000000000000","0b0000000000000000","0b0000000000000000","0b0000000000000000","0","0b0000000000000000","0b0000000000000000","0x00000000","0x00000000","0x00000000","0x00000000","0x00000000","0x00000000","0x00000000","0x00000000","0x00000000","0x00000000","0x00000000","0x00000000","0x00000000","0x00000000","0x00000000","0x00000000","0x00000000","0x00000000","0x00000000","0x00000000","0x00000000","0x00000000","0x00000000","0x00000000","0x00000000","0x00000000","0x00000000","0x00000001","0xFFFFFFFF","0x00000000","0x00000000","0x00000040","0","0","0","0","0","0","0","0","0x0","0x0","0x0","0x0","0","0","0","0","0","0","0","0","0","0","0","0","0x00","0x00","0x00","0x00","0x0","0x0","0x0","0x0","0x00000000","0x00000000","0x00000000","0x00000000","0x00000000","0x00000000","0x00000000","0x00000000","0x00","0x00","0x00","0x00","0x00","0x00","0x00","0x00","0x000","0x000","0x000","0x000","0x000","0x000","0x000","0x000","0x00","0x00","0x00","0x20","0x20","0x20","0x20","0x20","0x20","0x20","0x20","0x20","0x20","0x20","0x20","0x20","0x20","0x20","0x20","0x20","0x20","0x20","0x20","0x20","0x20","0x20","0x20","0x20","0x20","0x20","0x20","0x20","0x20","0x20","0x20"
"24","0x0","0x1","0b0000000000000000","0b0000000000000000","0","0","0b0000000000000000","0b0000000000000000","0b0000000000000000","0b0000000000000000","1","0b0000000000000000","0b0000000000000000","0x00000000","0x00000000","0x00000000","0x00000000","0x00000000","0x00000000","0x00000000","0x00000000","0x00000000","0x00000000","0x00000000","0x00000000","0x00000000","0x00000000","0x00000000","0x00000000","0x00000000","0x00000000","0x00000000","0x00000000","0x00000000","0x00000000","0x00000000","0x00000000","0x00000000","0x00000000","0x00000000","0x00000001","0xFFFFFFFF","0x00000000","0x00000000","0x00000040","0","0","0","0","0","0","0","0","0x0","0x0","0x0","0x0","0","0","0","0","0","0","0","0","0","0","0","0","0x00","0x00","0x00","0x00","0x0","0x0","0x0","0x0","0x00000000","0x00000000","0x00000000","0x00000000","0x00000000","0x00000000","0x00000000","0x00000000","0x00","0x00","0x00","0x00","0x00","0x00","0x00","0x00","0x000","0x000","0x000","0x000","0x000","0x000","0x000","0x000","0x00","0x00","0x00","0x20","0x20","0x20","0x20","0x20","0x20","0x20","0x20","0x20","0x20","0x20","0x20","0x20","0x20","0x20","0x20","0x20","0x20","0x20","0x20","0x20","0x20","0x20","0x20","0x20","0x20","0x20","0x20","0x20","0x20","0x20","0x20"
"25","0x0","0x1","0b0000000000000000","0b0000000000000000","0","0","0b0000000000000000","0b0000000000000000","0b0000000000000000","0b0000000000000000","0","0b0000000000000000","0b0000000000000000","0x00000000","0x00000000","0x00000000","0x00000000","0x00000000","0x00000000","0x00000000","0x00000000","0x00000000","0x00000000","0x00000000","0x00000000","0x00000000","0x00000000","0x00000000","0x00000000","0x00000000","0x00000000","0x00000000","0x00000000","0x00000000","0x00000000","0x00000000","0x00000000","0x00000000","0x00000000","0x00000000","0x00000001","0xFFFFFFFF","0x00000000","0x00000000","0x00000040","0","0","0","0","0","0","0","0","0x0","0x0","0x0","0x0","0","0","0","0","0","0","0","0","0","0","0","0","0x00","0x00","0x00","0x00","0x0","0x0","0x0","0x0","0x00000000","0x00000000","0x00000000","0x00000000","0x00000000","0x00000000","0x00000000","0x00000000","0x00","0x00","0x00","0x00","0x00","0x00","0x00","0x00","0x000","0x000","0x000","0x000","0x000","0x000","0x000","0x000","0x00","0x00","0x00","0x20","0x20","0x20","0x20","0x20","0x20","0x20","0x20","0x20","0x20","0x20","0x20","0x20","0x20","0x20","0x20","0x20","0x20","0x20","0x20","0x20","0x20","0x20","0x20","0x20","0x20","0x20","0x20","0x20","0x20","0x20","0x20"
"26","0x0","0x1","0b0000000000000000","0b0000000000000000","0","0","0b0000000000000000","0b0000000000000000","0b0000000000000000","0b0000000000000000","1","0b0000000000000000","0b0000000000000000","0x00000000","0x00000000","0x00000000","0x00000000","0x00000000","0x00000000","0x00000000","0x00000000","0x00000000","0x00000000","0x00000000","0x00000000","0x00000000","0x00000000","0x00000000","0x00000000","0x00000000","0x00000000","0x00000000","0x00000000","0x00000000","0x00000000","0x00000000","0x00000000","0x00000000","0x00000000","0x00000000","0x00000001","0xFFFFFFFF","0x00000000","0x00000000","0x00000040","0","0","0","0","0","0","0","0","0x0","0x0","0x0","0x0","0","0","0","0","0","0","0","0","0","0","0","0","0x00","0x00","0x00","0x00","0x0","0x0","0x0","0x0","0x00000000","0x00000000","0x00000000","0x00000000","0x00000000","0x00000000","0x00000000","0x00000000","0x00","0x00","0x00","0x00","0x00","0x00","0x00","0x00","0x000","0x000","0x000","0x000","0x000","0x000","0x000","0x000","0x00","0x00","0x00","0x20","0x20","0x20","0x20","0x20","0x20","0x20","0x20","0x20","0x20","0x20","0x20","0x20","0x20","0x20","0x20","0x20","0x20","0x20","0x20","0x20","0x20","0x20","0x20","0x20","0x20","0x20","0x20","0x20","0x20","0x20","0x20"
"27","0x0","0x1","0b0000000000000000","0b0000000000000000","0","0","0b0000000000000000","0b0000000000000000","0b0000000000000000","0b0000000000000000","0","0b0000000000000000","0b0000000000000000","0x00000000","0x00000000","0x00000000","0x00000000","0x00000000","0x00000000","0x00000000","0x00000000","0x00000000","0x00000000","0x00000000","0x00000000","0x00000000","0x00000000","0x00000000","0x00000000","0x00000000","0x00000000","0x00000000","0x00000000","0x00000000","0x00000000","0x00000000","0x00000000","0x00000000","0x00000000","0x00000000","0x00000001","0xFFFFFFFF","0x00000000","0x00000000","0x00000040","0","0","0","0","0","0","0","0","0x0","0x0","0x0","0x0","0","0","0","0","0","0","0","0","0","0","0","0","0x00","0x00","0x00","0x00","0x0","0x0","0x0","0x0","0x00000000","0x00000000","0x00000000","0x00000000","0x00000000","0x00000000","0x00000000","0x00000000","0x00","0x00","0x00","0x00","0x00","0x00","0x00","0x00","0x000","0x000","0x000","0x000","0x000","0x000","0x000","0x000","0x00","0x00","0x00","0x20","0x20","0x20","0x20","0x20","0x20","0x20","0x20","0x20","0x20","0x20","0x20","0x20","0x20","0x20","0x20","0x20","0x20","0x20","0x20","0x20","0x20","0x20","0x20","0x20","0x20","0x20","0x20","0x20","0x20","0x20","0x20"
"28","0x0","0x1","0b0000000000000000","0b0000000000000000","0","0","0b0000000000000000","0b0000000000000000","0b0000000000000000","0b0000000000000000","1","0b0000000000000000","0b0000000000000000","0x00000000","0x00000000","0x00000000","0x00000000","0x00000000","0x00000000","0x00000000","0x00000000","0x00000000","0x00000000","0x00000000","0x00000000","0x00000000","0x00000000","0x00000000","0x00000000","0x00000000","0x00000000","0x00000000","0x00000000","0x00000000","0x00000000","0x00000000","0x00000000","0x00000000","0x00000000","0x00000000","0x00000001","0xFFFFFFFF","0x00000000","0x00000000","0x00000040","0","0","0","0","0","0","0","0","0x0","0x0","0x0","0x0","0","0","0","0","0","0","0","0","0","0","0","0","0x00","0x00","0x00","0x00","0x0","0x0","0x0","0x0","0x00000000","0x00000000","0x00000000","0x00000000","0x00000000","0x00000000","0x00000000","0x00000000","0x00","0x00","0x00","0x00","0x00","0x00","0x00","0x00","0x000","0x000","0x000","0x000","0x000","0x000","0x000","0x000","0x00","0x00","0x00","0x20","0x20","0x20","0x20","0x20","0x20","0x20","0x20","0x20","0x20","0x20","0x20","0x20","0x20","0x20","0x20","0x20","0x20","0x20","0x20","0x20","0x20","0x20","0x20","0x20","0x20","0x20","0x20","0x20","0x20","0x20","0x20"
"29","0x0","0x1","0b0000000000000000","0b0000000000000000","0","0","0b0000000000000000","0b0000000000000000","0b0000000000000000","0b0000000000000000","0","0b0000000000000000","0b0000000000000000","0x00000000","0x00000000","0x00000000","0x00000000","0x00000000","0x00000000","0x00000000","0x00000000","0x00000000","0x00000000","0x00000000","0x00000000","0x00000000","0x00000000","0x00000000","0x00000000","0x00000000","0x00000000","0x00000000","0x00000000","0x00000000","0x00000000","0x00000000","0x00000000","0x00000000","0x00000000","0x00000000","0x00000001","0xFFFFFFFF","0x00000000","0x00000000","0x00000040","0","0","0","0","0","0","0","0","0x0","0x0","0x0","0x0","0","0","0","0","0","0","0","0","0","0","0","0","0x00","0x00","0x00","0x00","0x0","0x0","0x0","0x0","0x00000000","0x00000000","0x00000000","0x00000000","0x00000000","0x00000000","0x00000000","0x00000000","0x00","0x00","0x00","0x00","0x00","0x00","0x00","0x00","0x000","0x000","0x000","0x000","0x000","0x000","0x000","0x000","0x00","0x00","0x00","0x20","0x20","0x20","0x20","0x20","0x20","0x20","0x20","0x20","0x20","0x20","0x20","0x20","0x20","0x20","0x20","0x20","0x20","0x20","0x20","0x20","0x20","0x20","0x20","0x20","0x20","0x20","0x20","0x20","0x20","0x20","0x20"
"30","0x0","0x1","0b0000000000000000","0b0000000000000000","0","0","0b0000000000000000","0b0000000000000000","0b0000000000000000","0b0000000000000000","1","0b0000000000000000","0b0000000000000000","0x00000000","0x00000000","0x00000000","0x00000000","0x00000000","0x00000000","0x00000000","0x00000000","0x00000000","0x00000000","0x00000000","0x00000000","0x00000000","0x00000000","0x00000000","0x00000000","0x00000000","0x00000000","0x00000000","0x00000000","0x00000000","0x00000000","0x00000000","0x00000000","0x00000000","0x00000000","0x00000000","0x00000001","0xFFFFFFFF","0x00000000","0x00000000","0x00000040","0","0","0","0","0","0","0","0","0x0","0x0","0x0","0x0","0","0","0","0","0","0","0","0","0","0","0","0","0x00","0x00","0x00","0x00","0x0","0x0","0x0","0x0","0x00000000","0x00000000","0x00000000","0x00000000","0x00000000","0x00000000","0x00000000","0x00000000","0x00","0x00","0x00","0x00","0x00","0x00","0x00","0x00","0x000","0x000","0x000","0x000","0x000","0x000","0x000","0x000","0x00","0x00","0x00","0x20","0x20","0x20","0x20","0x20","0x20","0x20","0x20","0x20","0x20","0x20","0x20","0x20","0x20","0x20","0x20","0x20","0x20","0x20","0x20","0x20","0x20","0x20","0x20","0x20","0x20","0x20","0x20","0x20","0x20","0x20","0x20"
"31","0x0","0x1","0b0000000000000000","0b0000000000000000","0","0","0b0000000000000000","0b0000000000000000","0b0000000000000000","0b0000000000000000","0","0b0000000000000000","0b0000000000000000","0x00000000","0x00000000","0x00000000","0x00000000","0x00000000","0x00000000","0x00000000","0x00000000","0x00000000","0x00000000","0x00000000","0x00000000","0x00000000","0x00000000","0x00000000","0x00000000","0x00000000","0x00000000","0x00000000","0x00000000","0x00000000","0x00000000","0x00000000","0x00000000","0x00000000","0x00000000","0x00000000","0x00000001","0xFFFFFFFF","0x00000000","0x00000000","0x00000040","0","0","0","0","0","0","0","0","0x0","0x0","0x0","0x0","0","0","0","0","0","0","0","0","0","0","0","0","0x00","0x00","0x00","0x00","0x0","0x0","0x0","0x0","0x00000000","0x00000000","0x00000000","0x00000000","0x00000000","0x00000000","0x00000000","0x00000000","0x00","0x00","0x00","0x00","0x00","0x00","0x00","0x00","0x000","0x000","0x000","0x000","0x000","0x000","0x000","0x000","0x00","0x00","0x00","0x20","0x20","0x20","0x20","0x20","0x20","0x20","0x20","0x20","0x20","0x20","0x20","0x20","0x20","0x20","0x20","0x20","0x20","0x20","0x20","0x20","0x20","0x20","0x20","0x20","0x20","0x20","0x20","0x20","0x20","0x20","0x20"
"32","0x0","0x1","0b0000000000000000","0b0000000000000000","0","0","0b0000000000000000","0b0000000000000000","0b0000000000000000","0b0000000000000000","1","0b0000000000000000","0b0000000000000000","0x00000000","0x00000000","0x00000000","0x00000000","0x00000000","0x00000000","0x00000000","0x00000000","0x00000000","0x00000000","0x00000000","0x00000000","0x00000000","0x00000000","0x00000000","0x00000000","0x00000000","0x00000000","0x00000000","0x00000000","0x00000000","0x00000000","0x00000000","0x00000000","0x00000000","0x00000000","0x00000000","0x00000001","0xFFFFFFFF","0x00000000","0x00000000","0x00000040","0","0","0","0","0","0","0","0","0x0","0x0","0x0","0x0","0","0","0","0","0","0","0","0","0","0","0","0","0x00","0x00","0x00","0x00","0x0","0x0","0x0","0x0","0x00000000","0x00000000","0x00000000","0x00000000","0x00000000","0x00000000","0x00000000","0x00000000","0x00","0x00","0x00","0x00","0x00","0x00","0x00","0x00","0x000","0x000","0x000","0x000","0x000","0x000","0x000","0x000","0x00","0x00","0x00","0x20","0x20","0x20","0x20","0x20","0x20","0x20","0x20","0x20","0x20","0x20","0x20","0x20","0x20","0x20","0x20","0x20","0x20","0x20","0x20","0x20","0x20","0x20","0x20","0x20","0x20","0x20","0x20","0x20","0x20","0x20","0x20"
"33","0x0","0x1","0b0000000000000000","0b0000000000000000","0","0","0b0000000000000000","0b0000000000000000","0b0000000000000000","0b0000000000000000","0","0b0000000000000000","0b0000000000000000","0x00000000","0x00000000","0x00000000","0x00000000","0x00000000","0x00000000","0x00000000","0x00000000","0x00000000","0x00000000","0x00000000","0x00000000","0x00000000","0x00000000","0x00000000","0x00000000","0x00000000","0x00000000","0x00000000","0x00000000","0x00000000","0x00000000","0x00000000","0x00000000","0x00000000","0x00000000","0x00000000","0x00000001","0xFFFFFFFF","0x00000000","0x00000000","0x00000040","0","0","0","0","0","0","0","0","0x0","0x0","0x0","0x0","0","0","0","0","0","0","0","0","0","0","0","0","0x00","0x00","0x00","0x00","0x0","0x0","0x0","0x0","0x00000000","0x00000000","0x00000000","0x00000000","0x00000000","0x00000000","0x00000000","0x00000000","0x00","0x00","0x00","0x00","0x00","0x00","0x00","0x00","0x000","0x000","0x000","0x000","0x000","0x000","0x000","0x000","0x00","0x00","0x00","0x20","0x20","0x20","0x20","0x20","0x20","0x20","0x20","0x20","0x20","0x20","0x20","0x20","0x20","0x20","0x20","0x20","0x20","0x20","0x20","0x20","0x20","0x20","0x20","0x20","0x20","0x20","0x20","0x20","0x20","0x20","0x20"
"34","0x0","0x1","0b0000000000000000","0b0000000000000000","0","0","0b0000000000000000","0b0000000000000000","0b0000000000000000","0b0000000000000000","1","0b0000000000000000","0b0000000000000000","0x00000000","0x00000000","0x00000000","0x00000000","0x00000000","0x00000000","0x00000000","0x00000000","0x00000000","0x00000000","0x00000000","0x00000000","0x00000000","0x00000000","0x00000000","0x00000000","0x00000000","0x00000000","0x00000000","0x00000000","0x00000000","0x00000000","0x00000000","0x00000000","0x00000000","0x00000000","0x00000000","0x00000001","0xFFFFFFFF","0x00000000","0x00000000","0x00000040","0","0","0","0","0","0","0","0","0x0","0x0","0x0","0x0","0","0","0","0","0","0","0","0","0","0","0","0","0x00","0x00","0x00","0x00","0x0","0x0","0x0","0x0","0x00000000","0x00000000","0x00000000","0x00000000","0x00000000","0x00000000","0x00000000","0x00000000","0x00","0x00","0x00","0x00","0x00","0x00","0x00","0x00","0x000","0x000","0x000","0x000","0x000","0x000","0x000","0x000","0x00","0x00","0x00","0x20","0x20","0x20","0x20","0x20","0x20","0x20","0x20","0x20","0x20","0x20","0x20","0x20","0x20","0x20","0x20","0x20","0x20","0x20","0x20","0x20","0x20","0x20","0x20","0x20","0x20","0x20","0x20","0x20","0x20","0x20","0x20"
"35","0x0","0x1","0b0000000000000000","0b0000000000000000","0","0","0b0000000000000000","0b0000000000000000","0b0000000000000000","0b0000000000000000","0","0b0000000000000000","0b0000000000000000","0x00000000","0x00000000","0x00000000","0x00000000","0x00000000","0x00000000","0x00000000","0x00000000","0x00000000","0x00000000","0x00000000","0x00000000","0x00000000","0x00000000","0x00000000","0x00000000","0x00000000","0x00000000","0x00000000","0x00000000","0x00000000","0x00000000","0x00000000","0x00000000","0x00000000","0x00000000","0x00000000","0x00000001","0xFFFFFFFF","0x00000000","0x00000000","0x00000040","0","0","0","0","0","0","0","0","0x0","0x0","0x0","0x0","0","0","0","0","0","0","0","0","0","0","0","0","0x00","0x00","0x00","0x00","0x0","0x0","0x0","0x0","0x00000000","0x00000000","0x00000000","0x00000000","0x00000000","0x00000000","0x00000000","0x00000000","0x00","0x00","0x00","0x00","0x00","0x00","0x00","0x00","0x000","0x000","0x000","0x000","0x000","0x000","0x000","0x000","0x00","0x00","0x00","0x20","0x20","0x20","0x20","0x20","0x20","0x20","0x20","0x20","0x20","0x20","0x20","0x20","0x20","0x20","0x20","0x20","0x20","0x20","0x20","0x20","0x20","0x20","0x20","0x20","0x20","0x20","0x20","0x20","0x20","0x20","0x20"
"36","0x0","0x1","0b0000000000000000","0b0000000000000000","0","0","0b0000000000000000","0b0000000000000000","0b0000000000000000","0b0000000000000000","1","0b0000000000000000","0b0000000000000000","0x00000000","0x00000000","0x00000000","0x00000000","0x00000000","0x00000000","0x00000000","0x00000000","0x00000000","0x00000000","0x00000000","0x00000000","0x00000000","0x00000000","0x00000000","0x00000000","0x00000000","0x00000000","0x00000000","0x00000000","0x00000000","0x00000000","0x00000000","0x00000000","0x00000000","0x00000000","0x00000000","0x00000001","0xFFFFFFFF","0x00000000","0x00000000","0x00000040","0","0","0","0","0","0","0","0","0x0","0x0","0x0","0x0","0","0","0","0","0","0","0","0","0","0","0","0","0x00","0x00","0x00","0x00","0x0","0x0","0x0","0x0","0x00000000","0x00000000","0x00000000","0x00000000","0x00000000","0x00000000","0x00000000","0x00000000","0x00","0x00","0x00","0x00","0x00","0x00","0x00","0x00","0x000","0x000","0x000","0x000","0x000","0x000","0x000","0x000","0x00","0x00","0x00","0x20","0x20","0x20","0x20","0x20","0x20","0x20","0x20","0x20","0x20","0x20","0x20","0x20","0x20","0x20","0x20","0x20","0x20","0x20","0x20","0x20","0x20","0x20","0x20","0x20","0x20","0x20","0x20","0x20","0x20","0x20","0x20"
"37","0x0","0x1","0b0000000000000000","0b0000000000000000","0","0","0b0000000000000000","0b0000000000000000","0b0000000000000000","0b0000000000000000","0","0b0000000000000000","0b0000000000000000","0x00000000","0x00000000","0x00000000","0x00000000","0x00000000","0x00000000","0x00000000","0x00000000","0x00000000","0x00000000","0x00000000","0x00000000","0x00000000","0x00000000","0x00000000","0x00000000","0x00000000","0x00000000","0x00000000","0x00000000","0x00000000","0x00000000","0x00000000","0x00000000","0x00000000","0x00000000","0x00000000","0x00000001","0xFFFFFFFF","0x00000000","0x00000000","0x00000040","0","0","0","0","0","0","0","0","0x0","0x0","0x0","0x0","0","0","0","0","0","0","0","0","0","0","0","0","0x00","0x00","0x00","0x00","0x0","0x0","0x0","0x0","0x00000000","0x00000000","0x00000000","0x00000000","0x00000000","0x00000000","0x00000000","0x00000000","0x00","0x00","0x00","0x00","0x00","0x00","0x00","0x00","0x000","0x000","0x000","0x000","0x000","0x000","0x000","0x000","0x00","0x00","0x00","0x20","0x20","0x20","0x20","0x20","0x20","0x20","0x20","0x20","0x20","0x20","0x20","0x20","0x20","0x20","0x20","0x20","0x20","0x20","0x20","0x20","0x20","0x20","0x20","0x20","0x20","0x20","0x20","0x20","0x20","0x20","0x20"
"38","0x0","0x1","0b0000000000000000","0b0000000000000000","0","0","0b0000000000000000","0b0000000000000000","0b0000000000000000","0b0000000000000000","1","0b0000000000000000","0b0000000000000000","0x00000000","0x00000000","0x00000000","0x00000000","0x00000000","0x00000000","0x00000000","0x00000000","0x00000000","0x00000000","0x00000000","0x00000000","0x00000000","0x00000000","0x00000000","0x00000000","0x00000000","0x00000000","0x00000000","0x00000000","0x00000000","0x00000000","0x00000000","0x00000000","0x00000000","0x00000000","0x00000000","0x00000001","0xFFFFFFFF","0x00000000","0x00000000","0x00000040","0","0","0","0","0","0","0","0","0x0","0x0","0x0","0x0","0","0","0","0","0","0","0","0","0","0","0","0","0x00","0x00","0x00","0x00","0x0","0x0","0x0","0x0","0x00000000","0x00000000","0x00000000","0x00000000","0x00000000","0x00000000","0x00000000","0x00000000","0x00","0x00","0x00","0x00","0x00","0x00","0x00","0x00","0x000","0x000","0x000","0x000","0x000","0x000","0x000","0x000","0x00","0x00","0x00","0x20","0x20","0x20","0x20","0x20","0x20","0x20","0x20","0x20","0x20","0x20","0x20","0x20","0x20","0x20","0x20","0x20","0x20","0x20","0x20","0x20","0x20","0x20","0x20","0x20","0x20","0x20","0x20","0x20","0x20","0x20","0x20"
"39","0x0","0x1","0b0000000000000000","0b0000000000000000","0","0","0b0000000000000000","0b0000000000000000","0b0000000000000000","0b0000000000000000","0","0b0000000000000000","0b0000000000000000","0x00000000","0x00000000","0x00000000","0x00000000","0x00000000","0x00000000","0x00000000","0x00000000","0x00000000","0x00000000","0x00000000","0x00000000","0x00000000","0x00000000","0x00000000","0x00000000","0x00000000","0x00000000","0x00000000","0x00000000","0x00000000","0x00000000","0x00000000","0x00000000","0x00000000","0x00000000","0x00000000","0x00000001","0xFFFFFFFF","0x00000000","0x00000000","0x00000040","0","0","0","0","0","0","0","0","0x0","0x0","0x0","0x0","0","0","0","0","0","0","0","0","0","0","0","0","0x00","0x00","0x00","0x00","0x0","0x0","0x0","0x0","0x00000000","0x00000000","0x00000000","0x00000000","0x00000000","0x00000000","0x00000000","0x00000000","0x00","0x00","0x00","0x00","0x00","0x00","0x00","0x00","0x000","0x000","0x000","0x000","0x000","0x000","0x000","0x000","0x00","0x00","0x00","0x20","0x20","0x20","0x20","0x20","0x20","0x20","0x20","0x20","0x20","0x20","0x20","0x20","0x20","0x20","0x20","0x20","0x20","0x20","0x20","0x20","0x20","0x20","0x20","0x20","0x20","0x20","0x20","0x20","0x20","0x20","0x20"
"40","0x0","0x1","0b0000000000000000","0b0000000000000000","0","0","0b0000000000000000","0b0000000000000000","0b0000000000000000","0b0000000000000000","1","0b0000000000000000","0b0000000000000000","0x00000000","0x00000000","0x00000000","0x00000000","0x00000000","0x00000000","0x00000000","0x00000000","0x00000000","0x00000000","0x00000000","0x00000000","0x00000000","0x00000000","0x00000000","0x00000000","0x00000000","0x00000000","0x00000000","0x00000000","0x00000000","0x00000000","0x00000000","0x00000000","0x00000000","0x00000000","0x00000000","0x00000001","0xFFFFFFFF","0x00000000","0x00000000","0x00000040","0","0","0","0","0","0","0","0","0x0","0x0","0x0","0x0","0","0","0","0","0","0","0","0","0","0","0","0","0x00","0x00","0x00","0x00","0x0","0x0","0x0","0x0","0x00000000","0x00000000","0x00000000","0x00000000","0x00000000","0x00000000","0x00000000","0x00000000","0x00","0x00","0x00","0x00","0x00","0x00","0x00","0x00","0x000","0x000","0x000","0x000","0x000","0x000","0x000","0x000","0x00","0x00","0x00","0x20","0x20","0x20","0x20","0x20","0x20","0x20","0x20","0x20","0x20","0x20","0x20","0x20","0x20","0x20","0x20","0x20","0x20","0x20","0x20","0x20","0x20","0x20","0x20","0x20","0x20","0x20","0x20","0x20","0x20","0x20","0x20"
"41","0x0","0x1","0b0000000000000000","0b0000000000000000","0","0","0b0000000000000000","0b0000000000000000","0b0000000000000000","0b0000000000000000","0","0b0000000000000000","0b0000000000000000","0x00000000","0x00000000","0x00000000","0x00000000","0x00000000","0x00000000","0x00000000","0x00000000","0x00000000","0x00000000","0x00000000","0x00000000","0x00000000","0x00000000","0x00000000","0x00000000","0x00000000","0x00000000","0x00000000","0x00000000","0x00000000","0x00000000","0x00000000","0x00000000","0x00000000","0x00000000","0x00000000","0x00000001","0xFFFFFFFF","0x00000000","0x00000000","0x00000040","0","0","0","0","0","0","0","0","0x0","0x0","0x0","0x0","0","0","0","0","0","0","0","0","0","0","0","0","0x00","0x00","0x00","0x00","0x0","0x0","0x0","0x0","0x00000000","0x00000000","0x00000000","0x00000000","0x00000000","0x00000000","0x00000000","0x00000000","0x00","0x00","0x00","0x00","0x00","0x00","0x00","0x00","0x000","0x000","0x000","0x000","0x000","0x000","0x000","0x000","0x00","0x00","0x00","0x20","0x20","0x20","0x20","0x20","0x20","0x20","0x20","0x20","0x20","0x20","0x20","0x20","0x20","0x20","0x20","0x20","0x20","0x20","0x20","0x20","0x20","0x20","0x20","0x20","0x20","0x20","0x20","0x20","0x20","0x20","0x20"
"42","0x0","0x1","0b0000000000000000","0b0000000000000000","0","0","0b0000000000000000","0b0000000000000000","0b0000000000000000","0b0000000000000000","1","0b0000000000000000","0b0000000000000000","0x00000000","0x00000000","0x00000000","0x00000000","0x00000000","0x00000000","0x00000000","0x00000000","0x00000000","0x00000000","0x00000000","0x00000000","0x00000000","0x00000000","0x00000000","0x00000000","0x00000000","0x00000000","0x00000000","0x00000000","0x00000000","0x00000000","0x00000000","0x00000000","0x00000000","0x00000000","0x00000000","0x00000001","0xFFFFFFFF","0x00000000","0x00000000","0x00000040","0","0","0","0","0","0","0","0","0x0","0x0","0x0","0x0","0","0","0","0","0","0","0","0","0","0","0","0","0x00","0x00","0x00","0x00","0x0","0x0","0x0","0x0","0x00000000","0x00000000","0x00000000","0x00000000","0x00000000","0x00000000","0x00000000","0x00000000","0x00","0x00","0x00","0x00","0x00","0x00","0x00","0x00","0x000","0x000","0x000","0x000","0x000","0x000","0x000","0x000","0x00","0x00","0x00","0x20","0x20","0x20","0x20","0x20","0x20","0x20","0x20","0x20","0x20","0x20","0x20","0x20","0x20","0x20","0x20","0x20","0x20","0x20","0x20","0x20","0x20","0x20","0x20","0x20","0x20","0x20","0x20","0x20","0x20","0x20","0x20"
"43","0x0","0x1","0b0000000000000000","0b0000000000000001","0","0","0b0000000000000000","0b0000000000000000","0b0000000000000000","0b0000000000000000","0","0b0000000000000000","0b0000000000000000","0x00000000","0x00000000","0x00000000","0x00000000","0x00000000","0x00000000","0x00000000","0x00000000","0x00000000","0x00000000","0x00000000","0x00000000","0x00000000","0x00000000","0x00000000","0x00000000","0x00000000","0x00000000","0x00000000","0x00000000","0x00000000","0x00000000","0x00000000","0x00000000","0x00000000","0x00000000","0x00000000","0x00000001","0xFFFFFFFF","0x00000000","0x00000000","0x00000040","0","0","0","0","0","0","0","0","0x0","0x0","0x0","0x0","0","0","0","0","0","0","0","0","0","0","0","0","0x00","0x00","0x00","0x00","0x0","0x0","0x0","0x0","0x1AC40400","0x00000000","0x00000000","0x00000000","0x00000000","0x00000000","0x00000000","0x00000000","0x00","0x00","0x00","0x00","0x00","0x00","0x00","0x00","0x000","0x000","0x000","0x000","0x000","0x000","0x000","0x000","0x00","0x01","0x01","0x20","0x20","0x20","0x20","0x20","0x20","0x20","0x20","0x20","0x20","0x20","0x20","0x20","0x20","0x20","0x20","0x20","0x20","0x20","0x20","0x20","0x20","0x20","0x20","0x00","0x20","0x20","0x20","0x20","0x20","0x20","0x20"
"44","0x0","0x1","0b0000000000000000","0b0000000000000001","0","0","0b0000000000000000","0b0000000000000000","0b0000000000000000","0b0000000000000000","1","0b0000000000000000","0b0000000000000000","0x00000000","0x00000000","0x00000000","0x00000000","0x00000000","0x00000000","0x00000000","0x00000000","0x00000000","0x00000000","0x00000000","0x00000000","0x00000000","0x00000000","0x00000000","0x00000000","0x00000000","0x00000000","0x00000000","0x00000000","0x00000000","0x00000000","0x00000000","0x00000000","0x00000000","0x00000000","0x00000000","0x00000001","0xFFFFFFFF","0x00000000","0x00000000","0x00000040","0","0","0","0","0","0","0","0","0x0","0x0","0x0","0x0","0","0","0","0","0","0","0","0","0","0","0","0","0x00","0x00","0x00","0x00","0x0","0x0","0x0","0x0","0x1AC40400","0x00000000","0x00000000","0x00000000","0x00000000","0x00000000","0x00000000","0x00000000","0x00","0x00","0x00","0x00","0x00","0x00","0x00","0x00","0x000","0x000","0x000","0x000","0x000","0x000","0x000","0x000","0x00","0x01","0x01","0x20","0x20","0x20","0x20","0x20","0x20","0x20","0x20","0x20","0x20","0x20","0x20","0x20","0x20","0x20","0x20","0x20","0x20","0x20","0x20","0x20","0x20","0x20","0x20","0x00","0x20","0x20","0x20","0x20","0x20","0x20","0x20"
"45","0x0","0x1","0b0000000000000000","0b0000000000000011","0","0","0b0000000000000000","0b0000000000000000","0b0000000000000000","0b0000000000000001","0","0b0000000000000000","0b0000000000000001","0x00000000","0x00000000","0x00000000","0x00000000","0x00000000","0x00000000","0x00000000","0x00000000","0x00000000","0x00000000","0x00000000","0x00000000","0x00000000","0x00000000","0x00000000","0x00000000","0x00000000","0x00000000","0x00000000","0x00000000","0x00000000","0x00000000","0x00000000","0x00000000","0x00000000","0x00000000","0x00000000","0x00000001","0xFFFFFFFF","0x00000004","0x00000000","0x00000040","0","0","0","0","0","0","0","0","0x0","0x0","0x0","0x0","0","0","0","0","0","0","0","0","0","0","0","0","0x00","0x00","0x00","0x00","0x0","0x0","0x0","0x0","0x1AC10000","0x1AC40400","0x00000000","0x00000000","0x00000000","0x00000000","0x00000000","0x00000000","0x01","0x00","0x00","0x00","0x00","0x00","0x00","0x00","0x000","0x000","0x000","0x000","0x000","0x000","0x000","0x000","0x00","0x01","0x01","0x20","0x20","0x20","0x20","0x20","0x20","0x20","0x20","0x20","0x20","0x20","0x20","0x20","0x20","0x20","0x20","0x20","0x20","0x20","0x20","0x20","0x20","0x20","0x20","0x01","0x20","0x20","0x20","0x20","0x20","0x20","0x20"
"46","0x0","0x1","0b0000000000000000","0b0000000000000011","0","0","0b0000000000000000","0b0000000000000000","0b0000000000000000","0b0000000000000001","1","0b0000000000000000","0b0000000000000001","0x00000000","0x00000000","0x00000000","0x00000000","0x00000000","0x00000000","0x00000000","0x00000000","0x00000000","0x00000000","0x00000000","0x00000000","0x00000000","0x00000000","0x00000000","0x00000000","0x00000000","0x00000000","0x00000000","0x00000000","0x00000000","0x00000000","0x00000000","0x00000000","0x00000000","0x00000000","0x00000000","0x00000001","0xFFFFFFFF","0x00000004","0x00000000","0x00000040","0","0","0","0","0","0","0","0","0x0","0x0","0x0","0x0","0","0","0","0","0","0","0","0","0","0","0","0","0x00","0x00","0x00","0x00","0x0","0x0","0x0","0x0","0x1AC10000","0x1AC40400","0x00000000","0x00000000","0x00000000","0x00000000","0x00000000","0x00000000","0x01","0x00","0x00","0x00","0x00","0x00","0x00","0x00","0x000","0x000","0x000","0x000","0x000","0x000","0x000","0x000","0x00","0x01","0x01","0x20","0x20","0x20","0x20","0x20","0x20","0x20","0x20","0x20","0x20","0x20","0x20","0x20","0x20","0x20","0x20","0x20","0x20","0x20","0x20","0x20","0x20","0x20","0x20","0x01","0x20","0x20","0x20","0x20","0x20","0x20","0x20"
"47","0x0","0x1","0b0000000000000001","0b0000000000000111","0","1","0b0000000000000000","0b0000000000000001","0b0000000000000000","0b0000000000000010","0","0b0000000000000001","0b0000000000000010","0x00000000","0x00000000","0x00000000","0x00000000","0x00000000","0x00000000","0x00000000","0x00000000","0x00000000","0x00000000","0x00000000","0x00000000","0x00000000","0x00000000","0x00000000","0x00000000","0x00000000","0x00000000","0x00000000","0x00000000","0x00000000","0x00000000","0x00000000","0x00000000","0x00000000","0x00000000","0x00000000","0x00000001","0xFFFFFFFF","0x00000008","0x00000000","0x00000040","0","0","0","0","0","0","0","0","0x0","0x0","0x0","0x0","0","0","0","0","0","0","0","0","0","0","0","0","0x00","0x00","0x00","0x00","0x0","0x0","0x0","0x0","0x1AF00264","0x1AC10000","0x1AC40400","0x00000000","0x00000000","0x00000000","0x00000000","0x00000000","0x02","0x01","0x00","0x00","0x00","0x00","0x00","0x00","0x000","0x000","0x000","0x000","0x000","0x000","0x000","0x000","0x00","0x01","0x01","0x20","0x20","0x20","0x20","0x20","0x20","0x20","0x20","0x20","0x20","0x20","0x20","0x20","0x20","0x20","0x20","0x20","0x20","0x20","0x20","0x20","0x20","0x20","0x20","0x01","0x20","0x20","0x20","0x20","0x20","0x02","0x20"
"48","0x0","0x1","0b0000000000000001","0b0000000000000111","0","1","0b0000000000000000","0b0000000000000001","0b0000000000000000","0b0000000000000010","1","0b0000000000000001","0b0000000000000010","0x00000000","0x00000000","0x00000000","0x00000000","0x00000000","0x00000000","0x00000000","0x00000000","0x00000000","0x00000000","0x00000000","0x00000000","0x00000000","0x00000000","0x00000000","0x00000000","0x00000000","0x00000000","0x00000000","0x00000000","0x00000000","0x00000000","0x00000000","0x00000000","0x04000000","0x00000000","0x00000000","0x00000001","0xFFFFFFFF","0x00000008","0x00000000","0x00000040","0","0","0","0","0","0","0","0","0x0","0x0","0x0","0x0","0","0","0","0","0","0","0","0","0","0","0","0","0x00","0x00","0x00","0x00","0x0","0x0","0x0","0x0","0x1AF00264","0x1AC10000","0x1AC40400","0x00000000","0x00000000","0x00000000","0x00000000","0x00000000","0x02","0x01","0x00","0x00","0x00","0x00","0x00","0x00","0x000","0x000","0x000","0x000","0x000","0x000","0x000","0x000","0x00","0x01","0x01","0x20","0x20","0x20","0x20","0x20","0x20","0x20","0x20","0x20","0x20","0x20","0x20","0x20","0x20","0x20","0x20","0x20","0x20","0x20","0x20","0x20","0x20","0x20","0x20","0x01","0x20","0x20","0x20","0x20","0x20","0x02","0x20"
"49","0x1","0x2","0b0000000000000010","0b0000000000001110","0","1","0b0000000000000000","0b0000000000000010","0b0000000000000000","0b0000000000000100","0","0b0000000000000010","0b0000000000000100","0x00000000","0x00000000","0x00000000","0x00000000","0x00000000","0x00000000","0x00000000","0x00000000","0x00000000","0x00000000","0x00000000","0x00000000","0x00000000","0x00000000","0x00000000","0x00000000","0x00000000","0x00000000","0x00000000","0x00000000","0x00000000","0x00000000","0x00000000","0x00000000","0x04000000","0x00000000","0x00000000","0x00000001","0xFFFFFFFF","0x0000000C","0x00000000","0x00000040","0","0","0","0","0","0","0","0","0x0","0x0","0x0","0x0","0","0","0","0","0","0","0","0","0","0","0","0","0x00","0x00","0x00","0x00","0x0","0x0","0x0","0x0","0x1A080061","0x1AF00264","0x1AC10000","0x1AC40400","0x00000000","0x00000000","0x00000000","0x00000000","0x03","0x02","0x01","0x00","0x00","0x00","0x00","0x00","0x000","0x000","0x000","0x000","0x000","0x000","0x000","0x000","0x00","0x01","0x01","0x20","0x03","0x20","0x20","0x20","0x20","0x20","0x20","0x20","0x20","0x20","0x20","0x20","0x20","0x20","0x20","0x20","0x20","0x20","0x20","0x20","0x20","0x20","0x20","0x01","0x20","0x20","0x20","0x20","0x20","0x02","0x20"
"50","0x1","0x2","0b0000000000000010","0b0000000000001110","0","1","0b0000000000000000","0b0000000000000010","0b0000000000000000","0b0000000000000100","1","0b0000000000000010","0b0000000000000100","0x00000000","0x00000000","0x00000000","0x00000000","0x00000000","0x00000000","0x00000000","0x00000000","0x00000000","0x00000000","0x00000000","0x00000000","0x00000000","0x00000000","0x00000000","0x00000000","0x00000000","0x00000000","0x00000000","0x00000000","0x00000000","0x00000000","0x00000000","0x00000000","0x04000000","0x00000000","0x00000000","0x00000001","0xFFFFFFFF","0x0000000C","0x00000000","0x00000040","0","0","0","0","0","0","0","1","0x0","0x0","0x0","0x4","0","0","0","0","0","0","0","0","0","0","0","0","0x00","0x00","0x00","0x00","0x0","0x0","0x0","0x0","0x1A080061","0x1AF00264","0x1AC10000","0x1AC40400","0x00000000","0x00000000","0x00000000","0x00000000","0x03","0x02","0x01","0x00","0x00","0x00","0x00","0x00","0x000","0x000","0x000","0x000","0x000","0x000","0x000","0x000","0x00","0x01","0x01","0x20","0x03","0x20","0x20","0x20","0x20","0x20","0x20","0x20","0x20","0x20","0x20","0x20","0x20","0x20","0x20","0x20","0x20","0x20","0x20","0x20","0x20","0x20","0x20","0x01","0x20","0x20","0x20","0x20","0x20","0x02","0x20"
"51","0x2","0x3","0b0000000000000100","0b0000000000011100","0","1","0b0000000000000000","0b0000000000000100","0b0000000000000000","0b0000000000001000","0","0b0000000000000100","0b0000000000001000","0x00000000","0x00000000","0x00000000","0x00000000","0x00000000","0x00000000","0x00000000","0x00000000","0x00000000","0x00000000","0x00000000","0x00000000","0x00000000","0x00000000","0x00000000","0x00000000","0x00000000","0x00000000","0x00000000","0x00000000","0x00000000","0x00000000","0x00000000","0x00000000","0x04000000","0x00000000","0x00000000","0x00000001","0xFFFFFFFF","0x00000010","0x00000000","0x00000040","0","0","0","0","0","0","0","1","0x0","0x0","0x0","0x4","0","0","0","0","0","0","0","0","0","0","0","0","0x00","0x00","0x00","0x00","0x0","0x0","0x0","0x0","0x5808000C","0x1A080061","0x1AF00264","0x1AC10000","0x1AC40400","0x00000000","0x00000000","0x00000000","0x04","0x03","0x02","0x01","0x00","0x00","0x00","0x00","0x130","0x000","0x000","0x000","0x000","0x000","0x000","0x000","0x00","0x00","0x01","0x20","0x03","0x20","0x20","0x20","0x20","0x20","0x20","0x20","0x20","0x20","0x20","0x20","0x20","0x20","0x20","0x20","0x20","0x20","0x20","0x20","0x20","0x20","0x20","0x20","0x20","0x20","0x20","0x20","0x20","0x02","0x20"
"52","0x2","0x3","0b0000000000000100","0b0000000000011100","0","1","0b0000000000000000","0b0000000000000100","0b0000000000000000","0b0000000000001000","1","0b0000000000000100","0b0000000000001000","0x00000000","0x00000000","0x00000000","0x00000000","0x00000000","0x00000000","0x00000000","0x00000000","0x00000000","0x00000000","0x00000000","0x00000000","0x00000000","0x00000000","0x00000000","0x00000000","0x00000000","0x00000000","0x00000000","0x00000000","0x00000000","0x00000000","0x00000000","0x00000000","0x04000000","0x00000000","0x00000000","0x00000001","0xFFFFFFFF","0x00000010","0x00000264","0x00000040","0","0","0","0","0","0","0","1","0x0","0x0","0x0","0x4","0","0","0","0","0","0","0","0","0","0","0","0","0x00","0x00","0x00","0x00","0x0","0x0","0x0","0x0","0x5808000C","0x1A080061","0x1AF00264","0x1AC10000","0x1AC40400","0x00000000","0x00000000","0x00000000","0x04","0x03","0x02","0x01","0x00","0x00","0x00","0x00","0x130","0x000","0x000","0x000","0x000","0x000","0x000","0x000","0x00","0x00","0x01","0x20","0x03","0x20","0x20","0x20","0x20","0x20","0x20","0x20","0x20","0x20","0x20","0x20","0x20","0x20","0x20","0x20","0x20","0x20","0x20","0x20","0x20","0x20","0x20","0x20","0x20","0x20","0x20","0x20","0x20","0x02","0x20"
"53","0x3","0x4","0b0000000000001000","0b0000000000111000","0","1","0b0000000000000000","0b0000000000001000","0b0000000000000000","0b0000000000000000","0","0b0000000000001000","0b0000000000000000","0x00000000","0x00000000","0x00000000","0x00000000","0x00000000","0x00000000","0x00000000","0x00000000","0x00000000","0x00000000","0x00000000","0x00000000","0x00000000","0x00000000","0x00000000","0x00000000","0x00000000","0x00000000","0x00000000","0x00000000","0x00000000","0x00000000","0x00000000","0x00000000","0x04000000","0x00000000","0x00000000","0x00000001","0xFFFFFFFF","0x00000014","0x00000264","0x00000040","0","0","0","0","0","0","0","1","0x0","0x0","0x0","0x4","0","0","0","0","0","0","0","0","0","0","0","0","0x00","0x00","0x00","0x00","0x0","0x0","0x0","0x0","0x1A08000A","0x5808000C","0x1A080061","0x1AF00264","0x1AC10000","0x1AC40400","0x00000000","0x00000000","0x05","0x04","0x03","0x02","0x01","0x00","0x00","0x00","0x000","0x130","0x000","0x000","0x000","0x000","0x000","0x000","0x00","0x01","0x03","0x20","0x05","0x20","0x20","0x20","0x20","0x20","0x20","0x20","0x20","0x20","0x20","0x20","0x20","0x20","0x20","0x20","0x20","0x20","0x20","0x20","0x20","0x20","0x20","0x20","0x20","0x20","0x20","0x20","0x20","0x20","0x20"
"54","0x3","0x4","0b0000000000001000","0b0000000000111000","0","1","0b0000000000000000","0b0000000000001000","0b0000000000000000","0b0000000000000000","1","0b0000000000001000","0b0000000000000000","0x00000000","0x00000061","0x00000000","0x00000000","0x00000000","0x00000000","0x00000000","0x00000000","0x00000000","0x00000000","0x00000000","0x00000000","0x00000000","0x00000000","0x00000000","0x00000000","0x00000000","0x00000000","0x00000000","0x00000000","0x00000000","0x00000000","0x00000000","0x00000000","0x04000000","0x00000000","0x00000000","0x00000001","0xFFFFFFFF","0x00000014","0x00000264","0x00000040","0","0","0","0","0","0","1","1","0x0","0x0","0x6","0x4","0","0","0","0","0","0","0","0","0","0","0","0","0x00","0x00","0x00","0x00","0x0","0x0","0x0","0x0","0x1A08000A","0x5808000C","0x1A080061","0x1AF00264","0x1AC10000","0x1AC40400","0x00000000","0x00000000","0x05","0x04","0x03","0x02","0x01","0x00","0x00","0x00","0x000","0x130","0x000","0x000","0x000","0x000","0x000","0x000","0x00","0x01","0x03","0x20","0x05","0x20","0x20","0x20","0x20","0x20","0x20","0x20","0x20","0x20","0x20","0x20","0x20","0x20","0x20","0x20","0x20","0x20","0x20","0x20","0x20","0x20","0x20","0x20","0x20","0x20","0x20","0x20","0x20","0x20","0x20"
"55","0x4","0x5","0b0000000000000000","0b0000000001110000","0","0","0b0000000000000000","0b0000000000000000","0b0000000000000000","0b0000000000100000","0","0b0000000000000000","0b0000000000100000","0x00000000","0x00000061","0x00000000","0x00000000","0x00000000","0x00000000","0x00000000","0x00000000","0x00000000","0x00000000","0x00000000","0x00000000","0x00000000","0x00000000","0x00000000","0x00000000","0x00000000","0x00000000","0x00000000","0x00000000","0x00000000","0x00000000","0x00000000","0x00000000","0x04000000","0x00000000","0x00000000","0x00000001","0xFFFFFFFF","0x00000010","0x00000264","0x00000040","0","0","0","0","0","0","1","1","0x0","0x0","0x6","0x4","0","0","0","0","0","0","0","0","0","0","0","0","0x00","0x00","0x00","0x00","0x0","0x0","0x0","0x0","0x5808000C","0x1A08000A","0x5808000C","0x1A080061","0x1AF00264","0x1AC10000","0x1AC40400","0x00000000","0x06","0x05","0x04","0x03","0x02","0x01","0x00","0x00","0x050","0x000","0x130","0x000","0x000","0x000","0x000","0x000","0x00","0x04","0x05","0x20","0x05","0x20","0x20","0x20","0x20","0x20","0x20","0x20","0x20","0x20","0x20","0x20","0x20","0x20","0x20","0x20","0x20","0x20","0x20","0x20","0x20","0x20","0x20","0x20","0x20","0x20","0x20","0x20","0x20","0x20","0x20"
"56","0x4","0x5","0b0000000000000000","0b0000000001110000","0","0","0b0000000000000000","0b0000000000000000","0b0000000000000000","0b0000000000100000","1","0b0000000000000000","0b0000000000100000","0x00000000","0x00000061","0x00000000","0x00000000","0x00000000","0x00000000","0x00000000","0x00000000","0x00000000","0x00000000","0x00000000","0x00000000","0x00000000","0x00000000","0x00000000","0x00000000","0x00000000","0x00000000","0x00000000","0x00000000","0x00000000","0x00000000","0x00000000","0x00000000","0x04000000","0x00000000","0x00000000","0x00000001","0xFFFFFFFF","0x00000010","0x00000264","0x00000040","0","0","0","0","0","1","1","1","0x0","0x7","0x6","0x4","0","0","0","0","0","0","0","0","0","0","0","0","0x00","0x00","0x00","0x00","0x0","0x0","0x0","0x0","0x5808000C","0x1A08000A","0x5808000C","0x1A080061","0x1AF00264","0x1AC10000","0x1AC40400","0x00000000","0x06","0x05","0x04","0x03","0x02","0x01","0x00","0x00","0x050","0x000","0x130","0x000","0x000","0x000","0x000","0x000","0x00","0x04","0x05","0x20","0x05","0x20","0x20","0x20","0x20","0x20","0x20","0x20","0x20","0x20","0x20","0x20","0x20","0x20","0x20","0x20","0x20","0x20","0x20","0x20","0x20","0x20","0x20","0x20","0x20","0x20","0x20","0x20","0x20","0x20","0x20"
"57","0x4","0x5","0b0000000000100000","0b0000000011110000","0","0","0b0000000000000000","0b0000000000000000","0b0000000000000000","0b0000000000010000","0","0b0000000000100000","0b0000000000010000","0x00000000","0x00000061","0x00000000","0x00000000","0x00000000","0x00000000","0x00000000","0x00000000","0x00000000","0x00000000","0x00000000","0x00000000","0x00000000","0x00000000","0x00000000","0x00000000","0x00000000","0x00000000","0x00000000","0x00000000","0x00000000","0x00000000","0x00000000","0x00000000","0x04000000","0x00000000","0x00000000","0x00000001","0xFFFFFFFF","0x0000001C","0x00000264","0x00000040","0","0","0","0","0","1","1","1","0x0","0x7","0x6","0x4","0","0","0","0","0","0","0","0","0","0","0","0","0x00","0x00","0x00","0x00","0x0","0x0","0x0","0x0","0x70D00074","0x5808000C","0x1A08000A","0x5808000C","0x1A080061","0x1AF00264","0x1AC10000","0x1AC40400","0x07","0x06","0x05","0x04","0x03","0x02","0x01","0x00","0x000","0x050","0x000","0x130","0x000","0x000","0x000","0x000","0x00","0x01","0x03","0x20","0x05","0x20","0x20","0x20","0x20","0x20","0x20","0x20","0x20","0x20","0x20","0x20","0x20","0x20","0x20","0x20","0x20","0x20","0x20","0x20","0x20","0x20","0x20","0x20","0x20","0x20","0x20","0x20","0x20","0x07","0x20"
"58","0x4","0x5","0b0000000000100000","0b0000000011110000","0","0","0b0000000000000000","0b0000000000000000","0b0000000000000000","0b0000000000010000","1","0b0000000000100000","0b0000000000010000","0x00000000","0x00000061","0x00000000","0x00000000","0x00000000","0x00000000","0x00000000","0x00000000","0x00000000","0x00000000","0x00000000","0x00000000","0x00000000","0x00000000","0x00000000","0x00000000","0x00000000","0x00000000","0x00000000","0x00000000","0x00000000","0x00000000","0x00000000","0x00000000","0x04000000","0x00000000","0x00000000","0x00000001","0xFFFFFFFF","0x0000001C","0x00000260","0x00000040","0","0","0","0","1","1","1","1","0x8","0x7","0x6","0x4","0","0","0","0","0","0","0","0","0","0","0","0","0x00","0x00","0x00","0x00","0x0","0x0","0x0","0x0","0x70D00074","0x5808000C","0x1A08000A","0x5808000C","0x1A080061","0x1AF00264","0x1AC10000","0x1AC40400","0x07","0x06","0x05","0x04","0x03","0x02","0x01","0x00","0x000","0x050","0x000","0x130","0x000","0x000","0x000","0x000","0x00","0x01","0x03","0x20","0x05","0x20","0x20","0x20","0x20","0x20","0x20","0x20","0x20","0x20","0x20","0x20","0x20","0x20","0x20","0x20","0x20","0x20","0x20","0x20","0x20","0x20","0x20","0x20","0x20","0x20","0x20","0x20","0x20","0x07","0x20"
"59","0x4","0x5","0b0000000000110000","0b0000000111110000","1","1","0b0000000000100000","0b0000000000010000","0b0000001100000000","0b0000000010000000","0","0b0000000000110000","0b0000000010000000","0x00000000","0x00000061","0x00000000","0x00000000","0x00000000","0x00000000","0x00000000","0x00000000","0x00000000","0x00000000","0x00000000","0x00000000","0x00000000","0x00000000","0x00000000","0x00000000","0x00000000","0x00000000","0x00000000","0x00000000","0x00000000","0x00000000","0x00000000","0x00000000","0x04000000","0x00000000","0x00000000","0x00000001","0xFFFFFFFF","0x00000020","0x00000260","0x00000040","0","0","0","0","1","1","1","1","0x8","0x7","0x6","0x4","0","0","0","0","0","0","0","0","0","0","0","0","0x00","0x00","0x00","0x00","0x0","0x0","0x0","0x0","0x70D000C4","0x70D00074","0x5808000C","0x1A08000A","0x5808000C","0x1A080061","0x1AF00264","0x1AC10000","0x08","0x07","0x06","0x05","0x04","0x03","0x02","0x01","0x007","0x000","0x050","0x000","0x130","0x000","0x000","0x000","0x01","0x00","0x05","0x20","0x05","0x20","0x20","0x20","0x20","0x20","0x20","0x20","0x20","0x20","0x20","0x20","0x20","0x20","0x20","0x20","0x20","0x20","0x20","0x20","0x20","0x20","0x20","0x20","0x20","0x20","0x20","0x20","0x20","0x08","0x20"
"60","0x4","0x5","0b0000000000110000","0b0000000111110000","1","1","0b0000000000100000","0b0000000000010000","0b0000001100000000","0b0000000010000000","1","0b0000000000110000","0b0000000010000000","0x00000000","0x0000000A","0x00000000","0x00000000","0x00000000","0x00000000","0x00000000","0x00000000","0x00000000","0x00000000","0x00000000","0x00000000","0x00000000","0x00000000","0x00000000","0x00000000","0x00000000","0x00000000","0x00000000","0x00000000","0x00000000","0x00000000","0x00000000","0x00000000","0x04000000","0x00000000","0x00000000","0x00000001","0xFFFFFFFF","0x00000020","0x00000260","0x00000040","0","0","0","1","0","1","1","1","0x8","0x7","0x6","0x4","0","0","0","0","0","0","0","0","0","0","0","0","0x00","0x00","0x00","0x00","0x0","0x0","0x0","0x0","0x70D000C4","0x70D00074","0x5808000C","0x1A08000A","0x5808000C","0x1A080061","0x1AF00264","0x1AC10000","0x08","0x07","0x06","0x05","0x04","0x03","0x02","0x01","0x007","0x000","0x050","0x000","0x130","0x000","0x000","0x000","0x01","0x00","0x05","0x20","0x05","0x20","0x20","0x20","0x20","0x20","0x20","0x20","0x20","0x20","0x20","0x20","0x20","0x20","0x20","0x20","0x20","0x20","0x20","0x20","0x20","0x20","0x20","0x20","0x20","0x20","0x20","0x20","0x20","0x08","0x20"
"61","0x6","0x7","0b0000000010000000","0b0000000011000000","0","0","0b0000000000000000","0b0000000000000000","0b0000000000000000","0b0000000000000000","0","0b0000000010000000","0b0000000000000000","0x00000000","0x0000000A","0x00000000","0x00000000","0x00000000","0x00000000","0x00000000","0x00000000","0x00000000","0x00000000","0x00000000","0x00000000","0x00000000","0x00000000","0x00000000","0x00000000","0x00000000","0x00000000","0x00000000","0x00000000","0x00000000","0x00000000","0x00000000","0x00000000","0x04000000","0x00000000","0x00000000","0x00000001","0xFFFFFFFF","0x00000018","0x00000260","0x00000040","0","0","0","1","0","1","1","1","0x8","0x7","0x6","0x4","0","0","0","0","0","0","0","0","0","0","0","0","0x00","0x00","0x00","0x00","0x0","0x0","0x0","0x0","0x5A000204","0x70D000C4","0x70D00074","0x5808000C","0x1A08000A","0x5808000C","0x1A080061","0x1AF00264","0x09","0x08","0x07","0x06","0x05","0x04","0x03","0x02","0x000","0x007","0x000","0x050","0x000","0x130","0x000","0x000","0x00","0x08","0x08","0x20","0x20","0x20","0x20","0x20","0x20","0x20","0x20","0x20","0x20","0x20","0x20","0x20","0x20","0x20","0x20","0x20","0x20","0x20","0x20","0x20","0x20","0x20","0x20","0x20","0x20","0x20","0x20","0x20","0x20","0x07","0x20"
"62","0x6","0x7","0b0000000010000000","0b0000000011000000","0","0","0b0000000000000000","0b0000000000000000","0b0000000000000000","0b0000000000000000","1","0b0000000010000000","0b0000000000000000","0x00000000","0x0000000A","0x00000000","0x00000000","0x00000000","0x00000000","0x00000000","0x00000000","0x00000000","0x00000000","0x00000000","0x00000000","0x00000000","0x00000000","0x00000000","0x00000000","0x00000000","0x00000000","0x00000000","0x00000000","0x00000000","0x00000000","0x00000000","0x00000000","0x04000000","0x00000000","0x00000000","0x00000001","0xFFFFFFFF","0x00000018","0x00000260","0x00000040","0","0","0","0","0","1","1","0","0x8","0x7","0x6","0x4","0","0","0","0","0","0","0","0","0","0","0","0","0x00","0x00","0x00","0x00","0x0","0x0","0x0","0x0","0x5A000204","0x70D000C4","0x70D00074","0x5808000C","0x1A08000A","0x5808000C","0x1A080061","0x1AF00264","0x09","0x08","0x07","0x06","0x05","0x04","0x03","0x02","0x000","0x007","0x000","0x050","0x000","0x130","0x000","0x000","0x00","0x08","0x08","0x20","0x20","0x20","0x20","0x20","0x20","0x20","0x20","0x20","0x20","0x20","0x20","0x20","0x20","0x20","0x20","0x20","0x20","0x20","0x20","0x20","0x20","0x20","0x20","0x20","0x20","0x20","0x20","0x20","0x20","0x07","0x20"
"63","0x6","0x7","0b0000000010000000","0b0000000011000000","0","0","0b0000000000000000","0b0000000000000000","0b0000000000000000","0b0000000001000000","0","0b0000000010000000","0b0000000001000000","0x00000000","0x0000000A","0x00000000","0x00000000","0x00000000","0x00000000","0x00000000","0x00000000","0x00000000","0x00000000","0x00000000","0x00000000","0x00000000","0x00000000","0x00000000","0x00000000","0x00000000","0x00000000","0x00000000","0x00000000","0x00000000","0x00000000","0x00000000","0x00000000","0x04000000","0x00000000","0x00000000","0x00000001","0xFFFFFFFF","0x00000020","0x00000260","0x00000040","0","0","0","0","0","1","1","0","0x8","0x7","0x6","0x4","0","0","0","0","0","0","0","0","0","0","0","0","0x00","0x00","0x00","0x00","0x0","0x0","0x0","0x0","0x5A000204","0x5A000204","0x70D000C4","0x70D00074","0x5808000C","0x1A08000A","0x5808000C","0x1A080061","0x08","0x09","0x08","0x07","0x06","0x05","0x04","0x03","0x000","0x000","0x007","0x000","0x050","0x000","0x130","0x000","0x00","0x00","0x00","0x20","0x20","0x20","0x20","0x20","0x20","0x20","0x20","0x20","0x20","0x20","0x20","0x20","0x20","0x20","0x20","0x20","0x20","0x20","0x20","0x20","0x20","0x20","0x20","0x20","0x20","0x20","0x20","0x20","0x20","0x07","0x20"
"64","0x6","0x7","0b0000000010000000","0b0000000011000000","0","0","0b0000000000000000","0b0000000000000000","0b0000000000000000","0b0000000001000000","1","0b0000000010000000","0b0000000001000000","0x00000000","0x0000000A","0x00000000","0x00000000","0x00000000","0x00000000","0x00000000","0x00000000","0x00000000","0x00000000","0x00000000","0x00000000","0x00000000","0x00000000","0x00000000","0x00000000","0x00000000","0x00000000","0x00000000","0x00000000","0x00000000","0x00000000","0x00000000","0x00000000","0x04000000","0x00000000","0x00000000","0x00000001","0xFFFFFFFF","0x00000020","0x00000260","0x00000040","0","0","0","0","0","1","1","0","0x8","0x7","0x6","0x4","0","0","0","0","0","0","0","0","0","0","0","0","0x00","0x00","0x00","0x00","0x0","0x0","0x0","0x0","0x5A000204","0x5A000204","0x70D000C4","0x70D00074","0x5808000C","0x1A08000A","0x5808000C","0x1A080061","0x08","0x09","0x08","0x07","0x06","0x05","0x04","0x03","0x000","0x000","0x007","0x000","0x050","0x000","0x130","0x000","0x00","0x00","0x00","0x20","0x20","0x20","0x20","0x20","0x20","0x20","0x20","0x20","0x20","0x20","0x20","0x20","0x20","0x20","0x20","0x20","0x20","0x20","0x20","0x20","0x20","0x20","0x20","0x20","0x20","0x20","0x20","0x20","0x20","0x07","0x20"
"65","0x6","0x7","0b0000000011000000","0b0000000011000000","1","1","0b0000000010000000","0b0000000001000000","0b0000000000000000","0b0000000000000000","0","0b0000000011000000","0b0000000000000000","0x00000000","0x0000000A","0x00000000","0x00000000","0x00000000","0x00000000","0x00000000","0x00000000","0x00000000","0x00000000","0x00000000","0x00000000","0x00000000","0x00000000","0x00000000","0x00000000","0x00000000","0x00000000","0x00000000","0x00000000","0x00000000","0x00000000","0x00000000","0x00000000","0x04000000","0x00000000","0x00000000","0x00000001","0xFFFFFFFF","0x00000020","0x00000260","0x00000040","0","0","0","0","0","1","1","0","0x8","0x7","0x6","0x4","0","0","0","0","0","0","0","0","0","0","0","0","0x00","0x00","0x00","0x00","0x0","0x0","0x0","0x0","0x5A000204","0x5A000204","0x5A000204","0x70D000C4","0x70D00074","0x5808000C","0x1A08000A","0x5808000C","0x08","0x08","0x09","0x08","0x07","0x06","0x05","0x04","0x000","0x000","0x000","0x007","0x000","0x050","0x000","0x130","0x00","0x00","0x00","0x20","0x20","0x20","0x20","0x20","0x20","0x20","0x20","0x20","0x20","0x20","0x20","0x20","0x20","0x20","0x20","0x20","0x20","0x20","0x20","0x20","0x20","0x20","0x20","0x20","0x20","0x20","0x20","0x20","0x20","0x07","0x20"
"66","0x6","0x7","0b0000000011000000","0b0000000011000000","1","1","0b0000000010000000","0b0000000001000000","0b0000000000000000","0b0000000000000000","1","0b0000000011000000","0b0000000000000000","0x00000000","0x0000000A","0x00000000","0x00000000","0x00000000","0x00000000","0x00000000","0x00000000","0x00000000","0x00000000","0x00000000","0x00000000","0x00000000","0x00000000","0x00000000","0x00000000","0x00000000","0x00000000","0x00000000","0x00000000","0x00000000","0x00000000","0x00000000","0x00000000","0x04000000","0x00000000","0x00000000","0x00000001","0xFFFFFFFF","0x00000074","0x00000260","0x00000040","0","1","1","0","0","1","1","0","0x8","0x7","0x6","0x4","0","0","0","0","0","0","0","0","0","0","0","0","0x00","0x00","0x00","0x00","0x0","0x0","0x0","0x0","0x5A000204","0x5A000204","0x5A000204","0x70D000C4","0x70D00074","0x5808000C","0x1A08000A","0x5808000C","0x08","0x08","0x09","0x08","0x07","0x06","0x05","0x04","0x000","0x000","0x000","0x007","0x000","0x050","0x000","0x130","0x00","0x00","0x00","0x20","0x20","0x20","0x20","0x20","0x20","0x20","0x20","0x20","0x20","0x20","0x20","0x20","0x20","0x20","0x20","0x20","0x20","0x20","0x20","0x20","0x20","0x20","0x20","0x20","0x20","0x20","0x20","0x20","0x20","0x07","0x20"
"67","0x8","0x9","0b0000000000000000","0b0000000100000000","0","0","0b0000000000000000","0b0000000000000000","0b0000000000000000","0b0000000000000000","0","0b0000000000000000","0b0000000000000000","0x00000000","0x0000000A","0x00000000","0x00000000","0x00000000","0x00000000","0x00000000","0x00000000","0x00000000","0x00000000","0x00000000","0x00000000","0x00000000","0x00000000","0x00000000","0x00000000","0x00000000","0x00000000","0x00000000","0x00000000","0x00000000","0x00000000","0x00000000","0x00000000","0x04000000","0x00000000","0x00000000","0x00000001","0xFFFFFFFF","0x00000074","0x00000260","0x00000040","0","1","1","0","0","1","1","0","0x8","0x7","0x6","0x4","0","0","0","0","0","0","0","0","0","0","0","0","0x00","0x00","0x00","0x00","0x0","0x0","0x0","0x0","0x1A080001","0x5A000204","0x5A000204","0x5A000204","0x70D000C4","0x70D00074","0x5808000C","0x1A08000A","0x08","0x08","0x08","0x09","0x08","0x07","0x06","0x05","0x000","0x000","0x000","0x000","0x007","0x000","0x050","0x000","0x00","0x01","0x01","0x20","0x08","0x20","0x20","0x20","0x20","0x20","0x20","0x20","0x20","0x20","0x20","0x20","0x20","0x20","0x20","0x20","0x20","0x20","0x20","0x20","0x20","0x20","0x20","0x20","0x20","0x20","0x20","0x20","0x20","0x20","0x20"
"68","0x8","0x9","0b0000000000000000","0b0000000100000000","0","0","0b0000000000000000","0b0000000000000000","0b0000000000000000","0b0000000000000000","1","0b0000000000000000","0b0000000000000000","0x00000000","0x0000000A","0x00000000","0x00000000","0x00000000","0x00000000","0x00000000","0x00000000","0x00000000","0x00000000","0x00000000","0x00000000","0x00000000","0x00000000","0x00000000","0x00000000","0x00000000","0x00000000","0x00000000","0x00000000","0x00000000","0x00000000","0x00000000","0x00000000","0x04000000","0x00000000","0x00000000","0x00000001","0xFFFFFFFF","0x00000074","0x00000260","0x00000040","0","1","0","0","0","1","0","0","0x8","0x7","0x6","0x4","0","0","0","0","0","0","0","0","0","0","0","0","0x00","0x00","0x00","0x00","0x0","0x0","0x0","0x0","0x1A080001","0x5A000204","0x5A000204","0x5A000204","0x70D000C4","0x70D00074","0x5808000C","0x1A08000A","0x08","0x08","0x08","0x09","0x08","0x07","0x06","0x05","0x000","0x000","0x000","0x000","0x007","0x000","0x050","0x000","0x00","0x01","0x01","0x20","0x08","0x20","0x20","0x20","0x20","0x20","0x20","0x20","0x20","0x20","0x20","0x20","0x20","0x20","0x20","0x20","0x20","0x20","0x20","0x20","0x20","0x20","0x20","0x20","0x20","0x20","0x20","0x20","0x20","0x20","0x20"
"69","0x8","0x9","0b0000000000000000","0b0000001100000000","0","0","0b0000000000000000","0b0000000000000000","0b0000000000000000","0b0000000100000000","0","0b0000000000000000","0b0000000100000000","0x00000000","0x0000000A","0x00000000","0x00000000","0x00000000","0x00000000","0x00000000","0x00000000","0x00000000","0x00000000","0x00000000","0x00000000","0x00000000","0x00000000","0x00000000","0x00000000","0x00000000","0x00000000","0x00000000","0x00000000","0x00000000","0x00000000","0x00000000","0x00000000","0x04000000","0x00000000","0x00000000","0x00000001","0xFFFFFFFF","0x00000078","0x00000260","0x00000040","0","1","0","0","0","1","0","0","0x8","0x7","0x6","0x4","0","0","0","0","0","0","0","0","0","0","0","0","0x00","0x00","0x00","0x00","0x0","0x0","0x0","0x0","0x1A1001B4","0x1A080001","0x5A000204","0x5A000204","0x5A000204","0x70D000C4","0x70D00074","0x5808000C","0x09","0x08","0x08","0x08","0x09","0x08","0x07","0x06","0x000","0x000","0x000","0x000","0x000","0x007","0x000","0x050","0x00","0x01","0x01","0x20","0x08","0x09","0x20","0x20","0x20","0x20","0x20","0x20","0x20","0x20","0x20","0x20","0x20","0x20","0x20","0x20","0x20","0x20","0x20","0x20","0x20","0x20","0x20","0x20","0x20","0x20","0x20","0x20","0x20","0x20","0x20"
"70","0x8","0x9","0b0000000000000000","0b0000001100000000","0","0","0b0000000000000000","0b0000000000000000","0b0000000000000000","0b0000000100000000","1","0b0000000000000000","0b0000000100000000","0x00000000","0x0000000A","0x00000000","0x00000000","0x00000000","0x00000000","0x00000000","0x00000000","0x00000000","0x00000000","0x00000000","0x00000000","0x00000000","0x00000000","0x00000000","0x00000000","0x00000000","0x00000000","0x00000000","0x00000000","0x00000000","0x00000000","0x00000000","0x00000000","0x04000000","0x00000000","0x00000000","0x00000001","0xFFFFFFFF","0x00000078","0x00000260","0x00000040","0","0","0","0","0","0","0","0","0x8","0x7","0x6","0x4","0","0","0","0","0","0","0","0","0","0","0","0","0x00","0x00","0x00","0x00","0x0","0x0","0x0","0x0","0x1A1001B4","0x1A080001","0x5A000204","0x5A000204","0x5A000204","0x70D000C4","0x70D00074","0x5808000C","0x09","0x08","0x08","0x08","0x09","0x08","0x07","0x06","0x000","0x000","0x000","0x000","0x000","0x007","0x000","0x050","0x00","0x01","0x01","0x20","0x08","0x09","0x20","0x20","0x20","0x20","0x20","0x20","0x20","0x20","0x20","0x20","0x20","0x20","0x20","0x20","0x20","0x20","0x20","0x20","0x20","0x20","0x20","0x20","0x20","0x20","0x20","0x20","0x20","0x20","0x20"
"71","0x8","0x9","0b0000000100000000","0b0000011100000000","0","1","0b0000000000000000","0b0000000100000000","0b0000000000000000","0b0000001000000000","0","0b0000000100000000","0b0000001000000000","0x00000000","0x0000000A","0x00000000","0x00000000","0x00000000","0x00000000","0x00000000","0x00000000","0x00000000","0x00000000","0x00000000","0x00000000","0x00000000","0x00000000","0x00000000","0x00000000","0x00000000","0x00000000","0x00000000","0x00000000","0x00000000","0x00000000","0x00000000","0x00000000","0x04000000","0x00000000","0x00000000","0x00000001","0xFFFFFFFF","0x0000007C","0x00000260","0x00000040","0","0","0","0","0","0","0","0","0x8","0x7","0x6","0x4","0","0","0","0","0","0","0","0","0","0","0","0","0x00","0x00","0x00","0x00","0x0","0x0","0x0","0x0","0x1A28006B","0x1A1001B4","0x1A080001","0x5A000204","0x5A000204","0x5A000204","0x70D000C4","0x70D00074","0x0A","0x09","0x08","0x08","0x08","0x09","0x08","0x07","0x000","0x000","0x000","0x000","0x000","0x000","0x007","0x000","0x00","0x01","0x01","0x20","0x08","0x09","0x20","0x20","0x0A","0x20","0x20","0x20","0x20","0x20","0x20","0x20","0x20","0x20","0x20","0x20","0x20","0x20","0x20","0x20","0x20","0x20","0x20","0x20","0x20","0x20","0x20","0x20","0x20","0x20","0x20"
"72","0x8","0x9","0b0000000100000000","0b0000011100000000","0","1","0b0000000000000000","0b0000000100000000","0b0000000000000000","0b0000001000000000","1","0b0000000100000000","0b0000001000000000","0x00000000","0x00000001","0x00000000","0x00000000","0x00000000","0x00000000","0x00000000","0x00000000","0x00000000","0x00000000","0x00000000","0x00000000","0x00000000","0x00000000","0x00000000","0x00000000","0x00000000","0x00000000","0x00000000","0x00000000","0x00000000","0x00000000","0x00000000","0x00000000","0x04000000","0x00000000","0x00000000","0x00000001","0xFFFFFFFF","0x0000007C","0x00000260","0x00000040","0","0","0","0","0","0","0","0","0x8","0x7","0x6","0x4","0","0","0","1","0","0","0","0","0","0","0","0","0x00","0x00","0x00","0x00","0x0","0x0","0x0","0xB","0x1A28006B","0x1A1001B4","0x1A080001","0x5A000204","0x5A000204","0x5A000204","0x70D000C4","0x70D00074","0x0A","0x09","0x08","0x08","0x08","0x09","0x08","0x07","0x000","0x000","0x000","0x000","0x000","0x000","0x007","0x000","0x00","0x01","0x01","0x20","0x08","0x09","0x20","0x20","0x0A","0x20","0x20","0x20","0x20","0x20","0x20","0x20","0x20","0x20","0x20","0x20","0x20","0x20","0x20","0x20","0x20","0x20","0x20","0x20","0x20","0x20","0x20","0x20","0x20","0x20","0x20"
"73","0x9","0xA","0b0000001000000000","0b0000111000000000","0","1","0b0000000000000000","0b0000001000000000","0b0000000000000000","0b0000010000000000","0","0b0000001000000000","0b0000010000000000","0x00000000","0x00000001","0x00000000","0x00000000","0x00000000","0x00000000","0x00000000","0x00000000","0x00000000","0x00000000","0x00000000","0x00000000","0x00000000","0x00000000","0x00000000","0x00000000","0x00000000","0x00000000","0x00000000","0x00000000","0x00000000","0x00000000","0x00000000","0x00000000","0x04000000","0x00000000","0x00000000","0x00000001","0xFFFFFFFF","0x00000080","0x00000260","0x00000040","0","0","0","0","0","0","0","0","0x8","0x7","0x6","0x4","0","0","0","1","0","0","0","0","0","0","0","0","0x00","0x00","0x00","0x00","0x0","0x0","0x0","0xB","0x38180004","0x1A28006B","0x1A1001B4","0x1A080001","0x5A000204","0x5A000204","0x5A000204","0x70D000C4","0x0B","0x0A","0x09","0x08","0x08","0x08","0x09","0x08","0x000","0x000","0x000","0x000","0x000","0x000","0x000","0x007","0x00","0x01","0x01","0x20","0x20","0x09","0x0B","0x20","0x0A","0x20","0x20","0x20","0x20","0x20","0x20","0x20","0x20","0x20","0x20","0x20","0x20","0x20","0x20","0x20","0x20","0x20","0x20","0x20","0x20","0x20","0x20","0x20","0x20","0x20","0x20"
"74","0x9","0xA","0b0000001000000000","0b0000111000000000","0","1","0b0000000000000000","0b0000001000000000","0b0000000000000000","0b0000010000000000","1","0b0000001000000000","0b0000010000000000","0x00000000","0x00000001","0x000001B4","0x00000000","0x00000000","0x00000000","0x00000000","0x00000000","0x00000000","0x00000000","0x00000000","0x00000000","0x00000000","0x00000000","0x00000000","0x00000000","0x00000000","0x00000000","0x00000000","0x00000000","0x00000000","0x00000000","0x00000000","0x00000000","0x04000000","0x00000000","0x00000000","0x00000001","0xFFFFFFFF","0x00000080","0x00000260","0x00000040","0","0","0","0","0","0","0","0","0x8","0x7","0x6","0x4","0","0","0","1","0","0","0","0","0","0","0","0","0x00","0x00","0x00","0x00","0x0","0x0","0x0","0xB","0x38180004","0x1A28006B","0x1A1001B4","0x1A080001","0x5A000204","0x5A000204","0x5A000204","0x70D000C4","0x0B","0x0A","0x09","0x08","0x08","0x08","0x09","0x08","0x000","0x000","0x000","0x000","0x000","0x000","0x000","0x007","0x00","0x01","0x01","0x20","0x20","0x09","0x0B","0x20","0x0A","0x20","0x20","0x20","0x20","0x20","0x20","0x20","0x20","0x20","0x20","0x20","0x20","0x20","0x20","0x20","0x20","0x20","0x20","0x20","0x20","0x20","0x20","0x20","0x20","0x20","0x20"
"75","0xA","0xB","0b0000010000000000","0b0001110000000000","0","1","0b0000000000000000","0b0000010000000000","0b0000000000000000","0b0000000000000000","0","0b0000010000000000","0b0000000000000000","0x00000000","0x00000001","0x000001B4","0x00000000","0x00000000","0x00000000","0x00000000","0x00000000","0x00000000","0x00000000","0x00000000","0x00000000","0x00000000","0x00000000","0x00000000","0x00000000","0x00000000","0x00000000","0x00000000","0x00000000","0x00000000","0x00000000","0x00000000","0x00000000","0x04000000","0x00000000","0x00000000","0x00000001","0xFFFFFFFF","0x00000084","0x00000260","0x00000040","0","0","0","0","0","0","0","0","0x8","0x7","0x6","0x4","0","0","0","1","0","0","0","0","0","0","0","0","0x00","0x00","0x00","0x00","0x0","0x0","0x0","0xB","0x1618D000","0x38180004","0x1A28006B","0x1A1001B4","0x1A080001","0x5A000204","0x5A000204","0x5A000204","0x0C","0x0B","0x0A","0x09","0x08","0x08","0x08","0x09","0xB00","0x000","0x000","0x000","0x000","0x000","0x000","0x000","0x00","0x00","0x01","0x20","0x20","0x20","0x0B","0x20","0x0A","0x20","0x20","0x20","0x20","0x20","0x20","0x20","0x20","0x20","0x20","0x20","0x20","0x20","0x20","0x20","0x20","0x20","0x20","0x20","0x20","0x20","0x20","0x20","0x20","0x20","0x0C"
"76","0xA","0xB","0b0000010000000000","0b0001110000000000","0","1","0b0000000000000000","0b0000010000000000","0b0000000000000000","0b0000000000000000","1","0b0000010000000000","0b0000000000000000","0x00000000","0x00000001","0x000001B4","0x00000000","0x00000000","0x0000006B","0x00000000","0x00000000","0x00000000","0x00000000","0x00000000","0x00000000","0x00000000","0x00000000","0x00000000","0x00000000","0x00000000","0x00000000","0x00000000","0x00000000","0x00000000","0x00000000","0x00000000","0x00000000","0x04000000","0x00000000","0x00000000","0x00000001","0xFFFFFFFF","0x00000084","0x00000260","0x00000040","0","0","0","0","0","0","0","0","0x8","0x7","0x6","0x4","0","0","0","1","0","0","0","1","0","0","0","0","0x00","0x00","0x00","0x18","0x0","0x0","0x0","0xB","0x1618D000","0x38180004","0x1A28006B","0x1A1001B4","0x1A080001","0x5A000204","0x5A000204","0x5A000204","0x0C","0x0B","0x0A","0x09","0x08","0x08","0x08","0x09","0xB00","0x000","0x000","0x000","0x000","0x000","0x000","0x000","0x00","0x00","0x01","0x20","0x20","0x20","0x0B","0x20","0x0A","0x20","0x20","0x20","0x20","0x20","0x20","0x20","0x20","0x20","0x20","0x20","0x20","0x20","0x20","0x20","0x20","0x20","0x20","0x20","0x20","0x20","0x20","0x20","0x20","0x20","0x0C"
"77","0xB","0xC","0b0000000000000000","0b0011100000000000","0","0","0b0000000000000000","0b0000000000000000","0b0000000000000000","0b0000000000000000","0","0b0000000000000000","0b0000000000000000","0x00000000","0x00000001","0x000001B4","0x00000000","0x00000000","0x0000006B","0x00000000","0x00000000","0x00000000","0x00000000","0x00000000","0x00000000","0x00000000","0x00000000","0x00000000","0x00000000","0x00000000","0x00000000","0x00000000","0x00000000","0x00000000","0x00000000","0x00000000","0x00000000","0x04000000","0x00000000","0x00000000","0x00000001","0xFFFFFFFF","0x00000088","0x00000260","0x00000040","0","0","0","0","0","0","0","0","0x8","0x7","0x6","0x4","0","0","0","1","0","0","0","1","0","0","0","0","0x00","0x00","0x00","0x18","0x0","0x0","0x0","0xB","0x60D000B4","0x1618D000","0x38180004","0x1A28006B","0x1A1001B4","0x1A080001","0x5A000204","0x5A000204","0x0D","0x0C","0x0B","0x0A","0x09","0x08","0x08","0x08","0x00C","0xB00","0x000","0x000","0x000","0x000","0x000","0x000","0x00","0x00","0x03","0x20","0x20","0x20","0x0B","0x20","0x20","0x20","0x20","0x20","0x20","0x20","0x20","0x20","0x20","0x20","0x20","0x20","0x20","0x20","0x20","0x20","0x20","0x20","0x20","0x20","0x20","0x20","0x20","0x20","0x20","0x20","0x0C"
"78","0xB","0xC","0b0000000000000000","0b0011100000000000","0","0","0b0000000000000000","0b0000000000000000","0b0000000000000000","0b0000000000000000","1","0b0000000000000000","0b0000000000000000","0x00000000","0x00000001","0x000001B4","0x00000000","0x00000000","0x0000006B","0x00000000","0x00000000","0x00000000","0x00000000","0x00000000","0x00000000","0x00000000","0x00000000","0x00000000","0x00000000","0x00000000","0x00000000","0x00000000","0x00000000","0x00000000","0x00000000","0x00000000","0x00000000","0x04000000","0x00000000","0x00000000","0x00000001","0xFFFFFFFF","0x00000088","0x00000260","0x00000040","0","0","0","0","0","0","0","0","0x8","0x7","0x6","0x4","0","0","1","1","0","0","0","1","0","0","0","0","0x00","0x00","0x00","0x18","0x0","0x0","0xE","0xB","0x60D000B4","0x1618D000","0x38180004","0x1A28006B","0x1A1001B4","0x1A080001","0x5A000204","0x5A000204","0x0D","0x0C","0x0B","0x0A","0x09","0x08","0x08","0x08","0x00C","0xB00","0x000","0x000","0x000","0x000","0x000","0x000","0x00","0x00","0x03","0x20","0x20","0x20","0x0B","0x20","0x20","0x20","0x20","0x20","0x20","0x20","0x20","0x20","0x20","0x20","0x20","0x20","0x20","0x20","0x20","0x20","0x20","0x20","0x20","0x20","0x20","0x20","0x20","0x20","0x20","0x20","0x0C"
"79","0xB","0xC","0b0000000000000000","0b0111100000000000","0","0","0b0000000000000000","0b0000000000000000","0b0000000000000000","0b0000000000000000","0","0b0000000000000000","0b0000000000000000","0x00000000","0x00000001","0x000001B4","0x00000000","0x00000000","0x0000006B","0x00000000","0x00000000","0x00000000","0x00000000","0x00000000","0x00000000","0x00000000","0x00000000","0x00000000","0x00000000","0x00000000","0x00000000","0x00000000","0x00000000","0x00000000","0x00000000","0x00000000","0x00000000","0x04000000","0x00000000","0x00000000","0x00000001","0xFFFFFFFF","0x0000008C","0x00000260","0x00000040","0","0","0","0","0","0","0","0","0x8","0x7","0x6","0x4","0","0","1","1","0","0","0","1","0","0","0","0","0x00","0x00","0x00","0x18","0x0","0x0","0xE","0xB","0x38200000","0x60D000B4","0x1618D000","0x38180004","0x1A28006B","0x1A1001B4","0x1A080001","0x5A000204","0x0E","0x0D","0x0C","0x0B","0x0A","0x09","0x08","0x08","0x000","0x00C","0xB00","0x000","0x000","0x000","0x000","0x000","0x00","0x01","0x07","0x20","0x20","0x20","0x0B","0x0E","0x20","0x20","0x20","0x20","0x20","0x20","0x20","0x20","0x20","0x20","0x20","0x20","0x20","0x20","0x20","0x20","0x20","0x20","0x20","0x20","0x20","0x20","0x20","0x20","0x20","0x20","0x0C"
"80","0xB","0xC","0b0000000000000000","0b0111100000000000","0","0","0b0000000000000000","0b0000000000000000","0b0000000000000000","0b0000000000000000","1","0b0000000000000000","0b0000000000000000","0x00000000","0x00000001","0x000001B4","0x00000000","0x00000000","0x0000006B","0x00000000","0x00000000","0x00000000","0x00000000","0x00000000","0x00000000","0x00000000","0x00000000","0x00000000","0x00000000","0x00000000","0x00000000","0x00000000","0x00000000","0x00000000","0x00000000","0x00000000","0x00000000","0x04000000","0x00000000","0x00000000","0x00000001","0xFFFFFFFF","0x0000008C","0x00000260","0x00000040","0","0","0","0","0","0","0","1","0x8","0x7","0x6","0xF","0","0","1","1","0","0","0","1","0","0","0","0","0x00","0x00","0x00","0x18","0x0","0x0","0xE","0xB","0x38200000","0x60D000B4","0x1618D000","0x38180004","0x1A28006B","0x1A1001B4","0x1A080001","0x5A000204","0x0E","0x0D","0x0C","0x0B","0x0A","0x09","0x08","0x08","0x000","0x00C","0xB00","0x000","0x000","0x000","0x000","0x000","0x00","0x01","0x07","0x20","0x20","0x20","0x0B","0x0E","0x20","0x20","0x20","0x20","0x20","0x20","0x20","0x20","0x20","0x20","0x20","0x20","0x20","0x20","0x20","0x20","0x20","0x20","0x20","0x20","0x20","0x20","0x20","0x20","0x20","0x20","0x0C"
"81","0xB","0xC","0b0000000000000000","0b1111100000000000","0","0","0b0000000000000000","0b0000000000000000","0b0000000000000000","0b0000000000000000","0","0b0000000000000000","0b0000000000000000","0x00000000","0x00000001","0x000001B4","0x00000000","0x00000000","0x0000006B","0x00000000","0x00000000","0x00000000","0x00000000","0x00000000","0x00000000","0x00000000","0x00000000","0x00000000","0x00000000","0x00000000","0x00000000","0x00000000","0x00000000","0x00000000","0x00000000","0x00000000","0x00000000","0x04000000","0x00000000","0x00000000","0x00000001","0xFFFFFFFF","0x00000090","0x00000260","0x00000040","0","0","0","0","0","0","0","1","0x8","0x7","0x6","0xF","0","0","1","1","0","0","0","1","0","0","0","0","0x00","0x00","0x00","0x18","0x0","0x0","0xE","0xB","0x58E00008","0x38200000","0x60D000B4","0x1618D000","0x38180004","0x1A28006B","0x1A1001B4","0x1A080001","0x0F","0x0E","0x0D","0x0C","0x0B","0x0A","0x09","0x08","0x000","0x000","0x00C","0xB00","0x000","0x000","0x000","0x000","0x00","0x01","0x0D","0x20","0x20","0x20","0x0B","0x0E","0x20","0x20","0x20","0x20","0x20","0x20","0x20","0x20","0x20","0x20","0x20","0x20","0x20","0x20","0x20","0x20","0x20","0x20","0x20","0x20","0x20","0x20","0x20","0x20","0x20","0x20","0x0C"
"82","0xB","0xC","0b0000000000000000","0b1111100000000000","0","0","0b0000000000000000","0b0000000000000000","0b0000000000000000","0b0000000000000000","1","0b0000000000000000","0b0000000000000000","0x00000000","0x00000001","0x000001B4","0x00000000","0x00000000","0x0000006B","0x00000000","0x00000000","0x00000000","0x00000000","0x00000000","0x00000000","0x00000000","0x00000000","0x00000000","0x00000000","0x00000000","0x00000000","0x00000000","0x00000000","0x00000000","0x00000000","0x00000000","0x00000000","0x04000000","0x00000000","0x00000000","0x00000001","0xFFFFFFFF","0x00000090","0x00000260","0x00000040","0","0","0","0","0","0","1","1","0x8","0x7","0x0","0xF","0","0","1","1","0","0","1","1","0","0","0","1","0x00","0x00","0x20","0x18","0x0","0x0","0xE","0xB","0x58E00008","0x38200000","0x60D000B4","0x1618D000","0x38180004","0x1A28006B","0x1A1001B4","0x1A080001","0x0F","0x0E","0x0D","0x0C","0x0B","0x0A","0x09","0x08","0x000","0x000","0x00C","0xB00","0x000","0x000","0x000","0x000","0x00","0x01","0x0D","0x20","0x20","0x20","0x0B","0x0E","0x20","0x20","0x20","0x20","0x20","0x20","0x20","0x20","0x20","0x20","0x20","0x20","0x20","0x20","0x20","0x20","0x20","0x20","0x20","0x20","0x20","0x20","0x20","0x20","0x20","0x20","0x0C"
"83","0xB","0xC","0b0000000000000000","0b1111100000000001","0","0","0b0000000000000000","0b0000000000000000","0b0000000000000000","0b1000100000000000","0","0b0000000000000000","0b1000100000000000","0x00000000","0x00000001","0x000001B4","0x00000000","0x00000000","0x0000006B","0x00000000","0x00000000","0x00000000","0x00000000","0x00000000","0x00000000","0x00000000","0x00000000","0x00000000","0x00000000","0x00000000","0x00000000","0x00000000","0x00000000","0x00000000","0x00000000","0x00000000","0x00000000","0x04000000","0x00000000","0x00000000","0x00000001","0xFFFFFFFF","0x00000094","0x00000260","0x00000040","0","0","0","0","0","0","1","1","0x8","0x7","0x0","0xF","0","0","1","1","0","0","1","1","0","0","0","1","0x00","0x00","0x20","0x18","0x0","0x0","0xE","0xB","0x5828000C","0x58E00008","0x38200000","0x60D000B4","0x1618D000","0x38180004","0x1A28006B","0x1A1001B4","0x10","0x0F","0x0E","0x0D","0x0C","0x0B","0x0A","0x09","0x000","0x000","0x000","0x00C","0xB00","0x000","0x000","0x000","0x00","0x01","0x19","0x20","0x20","0x20","0x0B","0x0E","0x20","0x20","0x20","0x20","0x20","0x20","0x20","0x20","0x20","0x20","0x20","0x20","0x20","0x20","0x20","0x20","0x20","0x20","0x20","0x20","0x20","0x20","0x20","0x20","0x20","0x20","0x0C"
"84","0xB","0xC","0b0000000000000000","0b1111100000000001","0","0","0b0000000000000000","0b0000000000000000","0b0000000000000000","0b1000100000000000","1","0b0000000000000000","0b1000100000000000","0x00000000","0x00000001","0x000001B4","0x00000000","0x00000000","0x0000006B","0x00000000","0x00000000","0x00000000","0x00000000","0x00000000","0x00000000","0x00000000","0x00000000","0x00000000","0x00000000","0x00000000","0x00000000","0x00000000","0x00000000","0x00000000","0x00000000","0x00000000","0x00000000","0x04000000","0x00000000","0x00000000","0x00000001","0xFFFFFFFF","0x00000094","0x00000260","0x00000040","0","0","0","0","0","0","1","1","0x8","0x7","0x0","0xF","0","0","1","1","0","0","1","1","0","0","0","1","0x00","0x00","0x20","0x18","0x0","0x0","0xE","0xB","0x5828000C","0x58E00008","0x38200000","0x60D000B4","0x1618D000","0x38180004","0x1A28006B","0x1A1001B4","0x10","0x0F","0x0E","0x0D","0x0C","0x0B","0x0A","0x09","0x000","0x000","0x000","0x00C","0xB00","0x000","0x000","0x000","0x00","0x01","0x19","0x20","0x20","0x20","0x0B","0x0E","0x20","0x20","0x20","0x20","0x20","0x20","0x20","0x20","0x20","0x20","0x20","0x20","0x20","0x20","0x20","0x20","0x20","0x20","0x20","0x20","0x20","0x20","0x20","0x20","0x20","0x20","0x0C"
"85","0xB","0xC","0b1000100000000000","0b1111100000000011","0","1","0b0000000000000000","0b0000100000000000","0b0000000000000000","0b0000000000000001","0","0b1000100000000000","0b0000000000000001","0x00000000","0x00000001","0x000001B4","0x00000000","0x00000000","0x0000006B","0x00000000","0x00000000","0x00000000","0x00000000","0x00000000","0x00000000","0x00000000","0x00000000","0x00000000","0x00000000","0x00000000","0x00000000","0x00000000","0x00000000","0x00000000","0x00000000","0x00000000","0x00000000","0x04000000","0x00000000","0x00000000","0x00000001","0xFFFFFFFF","0x00000098","0x00000260","0x00000040","0","0","0","0","0","0","1","1","0x8","0x7","0x0","0xF","0","0","1","1","0","0","1","1","0","0","0","1","0x00","0x00","0x20","0x18","0x0","0x0","0xE","0xB","0x1720000A","0x5828000C","0x58E00008","0x38200000","0x60D000B4","0x1618D000","0x38180004","0x1A28006B","0x11","0x10","0x0F","0x0E","0x0D","0x0C","0x0B","0x0A","0xE00","0x000","0x000","0x000","0x00C","0xB00","0x000","0x000","0x00","0x00","0x31","0x20","0x20","0x20","0x0B","0x0E","0x20","0x20","0x20","0x20","0x20","0x20","0x20","0x20","0x20","0x20","0x20","0x20","0x20","0x20","0x20","0x20","0x20","0x20","0x20","0x20","0x20","0x20","0x20","0x20","0x20","0x20","0x11"
"86","0xB","0xC","0b1000100000000000","0b1111100000000011","0","1","0b0000000000000000","0b0000100000000000","0b0000000000000000","0b0000000000000001","1","0b1000100000000000","0b0000000000000001","0x00000000","0x00000001","0x000001B4","0x00000000","0x00000000","0x0000006B","0x00000000","0x00000000","0x00000000","0x00000000","0x00000000","0x00000000","0x00000000","0x00000000","0x00000000","0x00000000","0x00000000","0x00000000","0x00000000","0x00000000","0x00000000","0x00000000","0x00000000","0x00000000","0x04000000","0x00000000","0x00000000","0x00000001","0xFFFFFFFF","0x00000098","0x00000260","0x00000040","0","0","0","0","0","0","1","1","0x8","0x7","0x0","0xF","0","0","1","0","0","0","1","0","0","0","0","0","0x00","0x00","0x20","0x18","0x0","0x0","0xE","0xB","0x1720000A","0x5828000C","0x58E00008","0x38200000","0x60D000B4","0x1618D000","0x38180004","0x1A28006B","0x11","0x10","0x0F","0x0E","0x0D","0x0C","0x0B","0x0A","0xE00","0x000","0x000","0x000","0x00C","0xB00","0x000","0x000","0x00","0x00","0x31","0x20","0x20","0x20","0x0B","0x0E","0x20","0x20","0x20","0x20","0x20","0x20","0x20","0x20","0x20","0x20","0x20","0x20","0x20","0x20","0x20","0x20","0x20","0x20","0x20","0x20","0x20","0x20","0x20","0x20","0x20","0x20","0x11"
"87","0xC","0xD","0b1000000000000001","0b1111000000000111","0","0","0b0000000000000000","0b0000000000000000","0b0000000000000000","0b0000000000000000","0","0b1000000000000001","0b0000000000000000","0x00000000","0x00000001","0x000001B4","0x00000000","0x00000000","0x0000006B","0x00000000","0x00000000","0x00000000","0x00000000","0x00000000","0x00000000","0x00000000","0x00000000","0x00000000","0x00000000","0x00000000","0x00000000","0x00000000","0x00000000","0x00000000","0x00000000","0x00000000","0x00000000","0x04000000","0x00000000","0x00000000","0x00000001","0xFFFFFFFF","0x00000084","0x00000260","0x00000040","0","0","0","0","0","0","1","1","0x8","0x7","0x0","0xF","0","0","1","0","0","0","1","0","0","0","0","0","0x00","0x00","0x20","0x18","0x0","0x0","0xE","0xB","0x60D000B8","0x1720000A","0x5828000C","0x58E00008","0x38200000","0x60D000B4","0x1618D000","0x38180004","0x12","0x11","0x10","0x0F","0x0E","0x0D","0x0C","0x0B","0x001","0xE00","0x000","0x000","0x000","0x00C","0xB00","0x000","0x00","0x40","0x63","0x20","0x20","0x20","0x20","0x0E","0x20","0x20","0x20","0x20","0x20","0x20","0x20","0x20","0x20","0x20","0x20","0x20","0x20","0x20","0x20","0x20","0x20","0x20","0x20","0x20","0x20","0x20","0x20","0x20","0x20","0x20","0x11"
"88","0xC","0xD","0b1000000000000001","0b1111000000000111","0","0","0b0000000000000000","0b0000000000000000","0b0000000000000000","0b0000000000000000","1","0b1000000000000001","0b0000000000000000","0x00000000","0x00000001","0x000001B4","0x00000000","0x00000000","0x0000006B","0x00000000","0x00000000","0x00000000","0x00000000","0x00000000","0x00000000","0x00000000","0x00000000","0x00000000","0x00000000","0x00000000","0x00000000","0x00000000","0x00000000","0x00000000","0x00000000","0x00000000","0x00000000","0x04000000","0x00000000","0x00000000","0x00000001","0xFFFFFFFF","0x00000084","0x00000260","0x00000040","0","0","0","0","0","1","1","1","0x8","0x3","0x0","0xF","0","0","1","0","0","0","1","0","0","0","1","0","0x00","0x00","0x20","0x18","0x0","0x0","0xE","0xB","0x60D000B8","0x1720000A","0x5828000C","0x58E00008","0x38200000","0x60D000B4","0x1618D000","0x38180004","0x12","0x11","0x10","0x0F","0x0E","0x0D","0x0C","0x0B","0x001","0xE00","0x000","0x000","0x000","0x00C","0xB00","0x000","0x00","0x40","0x63","0x20","0x20","0x20","0x20","0x0E","0x20","0x20","0x20","0x20","0x20","0x20","0x20","0x20","0x20","0x20","0x20","0x20","0x20","0x20","0x20","0x20","0x20","0x20","0x20","0x20","0x20","0x20","0x20","0x20","0x20","0x20","0x11"
"89","0xC","0xD","0b1000000000000001","0b1111000000001111","0","0","0b0000000000000000","0b0000000000000000","0b0000000000000000","0b0100000000000000","0","0b1000000000000001","0b0100000000000000","0x00000000","0x00000001","0x000001B4","0x00000000","0x00000000","0x0000006B","0x00000000","0x00000000","0x00000000","0x00000000","0x00000000","0x00000000","0x00000000","0x00000000","0x00000000","0x00000000","0x00000000","0x00000000","0x00000000","0x00000000","0x00000000","0x00000000","0x00000000","0x00000000","0x04000000","0x00000000","0x00000000","0x00000001","0xFFFFFFFF","0x000000A0","0x00000260","0x00000040","0","0","0","0","0","1","1","1","0x8","0x3","0x0","0xF","0","0","1","0","0","0","1","0","0","0","1","0","0x00","0x00","0x20","0x18","0x0","0x0","0xE","0xB","0x42200000","0x60D000B8","0x1720000A","0x5828000C","0x58E00008","0x38200000","0x60D000B4","0x1618D000","0x13","0x12","0x11","0x10","0x0F","0x0E","0x0D","0x0C","0x0E0","0x001","0xE00","0x000","0x000","0x000","0x00C","0xB00","0x00","0x00","0x47","0x20","0x20","0x20","0x20","0x0E","0x20","0x20","0x20","0x20","0x20","0x20","0x20","0x20","0x20","0x20","0x20","0x20","0x20","0x20","0x20","0x20","0x20","0x20","0x20","0x20","0x20","0x20","0x20","0x20","0x20","0x20","0x11"
"90","0xC","0xD","0b1000000000000001","0b1111000000001111","0","0","0b0000000000000000","0b0000000000000000","0b0000000000000000","0b0100000000000000","1","0b1000000000000001","0b0100000000000000","0x00000000","0x00000001","0x000001B4","0x00000000","0x00000000","0x0000006B","0x00000000","0x00000000","0x00000000","0x00000000","0x00000000","0x00000000","0x00000000","0x00000000","0x00000000","0x00000000","0x00000000","0x00000000","0x00000000","0x00000000","0x00000000","0x00000000","0x00000000","0x00000000","0x04000000","0x00000000","0x00000000","0x00000001","0xFFFFFFFF","0x000000A0","0x00000260","0x00000040","0","0","0","0","0","1","1","1","0x8","0x3","0x0","0xF","0","0","1","0","0","0","1","0","0","0","1","0","0x00","0x00","0x20","0x18","0x0","0x0","0xE","0xB","0x42200000","0x60D000B8","0x1720000A","0x5828000C","0x58E00008","0x38200000","0x60D000B4","0x1618D000","0x13","0x12","0x11","0x10","0x0F","0x0E","0x0D","0x0C","0x0E0","0x001","0xE00","0x000","0x000","0x000","0x00C","0xB00","0x00","0x00","0x47","0x20","0x20","0x20","0x20","0x0E","0x20","0x20","0x20","0x20","0x20","0x20","0x20","0x20","0x20","0x20","0x20","0x20","0x20","0x20","0x20","0x20","0x20","0x20","0x20","0x20","0x20","0x20","0x20","0x20","0x20","0x20","0x11"
"91","0xC","0xD","0b1100000000000001","0b1111000000011111","0","0","0b0000000000000000","0b0000000000000000","0b0000000000000000","0b0000000000000000","0","0b1100000000000001","0b0000000000000000","0x00000000","0x00000001","0x000001B4","0x00000000","0x00000000","0x0000006B","0x00000000","0x00000000","0x00000000","0x00000000","0x00000000","0x00000000","0x00000000","0x00000000","0x00000000","0x00000000","0x00000000","0x00000000","0x00000000","0x00000000","0x00000000","0x00000000","0x00000000","0x00000000","0x04000000","0x00000000","0x00000000","0x00000001","0xFFFFFFFF","0x000000A4","0x00000260","0x00000040","0","0","0","0","0","1","1","1","0x8","0x3","0x0","0xF","0","0","1","0","0","0","1","0","0","0","1","0","0x00","0x00","0x20","0x18","0x0","0x0","0xE","0xB","0x02100004","0x42200000","0x60D000B8","0x1720000A","0x5828000C","0x58E00008","0x38200000","0x60D000B4","0x14","0x13","0x12","0x11","0x10","0x0F","0x0E","0x0D","0x000","0x0E0","0x001","0xE00","0x000","0x000","0x000","0x00C","0x00","0x01","0x8F","0x20","0x20","0x14","0x20","0x0E","0x20","0x20","0x20","0x20","0x20","0x20","0x20","0x20","0x20","0x20","0x20","0x20","0x20","0x20","0x20","0x20","0x20","0x20","0x20","0x20","0x20","0x20","0x20","0x20","0x20","0x20","0x14"
"92","0xC","0xD","0b1100000000000001","0b1111000000011111","0","0","0b0000000000000000","0b0000000000000000","0b0000000000000000","0b0000000000000000","1","0b1100000000000001","0b0000000000000000","0x00000000","0x00000001","0x000001B4","0x00000000","0x00000000","0x0000006B","0x00000000","0x00000000","0x00000000","0x00000000","0x00000000","0x00000000","0x00000000","0x00000000","0x00000000","0x00000000","0x00000000","0x00000000","0x00000000","0x00000000","0x00000000","0x00000000","0x00000000","0x00000000","0x04000000","0x00000000","0x00000000","0x00000001","0xFFFFFFFF","0x000000A4","0x00000260","0x00000040","0","0","0","0","0","1","1","1","0x8","0x3","0x0","0xF","0","0","1","0","0","0","1","0","0","0","1","0","0x00","0x00","0x20","0x18","0x0","0x0","0xE","0xB","0x02100004","0x42200000","0x60D000B8","0x1720000A","0x5828000C","0x58E00008","0x38200000","0x60D000B4","0x14","0x13","0x12","0x11","0x10","0x0F","0x0E","0x0D","0x000","0x0E0","0x001","0xE00","0x000","0x000","0x000","0x00C","0x00","0x01","0x8F","0x20","0x20","0x14","0x20","0x0E","0x20","0x20","0x20","0x20","0x20","0x20","0x20","0x20","0x20","0x20","0x20","0x20","0x20","0x20","0x20","0x20","0x20","0x20","0x20","0x20","0x20","0x20","0x20","0x20","0x20","0x20","0x14"
"93","0xC","0xD","0b1100000000000001","0b1111000000111111","0","0","0b0000000000000000","0b0000000000000000","0b0000000000000000","0b0001000000000000","0","0b1100000000000001","0b0001000000000000","0x00000000","0x00000001","0x000001B4","0x00000000","0x00000000","0x0000006B","0x00000000","0x00000000","0x00000000","0x00000000","0x00000000","0x00000000","0x00000000","0x00000000","0x00000000","0x00000000","0x00000000","0x00000000","0x00000000","0x00000000","0x00000000","0x00000000","0x00000000","0x00000000","0x04000000","0x00000000","0x00000000","0x00000001","0xFFFFFFFF","0x000000A8","0x00000260","0x00000040","0","0","0","0","0","1","1","1","0x8","0x3","0x0","0xF","0","0","1","0","0","0","1","0","0","0","1","0","0x00","0x00","0x20","0x18","0x0","0x0","0xE","0xB","0x02080001","0x02100004","0x42200000","0x60D000B8","0x1720000A","0x5828000C","0x58E00008","0x60D000B4","0x15","0x14","0x13","0x12","0x11","0x10","0x0F","0x0D","0x000","0x000","0x0E0","0x001","0xE00","0x000","0x000","0x00C","0x00","0x01","0x9D","0x20","0x15","0x14","0x20","0x0E","0x20","0x20","0x20","0x20","0x20","0x20","0x20","0x20","0x20","0x20","0x20","0x20","0x20","0x20","0x20","0x20","0x20","0x20","0x20","0x20","0x20","0x20","0x20","0x20","0x20","0x20","0x15"
"94","0xC","0xD","0b1100000000000001","0b1111000000111111","0","0","0b0000000000000000","0b0000000000000000","0b0000000000000000","0b0001000000000000","1","0b1100000000000001","0b0001000000000000","0x00000000","0x00000001","0x000001B4","0x00000000","0x00000000","0x0000006B","0x00000000","0x00000000","0x00000000","0x00000000","0x00000000","0x00000000","0x00000000","0x00000000","0x00000000","0x00000000","0x00000000","0x00000000","0x00000000","0x00000000","0x00000000","0x00000000","0x00000000","0x00000000","0x04000000","0x00000000","0x00000000","0x00000001","0xFFFFFFFF","0x000000A8","0x00000260","0x00000040","0","0","0","0","0","1","1","1","0x8","0x3","0x0","0xF","0","0","1","0","0","0","1","0","0","0","1","0","0x00","0x00","0x20","0x18","0x0","0x0","0xE","0xB","0x02080001","0x02100004","0x42200000","0x60D000B8","0x1720000A","0x5828000C","0x58E00008","0x60D000B4","0x15","0x14","0x13","0x12","0x11","0x10","0x0F","0x0D","0x000","0x000","0x0E0","0x001","0xE00","0x000","0x000","0x00C","0x00","0x01","0x9D","0x20","0x15","0x14","0x20","0x0E","0x20","0x20","0x20","0x20","0x20","0x20","0x20","0x20","0x20","0x20","0x20","0x20","0x20","0x20","0x20","0x20","0x20","0x20","0x20","0x20","0x20","0x20","0x20","0x20","0x20","0x20","0x15"
"95","0xC","0xD","0b1101000000000001","0b1111000001111111","0","1","0b0000000000000000","0b0001000000000000","0b0000000000000000","0b0000000000000000","0","0b1101000000000001","0b0000000000000000","0x00000000","0x00000001","0x000001B4","0x00000000","0x00000000","0x0000006B","0x00000000","0x00000000","0x00000000","0x00000000","0x00000000","0x00000000","0x00000000","0x00000000","0x00000000","0x00000000","0x00000000","0x00000000","0x00000000","0x00000000","0x00000000","0x00000000","0x00000000","0x00000000","0x04000000","0x00000000","0x00000000","0x00000001","0xFFFFFFFF","0x000000AC","0x00000260","0x00000040","0","0","0","0","0","1","1","1","0x8","0x3","0x0","0xF","0","0","1","0","0","0","1","0","0","0","1","0","0x00","0x00","0x20","0x18","0x0","0x0","0xE","0xB","0x17080014","0x02080001","0x02100004","0x42200000","0x60D000B8","0x1720000A","0x5828000C","0x60D000B4","0x16","0x15","0x14","0x13","0x12","0x11","0x10","0x0D","0x500","0x000","0x000","0x0E0","0x001","0xE00","0x000","0x00C","0x00","0x00","0xB9","0x20","0x15","0x14","0x20","0x0E","0x20","0x20","0x20","0x20","0x20","0x20","0x20","0x20","0x20","0x20","0x20","0x20","0x20","0x20","0x20","0x20","0x20","0x20","0x20","0x20","0x20","0x20","0x20","0x20","0x20","0x20","0x16"
"96","0xC","0xD","0b1101000000000001","0b1111000001111111","0","1","0b0000000000000000","0b0001000000000000","0b0000000000000000","0b0000000000000000","1","0b1101000000000001","0b0000000000000000","0x00000000","0x00000001","0x000001B4","0x00000000","0x00000000","0x0000006B","0x00000000","0x00000000","0x00000000","0x00000000","0x00000000","0x00000000","0x00000000","0x00000000","0x00000000","0x00000000","0x00000000","0x00000000","0x00000000","0x00000000","0x00000000","0x00000000","0x00000000","0x00000000","0x04000000","0x00000000","0x00000000","0x00000001","0xFFFFFFFF","0x000000AC","0x00000260","0x00000051","0","0","0","0","0","1","1","1","0x8","0x3","0x0","0xF","0","0","1","0","0","0","1","0","0","0","1","0","0x00","0x00","0x20","0x18","0x0","0x0","0xE","0xB","0x17080014","0x02080001","0x02100004","0x42200000","0x60D000B8","0x1720000A","0x5828000C","0x60D000B4","0x16","0x15","0x14","0x13","0x12","0x11","0x10","0x0D","0x500","0x000","0x000","0x0E0","0x001","0xE00","0x000","0x00C","0x00","0x00","0xB9","0x20","0x15","0x14","0x20","0x0E","0x20","0x20","0x20","0x20","0x20","0x20","0x20","0x20","0x20","0x20","0x20","0x20","0x20","0x20","0x20","0x20","0x20","0x20","0x20","0x20","0x20","0x20","0x20","0x20","0x20","0x20","0x16"
"97","0xD","0xE","0b1100000000000001","0b1110000011111111","0","0","0b0000000000000000","0b0000000000000000","0b0000000000000000","0b0000000000010000","0","0b1100000000000001","0b0000000000010000","0x00000000","0x00000001","0x000001B4","0x00000000","0x00000000","0x0000006B","0x00000000","0x00000000","0x00000000","0x00000000","0x00000000","0x00000000","0x00000000","0x00000000","0x00000000","0x00000000","0x00000000","0x00000000","0x00000000","0x00000000","0x00000000","0x00000000","0x00000000","0x00000000","0x04000000","0x00000000","0x00000000","0x00000001","0xFFFFFFFF","0x00000088","0x00000260","0x00000051","0","0","0","0","0","1","1","1","0x8","0x3","0x0","0xF","0","0","1","0","0","0","1","0","0","0","1","0","0x00","0x00","0x20","0x18","0x0","0x0","0xE","0xB","0x60D000B8","0x17080014","0x02080001","0x02100004","0x42200000","0x60D000B8","0x1720000A","0x60D000B4","0x17","0x16","0x15","0x14","0x13","0x12","0x11","0x0D","0x006","0x500","0x000","0x000","0x0E0","0x001","0xE00","0x00C","0x00","0x80","0xF3","0x20","0x15","0x14","0x20","0x0E","0x20","0x20","0x20","0x20","0x20","0x20","0x20","0x20","0x20","0x20","0x20","0x20","0x20","0x20","0x20","0x20","0x20","0x20","0x20","0x20","0x20","0x20","0x20","0x20","0x20","0x20","0x16"
"98","0xD","0xE","0b1100000000000001","0b1110000011111111","0","0","0b0000000000000000","0b0000000000000000","0b0000000000000000","0b0000000000010000","1","0b1100000000000001","0b0000000000010000","0x00000000","0x00000001","0x000001B4","0x00000000","0x00000000","0x0000006B","0x00000000","0x00000000","0x00000000","0x00000000","0x00000000","0x00000000","0x00000000","0x00000000","0x00000000","0x00000000","0x00000000","0x00000000","0x00000000","0x00000000","0x00000000","0x00000000","0x00000000","0x00000000","0x04000000","0x00000000","0x00000000","0x00000001","0xFFFFFFFF","0x00000088","0x00000260","0x00000051","0","0","0","0","0","1","1","1","0x8","0x3","0x0","0xF","0","0","1","0","0","0","1","0","0","0","1","0","0x00","0x00","0x20","0x18","0x0","0x0","0xE","0xB","0x60D000B8","0x17080014","0x02080001","0x02100004","0x42200000","0x60D000B8","0x1720000A","0x60D000B4","0x17","0x16","0x15","0x14","0x13","0x12","0x11","0x0D","0x006","0x500","0x000","0x000","0x0E0","0x001","0xE00","0x00C","0x00","0x80","0xF3","0x20","0x15","0x14","0x20","0x0E","0x20","0x20","0x20","0x20","0x20","0x20","0x20","0x20","0x20","0x20","0x20","0x20","0x20","0x20","0x20","0x20","0x20","0x20","0x20","0x20","0x20","0x20","0x20","0x20","0x20","0x20","0x16"
"99","0xD","0xE","0b1100000000010001","0b1110000111111111","0","0","0b0000000000000000","0b0000000000000000","0b1100001111111111","0b0010000000000000","0","0b1100000000010001","0b0010000000000000","0x00000000","0x00000001","0x000001B4","0x00000000","0x00000000","0x0000006B","0x00000000","0x00000000","0x00000000","0x00000000","0x00000000","0x00000000","0x00000000","0x00000000","0x00000000","0x00000000","0x00000000","0x00000000","0x00000000","0x00000000","0x00000000","0x00000000","0x00000000","0x00000000","0x04000000","0x00000000","0x00000000","0x00000001","0xFFFFFFFF","0x000000B4","0x00000260","0x00000051","0","0","0","0","0","1","1","1","0x8","0x3","0x0","0xF","0","0","1","0","0","0","1","0","0","0","1","0","0x00","0x00","0x20","0x18","0x0","0x0","0xE","0xB","0x66D00080","0x60D000B8","0x17080014","0x02080001","0x42200000","0x60D000B8","0x1720000A","0x1720000A","0x18","0x17","0x16","0x15","0x13","0x12","0x11","0x11","0x000","0x006","0x500","0x000","0x0E0","0x001","0xE00","0xE00","0xFF","0x01","0x77","0x20","0x15","0x14","0x20","0x0E","0x20","0x20","0x20","0x20","0x20","0x20","0x20","0x20","0x20","0x20","0x20","0x20","0x20","0x20","0x20","0x20","0x20","0x20","0x20","0x20","0x20","0x20","0x20","0x20","0x20","0x20","0x16"
"100","0xD","0xE","0b1100000000010001","0b1110000111111111","0","0","0b0000000000000000","0b0000000000000000","0b1100001111111111","0b0010000000000000","1","0b1100000000010001","0b0010000000000000","0x00000000","0x00000001","0x000001B4","0x00000000","0x00000000","0x0000006B","0x00000000","0x00000000","0x00000000","0x00000000","0x00000000","0x00000000","0x00000000","0x00000000","0x00000000","0x00000000","0x00000000","0x00000000","0x00000000","0x00000000","0x00000000","0x00000000","0x00000000","0x00000000","0x04000000","0x00000000","0x00000000","0x00000001","0xFFFFFFFF","0x000000B4","0x00000260","0x00000051","0","0","0","0","0","0","0","0","0x8","0x3","0x0","0xF","0","0","0","0","0","0","0","0","0","0","0","0","0x00","0x00","0x20","0x18","0x0","0x0","0xE","0xB","0x66D00080","0x60D000B8","0x17080014","0x02080001","0x42200000","0x60D000B8","0x1720000A","0x1720000A","0x18","0x17","0x16","0x15","0x13","0x12","0x11","0x11","0x000","0x006","0x500","0x000","0x0E0","0x001","0xE00","0xE00","0xFF","0x01","0x77","0x20","0x15","0x14","0x20","0x0E","0x20","0x20","0x20","0x20","0x20","0x20","0x20","0x20","0x20","0x20","0x20","0x20","0x20","0x20","0x20","0x20","0x20","0x20","0x20","0x20","0x20","0x20","0x20","0x20","0x20","0x20","0x16"
"101","0xD","0xE","0b0010000000000000","0b0010000000000000","0","1","0b0000000000000000","0b0010000000000000","0b0000000000000000","0b0000000000000000","0","0b0010000000000000","0b0000000000000000","0x00000000","0x00000001","0x000001B4","0x00000000","0x00000000","0x0000006B","0x00000000","0x00000000","0x00000000","0x00000000","0x00000000","0x00000000","0x00000000","0x00000000","0x00000000","0x00000000","0x00000000","0x00000000","0x00000000","0x00000000","0x00000000","0x00000000","0x00000000","0x00000000","0x04000000","0x00000000","0x00000000","0x00000001","0xFFFFFFFF","0x000000B8","0x00000260","0x00000051","0","0","0","0","0","0","0","0","0x8","0x3","0x0","0xF","0","0","0","0","0","0","0","0","0","0","0","0","0x00","0x00","0x20","0x18","0x0","0x0","0xE","0xB","0x1A200000","0x66D00080","0x60D000B8","0x17080014","0x02080001","0x42200000","0x60D000B8","0x1720000A","0x19","0x18","0x17","0x16","0x15","0x13","0x12","0x11","0x000","0x000","0x006","0x500","0x000","0x0E0","0x001","0xE00","0x00","0x00","0x00","0x20","0x0D","0x0D","0x20","0x0D","0x20","0x20","0x20","0x20","0x20","0x20","0x20","0x20","0x20","0x20","0x20","0x20","0x20","0x20","0x20","0x20","0x20","0x20","0x20","0x20","0x20","0x20","0x20","0x20","0x20","0x20","0x0D"
"102","0xD","0xE","0b0010000000000000","0b0010000000000000","0","1","0b0000000000000000","0b0010000000000000","0b0000000000000000","0b0000000000000000","1","0b0010000000000000","0b0000000000000000","0x00000000","0x00000001","0x000001B4","0x00000000","0x00000000","0x0000006B","0x00000000","0x00000000","0x00000000","0x00000000","0x00000000","0x00000000","0x00000000","0x00000000","0x00000000","0x00000000","0x00000000","0x00000000","0x00000000","0x00000000","0x00000000","0x00000000","0x00000000","0x00000000","0x04000000","0x00000000","0x00000000","0x00000001","0xFFFFFFFF","0x000000B8","0x00000260","0x00000051","0","0","0","0","0","0","0","0","0x8","0x3","0x0","0xF","0","0","0","0","0","0","0","0","0","0","0","0","0x00","0x00","0x20","0x18","0x0","0x0","0xE","0xB","0x1A200000","0x66D00080","0x60D000B8","0x17080014","0x02080001","0x42200000","0x60D000B8","0x1720000A","0x19","0x18","0x17","0x16","0x15","0x13","0x12","0x11","0x000","0x000","0x006","0x500","0x000","0x0E0","0x001","0xE00","0x00","0x00","0x00","0x20","0x0D","0x0D","0x20","0x0D","0x20","0x20","0x20","0x20","0x20","0x20","0x20","0x20","0x20","0x20","0x20","0x20","0x20","0x20","0x20","0x20","0x20","0x20","0x20","0x20","0x20","0x20","0x20","0x20","0x20","0x20","0x0D"
"103","0xE","0xF","0b0000000000000000","0b0000000000000000","0","0","0b0000000000000000","0b0000000000000000","0b0000000000000000","0b0000000000000000","0","0b0000000000000000","0b0000000000000000","0x00000000","0x00000001","0x000001B4","0x00000000","0x00000000","0x0000006B","0x00000000","0x00000000","0x00000000","0x00000000","0x00000000","0x00000000","0x00000000","0x00000000","0x00000000","0x00000000","0x00000000","0x00000000","0x00000000","0x00000000","0x00000000","0x00000000","0x00000000","0x00000000","0x04000000","0x00000000","0x00000000","0x00000001","0xFFFFFFFF","0x0000008C","0x00000260","0x00000051","0","0","0","0","0","0","0","0","0x8","0x3","0x0","0xF","0","0","0","0","0","0","0","0","0","0","0","0","0x00","0x00","0x20","0x18","0x0","0x0","0xE","0xB","0x42200000","0x1A200000","0x66D00080","0x60D000B8","0x17080014","0x02080001","0x42200000","0x60D000B8","0x0E","0x19","0x18","0x17","0x16","0x15","0x13","0x12","0xDD0","0x000","0x000","0x006","0x500","0x000","0x0E0","0x001","0x00","0x00","0x00","0x20","0x20","0x20","0x20","0x20","0x20","0x20","0x20","0x20","0x20","0x20","0x20","0x20","0x20","0x20","0x20","0x20","0x20","0x20","0x20","0x20","0x20","0x20","0x20","0x20","0x20","0x20","0x20","0x20","0x20","0x20","0x20"
"104","0xE","0xF","0b0000000000000000","0b0000000000000000","0","0","0b0000000000000000","0b0000000000000000","0b0000000000000000","0b0000000000000000","1","0b0000000000000000","0b0000000000000000","0x00000000","0x00000001","0x000001B4","0x00000000","0x00000000","0x0000006B","0x00000000","0x00000000","0x00000000","0x00000000","0x00000000","0x00000000","0x00000000","0x00000000","0x00000000","0x00000000","0x00000000","0x00000000","0x00000000","0x00000000","0x00000000","0x00000000","0x00000000","0x00000000","0x04000000","0x00000000","0x00000000","0x00000001","0xFFFFFFFF","0x0000008C","0x00000260","0x00000051","0","0","0","0","0","0","0","0","0x8","0x3","0x0","0xF","0","0","0","0","0","0","0","0","0","0","0","0","0x00","0x00","0x20","0x18","0x0","0x0","0xE","0xB","0x42200000","0x1A200000","0x66D00080","0x60D000B8","0x17080014","0x02080001","0x42200000","0x60D000B8","0x0E","0x19","0x18","0x17","0x16","0x15","0x13","0x12","0xDD0","0x000","0x000","0x006","0x500","0x000","0x0E0","0x001","0x00","0x00","0x00","0x20","0x20","0x20","0x20","0x20","0x20","0x20","0x20","0x20","0x20","0x20","0x20","0x20","0x20","0x20","0x20","0x20","0x20","0x20","0x20","0x20","0x20","0x20","0x20","0x20","0x20","0x20","0x20","0x20","0x20","0x20","0x20"
"105","0xE","0xF","0b0000000000000000","0b0000000000000000","0","0","0b0000000000000000","0b0000000000000000","0b0000000000000000","0b0000000000000000","0","0b0000000000000000","0b0000000000000000","0x00000000","0x00000001","0x000001B4","0x00000000","0x00000000","0x0000006B","0x00000000","0x00000000","0x00000000","0x00000000","0x00000000","0x00000000","0x00000000","0x00000000","0x00000000","0x00000000","0x00000000","0x00000000","0x00000000","0x00000000","0x00000000","0x00000000","0x00000000","0x00000000","0x04000000","0x00000000","0x00000000","0x00000001","0xFFFFFFFF","0x0000008C","0x00000260","0x00000051","0","0","0","0","0","0","0","0","0x8","0x3","0x0","0xF","0","0","0","0","0","0","0","0","0","0","0","0","0x00","0x00","0x20","0x18","0x0","0x0","0xE","0xB","0x42200000","0x42200000","0x1A200000","0x66D00080","0x60D000B8","0x17080014","0x02080001","0x42200000","0x0E","0x0E","0x19","0x18","0x17","0x16","0x15","0x13","0x000","0xDD0","0x000","0x000","0x006","0x500","0x000","0x0E0","0x00","0x00","0x00","0x20","0x20","0x20","0x20","0x20","0x20","0x20","0x20","0x20","0x20","0x20","0x20","0x20","0x20","0x20","0x20","0x20","0x20","0x20","0x20","0x20","0x20","0x20","0x20","0x20","0x20","0x20","0x20","0x20","0x20","0x20","0x20"
"106","0xE","0xF","0b0000000000000000","0b0000000000000000","0","0","0b0000000000000000","0b0000000000000000","0b0000000000000000","0b0000000000000000","1","0b0000000000000000","0b0000000000000000","0x00000000","0x00000001","0x000001B4","0x00000000","0x00000000","0x0000006B","0x00000000","0x00000000","0x00000000","0x00000000","0x00000000","0x00000000","0x00000000","0x00000000","0x00000000","0x00000000","0x00000000","0x00000000","0x00000000","0x00000000","0x00000000","0x00000000","0x00000000","0x00000000","0x04000000","0x00000000","0x00000000","0x00000001","0xFFFFFFFF","0x000000B4","0x00000260","0x00000051","0","0","0","0","0","0","0","0","0x8","0x3","0x0","0xF","0","0","0","0","0","0","0","0","0","0","0","0","0x00","0x00","0x20","0x18","0x0","0x0","0xE","0xB","0x42200000","0x42200000","0x1A200000","0x66D00080","0x60D000B8","0x17080014","0x02080001","0x42200000","0x0E","0x0E","0x19","0x18","0x17","0x16","0x15","0x13","0x000","0xDD0","0x000","0x000","0x006","0x500","0x000","0x0E0","0x00","0x00","0x00","0x20","0x20","0x20","0x20","0x20","0x20","0x20","0x20","0x20","0x20","0x20","0x20","0x20","0x20","0x20","0x20","0x20","0x20","0x20","0x20","0x20","0x20","0x20","0x20","0x20","0x20","0x20","0x20","0x20","0x20","0x20","0x20"
"107","0xE","0xF","0b0000000000000000","0b0100000000000000","0","0","0b0000000000000000","0b0000000000000000","0b0000000000000000","0b0000000000000000","0","0b0000000000000000","0b0000000000000000","0x00000000","0x00000001","0x000001B4","0x00000000","0x00000000","0x0000006B","0x00000000","0x00000000","0x00000000","0x00000000","0x00000000","0x00000000","0x00000000","0x00000000","0x00000000","0x00000000","0x00000000","0x00000000","0x00000000","0x00000000","0x00000000","0x00000000","0x00000000","0x00000000","0x04000000","0x00000000","0x00000000","0x00000001","0xFFFFFFFF","0x000000B4","0x00000260","0x00000051","0","0","0","0","0","0","0","0","0x8","0x3","0x0","0xF","0","0","0","0","0","0","0","0","0","0","0","0","0x00","0x00","0x20","0x18","0x0","0x0","0xE","0xB","0x66D00080","0x42200000","0x42200000","0x1A200000","0x66D00080","0x60D000B8","0x17080014","0x02080001","0x0E","0x0E","0x0E","0x19","0x18","0x17","0x16","0x15","0x000","0x000","0xDD0","0x000","0x000","0x006","0x500","0x000","0x00","0x01","0x01","0x20","0x20","0x20","0x20","0x20","0x20","0x20","0x20","0x20","0x20","0x20","0x20","0x20","0x20","0x20","0x20","0x20","0x20","0x20","0x20","0x20","0x20","0x20","0x20","0x20","0x20","0x20","0x20","0x20","0x20","0x20","0x20"
"108","0xE","0xF","0b0000000000000000","0b0100000000000000","0","0","0b0000000000000000","0b0000000000000000","0b0000000000000000","0b0000000000000000","1","0b0000000000000000","0b0000000000000000","0x00000000","0x00000001","0x000001B4","0x00000000","0x00000000","0x0000006B","0x00000000","0x00000000","0x00000000","0x00000000","0x00000000","0x00000000","0x00000000","0x00000000","0x00000000","0x00000000","0x00000000","0x00000000","0x00000000","0x00000000","0x00000000","0x00000000","0x00000000","0x00000000","0x04000000","0x00000000","0x00000000","0x00000001","0xFFFFFFFF","0x000000B4","0x00000260","0x00000051","0","0","0","0","0","0","0","0","0x8","0x3","0x0","0xF","0","0","0","0","0","0","0","0","0","0","0","0","0x00","0x00","0x20","0x18","0x0","0x0","0xE","0xB","0x66D00080","0x42200000","0x42200000","0x1A200000","0x66D00080","0x60D000B8","0x17080014","0x02080001","0x0E","0x0E","0x0E","0x19","0x18","0x17","0x16","0x15","0x000","0x000","0xDD0","0x000","0x000","0x006","0x500","0x000","0x00","0x01","0x01","0x20","0x20","0x20","0x20","0x20","0x20","0x20","0x20","0x20","0x20","0x20","0x20","0x20","0x20","0x20","0x20","0x20","0x20","0x20","0x20","0x20","0x20","0x20","0x20","0x20","0x20","0x20","0x20","0x20","0x20","0x20","0x20"
"109","0xE","0xF","0b0000000000000000","0b1100000000000000","0","0","0b0000000000000000","0b0000000000000000","0b1000000000000001","0b0100000000000000","0","0b0000000000000000","0b0100000000000000","0x00000000","0x00000001","0x000001B4","0x00000000","0x00000000","0x0000006B","0x00000000","0x00000000","0x00000000","0x00000000","0x00000000","0x00000000","0x00000000","0x00000000","0x00000000","0x00000000","0x00000000","0x00000000","0x00000000","0x00000000","0x00000000","0x00000000","0x00000000","0x00000000","0x04000000","0x00000000","0x00000000","0x00000001","0xFFFFFFFF","0x000000B8","0x00000260","0x00000051","0","0","0","0","0","0","0","0","0x8","0x3","0x0","0xF","0","0","0","0","0","0","0","0","0","0","0","0","0x00","0x00","0x20","0x18","0x0","0x0","0xE","0xB","0x1A200000","0x66D00080","0x42200000","0x42200000","0x1A200000","0x66D00080","0x60D000B8","0x17080014","0x0F","0x0E","0x0E","0x0E","0x19","0x18","0x17","0x16","0x000","0x000","0x000","0xDD0","0x000","0x000","0x006","0x500","0xF1","0x01","0x01","0x20","0x20","0x20","0x20","0x0F","0x20","0x20","0x20","0x20","0x20","0x20","0x20","0x20","0x20","0x20","0x20","0x20","0x20","0x20","0x20","0x20","0x20","0x20","0x20","0x20","0x20","0x20","0x20","0x20","0x20","0x20","0x20"
"110","0xE","0xF","0b0000000000000000","0b1100000000000000","0","0","0b0000000000000000","0b0000000000000000","0b1000000000000001","0b0100000000000000","1","0b0000000000000000","0b0100000000000000","0x00000000","0x00000001","0x000001B4","0x00000000","0x00000000","0x0000006B","0x00000000","0x00000000","0x00000000","0x00000000","0x00000000","0x00000000","0x00000000","0x00000000","0x00000000","0x00000000","0x00000000","0x00000000","0x00000000","0x00000000","0x00000000","0x00000000","0x00000000","0x00000000","0x04000000","0x00000000","0x00000000","0x00000001","0xFFFFFFFF","0x000000B8","0x00000260","0x00000051","0","0","0","0","0","0","0","0","0x8","0x3","0x0","0xF","0","0","0","0","0","0","0","0","0","0","0","0","0x00","0x00","0x20","0x18","0x0","0x0","0xE","0xB","0x1A200000","0x66D00080","0x42200000","0x42200000","0x1A200000","0x66D00080","0x60D000B8","0x17080014","0x0F","0x0E","0x0E","0x0E","0x19","0x18","0x17","0x16","0x000","0x000","0x000","0xDD0","0x000","0x000","0x006","0x500","0xF1","0x01","0x01","0x20","0x20","0x20","0x20","0x0F","0x20","0x20","0x20","0x20","0x20","0x20","0x20","0x20","0x20","0x20","0x20","0x20","0x20","0x20","0x20","0x20","0x20","0x20","0x20","0x20","0x20","0x20","0x20","0x20","0x20","0x20","0x20"
"111","0xE","0xF","0b0100000000000000","0b0100000000000000","0","1","0b0000000000000000","0b0100000000000000","0b0000000000000000","0b0000000000000000","0","0b0100000000000000","0b0000000000000000","0x00000000","0x00000001","0x000001B4","0x00000000","0x00000000","0x0000006B","0x00000000","0x00000000","0x00000000","0x00000000","0x00000000","0x00000000","0x00000000","0x00000000","0x00000000","0x00000000","0x00000000","0x00000000","0x00000000","0x00000000","0x00000000","0x00000000","0x00000000","0x00000000","0x04000000","0x00000000","0x00000000","0x00000001","0xFFFFFFFF","0x000000BC","0x00000260","0x00000051","0","0","0","0","0","0","0","0","0x8","0x3","0x0","0xF","0","0","0","0","0","0","0","0","0","0","0","0","0x00","0x00","0x20","0x18","0x0","0x0","0xE","0xB","0x42200000","0x1A200000","0x66D00080","0x42200000","0x42200000","0x1A200000","0x66D00080","0x60D000B8","0x10","0x0F","0x0E","0x0E","0x0E","0x19","0x18","0x17","0x0F0","0x000","0x000","0x000","0xDD0","0x000","0x000","0x006","0x00","0x00","0x00","0x20","0x20","0x20","0x20","0x0E","0x20","0x20","0x20","0x20","0x20","0x20","0x20","0x20","0x20","0x20","0x20","0x20","0x20","0x20","0x20","0x20","0x20","0x20","0x20","0x20","0x20","0x20","0x20","0x20","0x20","0x20","0x20"
"112","0xE","0xF","0b0100000000000000","0b0100000000000000","0","1","0b0000000000000000","0b0100000000000000","0b0000000000000000","0b0000000000000000","1","0b0100000000000000","0b0000000000000000","0x00000000","0x00000001","0x000001B4","0x00000000","0x00000000","0x0000006B","0x00000000","0x00000000","0x00000000","0x00000000","0x00000000","0x00000000","0x00000000","0x00000000","0x00000000","0x00000000","0x00000000","0x00000000","0x00000000","0x00000000","0x00000000","0x00000000","0x00000000","0x00000000","0x04000000","0x00000000","0x00000000","0x00000001","0xFFFFFFFF","0x000000BC","0x00000260","0x00000051","0","0","0","0","0","0","0","0","0x8","0x3","0x0","0xF","0","0","0","0","0","0","0","0","0","0","0","0","0x00","0x00","0x20","0x18","0x0","0x0","0xE","0xB","0x42200000","0x1A200000","0x66D00080","0x42200000","0x42200000","0x1A200000","0x66D00080","0x60D000B8","0x10","0x0F","0x0E","0x0E","0x0E","0x19","0x18","0x17","0x0F0","0x000","0x000","0x000","0xDD0","0x000","0x000","0x006","0x00","0x00","0x00","0x20","0x20","0x20","0x20","0x0E","0x20","0x20","0x20","0x20","0x20","0x20","0x20","0x20","0x20","0x20","0x20","0x20","0x20","0x20","0x20","0x20","0x20","0x20","0x20","0x20","0x20","0x20","0x20","0x20","0x20","0x20","0x20"
"113","0xF","0x0","0b0000000000000000","0b0000000000000000","0","0","0b0000000000000000","0b0000000000000000","0b0000000000000000","0b0000000000000000","0","0b0000000000000000","0b0000000000000000","0x00000000","0x00000001","0x000001B4","0x00000000","0x00000000","0x0000006B","0x00000000","0x00000000","0x00000000","0x00000000","0x00000000","0x00000000","0x00000000","0x00000000","0x00000000","0x00000000","0x00000000","0x00000000","0x00000000","0x00000000","0x00000000","0x00000000","0x00000000","0x00000000","0x04000000","0x00000000","0x00000000","0x00000001","0xFFFFFFFF","0x000000B8","0x00000260","0x00000051","0","0","0","0","0","0","0","0","0x8","0x3","0x0","0xF","0","0","0","0","0","0","0","0","0","0","0","0","0x00","0x00","0x20","0x18","0x0","0x0","0xE","0xB","0x71000000","0x42200000","0x1A200000","0x66D00080","0x42200000","0x42200000","0x1A200000","0x66D00080","0x0F","0x10","0x0F","0x0E","0x0E","0x0E","0x19","0x18","0x000","0x0F0","0x000","0x000","0x000","0xDD0","0x000","0x000","0x00","0x00","0x00","0x20","0x20","0x20","0x20","0x20","0x20","0x20","0x20","0x20","0x20","0x20","0x20","0x20","0x20","0x20","0x20","0x20","0x20","0x20","0x20","0x20","0x20","0x20","0x20","0x20","0x20","0x20","0x20","0x20","0x20","0x20","0x20"
"114","0xF","0x0","0b0000000000000000","0b0000000000000000","0","0","0b0000000000000000","0b0000000000000000","0b0000000000000000","0b0000000000000000","1","0b0000000000000000","0b0000000000000000","0x00000000","0x00000001","0x000001B4","0x00000000","0x00000000","0x0000006B","0x00000000","0x00000000","0x00000000","0x00000000","0x00000000","0x00000000","0x00000000","0x00000000","0x00000000","0x00000000","0x00000000","0x00000000","0x00000000","0x00000000","0x00000000","0x00000000","0x00000000","0x00000000","0x04000000","0x00000000","0x00000000","0x00000001","0xFFFFFFFF","0x000000B8","0x00000260","0x00000051","0","0","0","0","0","0","0","0","0x8","0x3","0x0","0xF","0","0","0","0","0","0","0","0","0","0","0","0","0x00","0x00","0x20","0x18","0x0","0x0","0xE","0xB","0x71000000","0x42200000","0x1A200000","0x66D00080","0x42200000","0x42200000","0x1A200000","0x66D00080","0x0F","0x10","0x0F","0x0E","0x0E","0x0E","0x19","0x18","0x000","0x0F0","0x000","0x000","0x000","0xDD0","0x000","0x000","0x00","0x00","0x00","0x20","0x20","0x20","0x20","0x20","0x20","0x20","0x20","0x20","0x20","0x20","0x20","0x20","0x20","0x20","0x20","0x20","0x20","0x20","0x20","0x20","0x20","0x20","0x20","0x20","0x20","0x20","0x20","0x20","0x20","0x20","0x20"
"115","0xF","0x0","0b0000000000000000","0b0000000000000000","0","0","0b0000000000000000","0b0000000000000000","0b0000000000000000","0b0000000000000000","0","0b0000000000000000","0b0000000000000000","0x00000000","0x00000001","0x000001B4","0x00000000","0x00000000","0x0000006B","0x00000000","0x00000000","0x00000000","0x00000000","0x00000000","0x00000000","0x00000000","0x00000000","0x00000000","0x00000000","0x00000000","0x00000000","0x00000000","0x00000000","0x00000000","0x00000000","0x00000000","0x00000000","0x04000000","0x00000000","0x00000000","0x00000001","0xFFFFFFFF","0x000000B8","0x00000260","0x00000051","0","0","0","0","0","0","0","0","0x8","0x3","0x0","0xF","0","0","0","0","0","0","0","0","0","0","0","0","0x00","0x00","0x20","0x18","0x0","0x0","0xE","0xB","0x71000000","0x71000000","0x42200000","0x1A200000","0x66D00080","0x42200000","0x42200000","0x1A200000","0x0F","0x0F","0x10","0x0F","0x0E","0x0E","0x0E","0x19","0x000","0x000","0x0F0","0x000","0x000","0x000","0xDD0","0x000","0x00","0x00","0x00","0x20","0x20","0x20","0x20","0x20","0x20","0x20","0x20","0x20","0x20","0x20","0x20","0x20","0x20","0x20","0x20","0x20","0x20","0x20","0x20","0x20","0x20","0x20","0x20","0x20","0x20","0x20","0x20","0x20","0x20","0x20","0x20"
"116","0xF","0x0","0b0000000000000000","0b0000000000000000","0","0","0b0000000000000000","0b0000000000000000","0b0000000000000000","0b0000000000000000","1","0b0000000000000000","0b0000000000000000","0x00000000","0x00000001","0x000001B4","0x00000000","0x00000000","0x0000006B","0x00000000","0x00000000","0x00000000","0x00000000","0x00000000","0x00000000","0x00000000","0x00000000","0x00000000","0x00000000","0x00000000","0x00000000","0x00000000","0x00000000","0x00000000","0x00000000","0x00000000","0x00000000","0x04000000","0x00000000","0x00000000","0x00000001","0xFFFFFFFF","0x00000080","0x00000260","0x00000051","0","0","0","0","0","0","0","0","0x8","0x3","0x0","0xF","0","0","0","1","0","0","0","0","0","0","0","0","0x00","0x00","0x20","0x18","0x0","0x0","0xE","0xF","0x71000000","0x71000000","0x42200000","0x1A200000","0x66D00080","0x42200000","0x42200000","0x1A200000","0x0F","0x0F","0x10","0x0F","0x0E","0x0E","0x0E","0x19","0x000","0x000","0x0F0","0x000","0x000","0x000","0xDD0","0x000","0x00","0x00","0x00","0x20","0x20","0x20","0x20","0x20","0x20","0x20","0x20","0x20","0x20","0x20","0x20","0x20","0x20","0x20","0x20","0x20","0x20","0x20","0x20","0x20","0x20","0x20","0x20","0x20","0x20","0x20","0x20","0x20","0x20","0x20","0x20"
"117","0xF","0x0","0b0000000000000000","0b1000000000000000","0","0","0b0000000000000000","0b0000000000000000","0b0000000000000000","0b0000000000000000","0","0b0000000000000000","0b0000000000000000","0x00000000","0x00000001","0x000001B4","0x00000000","0x00000000","0x0000006B","0x00000000","0x00000000","0x00000000","0x00000000","0x00000000","0x00000000","0x00000000","0x00000000","0x00000000","0x00000000","0x00000000","0x00000000","0x00000000","0x00000000","0x00000000","0x00000000","0x00000000","0x00000000","0x04000000","0x00000000","0x00000000","0x00000001","0xFFFFFFFF","0x00000080","0x00000260","0x00000051","0","0","0","0","0","0","0","0","0x8","0x3","0x0","0xF","0","0","0","1","0","0","0","0","0","0","0","0","0x00","0x00","0x20","0x18","0x0","0x0","0xE","0xF","0x38180004","0x71000000","0x71000000","0x42200000","0x1A200000","0x66D00080","0x42200000","0x42200000","0x0F","0x0F","0x0F","0x10","0x0F","0x0E","0x0E","0x0E","0x000","0x000","0x000","0x0F0","0x000","0x000","0x000","0xDD0","0x00","0x01","0x01","0x20","0x20","0x20","0x0F","0x20","0x20","0x20","0x20","0x20","0x20","0x20","0x20","0x20","0x20","0x20","0x20","0x20","0x20","0x20","0x20","0x20","0x20","0x20","0x20","0x20","0x20","0x20","0x20","0x20","0x20","0x20","0x20"
"118","0xF","0x0","0b0000000000000000","0b1000000000000000","0","0","0b0000000000000000","0b0000000000000000","0b0000000000000000","0b0000000000000000","1","0b0000000000000000","0b0000000000000000","0x00000000","0x00000001","0x000001B4","0x00000000","0x00000000","0x0000006B","0x00000000","0x00000000","0x00000000","0x00000000","0x00000000","0x00000000","0x00000000","0x00000000","0x00000000","0x00000000","0x00000000","0x00000000","0x00000000","0x00000000","0x00000000","0x00000000","0x00000000","0x00000000","0x04000000","0x00000000","0x00000000","0x00000001","0xFFFFFFFF","0x00000080","0x00000260","0x00000051","0","0","0","0","0","0","0","0","0x8","0x3","0x0","0xF","0","0","0","1","0","0","0","0","0","0","0","0","0x00","0x00","0x20","0x18","0x0","0x0","0xE","0xF","0x38180004","0x71000000","0x71000000","0x42200000","0x1A200000","0x66D00080","0x42200000","0x42200000","0x0F","0x0F","0x0F","0x10","0x0F","0x0E","0x0E","0x0E","0x000","0x000","0x000","0x0F0","0x000","0x000","0x000","0xDD0","0x00","0x01","0x01","0x20","0x20","0x20","0x0F","0x20","0x20","0x20","0x20","0x20","0x20","0x20","0x20","0x20","0x20","0x20","0x20","0x20","0x20","0x20","0x20","0x20","0x20","0x20","0x20","0x20","0x20","0x20","0x20","0x20","0x20","0x20","0x20"
"119","0xF","0x0","0b0000000000000000","0b1000000000000001","0","0","0b0000000000000000","0b0000000000000000","0b0000000000000000","0b0000000000000000","0","0b0000000000000000","0b0000000000000000","0x00000000","0x00000001","0x000001B4","0x00000000","0x00000000","0x0000006B","0x00000000","0x00000000","0x00000000","0x00000000","0x00000000","0x00000000","0x00000000","0x00000000","0x00000000","0x00000000","0x00000000","0x00000000","0x00000000","0x00000000","0x00000000","0x00000000","0x00000000","0x00000000","0x04000000","0x00000000","0x00000000","0x00000001","0xFFFFFFFF","0x00000084","0x00000260","0x00000051","0","0","0","0","0","0","0","0","0x8","0x3","0x0","0xF","0","0","0","1","0","0","0","0","0","0","0","0","0x00","0x00","0x20","0x18","0x0","0x0","0xE","0xF","0x1618D000","0x38180004","0x71000000","0x71000000","0x42200000","0x1A200000","0x66D00080","0x42200000","0x10","0x0F","0x0F","0x0F","0x10","0x0F","0x0E","0x0E","0xF00","0x000","0x000","0x000","0x0F0","0x000","0x000","0x000","0x00","0x00","0x01","0x20","0x20","0x20","0x0F","0x20","0x20","0x20","0x20","0x20","0x20","0x20","0x20","0x20","0x20","0x20","0x20","0x20","0x20","0x20","0x20","0x20","0x20","0x20","0x20","0x20","0x20","0x20","0x20","0x20","0x20","0x20","0x10"
"120","0xF","0x0","0b0000000000000000","0b1000000000000001","0","0","0b0000000000000000","0b0000000000000000","0b0000000000000000","0b0000000000000000","1","0b0000000000000000","0b0000000000000000","0x00000000","0x00000001","0x000001B4","0x00000000","0x00000000","0x0000006B","0x00000000","0x00000000","0x00000000","0x00000000","0x00000000","0x00000000","0x00000000","0x00000000","0x00000000","0x00000000","0x00000000","0x00000000","0x00000000","0x00000000","0x00000000","0x00000000","0x00000000","0x00000000","0x04000000","0x00000000","0x00000000","0x00000001","0xFFFFFFFF","0x00000084","0x00000260","0x00000051","0","0","0","0","0","0","0","0","0x8","0x3","0x0","0xF","0","0","0","1","0","0","0","1","0","0","0","0","0x00","0x00","0x20","0x18","0x0","0x0","0xE","0xF","0x1618D000","0x38180004","0x71000000","0x71000000","0x42200000","0x1A200000","0x66D00080","0x42200000","0x10","0x0F","0x0F","0x0F","0x10","0x0F","0x0E","0x0E","0xF00","0x000","0x000","0x000","0x0F0","0x000","0x000","0x000","0x00","0x00","0x01","0x20","0x20","0x20","0x0F","0x20","0x20","0x20","0x20","0x20","0x20","0x20","0x20","0x20","0x20","0x20","0x20","0x20","0x20","0x20","0x20","0x20","0x20","0x20","0x20","0x20","0x20","0x20","0x20","0x20","0x20","0x20","0x10"
"121","0xF","0x0","0b0000000000000000","0b1000000000000011","0","0","0b0000000000000000","0b0000000000000000","0b0000000000000000","0b0000000000000000","0","0b0000000000000000","0b0000000000000000","0x00000000","0x00000001","0x000001B4","0x00000000","0x00000000","0x0000006B","0x00000000","0x00000000","0x00000000","0x00000000","0x00000000","0x00000000","0x00000000","0x00000000","0x00000000","0x00000000","0x00000000","0x00000000","0x00000000","0x00000000","0x00000000","0x00000000","0x00000000","0x00000000","0x04000000","0x00000000","0x00000000","0x00000001","0xFFFFFFFF","0x00000088","0x00000260","0x00000051","0","0","0","0","0","0","0","0","0x8","0x3","0x0","0xF","0","0","0","1","0","0","0","1","0","0","0","0","0x00","0x00","0x20","0x18","0x0","0x0","0xE","0xF","0x60D000B4","0x1618D000","0x38180004","0x71000000","0x71000000","0x42200000","0x1A200000","0x66D00080","0x11","0x10","0x0F","0x0F","0x0F","0x10","0x0F","0x0E","0x000","0xF00","0x000","0x000","0x000","0x0F0","0x000","0x000","0x00","0x00","0x03","0x20","0x20","0x20","0x0F","0x20","0x20","0x20","0x20","0x20","0x20","0x20","0x20","0x20","0x20","0x20","0x20","0x20","0x20","0x20","0x20","0x20","0x20","0x20","0x20","0x20","0x20","0x20","0x20","0x20","0x20","0x20","0x10"
"122","0xF","0x0","0b0000000000000000","0b1000000000000011","0","0","0b0000000000000000","0b0000000000000000","0b0000000000000000","0b0000000000000000","1","0b0000000000000000","0b0000000000000000","0x00000000","0x00000001","0x000001B4","0x00000000","0x00000000","0x0000006B","0x00000000","0x00000000","0x00000000","0x00000000","0x00000000","0x00000000","0x00000000","0x00000000","0x00000000","0x00000000","0x00000000","0x00000000","0x00000000","0x00000000","0x00000000","0x00000000","0x00000000","0x00000000","0x04000000","0x00000000","0x00000000","0x00000001","0xFFFFFFFF","0x00000088","0x00000260","0x00000051","0","0","0","0","0","0","0","0","0x8","0x3","0x0","0xF","0","0","0","1","0","0","0","1","0","0","0","0","0x00","0x00","0x20","0x18","0x0","0x0","0xE","0xF","0x60D000B4","0x1618D000","0x38180004","0x71000000","0x71000000","0x42200000","0x1A200000","0x66D00080","0x11","0x10","0x0F","0x0F","0x0F","0x10","0x0F","0x0E","0x000","0xF00","0x000","0x000","0x000","0x0F0","0x000","0x000","0x00","0x00","0x03","0x20","0x20","0x20","0x0F","0x20","0x20","0x20","0x20","0x20","0x20","0x20","0x20","0x20","0x20","0x20","0x20","0x20","0x20","0x20","0x20","0x20","0x20","0x20","0x20","0x20","0x20","0x20","0x20","0x20","0x20","0x20","0x10"
"123","0xF","0x0","0b0000000000000000","0b1000000000000111","0","0","0b0000000000000000","0b0000000000000000","0b0000000000000000","0b0000000000000000","0","0b0000000000000000","0b0000000000000000","0x00000000","0x00000001","0x000001B4","0x00000000","0x00000000","0x0000006B","0x00000000","0x00000000","0x00000000","0x00000000","0x00000000","0x00000000","0x00000000","0x00000000","0x00000000","0x00000000","0x00000000","0x00000000","0x00000000","0x00000000","0x00000000","0x00000000","0x00000000","0x00000000","0x04000000","0x00000000","0x00000000","0x00000001","0xFFFFFFFF","0x000000B4","0x00000260","0x00000051","0","0","0","0","0","0","0","0","0x8","0x3","0x0","0xF","0","0","0","1","0","0","0","1","0","0","0","0","0x00","0x00","0x20","0x18","0x0","0x0","0xE","0xF","0x66D00080","0x60D000B4","0x1618D000","0x38180004","0x71000000","0x71000000","0x42200000","0x1A200000","0x12","0x11","0x10","0x0F","0x0F","0x0F","0x10","0x0F","0x000","0x000","0xF00","0x000","0x000","0x000","0x0F0","0x000","0x00","0x01","0x07","0x20","0x20","0x20","0x0F","0x20","0x20","0x20","0x20","0x20","0x20","0x20","0x20","0x20","0x20","0x20","0x20","0x20","0x20","0x20","0x20","0x20","0x20","0x20","0x20","0x20","0x20","0x20","0x20","0x20","0x20","0x20","0x10"
"124","0xF","0x0","0b0000000000000000","0b1000000000000111","0","0","0b0000000000000000","0b0000000000000000","0b0000000000000000","0b0000000000000000","1","0b0000000000000000","0b0000000000000000","0x00000000","0x00000001","0x000001B4","0x00000000","0x00000000","0x0000006B","0x00000000","0x00000000","0x00000000","0x00000000","0x00000000","0x00000000","0x00000000","0x00000000","0x00000000","0x00000000","0x00000000","0x00000000","0x00000000","0x00000000","0x00000000","0x00000000","0x00000000","0x00000000","0x04000000","0x00000000","0x00000000","0x00000001","0xFFFFFFFF","0x000000B4","0x00000260","0x00000051","0","0","0","0","0","0","0","0","0x8","0x3","0x0","0xF","0","0","1","1","0","0","0","1","0","0","0","0","0x00","0x00","0x20","0x18","0x0","0x0","0x3","0xF","0x66D00080","0x60D000B4","0x1618D000","0x38180004","0x71000000","0x71000000","0x42200000","0x1A200000","0x12","0x11","0x10","0x0F","0x0F","0x0F","0x10","0x0F","0x000","0x000","0xF00","0x000","0x000","0x000","0x0F0","0x000","0x00","0x01","0x07","0x20","0x20","0x20","0x0F","0x20","0x20","0x20","0x20","0x20","0x20","0x20","0x20","0x20","0x20","0x20","0x20","0x20","0x20","0x20","0x20","0x20","0x20","0x20","0x20","0x20","0x20","0x20","0x20","0x20","0x20","0x20","0x10"
"125","0xF","0x0","0b0000000000000000","0b1000000000001111","0","0","0b0000000000000000","0b0000000000000000","0b0000000000000000","0b0000000000000100","0","0b0000000000000000","0b0000000000000100","0x00000000","0x00000001","0x000001B4","0x00000000","0x00000000","0x0000006B","0x00000000","0x00000000","0x00000000","0x00000000","0x00000000","0x00000000","0x00000000","0x00000000","0x00000000","0x00000000","0x00000000","0x00000000","0x00000000","0x00000000","0x00000000","0x00000000","0x00000000","0x00000000","0x04000000","0x00000000","0x00000000","0x00000001","0xFFFFFFFF","0x00000080","0x00000260","0x00000051","0","0","0","0","0","0","0","0","0x8","0x3","0x0","0xF","0","0","1","1","0","0","0","1","0","0","0","0","0x00","0x00","0x20","0x18","0x0","0x0","0x3","0xF","0x38180004","0x66D00080","0x60D000B4","0x1618D000","0x38180004","0x71000000","0x71000000","0x42200000","0x13","0x12","0x11","0x10","0x0F","0x0F","0x0F","0x10","0x000","0x000","0x000","0xF00","0x000","0x000","0x000","0x0F0","0x00","0x01","0x0D","0x20","0x20","0x20","0x13","0x20","0x20","0x20","0x20","0x20","0x20","0x20","0x20","0x20","0x20","0x20","0x20","0x20","0x20","0x20","0x20","0x20","0x20","0x20","0x20","0x20","0x20","0x20","0x20","0x20","0x20","0x20","0x10"
"126","0xF","0x0","0b0000000000000000","0b1000000000001111","0","0","0b0000000000000000","0b0000000000000000","0b0000000000000000","0b0000000000000100","1","0b0000000000000000","0b0000000000000100","0x00000000","0x00000001","0x000001B4","0x00000000","0x00000000","0x0000006B","0x00000000","0x00000000","0x00000000","0x00000000","0x00000000","0x00000000","0x00000000","0x00000000","0x00000000","0x00000000","0x00000000","0x00000000","0x00000000","0x00000000","0x00000000","0x00000000","0x00000000","0x00000000","0x04000000","0x00000000","0x00000000","0x00000001","0xFFFFFFFF","0x00000080","0x00000260","0x00000051","0","0","0","0","0","0","0","0","0x8","0x3","0x0","0xF","0","0","1","1","0","0","0","1","0","0","0","1","0x00","0x00","0x20","0x18","0x0","0x0","0x3","0xF","0x38180004","0x66D00080","0x60D000B4","0x1618D000","0x38180004","0x71000000","0x71000000","0x42200000","0x13","0x12","0x11","0x10","0x0F","0x0F","0x0F","0x10","0x000","0x000","0x000","0xF00","0x000","0x000","0x000","0x0F0","0x00","0x01","0x0D","0x20","0x20","0x20","0x13","0x20","0x20","0x20","0x20","0x20","0x20","0x20","0x20","0x20","0x20","0x20","0x20","0x20","0x20","0x20","0x20","0x20","0x20","0x20","0x20","0x20","0x20","0x20","0x20","0x20","0x20","0x20","0x10"
"127","0xF","0x0","0b0000000000000100","0b1000000000011111","0","0","0b0000000000000000","0b0000000000000000","0b0000000000000000","0b1000000000000000","0","0b0000000000000100","0b1000000000000000","0x00000000","0x00000001","0x000001B4","0x00000000","0x00000000","0x0000006B","0x00000000","0x00000000","0x00000000","0x00000000","0x00000000","0x00000000","0x00000000","0x00000000","0x00000000","0x00000000","0x00000000","0x00000000","0x00000000","0x00000000","0x00000000","0x00000000","0x00000000","0x00000000","0x04000000","0x00000000","0x00000000","0x00000001","0xFFFFFFFF","0x00000084","0x00000260","0x00000051","0","0","0","0","0","0","0","0","0x8","0x3","0x0","0xF","0","0","1","1","0","0","0","1","0","0","0","1","0x00","0x00","0x20","0x18","0x0","0x0","0x3","0xF","0x1618D000","0x38180004","0x66D00080","0x60D000B4","0x1618D000","0x38180004","0x71000000","0x71000000","0x14","0x13","0x12","0x11","0x10","0x0F","0x0F","0x0F","0x300","0x000","0x000","0x000","0xF00","0x000","0x000","0x000","0x00","0x00","0x19","0x20","0x20","0x20","0x13","0x20","0x20","0x20","0x20","0x20","0x20","0x20","0x20","0x20","0x20","0x20","0x20","0x20","0x20","0x20","0x20","0x20","0x20","0x20","0x20","0x20","0x20","0x20","0x20","0x20","0x20","0x20","0x14"
"128","0xF","0x0","0b0000000000000100","0b1000000000011111","0","0","0b0000000000000000","0b0000000000000000","0b0000000000000000","0b1000000000000000","1","0b0000000000000100","0b1000000000000000","0x00000000","0x00000001","0x000001B4","0x00000000","0x00000000","0x0000006B","0x00000000","0x00000000","0x00000000","0x00000000","0x00000000","0x00000000","0x00000000","0x00000000","0x00000000","0x00000000","0x00000000","0x00000000","0x00000000","0x00000000","0x00000000","0x00000000","0x00000000","0x00000000","0x04000000","0x00000000","0x00000000","0x00000001","0xFFFFFFFF","0x00000084","0x00000260","0x00000051","0","0","0","0","0","0","0","0","0x8","0x3","0x0","0xF","0","0","1","1","0","0","1","1","0","0","0","1","0x00","0x00","0x18","0x18","0x0","0x0","0x3","0xF","0x1618D000","0x38180004","0x66D00080","0x60D000B4","0x1618D000","0x38180004","0x71000000","0x71000000","0x14","0x13","0x12","0x11","0x10","0x0F","0x0F","0x0F","0x300","0x000","0x000","0x000","0xF00","0x000","0x000","0x000","0x00","0x00","0x19","0x20","0x20","0x20","0x13","0x20","0x20","0x20","0x20","0x20","0x20","0x20","0x20","0x20","0x20","0x20","0x20","0x20","0x20","0x20","0x20","0x20","0x20","0x20","0x20","0x20","0x20","0x20","0x20","0x20","0x20","0x20","0x14"
"129","0xF","0x0","0b1000000000000100","0b1000000000111111","0","1","0b0000000000000000","0b1000000000000000","0b0000000000000000","0b0000000000000000","0","0b1000000000000100","0b0000000000000000","0x00000000","0x00000001","0x000001B4","0x00000000","0x00000000","0x0000006B","0x00000000","0x00000000","0x00000000","0x00000000","0x00000000","0x00000000","0x00000000","0x00000000","0x00000000","0x00000000","0x00000000","0x00000000","0x00000000","0x00000000","0x00000000","0x00000000","0x00000000","0x00000000","0x04000000","0x00000000","0x00000000","0x00000001","0xFFFFFFFF","0x00000088","0x00000260","0x00000051","0","0","0","0","0","0","0","0","0x8","0x3","0x0","0xF","0","0","1","1","0","0","1","1","0","0","0","1","0x00","0x00","0x18","0x18","0x0","0x0","0x3","0xF","0x60D000B4","0x1618D000","0x38180004","0x66D00080","0x60D000B4","0x1618D000","0x38180004","0x71000000","0x15","0x14","0x13","0x12","0x11","0x10","0x0F","0x0F","0x004","0x300","0x000","0x000","0x000","0xF00","0x000","0x000","0x00","0x00","0x33","0x20","0x20","0x20","0x13","0x20","0x20","0x20","0x20","0x20","0x20","0x20","0x20","0x20","0x20","0x20","0x20","0x20","0x20","0x20","0x20","0x20","0x20","0x20","0x20","0x20","0x20","0x20","0x20","0x20","0x20","0x20","0x14"
"130","0xF","0x0","0b1000000000000100","0b1000000000111111","0","1","0b0000000000000000","0b1000000000000000","0b0000000000000000","0b0000000000000000","1","0b1000000000000100","0b0000000000000000","0x00000000","0x00000001","0x000001B4","0x00000000","0x00000000","0x0000006B","0x00000000","0x00000000","0x00000000","0x00000000","0x00000000","0x00000000","0x00000000","0x00000000","0x00000000","0x00000000","0x00000000","0x00000000","0x00000000","0x00000000","0x00000000","0x00000000","0x00000000","0x00000000","0x04000000","0x00000000","0x00000000","0x00000001","0xFFFFFFFF","0x00000088","0x00000260","0x00000051","0","0","0","0","0","0","0","0","0x8","0x3","0x0","0xF","0","0","1","0","0","0","1","0","0","0","0","0","0x00","0x00","0x18","0x18","0x0","0x0","0x3","0xF","0x60D000B4","0x1618D000","0x38180004","0x66D00080","0x60D000B4","0x1618D000","0x38180004","0x71000000","0x15","0x14","0x13","0x12","0x11","0x10","0x0F","0x0F","0x004","0x300","0x000","0x000","0x000","0xF00","0x000","0x000","0x00","0x00","0x33","0x20","0x20","0x20","0x13","0x20","0x20","0x20","0x20","0x20","0x20","0x20","0x20","0x20","0x20","0x20","0x20","0x20","0x20","0x20","0x20","0x20","0x20","0x20","0x20","0x20","0x20","0x20","0x20","0x20","0x20","0x20","0x14"
"131","0x0","0x1","0b0000000000000100","0b0000000001111111","0","0","0b0000000000000000","0b0000000000000000","0b0000000000000000","0b0000000000000000","0","0b0000000000000100","0b0000000000000000","0x00000000","0x00000001","0x000001B4","0x00000000","0x00000000","0x0000006B","0x00000000","0x00000000","0x00000000","0x00000000","0x00000000","0x00000000","0x00000000","0x00000000","0x00000000","0x00000000","0x00000000","0x00000000","0x00000000","0x00000000","0x00000000","0x00000000","0x00000000","0x00000000","0x04000000","0x00000000","0x00000000","0x00000001","0xFFFFFFFF","0x00000084","0x00000260","0x00000051","0","0","0","0","0","0","0","0","0x8","0x3","0x0","0xF","0","0","1","0","0","0","1","0","0","0","0","0","0x00","0x00","0x18","0x18","0x0","0x0","0x3","0xF","0x66D00080","0x60D000B4","0x1618D000","0x38180004","0x66D00080","0x60D000B4","0x1618D000","0x38180004","0x16","0x15","0x14","0x13","0x12","0x11","0x10","0x0F","0x000","0x004","0x300","0x000","0x000","0x000","0xF00","0x000","0x00","0x41","0x67","0x20","0x20","0x20","0x13","0x20","0x20","0x20","0x20","0x20","0x20","0x20","0x20","0x20","0x20","0x20","0x20","0x20","0x20","0x20","0x20","0x20","0x20","0x20","0x20","0x20","0x20","0x20","0x20","0x20","0x20","0x20","0x14"
"132","0x0","0x1","0b0000000000000100","0b0000000001111111","0","0","0b0000000000000000","0b0000000000000000","0b0000000000000000","0b0000000000000000","1","0b0000000000000100","0b0000000000000000","0x00000000","0x00000001","0x000001B4","0x00000000","0x00000000","0x0000006B","0x00000000","0x00000000","0x00000000","0x00000000","0x00000000","0x00000000","0x00000000","0x00000000","0x00000000","0x00000000","0x00000000","0x00000000","0x00000000","0x00000000","0x00000000","0x00000000","0x00000000","0x00000000","0x04000000","0x00000000","0x00000000","0x00000001","0xFFFFFFFF","0x00000084","0x00000260","0x00000051","0","0","0","0","0","0","0","0","0x8","0x3","0x0","0xF","0","0","1","1","0","0","1","0","0","0","0","0","0x00","0x00","0x18","0x18","0x0","0x0","0x3","0x7","0x66D00080","0x60D000B4","0x1618D000","0x38180004","0x66D00080","0x60D000B4","0x1618D000","0x38180004","0x16","0x15","0x14","0x13","0x12","0x11","0x10","0x0F","0x000","0x004","0x300","0x000","0x000","0x000","0xF00","0x000","0x00","0x41","0x67","0x20","0x20","0x20","0x13","0x20","0x20","0x20","0x20","0x20","0x20","0x20","0x20","0x20","0x20","0x20","0x20","0x20","0x20","0x20","0x20","0x20","0x20","0x20","0x20","0x20","0x20","0x20","0x20","0x20","0x20","0x20","0x14"
"133","0x0","0x1","0b0000000000000100","0b0000000011111111","0","0","0b0000000000000000","0b0000000000000000","0b0000000000000000","0b0000000000000000","0","0b0000000000000100","0b0000000000000000","0x00000000","0x00000001","0x000001B4","0x00000000","0x00000000","0x0000006B","0x00000000","0x00000000","0x00000000","0x00000000","0x00000000","0x00000000","0x00000000","0x00000000","0x00000000","0x00000000","0x00000000","0x00000000","0x00000000","0x00000000","0x00000000","0x00000000","0x00000000","0x00000000","0x04000000","0x00000000","0x00000000","0x00000001","0xFFFFFFFF","0x000000B4","0x00000260","0x00000051","0","0","0","0","0","0","0","0","0x8","0x3","0x0","0xF","0","0","1","1","0","0","1","0","0","0","0","0","0x00","0x00","0x18","0x18","0x0","0x0","0x3","0x7","0x38180004","0x66D00080","0x60D000B4","0x1618D000","0x38180004","0x66D00080","0x60D000B4","0x1618D000","0x17","0x16","0x15","0x14","0x13","0x12","0x11","0x10","0x000","0x000","0x004","0x300","0x000","0x000","0x000","0xF00","0x00","0x03","0x4F","0x20","0x20","0x20","0x17","0x20","0x20","0x20","0x20","0x20","0x20","0x20","0x20","0x20","0x20","0x20","0x20","0x20","0x20","0x20","0x20","0x20","0x20","0x20","0x20","0x20","0x20","0x20","0x20","0x20","0x20","0x20","0x14"
"134","0x0","0x1","0b0000000000000100","0b0000000011111111","0","0","0b0000000000000000","0b0000000000000000","0b0000000000000000","0b0000000000000000","1","0b0000000000000100","0b0000000000000000","0x00000000","0x00000001","0x000001B4","0x00000000","0x00000000","0x0000006B","0x00000000","0x00000000","0x00000000","0x00000000","0x00000000","0x00000000","0x00000000","0x00000000","0x00000000","0x00000000","0x00000000","0x00000000","0x00000000","0x00000000","0x00000000","0x00000000","0x00000000","0x00000000","0x04000000","0x00000000","0x00000000","0x00000001","0xFFFFFFFF","0x000000B4","0x00000260","0x00000051","0","0","0","0","0","0","0","0","0x8","0x3","0x0","0xF","0","0","1","1","0","0","1","0","0","0","1","0","0x00","0x00","0x18","0x18","0x0","0x0","0x3","0x7","0x38180004","0x66D00080","0x60D000B4","0x1618D000","0x38180004","0x66D00080","0x60D000B4","0x1618D000","0x17","0x16","0x15","0x14","0x13","0x12","0x11","0x10","0x000","0x000","0x004","0x300","0x000","0x000","0x000","0xF00","0x00","0x03","0x4F","0x20","0x20","0x20","0x17","0x20","0x20","0x20","0x20","0x20","0x20","0x20","0x20","0x20","0x20","0x20","0x20","0x20","0x20","0x20","0x20","0x20","0x20","0x20","0x20","0x20","0x20","0x20","0x20","0x20","0x20","0x20","0x14"
"135","0x0","0x1","0b0000000000000100","0b0000000111111111","0","0","0b0000000000000000","0b0000000000000000","0b0000000000000000","0b0000000001001000","0","0b0000000000000100","0b0000000001001000","0x00000000","0x00000001","0x000001B4","0x00000000","0x00000000","0x0000006B","0x00000000","0x00000000","0x00000000","0x00000000","0x00000000","0x00000000","0x00000000","0x00000000","0x00000000","0x00000000","0x00000000","0x00000000","0x00000000","0x00000000","0x00000000","0x00000000","0x00000000","0x00000000","0x04000000","0x00000000","0x00000000","0x00000001","0xFFFFFFFF","0x00000080","0x00000260","0x00000051","0","0","0","0","0","0","0","0","0x8","0x3","0x0","0xF","0","0","1","1","0","0","1","0","0","0","1","0","0x00","0x00","0x18","0x18","0x0","0x0","0x3","0x7","0x1618D000","0x38180004","0x66D00080","0x60D000B4","0x1618D000","0x38180004","0x66D00080","0x60D000B4","0x18","0x17","0x16","0x15","0x14","0x13","0x12","0x11","0x700","0x000","0x000","0x004","0x300","0x000","0x000","0x000","0x00","0x02","0x9B","0x20","0x20","0x20","0x17","0x20","0x20","0x20","0x20","0x20","0x20","0x20","0x20","0x20","0x20","0x20","0x20","0x20","0x20","0x20","0x20","0x20","0x20","0x20","0x20","0x20","0x20","0x20","0x20","0x20","0x20","0x20","0x18"
"136","0x0","0x1","0b0000000000000100","0b0000000111111111","0","0","0b0000000000000000","0b0000000000000000","0b0000000000000000","0b0000000001001000","1","0b0000000000000100","0b0000000001001000","0x00000000","0x00000001","0x000001B4","0x00000000","0x00000000","0x0000006B","0x00000000","0x00000000","0x00000000","0x00000000","0x00000000","0x00000000","0x00000000","0x00000000","0x00000000","0x00000000","0x00000000","0x00000000","0x00000000","0x00000000","0x00000000","0x00000000","0x00000000","0x00000000","0x04000000","0x00000000","0x00000000","0x00000001","0xFFFFFFFF","0x00000080","0x00000260","0x00000051","0","0","0","0","0","0","0","0","0x8","0x3","0x0","0xF","0","0","1","1","0","0","1","0","0","0","1","0","0x00","0x00","0x18","0x18","0x0","0x0","0x3","0x7","0x1618D000","0x38180004","0x66D00080","0x60D000B4","0x1618D000","0x38180004","0x66D00080","0x60D000B4","0x18","0x17","0x16","0x15","0x14","0x13","0x12","0x11","0x700","0x000","0x000","0x004","0x300","0x000","0x000","0x000","0x00","0x02","0x9B","0x20","0x20","0x20","0x17","0x20","0x20","0x20","0x20","0x20","0x20","0x20","0x20","0x20","0x20","0x20","0x20","0x20","0x20","0x20","0x20","0x20","0x20","0x20","0x20","0x20","0x20","0x20","0x20","0x20","0x20","0x20","0x18"
"137","0x0","0x1","0b0000000001001100","0b0000001111111111","0","0","0b0000000000000000","0b0000000000000000","0b0000000000000000","0b0000000000000001","0","0b0000000001001100","0b0000000000000001","0x00000000","0x00000001","0x000001B4","0x00000000","0x00000000","0x0000006B","0x00000000","0x00000000","0x00000000","0x00000000","0x00000000","0x00000000","0x00000000","0x00000000","0x00000000","0x00000000","0x00000000","0x00000000","0x00000000","0x00000000","0x00000000","0x00000000","0x00000000","0x00000000","0x04000000","0x00000000","0x00000000","0x00000001","0xFFFFFFFF","0x00000088","0x00000260","0x00000051","0","0","0","0","0","0","0","0","0x8","0x3","0x0","0xF","0","0","1","1","0","0","1","0","0","0","1","0","0x00","0x00","0x18","0x18","0x0","0x0","0x3","0x7","0x60D000B4","0x1618D000","0x38180004","0x66D00080","0x60D000B4","0x1618D000","0x38180004","0x60D000B4","0x19","0x18","0x17","0x16","0x15","0x14","0x13","0x11","0x008","0x700","0x000","0x000","0x004","0x300","0x000","0x000","0x00","0x00","0xB3","0x20","0x20","0x20","0x17","0x20","0x20","0x20","0x20","0x20","0x20","0x20","0x20","0x20","0x20","0x20","0x20","0x20","0x20","0x20","0x20","0x20","0x20","0x20","0x20","0x20","0x20","0x20","0x20","0x20","0x20","0x20","0x18"
"138","0x0","0x1","0b0000000001001100","0b0000001111111111","0","0","0b0000000000000000","0b0000000000000000","0b0000000000000000","0b0000000000000001","1","0b0000000001001100","0b0000000000000001","0x00000000","0x00000001","0x000001B4","0x00000000","0x00000000","0x0000006B","0x00000000","0x00000000","0x00000000","0x00000000","0x00000000","0x00000000","0x00000000","0x00000000","0x00000000","0x00000000","0x00000000","0x00000000","0x00000000","0x00000000","0x00000000","0x00000000","0x00000000","0x00000000","0x04000000","0x00000000","0x00000000","0x00000001","0xFFFFFFFF","0x00000088","0x00000260","0x00000051","0","0","0","0","0","0","0","0","0x8","0x3","0x0","0xF","0","0","1","1","0","0","1","1","0","0","1","0","0x00","0x00","0x18","0x18","0x0","0x0","0x3","0x7","0x60D000B4","0x1618D000","0x38180004","0x66D00080","0x60D000B4","0x1618D000","0x38180004","0x60D000B4","0x19","0x18","0x17","0x16","0x15","0x14","0x13","0x11","0x008","0x700","0x000","0x000","0x004","0x300","0x000","0x000","0x00","0x00","0xB3","0x20","0x20","0x20","0x17","0x20","0x20","0x20","0x20","0x20","0x20","0x20","0x20","0x20","0x20","0x20","0x20","0x20","0x20","0x20","0x20","0x20","0x20","0x20","0x20","0x20","0x20","0x20","0x20","0x20","0x20","0x20","0x18"
"139","0x0","0x1","0b0000000001001101","0b0000011111111111","0","1","0b0000000000000000","0b0000000000000001","0b0000000000000000","0b0000000000000000","0","0b0000000001001101","0b0000000000000000","0x00000000","0x00000001","0x000001B4","0x00000000","0x00000000","0x0000006B","0x00000000","0x00000000","0x00000000","0x00000000","0x00000000","0x00000000","0x00000000","0x00000000","0x00000000","0x00000000","0x00000000","0x00000000","0x00000000","0x00000000","0x00000000","0x00000000","0x00000000","0x00000000","0x04000000","0x00000000","0x00000000","0x00000001","0xFFFFFFFF","0x000000B4","0x00000260","0x00000051","0","0","0","0","0","0","0","0","0x8","0x3","0x0","0xF","0","0","1","1","0","0","1","1","0","0","1","0","0x00","0x00","0x18","0x18","0x0","0x0","0x3","0x7","0x66D00080","0x60D000B4","0x1618D000","0x38180004","0x66D00080","0x60D000B4","0x1618D000","0x60D000B4","0x1A","0x19","0x18","0x17","0x16","0x15","0x14","0x11","0x000","0x008","0x700","0x000","0x000","0x004","0x300","0x000","0x00","0x01","0xE7","0x20","0x20","0x20","0x17","0x20","0x20","0x20","0x20","0x20","0x20","0x20","0x20","0x20","0x20","0x20","0x20","0x20","0x20","0x20","0x20","0x20","0x20","0x20","0x20","0x20","0x20","0x20","0x20","0x20","0x20","0x20","0x18"
"140","0x0","0x1","0b0000000001001101","0b0000011111111111","0","1","0b0000000000000000","0b0000000000000001","0b0000000000000000","0b0000000000000000","1","0b0000000001001101","0b0000000000000000","0x00000000","0x00000001","0x000001B4","0x00000000","0x00000000","0x0000006B","0x00000000","0x00000000","0x00000000","0x00000000","0x00000000","0x00000000","0x00000000","0x00000000","0x00000000","0x00000000","0x00000000","0x00000000","0x00000000","0x00000000","0x00000000","0x00000000","0x00000000","0x00000000","0x04000000","0x00000000","0x00000000","0x00000001","0xFFFFFFFF","0x000000B4","0x00000260","0x00000051","0","0","0","0","0","0","0","0","0x8","0x3","0x0","0xF","0","0","1","1","0","0","1","1","0","0","1","0","0x00","0x00","0x18","0x18","0x0","0xB","0x3","0x7","0x66D00080","0x60D000B4","0x1618D000","0x38180004","0x66D00080","0x60D000B4","0x1618D000","0x60D000B4","0x1A","0x19","0x18","0x17","0x16","0x15","0x14","0x11","0x000","0x008","0x700","0x000","0x000","0x004","0x300","0x000","0x00","0x01","0xE7","0x20","0x20","0x20","0x17","0x20","0x20","0x20","0x20","0x20","0x20","0x20","0x20","0x20","0x20","0x20","0x20","0x20","0x20","0x20","0x20","0x20","0x20","0x20","0x20","0x20","0x20","0x20","0x20","0x20","0x20","0x20","0x18"
"141","0x1","0x2","0b0000000001001100","0b0000111111111110","0","0","0b0000000000000000","0b0000000000000000","0b0000000000000000","0b0000010000000000","0","0b0000000001001100","0b0000010000000000","0x00000000","0x00000001","0x000001B4","0x00000000","0x00000000","0x0000006B","0x00000000","0x00000000","0x00000000","0x00000000","0x00000000","0x00000000","0x00000000","0x00000000","0x00000000","0x00000000","0x00000000","0x00000000","0x00000000","0x00000000","0x00000000","0x00000000","0x00000000","0x00000000","0x04000000","0x00000000","0x00000000","0x00000001","0xFFFFFFFF","0x00000088","0x00000260","0x00000051","0","0","0","0","0","0","0","0","0x8","0x3","0x0","0xF","0","0","1","1","0","0","1","1","0","0","1","0","0x00","0x00","0x18","0x18","0x0","0xB","0x3","0x7","0x38180004","0x66D00080","0x60D000B4","0x1618D000","0x38180004","0x60D000B4","0x1618D000","0x60D000B4","0x1B","0x1A","0x19","0x18","0x17","0x15","0x14","0x11","0x000","0x000","0x008","0x700","0x000","0x004","0x300","0x000","0x00","0x81","0xED","0x20","0x20","0x20","0x1B","0x20","0x20","0x20","0x20","0x20","0x20","0x20","0x20","0x20","0x20","0x20","0x20","0x20","0x20","0x20","0x20","0x20","0x20","0x20","0x20","0x20","0x20","0x20","0x20","0x20","0x20","0x20","0x18"
"142","0x1","0x2","0b0000000001001100","0b0000111111111110","0","0","0b0000000000000000","0b0000000000000000","0b0000000000000000","0b0000010000000000","1","0b0000000001001100","0b0000010000000000","0x00000000","0x00000001","0x000001B4","0x00000000","0x00000000","0x0000006B","0x00000000","0x00000000","0x00000000","0x00000000","0x00000000","0x00000000","0x00000000","0x00000000","0x00000000","0x00000000","0x00000000","0x00000000","0x00000000","0x00000000","0x00000000","0x00000000","0x00000000","0x00000000","0x04000000","0x00000000","0x00000000","0x00000001","0xFFFFFFFF","0x00000088","0x00000260","0x00000051","0","0","0","0","0","0","0","0","0x8","0x3","0x0","0xF","0","0","1","1","0","0","1","1","0","0","1","0","0x00","0x00","0x18","0x18","0x0","0xB","0x3","0x7","0x38180004","0x66D00080","0x60D000B4","0x1618D000","0x38180004","0x60D000B4","0x1618D000","0x60D000B4","0x1B","0x1A","0x19","0x18","0x17","0x15","0x14","0x11","0x000","0x000","0x008","0x700","0x000","0x004","0x300","0x000","0x00","0x81","0xED","0x20","0x20","0x20","0x1B","0x20","0x20","0x20","0x20","0x20","0x20","0x20","0x20","0x20","0x20","0x20","0x20","0x20","0x20","0x20","0x20","0x20","0x20","0x20","0x20","0x20","0x20","0x20","0x20","0x20","0x20","0x20","0x18"
"143","0x1","0x2","0b0000010001001100","0b0001111111111110","0","0","0b0000000000000000","0b0000000000000000","0b0000000000000000","0b0000000000000010","0","0b0000010001001100","0b0000000000000010","0x00000000","0x00000001","0x000001B4","0x00000000","0x00000000","0x0000006B","0x00000000","0x00000000","0x00000000","0x00000000","0x00000000","0x00000000","0x00000000","0x00000000","0x00000000","0x00000000","0x00000000","0x00000000","0x00000000","0x00000000","0x00000000","0x00000000","0x00000000","0x00000000","0x04000000","0x00000000","0x00000000","0x00000001","0xFFFFFFFF","0x00000080","0x00000260","0x00000051","0","0","0","0","0","0","0","0","0x8","0x3","0x0","0xF","0","0","1","1","0","0","1","1","0","0","1","0","0x00","0x00","0x18","0x18","0x0","0xB","0x3","0x7","0x1618D000","0x38180004","0x66D00080","0x60D000B4","0x1618D000","0x60D000B4","0x1618D000","0x1618D000","0x1C","0x1B","0x1A","0x19","0x18","0x15","0x14","0x14","0xB00","0x000","0x000","0x008","0x700","0x004","0x300","0x300","0x00","0x02","0x7B","0x20","0x20","0x20","0x1B","0x20","0x20","0x20","0x20","0x20","0x20","0x20","0x20","0x20","0x20","0x20","0x20","0x20","0x20","0x20","0x20","0x20","0x20","0x20","0x20","0x20","0x20","0x20","0x20","0x20","0x20","0x20","0x1C"
"144","0x1","0x2","0b0000010001001100","0b0001111111111110","0","0","0b0000000000000000","0b0000000000000000","0b0000000000000000","0b0000000000000010","1","0b0000010001001100","0b0000000000000010","0x00000000","0x00000001","0x000001B4","0x00000000","0x00000000","0x0000006B","0x00000000","0x00000000","0x00000000","0x00000000","0x00000000","0x00000000","0x00000000","0x00000000","0x00000000","0x00000000","0x00000000","0x00000000","0x00000000","0x00000000","0x00000000","0x00000000","0x00000000","0x00000000","0x04000000","0x00000000","0x00000000","0x00000001","0xFFFFFFFF","0x00000080","0x00000260","0x00000051","0","0","0","0","0","0","0","0","0x8","0x3","0x0","0xF","0","0","1","1","0","0","1","1","0","0","1","1","0x00","0x00","0x18","0x18","0x0","0xB","0x3","0x7","0x1618D000","0x38180004","0x66D00080","0x60D000B4","0x1618D000","0x60D000B4","0x1618D000","0x1618D000","0x1C","0x1B","0x1A","0x19","0x18","0x15","0x14","0x14","0xB00","0x000","0x000","0x008","0x700","0x004","0x300","0x300","0x00","0x02","0x7B","0x20","0x20","0x20","0x1B","0x20","0x20","0x20","0x20","0x20","0x20","0x20","0x20","0x20","0x20","0x20","0x20","0x20","0x20","0x20","0x20","0x20","0x20","0x20","0x20","0x20","0x20","0x20","0x20","0x20","0x20","0x20","0x1C"
"145","0x1","0x2","0b0000010001001110","0b0011111111111110","1","1","0b0000000000000100","0b0000000000000010","0b0000000000000000","0b0000000010000000","0","0b0000010001001110","0b0000000010000000","0x00000000","0x00000001","0x000001B4","0x00000000","0x00000000","0x0000006B","0x00000000","0x00000000","0x00000000","0x00000000","0x00000000","0x00000000","0x00000000","0x00000000","0x00000000","0x00000000","0x00000000","0x00000000","0x00000000","0x00000000","0x00000000","0x00000000","0x00000000","0x00000000","0x04000000","0x00000000","0x00000000","0x00000001","0xFFFFFFFF","0x00000088","0x00000260","0x00000051","0","0","0","0","0","0","0","0","0x8","0x3","0x0","0xF","0","0","1","1","0","0","1","1","0","0","1","1","0x00","0x00","0x18","0x18","0x0","0xB","0x3","0x7","0x60D000B4","0x1618D000","0x38180004","0x66D00080","0x60D000B4","0x1618D000","0x60D000B4","0x1618D000","0x1D","0x1C","0x1B","0x1A","0x19","0x18","0x15","0x14","0x00C","0xB00","0x000","0x000","0x008","0x700","0x004","0x300","0x00","0x00","0xF3","0x20","0x20","0x20","0x1B","0x20","0x20","0x20","0x20","0x20","0x20","0x20","0x20","0x20","0x20","0x20","0x20","0x20","0x20","0x20","0x20","0x20","0x20","0x20","0x20","0x20","0x20","0x20","0x20","0x20","0x20","0x20","0x1C"
"146","0x1","0x2","0b0000010001001110","0b0011111111111110","1","1","0b0000000000000100","0b0000000000000010","0b0000000000000000","0b0000000010000000","1","0b0000010001001110","0b0000000010000000","0x00000000","0x00000001","0x000001B4","0x00000000","0x00000000","0x0000006B","0x00000000","0x00000000","0x00000000","0x00000000","0x00000000","0x00000000","0x00000000","0x00000000","0x00000000","0x00000000","0x00000000","0x00000000","0x00000000","0x00000000","0x00000000","0x00000000","0x00000000","0x00000000","0x04000000","0x00000000","0x00000000","0x00000001","0xFFFFFFFF","0x00000088","0x00000260","0x00000051","0","0","0","0","0","0","0","0","0x8","0x3","0x0","0xF","0","0","1","1","0","0","1","1","0","0","1","1","0x00","0x00","0x18","0x18","0x0","0xB","0x3","0x7","0x60D000B4","0x1618D000","0x38180004","0x66D00080","0x60D000B4","0x1618D000","0x60D000B4","0x1618D000","0x1D","0x1C","0x1B","0x1A","0x19","0x18","0x15","0x14","0x00C","0xB00","0x000","0x000","0x008","0x700","0x004","0x300","0x00","0x00","0xF3","0x20","0x20","0x20","0x1B","0x20","0x20","0x20","0x20","0x20","0x20","0x20","0x20","0x20","0x20","0x20","0x20","0x20","0x20","0x20","0x20","0x20","0x20","0x20","0x20","0x20","0x20","0x20","0x20","0x20","0x20","0x20","0x1C"
"147","0x3","0x4","0b0000010011001000","0b0111111111111000","0","1","0b0000000000000000","0b0000000000001000","0b0000000000000000","0b0000000000000000","0","0b0000010011001000","0b0000000000000000","0x00000000","0x00000001","0x000001B4","0x00000000","0x00000000","0x0000006B","0x00000000","0x00000000","0x00000000","0x00000000","0x00000000","0x00000000","0x00000000","0x00000000","0x00000000","0x00000000","0x00000000","0x00000000","0x00000000","0x00000000","0x00000000","0x00000000","0x00000000","0x00000000","0x04000000","0x00000000","0x00000000","0x00000001","0xFFFFFFFF","0x000000B4","0x00000260","0x00000051","0","0","0","0","0","0","0","0","0x8","0x3","0x0","0xF","0","0","1","1","0","0","1","1","0","0","1","1","0x00","0x00","0x18","0x18","0x0","0xB","0x3","0x7","0x66D00080","0x60D000B4","0x1618D000","0x38180004","0x60D000B4","0x1618D000","0x60D000B4","0x1618D000","0x1E","0x1D","0x1C","0x1B","0x19","0x18","0x15","0x14","0x000","0x00C","0xB00","0x000","0x008","0x700","0x004","0x300","0x00","0x01","0xF7","0x20","0x20","0x20","0x1B","0x20","0x20","0x20","0x20","0x20","0x20","0x20","0x20","0x20","0x20","0x20","0x20","0x20","0x20","0x20","0x20","0x20","0x20","0x20","0x20","0x20","0x20","0x20","0x20","0x20","0x20","0x20","0x1C"
"148","0x3","0x4","0b0000010011001000","0b0111111111111000","0","1","0b0000000000000000","0b0000000000001000","0b0000000000000000","0b0000000000000000","1","0b0000010011001000","0b0000000000000000","0x00000000","0x00000001","0x000001B4","0x00000000","0x00000000","0x0000006B","0x00000000","0x00000000","0x00000000","0x00000000","0x00000000","0x00000000","0x00000000","0x00000000","0x00000000","0x00000000","0x00000000","0x00000000","0x00000000","0x00000000","0x00000000","0x00000000","0x00000000","0x00000000","0x04000000","0x00000000","0x00000000","0x00000001","0xFFFFFFFF","0x000000B4","0x00000260","0x00000051","0","0","0","0","0","0","0","0","0x8","0x3","0x0","0xF","0","1","0","1","0","0","0","1","0","0","0","1","0x00","0x00","0x18","0x18","0x0","0xF","0x3","0x7","0x66D00080","0x60D000B4","0x1618D000","0x38180004","0x60D000B4","0x1618D000","0x60D000B4","0x1618D000","0x1E","0x1D","0x1C","0x1B","0x19","0x18","0x15","0x14","0x000","0x00C","0xB00","0x000","0x008","0x700","0x004","0x300","0x00","0x01","0xF7","0x20","0x20","0x20","0x1B","0x20","0x20","0x20","0x20","0x20","0x20","0x20","0x20","0x20","0x20","0x20","0x20","0x20","0x20","0x20","0x20","0x20","0x20","0x20","0x20","0x20","0x20","0x20","0x20","0x20","0x20","0x20","0x1C"
"149","0x4","0x5","0b0000010011000000","0b1111111111110000","0","0","0b0000000000000000","0b0000000000000000","0b0000000000000000","0b0100000000000000","0","0b0000010011000000","0b0100000000000000","0x00000000","0x00000001","0x000001B4","0x00000000","0x00000000","0x0000006B","0x00000000","0x00000000","0x00000000","0x00000000","0x00000000","0x00000000","0x00000000","0x00000000","0x00000000","0x00000000","0x00000000","0x00000000","0x00000000","0x00000000","0x00000000","0x00000000","0x00000000","0x00000000","0x04000000","0x00000000","0x00000000","0x00000001","0xFFFFFFFF","0x00000084","0x00000260","0x00000051","0","0","0","0","0","0","0","0","0x8","0x3","0x0","0xF","0","1","0","1","0","0","0","1","0","0","0","1","0x00","0x00","0x18","0x18","0x0","0xF","0x3","0x7","0x38180004","0x66D00080","0x60D000B4","0x1618D000","0x60D000B4","0x1618D000","0x60D000B4","0x1618D000","0x1F","0x1E","0x1D","0x1C","0x19","0x18","0x15","0x14","0x000","0x000","0x00C","0xB00","0x008","0x700","0x004","0x300","0x00","0x81","0xFD","0x20","0x20","0x20","0x1F","0x20","0x20","0x20","0x20","0x20","0x20","0x20","0x20","0x20","0x20","0x20","0x20","0x20","0x20","0x20","0x20","0x20","0x20","0x20","0x20","0x20","0x20","0x20","0x20","0x20","0x20","0x20","0x1C"
"150","0x4","0x5","0b0000010011000000","0b1111111111110000","0","0","0b0000000000000000","0b0000000000000000","0b0000000000000000","0b0100000000000000","1","0b0000010011000000","0b0100000000000000","0x00000000","0x00000001","0x000001B4","0x00000000","0x00000000","0x0000006B","0x00000000","0x00000000","0x00000000","0x00000000","0x00000000","0x00000000","0x00000000","0x00000000","0x00000000","0x00000000","0x00000000","0x00000000","0x00000000","0x00000000","0x00000000","0x00000000","0x00000000","0x00000000","0x04000000","0x00000000","0x00000000","0x00000001","0xFFFFFFFF","0x00000084","0x00000260","0x00000051","0","0","0","0","0","0","0","0","0x8","0x3","0x0","0xF","0","1","0","1","0","0","0","1","0","0","0","1","0x00","0x00","0x18","0x18","0x0","0xF","0x3","0x7","0x38180004","0x66D00080","0x60D000B4","0x1618D000","0x60D000B4","0x1618D000","0x60D000B4","0x1618D000","0x1F","0x1E","0x1D","0x1C","0x19","0x18","0x15","0x14","0x000","0x000","0x00C","0xB00","0x008","0x700","0x004","0x300","0x00","0x81","0xFD","0x20","0x20","0x20","0x1F","0x20","0x20","0x20","0x20","0x20","0x20","0x20","0x20","0x20","0x20","0x20","0x20","0x20","0x20","0x20","0x20","0x20","0x20","0x20","0x20","0x20","0x20","0x20","0x20","0x20","0x20","0x20","0x1C"
"151","0x4","0x5","0b0100010011000000","0b1111111111110001","0","0","0b0000000000000000","0b0000000000000000","0b0000000000000000","0b0000000000000000","0","0b0100010011000000","0b0000000000000000","0x00000000","0x00000001","0x000001B4","0x00000000","0x00000000","0x0000006B","0x00000000","0x00000000","0x00000000","0x00000000","0x00000000","0x00000000","0x00000000","0x00000000","0x00000000","0x00000000","0x00000000","0x00000000","0x00000000","0x00000000","0x00000000","0x00000000","0x00000000","0x00000000","0x04000000","0x00000000","0x00000000","0x00000001","0xFFFFFFFF","0x00000080","0x00000260","0x00000051","0","0","0","0","0","0","0","0","0x8","0x3","0x0","0xF","0","1","0","1","0","0","0","1","0","0","0","1","0x00","0x00","0x18","0x18","0x0","0xF","0x3","0x7","0x1618D000","0x38180004","0x60D000B4","0x1618D000","0x60D000B4","0x1618D000","0x60D000B4","0x60D000B4","0x00","0x1F","0x1D","0x1C","0x19","0x18","0x15","0x15","0xF00","0x000","0x00C","0xB00","0x008","0x700","0x004","0x004","0x00","0x02","0x7F","0x20","0x20","0x20","0x1F","0x20","0x20","0x20","0x20","0x20","0x20","0x20","0x20","0x20","0x20","0x20","0x20","0x20","0x20","0x20","0x20","0x20","0x20","0x20","0x20","0x20","0x20","0x20","0x20","0x20","0x20","0x20","0x00"
"152","0x4","0x5","0b0100010011000000","0b1111111111110001","0","0","0b0000000000000000","0b0000000000000000","0b0000000000000000","0b0000000000000000","1","0b0100010011000000","0b0000000000000000","0x00000000","0x00000001","0x000001B4","0x00000000","0x00000000","0x0000006B","0x00000000","0x00000000","0x00000000","0x00000000","0x00000000","0x00000000","0x00000000","0x00000000","0x00000000","0x00000000","0x00000000","0x00000000","0x00000000","0x00000000","0x00000000","0x00000000","0x00000000","0x00000000","0x04000000","0x00000000","0x00000000","0x00000001","0xFFFFFFFF","0x00000080","0x00000260","0x00000051","0","0","0","0","0","0","0","0","0x8","0x3","0x0","0xF","0","1","0","1","0","0","0","1","0","0","0","1","0x00","0x00","0x18","0x18","0x0","0xF","0x3","0x7","0x1618D000","0x38180004","0x60D000B4","0x1618D000","0x60D000B4","0x1618D000","0x60D000B4","0x60D000B4","0x00","0x1F","0x1D","0x1C","0x19","0x18","0x15","0x15","0xF00","0x000","0x00C","0xB00","0x008","0x700","0x004","0x004","0x00","0x02","0x7F","0x20","0x20","0x20","0x1F","0x20","0x20","0x20","0x20","0x20","0x20","0x20","0x20","0x20","0x20","0x20","0x20","0x20","0x20","0x20","0x20","0x20","0x20","0x20","0x20","0x20","0x20","0x20","0x20","0x20","0x20","0x20","0x00"
"153","0x4","0x5","0b0100010011000000","0b1111111111110011","0","0","0b0000000000000000","0b0000000000000000","0b0000000000000000","0b0000000000000000","0","0b0100010011000000","0b0000000000000000","0x00000000","0x00000001","0x000001B4","0x00000000","0x00000000","0x0000006B","0x00000000","0x00000000","0x00000000","0x00000000","0x00000000","0x00000000","0x00000000","0x00000000","0x00000000","0x00000000","0x00000000","0x00000000","0x00000000","0x00000000","0x00000000","0x00000000","0x00000000","0x00000000","0x04000000","0x00000000","0x00000000","0x00000001","0xFFFFFFFF","0x00000088","0x00000260","0x00000051","0","0","0","0","0","0","0","0","0x8","0x3","0x0","0xF","0","1","0","1","0","0","0","1","0","0","0","1","0x00","0x00","0x18","0x18","0x0","0xF","0x3","0x7","0x60D000B4","0x1618D000","0x38180004","0x60D000B4","0x1618D000","0x60D000B4","0x1618D000","0x60D000B4","0x01","0x00","0x1F","0x1D","0x1C","0x19","0x18","0x15","0x000","0xF00","0x000","0x00C","0xB00","0x008","0x700","0x004","0x00","0x00","0xFB","0x20","0x20","0x20","0x1F","0x20","0x20","0x20","0x20","0x20","0x20","0x20","0x20","0x20","0x20","0x20","0x20","0x20","0x20","0x20","0x20","0x20","0x20","0x20","0x20","0x20","0x20","0x20","0x20","0x20","0x20","0x20","0x00"
"154","0x4","0x5","0b0100010011000000","0b1111111111110011","0","0","0b0000000000000000","0b0000000000000000","0b0000000000000000","0b0000000000000000","1","0b0100010011000000","0b0000000000000000","0x00000000","0x00000001","0x000001B4","0x00000000","0x00000000","0x0000006B","0x00000000","0x00000000","0x00000000","0x00000000","0x00000000","0x00000000","0x00000000","0x00000000","0x00000000","0x00000000","0x00000000","0x00000000","0x00000000","0x00000000","0x00000000","0x00000000","0x00000000","0x00000000","0x04000000","0x00000000","0x00000000","0x00000001","0xFFFFFFFF","0x00000088","0x00000260","0x00000051","0","0","0","0","0","0","0","0","0x8","0x3","0x0","0xF","0","1","0","1","0","1","0","1","0","0","0","1","0x00","0x18","0x18","0x18","0x0","0xF","0x3","0x7","0x60D000B4","0x1618D000","0x38180004","0x60D000B4","0x1618D000","0x60D000B4","0x1618D000","0x60D000B4","0x01","0x00","0x1F","0x1D","0x1C","0x19","0x18","0x15","0x000","0xF00","0x000","0x00C","0xB00","0x008","0x700","0x004","0x00","0x00","0xFB","0x20","0x20","0x20","0x1F","0x20","0x20","0x20","0x20","0x20","0x20","0x20","0x20","0x20","0x20","0x20","0x20","0x20","0x20","0x20","0x20","0x20","0x20","0x20","0x20","0x20","0x20","0x20","0x20","0x20","0x20","0x20","0x00"
"155","0x4","0x5","0b0100010011000000","0b1111111111110111","0","0","0b0000000000000000","0b0000000000000000","0b0000000000000000","0b0000000000010000","0","0b0100010011000000","0b0000000000010000","0x00000000","0x00000001","0x000001B4","0x00000000","0x00000000","0x0000006B","0x00000000","0x00000000","0x00000000","0x00000000","0x00000000","0x00000000","0x00000000","0x00000000","0x00000000","0x00000000","0x00000000","0x00000000","0x00000000","0x00000000","0x00000000","0x00000000","0x00000000","0x00000000","0x04000000","0x00000000","0x00000000","0x00000001","0xFFFFFFFF","0x000000B4","0x00000260","0x00000051","0","0","0","0","0","0","0","0","0x8","0x3","0x0","0xF","0","1","0","1","0","1","0","1","0","0","0","1","0x00","0x18","0x18","0x18","0x0","0xF","0x3","0x7","0x66D00080","0x60D000B4","0x1618D000","0x60D000B4","0x1618D000","0x60D000B4","0x1618D000","0x60D000B4","0x02","0x01","0x00","0x1D","0x1C","0x19","0x18","0x15","0x000","0x000","0xF00","0x00C","0xB00","0x008","0x700","0x004","0x00","0x01","0xFF","0x20","0x20","0x20","0x1F","0x20","0x20","0x20","0x20","0x20","0x20","0x20","0x20","0x20","0x20","0x20","0x20","0x20","0x20","0x20","0x20","0x20","0x20","0x20","0x20","0x20","0x20","0x20","0x20","0x20","0x20","0x20","0x00"
"156","0x4","0x5","0b0100010011000000","0b1111111111110111","0","0","0b0000000000000000","0b0000000000000000","0b0000000000000000","0b0000000000010000","1","0b0100010011000000","0b0000000000010000","0x00000000","0x00000001","0x000001B4","0x00000000","0x00000000","0x0000006B","0x00000000","0x00000000","0x00000000","0x00000000","0x00000000","0x00000000","0x00000000","0x00000000","0x00000000","0x00000000","0x00000000","0x00000000","0x00000000","0x00000000","0x00000000","0x00000000","0x00000000","0x00000000","0x04000000","0x00000000","0x00000000","0x00000001","0xFFFFFFFF","0x000000B4","0x00000260","0x00000051","0","0","0","0","0","0","0","0","0x8","0x3","0x0","0xF","0","1","0","1","0","1","0","1","0","0","0","1","0x00","0x18","0x18","0x18","0x0","0xF","0x3","0x7","0x66D00080","0x60D000B4","0x1618D000","0x60D000B4","0x1618D000","0x60D000B4","0x1618D000","0x60D000B4","0x02","0x01","0x00","0x1D","0x1C","0x19","0x18","0x15","0x000","0x000","0xF00","0x00C","0xB00","0x008","0x700","0x004","0x00","0x01","0xFF","0x20","0x20","0x20","0x1F","0x20","0x20","0x20","0x20","0x20","0x20","0x20","0x20","0x20","0x20","0x20","0x20","0x20","0x20","0x20","0x20","0x20","0x20","0x20","0x20","0x20","0x20","0x20","0x20","0x20","0x20","0x20","0x00"
"157","0x4","0x5","0b0100010011010000","0b1111111111110111","0","1","0b0000000000000000","0b0000000000010000","0b0000000000000000","0b0000000000000100","0","0b0100010011010000","0b0000000000000100","0x00000000","0x00000001","0x000001B4","0x00000000","0x00000000","0x0000006B","0x00000000","0x00000000","0x00000000","0x00000000","0x00000000","0x00000000","0x00000000","0x00000000","0x00000000","0x00000000","0x00000000","0x00000000","0x00000000","0x00000000","0x00000000","0x00000000","0x00000000","0x00000000","0x04000000","0x00000000","0x00000000","0x00000001","0xFFFFFFFF","0x00000080","0x00000260","0x00000051","0","0","0","0","0","0","0","0","0x8","0x3","0x0","0xF","0","1","0","1","0","1","0","1","0","0","0","1","0x00","0x18","0x18","0x18","0x0","0xF","0x3","0x7","0x38180004","0x60D000B4","0x1618D000","0x60D000B4","0x1618D000","0x60D000B4","0x1618D000","0x60D000B4","0x03","0x01","0x00","0x1D","0x1C","0x19","0x18","0x15","0x000","0x000","0xF00","0x00C","0xB00","0x008","0x700","0x004","0x00","0x00","0xFE","0x20","0x20","0x20","0x1F","0x20","0x20","0x20","0x20","0x20","0x20","0x20","0x20","0x20","0x20","0x20","0x20","0x20","0x20","0x20","0x20","0x20","0x20","0x20","0x20","0x20","0x20","0x20","0x20","0x20","0x20","0x20","0x00"
"158","0x4","0x5","0b0100010011010000","0b1111111111110111","0","1","0b0000000000000000","0b0000000000010000","0b0000000000000000","0b0000000000000100","1","0b0100010011010000","0b0000000000000100","0x00000000","0x00000001","0x000001B4","0x00000000","0x00000000","0x0000006B","0x00000000","0x00000000","0x00000000","0x00000000","0x00000000","0x00000000","0x00000000","0x00000000","0x00000000","0x00000000","0x00000000","0x00000000","0x00000000","0x00000000","0x00000000","0x00000000","0x00000000","0x00000000","0x04000000","0x00000000","0x00000000","0x00000001","0xFFFFFFFF","0x00000080","0x00000260","0x00000051","0","0","0","0","0","0","0","0","0x8","0x3","0x0","0xF","0","1","0","1","0","1","0","1","0","0","0","1","0x00","0x18","0x18","0x18","0x0","0xF","0x3","0x7","0x38180004","0x60D000B4","0x1618D000","0x60D000B4","0x1618D000","0x60D000B4","0x1618D000","0x60D000B4","0x03","0x01","0x00","0x1D","0x1C","0x19","0x18","0x15","0x000","0x000","0xF00","0x00C","0xB00","0x008","0x700","0x004","0x00","0x00","0xFE","0x20","0x20","0x20","0x1F","0x20","0x20","0x20","0x20","0x20","0x20","0x20","0x20","0x20","0x20","0x20","0x20","0x20","0x20","0x20","0x20","0x20","0x20","0x20","0x20","0x20","0x20","0x20","0x20","0x20","0x20","0x20","0x00"
"159","0x5","0x6","0b0100010011000100","0b1111111111100111","0","0","0b0000000000000000","0b0000000000000000","0b0000000000000000","0b0000000000000000","0","0b0100010011000100","0b0000000000000000","0x00000000","0x00000001","0x000001B4","0x00000000","0x00000000","0x0000006B","0x00000000","0x00000000","0x00000000","0x00000000","0x00000000","0x00000000","0x00000000","0x00000000","0x00000000","0x00000000","0x00000000","0x00000000","0x00000000","0x00000000","0x00000000","0x00000000","0x00000000","0x00000000","0x04000000","0x00000000","0x00000000","0x00000001","0xFFFFFFFF","0x00000088","0x00000260","0x00000051","0","0","0","0","0","0","0","0","0x8","0x3","0x0","0xF","0","1","0","1","0","1","0","1","0","0","0","1","0x00","0x18","0x18","0x18","0x0","0xF","0x3","0x7","0x38180004","0x60D000B4","0x1618D000","0x60D000B4","0x1618D000","0x60D000B4","0x1618D000","0x60D000B4","0x03","0x01","0x00","0x1D","0x1C","0x19","0x18","0x15","0x000","0x000","0xF00","0x00C","0xB00","0x008","0x700","0x004","0x00","0x80","0xFE","0x20","0x20","0x20","0x1F","0x20","0x20","0x20","0x20","0x20","0x20","0x20","0x20","0x20","0x20","0x20","0x20","0x20","0x20","0x20","0x20","0x20","0x20","0x20","0x20","0x20","0x20","0x20","0x20","0x20","0x20","0x20","0x00"
"160","0x5","0x6","0b0100010011000100","0b1111111111100111","0","0","0b0000000000000000","0b0000000000000000","0b0000000000000000","0b0000000000000000","1","0b0100010011000100","0b0000000000000000","0x00000000","0x00000001","0x000001B4","0x00000000","0x00000000","0x0000006B","0x00000000","0x00000000","0x00000000","0x00000000","0x00000000","0x00000000","0x00000000","0x00000000","0x00000000","0x00000000","0x00000000","0x00000000","0x00000000","0x00000000","0x00000000","0x00000000","0x00000000","0x00000000","0x04000000","0x00000000","0x00000000","0x00000001","0xFFFFFFFF","0x00000088","0x00000260","0x00000051","0","0","0","0","0","0","0","0","0x8","0x3","0x0","0xF","0","1","1","1","0","1","0","1","0","1","0","1","0x00","0x18","0x18","0x18","0x0","0xF","0x3","0x7","0x38180004","0x60D000B4","0x1618D000","0x60D000B4","0x1618D000","0x60D000B4","0x1618D000","0x60D000B4","0x03","0x01","0x00","0x1D","0x1C","0x19","0x18","0x15","0x000","0x000","0xF00","0x00C","0xB00","0x008","0x700","0x004","0x00","0x80","0xFE","0x20","0x20","0x20","0x1F","0x20","0x20","0x20","0x20","0x20","0x20","0x20","0x20","0x20","0x20","0x20","0x20","0x20","0x20","0x20","0x20","0x20","0x20","0x20","0x20","0x20","0x20","0x20","0x20","0x20","0x20","0x20","0x00"
"161","0x5","0x6","0b0100010011000100","0b1111111111101111","0","0","0b0000000000000000","0b0000000000000000","0b0000000000000000","0b1000000000100000","0","0b0100010011000100","0b1000000000100000","0x00000000","0x00000001","0x000001B4","0x00000000","0x00000000","0x0000006B","0x00000000","0x00000000","0x00000000","0x00000000","0x00000000","0x00000000","0x00000000","0x00000000","0x00000000","0x00000000","0x00000000","0x00000000","0x00000000","0x00000000","0x00000000","0x00000000","0x00000000","0x00000000","0x04000000","0x00000000","0x00000000","0x00000001","0xFFFFFFFF","0x00000080","0x00000260","0x00000051","0","0","0","0","0","0","0","0","0x8","0x3","0x0","0xF","0","1","1","1","0","1","0","1","0","1","0","1","0x00","0x18","0x18","0x18","0x0","0xF","0x3","0x7","0x38180004","0x60D000B4","0x1618D000","0x60D000B4","0x1618D000","0x60D000B4","0x1618D000","0x1618D000","0x03","0x01","0x00","0x1D","0x1C","0x19","0x18","0x18","0x000","0x000","0xF00","0x00C","0xB00","0x008","0x700","0x700","0x00","0x01","0x7F","0x20","0x20","0x20","0x03","0x20","0x20","0x20","0x20","0x20","0x20","0x20","0x20","0x20","0x20","0x20","0x20","0x20","0x20","0x20","0x20","0x20","0x20","0x20","0x20","0x20","0x20","0x20","0x20","0x20","0x20","0x20","0x00"
"162","0x5","0x6","0b0100010011000100","0b1111111111101111","0","0","0b0000000000000000","0b0000000000000000","0b0000000000000000","0b1000000000100000","1","0b0100010011000100","0b1000000000100000","0x00000000","0x00000001","0x000001B4","0x00000000","0x00000000","0x0000006B","0x00000000","0x00000000","0x00000000","0x00000000","0x00000000","0x00000000","0x00000000","0x00000000","0x00000000","0x00000000","0x00000000","0x00000000","0x00000000","0x00000000","0x00000000","0x00000000","0x00000000","0x00000000","0x04000000","0x00000000","0x00000000","0x00000001","0xFFFFFFFF","0x00000080","0x00000260","0x00000051","0","0","0","0","0","0","0","0","0x8","0x3","0x0","0xF","0","1","1","1","0","1","0","1","0","1","0","1","0x00","0x18","0x18","0x18","0x0","0xF","0x3","0x7","0x38180004","0x60D000B4","0x1618D000","0x60D000B4","0x1618D000","0x60D000B4","0x1618D000","0x1618D000","0x03","0x01","0x00","0x1D","0x1C","0x19","0x18","0x18","0x000","0x000","0xF00","0x00C","0xB00","0x008","0x700","0x700","0x00","0x01","0x7F","0x20","0x20","0x20","0x03","0x20","0x20","0x20","0x20","0x20","0x20","0x20","0x20","0x20","0x20","0x20","0x20","0x20","0x20","0x20","0x20","0x20","0x20","0x20","0x20","0x20","0x20","0x20","0x20","0x20","0x20","0x20","0x00"
"163","0x5","0x6","0b1100010011100100","0b1111111111101111","1","1","0b0000000001000000","0b0000000000100000","0b0000000000000000","0b0000000000000000","0","0b1100010011100100","0b0000000000000000","0x00000000","0x00000001","0x000001B4","0x00000000","0x00000000","0x0000006B","0x00000000","0x00000000","0x00000000","0x00000000","0x00000000","0x00000000","0x00000000","0x00000000","0x00000000","0x00000000","0x00000000","0x00000000","0x00000000","0x00000000","0x00000000","0x00000000","0x00000000","0x00000000","0x04000000","0x00000000","0x00000000","0x00000001","0xFFFFFFFF","0x00000084","0x00000260","0x00000051","0","0","0","0","0","0","0","0","0x8","0x3","0x0","0xF","0","1","1","1","0","1","0","1","0","1","0","1","0x00","0x18","0x18","0x18","0x0","0xF","0x3","0x7","0x1618D000","0x38180004","0x60D000B4","0x1618D000","0x60D000B4","0x1618D000","0x60D000B4","0x1618D000","0x04","0x03","0x01","0x00","0x1D","0x1C","0x19","0x18","0x300","0x000","0x000","0xF00","0x00C","0xB00","0x008","0x700","0x00","0x00","0xFC","0x20","0x20","0x20","0x03","0x20","0x20","0x20","0x20","0x20","0x20","0x20","0x20","0x20","0x20","0x20","0x20","0x20","0x20","0x20","0x20","0x20","0x20","0x20","0x20","0x20","0x20","0x20","0x20","0x20","0x20","0x20","0x00"
"164","0x5","0x6","0b1100010011100100","0b1111111111101111","1","1","0b0000000001000000","0b0000000000100000","0b0000000000000000","0b0000000000000000","1","0b1100010011100100","0b0000000000000000","0x00000000","0x00000001","0x000001B4","0x00000000","0x00000000","0x0000006B","0x00000000","0x00000000","0x00000000","0x00000000","0x00000000","0x00000000","0x00000000","0x00000000","0x00000000","0x00000000","0x00000000","0x00000000","0x00000000","0x00000000","0x00000000","0x00000000","0x00000000","0x00000000","0x04000000","0x00000000","0x00000000","0x00000001","0xFFFFFFFF","0x00000084","0x00000260","0x00000051","0","0","0","0","0","0","0","0","0x8","0x3","0x0","0xF","0","1","1","1","0","1","1","1","0","1","0","1","0x00","0x18","0x18","0x18","0x0","0xF","0x3","0x7","0x1618D000","0x38180004","0x60D000B4","0x1618D000","0x60D000B4","0x1618D000","0x60D000B4","0x1618D000","0x04","0x03","0x01","0x00","0x1D","0x1C","0x19","0x18","0x300","0x000","0x000","0xF00","0x00C","0xB00","0x008","0x700","0x00","0x00","0xFC","0x20","0x20","0x20","0x03","0x20","0x20","0x20","0x20","0x20","0x20","0x20","0x20","0x20","0x20","0x20","0x20","0x20","0x20","0x20","0x20","0x20","0x20","0x20","0x20","0x20","0x20","0x20","0x20","0x20","0x20","0x20","0x00"
"165","0x7","0x8","0b1100010010000100","0b1111111110001111","0","1","0b0000000000000000","0b0000000010000000","0b0000000000000000","0b0000000000000000","0","0b1100010010000100","0b0000000000000000","0x00000000","0x00000001","0x000001B4","0x00000000","0x00000000","0x0000006B","0x00000000","0x00000000","0x00000000","0x00000000","0x00000000","0x00000000","0x00000000","0x00000000","0x00000000","0x00000000","0x00000000","0x00000000","0x00000000","0x00000000","0x00000000","0x00000000","0x00000000","0x00000000","0x04000000","0x00000000","0x00000000","0x00000001","0xFFFFFFFF","0x00000084","0x00000260","0x00000051","0","0","0","0","0","0","0","0","0x8","0x3","0x0","0xF","0","1","1","1","0","1","1","1","0","1","0","1","0x00","0x18","0x18","0x18","0x0","0xF","0x3","0x7","0x1618D000","0x1618D000","0x60D000B4","0x1618D000","0x60D000B4","0x1618D000","0x60D000B4","0x1618D000","0x04","0x04","0x01","0x00","0x1D","0x1C","0x19","0x18","0x300","0x300","0x000","0xF00","0x00C","0xB00","0x008","0x700","0x00","0x00","0xFC","0x20","0x20","0x20","0x03","0x20","0x20","0x20","0x20","0x20","0x20","0x20","0x20","0x20","0x20","0x20","0x20","0x20","0x20","0x20","0x20","0x20","0x20","0x20","0x20","0x20","0x20","0x20","0x20","0x20","0x20","0x20","0x00"
"166","0x7","0x8","0b1100010010000100","0b1111111110001111","0","1","0b0000000000000000","0b0000000010000000","0b0000000000000000","0b0000000000000000","1","0b1100010010000100","0b0000000000000000","0x00000000","0x00000001","0x000001B4","0x00000000","0x00000000","0x0000006B","0x00000000","0x00000000","0x00000000","0x00000000","0x00000000","0x00000000","0x00000000","0x00000000","0x00000000","0x00000000","0x00000000","0x00000000","0x00000000","0x00000000","0x00000000","0x00000000","0x00000000","0x00000000","0x04000000","0x00000000","0x00000000","0x00000001","0xFFFFFFFF","0x00000084","0x00000260","0x00000051","0","0","0","0","0","0","0","0","0x8","0x3","0x0","0xF","0","1","1","0","0","1","1","0","0","1","0","0","0x00","0x18","0x18","0x18","0x0","0xF","0x3","0x7","0x1618D000","0x1618D000","0x60D000B4","0x1618D000","0x60D000B4","0x1618D000","0x60D000B4","0x1618D000","0x04","0x04","0x01","0x00","0x1D","0x1C","0x19","0x18","0x300","0x300","0x000","0xF00","0x00C","0xB00","0x008","0x700","0x00","0x00","0xFC","0x20","0x20","0x20","0x03","0x20","0x20","0x20","0x20","0x20","0x20","0x20","0x20","0x20","0x20","0x20","0x20","0x20","0x20","0x20","0x20","0x20","0x20","0x20","0x20","0x20","0x20","0x20","0x20","0x20","0x20","0x20","0x00"
"167","0x8","0x9","0b1100010000000100","0b1111111100011111","0","0","0b0000000000000000","0b0000000000000000","0b0000000000000000","0b0000000000000000","0","0b1100010000000100","0b0000000000000000","0x00000000","0x00000001","0x000001B4","0x00000000","0x00000000","0x0000006B","0x00000000","0x00000000","0x00000000","0x00000000","0x00000000","0x00000000","0x00000000","0x00000000","0x00000000","0x00000000","0x00000000","0x00000000","0x00000000","0x00000000","0x00000000","0x00000000","0x00000000","0x00000000","0x04000000","0x00000000","0x00000000","0x00000001","0xFFFFFFFF","0x00000084","0x00000260","0x00000051","0","0","0","0","0","0","0","0","0x8","0x3","0x0","0xF","0","1","1","0","0","1","1","0","0","1","0","0","0x00","0x18","0x18","0x18","0x0","0xF","0x3","0x7","0x1618D000","0x1618D000","0x60D000B4","0x1618D000","0x60D000B4","0x1618D000","0x60D000B4","0x1618D000","0x04","0x04","0x01","0x00","0x1D","0x1C","0x19","0x18","0x300","0x300","0x000","0xF00","0x00C","0xB00","0x008","0x700","0x00","0x80","0xFD","0x20","0x20","0x20","0x03","0x20","0x20","0x20","0x20","0x20","0x20","0x20","0x20","0x20","0x20","0x20","0x20","0x20","0x20","0x20","0x20","0x20","0x20","0x20","0x20","0x20","0x20","0x20","0x20","0x20","0x20","0x20","0x04"
"168","0x8","0x9","0b1100010000000100","0b1111111100011111","0","0","0b0000000000000000","0b0000000000000000","0b0000000000000000","0b0000000000000000","1","0b1100010000000100","0b0000000000000000","0x00000000","0x00000001","0x000001B4","0x00000000","0x00000000","0x0000006B","0x00000000","0x00000000","0x00000000","0x00000000","0x00000000","0x00000000","0x00000000","0x00000000","0x00000000","0x00000000","0x00000000","0x00000000","0x00000000","0x00000000","0x00000000","0x00000000","0x00000000","0x00000000","0x04000000","0x00000000","0x00000000","0x00000001","0xFFFFFFFF","0x00000084","0x00000260","0x00000051","0","0","0","0","0","0","0","0","0x8","0x3","0x0","0xF","0","1","1","0","0","1","1","0","0","1","0","0","0x00","0x18","0x18","0x18","0x0","0xF","0x3","0x7","0x1618D000","0x1618D000","0x60D000B4","0x1618D000","0x60D000B4","0x1618D000","0x60D000B4","0x1618D000","0x04","0x04","0x01","0x00","0x1D","0x1C","0x19","0x18","0x300","0x300","0x000","0xF00","0x00C","0xB00","0x008","0x700","0x00","0x80","0xFD","0x20","0x20","0x20","0x03","0x20","0x20","0x20","0x20","0x20","0x20","0x20","0x20","0x20","0x20","0x20","0x20","0x20","0x20","0x20","0x20","0x20","0x20","0x20","0x20","0x20","0x20","0x20","0x20","0x20","0x20","0x20","0x04"
"169","0x8","0x9","0b1100010000000100","0b1111111100111111","0","0","0b0000000000000000","0b0000000000000000","0b0000000000000000","0b0000000000000000","0","0b1100010000000100","0b0000000000000000","0x00000000","0x00000001","0x000001B4","0x00000000","0x00000000","0x0000006B","0x00000000","0x00000000","0x00000000","0x00000000","0x00000000","0x00000000","0x00000000","0x00000000","0x00000000","0x00000000","0x00000000","0x00000000","0x00000000","0x00000000","0x00000000","0x00000000","0x00000000","0x00000000","0x04000000","0x00000000","0x00000000","0x00000001","0xFFFFFFFF","0x00000088","0x00000260","0x00000051","0","0","0","0","0","0","0","0","0x8","0x3","0x0","0xF","0","1","1","0","0","1","1","0","0","1","0","0","0x00","0x18","0x18","0x18","0x0","0xF","0x3","0x7","0x60D000B4","0x1618D000","0x60D000B4","0x1618D000","0x60D000B4","0x1618D000","0x60D000B4","0x60D000B4","0x05","0x04","0x01","0x00","0x1D","0x1C","0x19","0x19","0x004","0x300","0x000","0xF00","0x00C","0xB00","0x008","0x008","0x00","0x00","0x7F","0x20","0x20","0x20","0x03","0x20","0x20","0x20","0x20","0x20","0x20","0x20","0x20","0x20","0x20","0x20","0x20","0x20","0x20","0x20","0x20","0x20","0x20","0x20","0x20","0x20","0x20","0x20","0x20","0x20","0x20","0x20","0x04"
"170","0x8","0x9","0b1100010000000100","0b1111111100111111","0","0","0b0000000000000000","0b0000000000000000","0b0000000000000000","0b0000000000000000","1","0b1100010000000100","0b0000000000000000","0x00000000","0x00000001","0x000001B4","0x00000000","0x00000000","0x0000006B","0x00000000","0x00000000","0x00000000","0x00000000","0x00000000","0x00000000","0x00000000","0x00000000","0x00000000","0x00000000","0x00000000","0x00000000","0x00000000","0x00000000","0x00000000","0x00000000","0x00000000","0x00000000","0x04000000","0x00000000","0x00000000","0x00000001","0xFFFFFFFF","0x00000088","0x00000260","0x00000051","0","0","0","0","0","0","0","0","0x8","0x3","0x0","0xF","0","1","1","0","0","1","1","0","0","1","1","0","0x00","0x18","0x18","0x18","0x0","0xF","0x3","0x7","0x60D000B4","0x1618D000","0x60D000B4","0x1618D000","0x60D000B4","0x1618D000","0x60D000B4","0x60D000B4","0x05","0x04","0x01","0x00","0x1D","0x1C","0x19","0x19","0x004","0x300","0x000","0xF00","0x00C","0xB00","0x008","0x008","0x00","0x00","0x7F","0x20","0x20","0x20","0x03","0x20","0x20","0x20","0x20","0x20","0x20","0x20","0x20","0x20","0x20","0x20","0x20","0x20","0x20","0x20","0x20","0x20","0x20","0x20","0x20","0x20","0x20","0x20","0x20","0x20","0x20","0x20","0x04"
"171","0x8","0x9","0b1100010000000100","0b1111111101111111","0","0","0b0000000000000000","0b0000000000000000","0b0000000000000000","0b0000000000001000","0","0b1100010000000100","0b0000000000001000","0x00000000","0x00000001","0x000001B4","0x00000000","0x00000000","0x0000006B","0x00000000","0x00000000","0x00000000","0x00000000","0x00000000","0x00000000","0x00000000","0x00000000","0x00000000","0x00000000","0x00000000","0x00000000","0x00000000","0x00000000","0x00000000","0x00000000","0x00000000","0x00000000","0x04000000","0x00000000","0x00000000","0x00000001","0xFFFFFFFF","0x000000B4","0x00000260","0x00000051","0","0","0","0","0","0","0","0","0x8","0x3","0x0","0xF","0","1","1","0","0","1","1","0","0","1","1","0","0x00","0x18","0x18","0x18","0x0","0xF","0x3","0x7","0x66D00080","0x60D000B4","0x1618D000","0x60D000B4","0x1618D000","0x60D000B4","0x1618D000","0x60D000B4","0x06","0x05","0x04","0x01","0x00","0x1D","0x1C","0x19","0x000","0x004","0x300","0x000","0xF00","0x00C","0xB00","0x008","0x00","0x01","0xFF","0x20","0x20","0x20","0x03","0x20","0x20","0x20","0x20","0x20","0x20","0x20","0x20","0x20","0x20","0x20","0x20","0x20","0x20","0x20","0x20","0x20","0x20","0x20","0x20","0x20","0x20","0x20","0x20","0x20","0x20","0x20","0x04"
"172","0x8","0x9","0b1100010000000100","0b1111111101111111","0","0","0b0000000000000000","0b0000000000000000","0b0000000000000000","0b0000000000001000","1","0b1100010000000100","0b0000000000001000","0x00000000","0x00000001","0x000001B4","0x00000000","0x00000000","0x0000006B","0x00000000","0x00000000","0x00000000","0x00000000","0x00000000","0x00000000","0x00000000","0x00000000","0x00000000","0x00000000","0x00000000","0x00000000","0x00000000","0x00000000","0x00000000","0x00000000","0x00000000","0x00000000","0x04000000","0x00000000","0x00000000","0x00000001","0xFFFFFFFF","0x000000B4","0x00000260","0x00000051","0","0","0","0","0","0","0","0","0x8","0x3","0x0","0xF","0","1","1","0","0","1","1","0","0","1","1","0","0x00","0x18","0x18","0x18","0x0","0xF","0x3","0x7","0x66D00080","0x60D000B4","0x1618D000","0x60D000B4","0x1618D000","0x60D000B4","0x1618D000","0x60D000B4","0x06","0x05","0x04","0x01","0x00","0x1D","0x1C","0x19","0x000","0x004","0x300","0x000","0xF00","0x00C","0xB00","0x008","0x00","0x01","0xFF","0x20","0x20","0x20","0x03","0x20","0x20","0x20","0x20","0x20","0x20","0x20","0x20","0x20","0x20","0x20","0x20","0x20","0x20","0x20","0x20","0x20","0x20","0x20","0x20","0x20","0x20","0x20","0x20","0x20","0x20","0x20","0x04"
"173","0x8","0x9","0b1100010000001100","0b1111111101111111","0","0","0b0000000000000000","0b0000000000000000","0b0000000000000000","0b0000000101000000","0","0b1100010000001100","0b0000000101000000","0x00000000","0x00000001","0x000001B4","0x00000000","0x00000000","0x0000006B","0x00000000","0x00000000","0x00000000","0x00000000","0x00000000","0x00000000","0x00000000","0x00000000","0x00000000","0x00000000","0x00000000","0x00000000","0x00000000","0x00000000","0x00000000","0x00000000","0x00000000","0x00000000","0x04000000","0x00000000","0x00000000","0x00000001","0xFFFFFFFF","0x00000080","0x00000260","0x00000051","0","0","0","0","0","0","0","0","0x8","0x3","0x0","0xF","0","1","1","0","0","1","1","0","0","1","1","0","0x00","0x18","0x18","0x18","0x0","0xF","0x3","0x7","0x38180004","0x60D000B4","0x1618D000","0x60D000B4","0x1618D000","0x60D000B4","0x1618D000","0x60D000B4","0x07","0x05","0x04","0x01","0x00","0x1D","0x1C","0x19","0x000","0x004","0x300","0x000","0xF00","0x00C","0xB00","0x008","0x00","0x00","0xFE","0x20","0x20","0x20","0x03","0x20","0x20","0x20","0x20","0x20","0x20","0x20","0x20","0x20","0x20","0x20","0x20","0x20","0x20","0x20","0x20","0x20","0x20","0x20","0x20","0x20","0x20","0x20","0x20","0x20","0x20","0x20","0x04"
"174","0x8","0x9","0b1100010000001100","0b1111111101111111","0","0","0b0000000000000000","0b0000000000000000","0b0000000000000000","0b0000000101000000","1","0b1100010000001100","0b0000000101000000","0x00000000","0x00000001","0x000001B4","0x00000000","0x00000000","0x0000006B","0x00000000","0x00000000","0x00000000","0x00000000","0x00000000","0x00000000","0x00000000","0x00000000","0x00000000","0x00000000","0x00000000","0x00000000","0x00000000","0x00000000","0x00000000","0x00000000","0x00000000","0x00000000","0x04000000","0x00000000","0x00000000","0x00000001","0xFFFFFFFF","0x00000080","0x00000260","0x00000051","0","0","0","0","0","0","0","0","0x8","0x3","0x0","0xF","0","1","1","0","0","1","1","0","0","1","1","0","0x00","0x18","0x18","0x18","0x0","0xF","0x3","0x7","0x38180004","0x60D000B4","0x1618D000","0x60D000B4","0x1618D000","0x60D000B4","0x1618D000","0x60D000B4","0x07","0x05","0x04","0x01","0x00","0x1D","0x1C","0x19","0x000","0x004","0x300","0x000","0xF00","0x00C","0xB00","0x008","0x00","0x00","0xFE","0x20","0x20","0x20","0x03","0x20","0x20","0x20","0x20","0x20","0x20","0x20","0x20","0x20","0x20","0x20","0x20","0x20","0x20","0x20","0x20","0x20","0x20","0x20","0x20","0x20","0x20","0x20","0x20","0x20","0x20","0x20","0x04"
"175","0x8","0x9","0b1100010101001100","0b1111111101111111","0","1","0b0000000000000000","0b0000000100000000","0b0000000000000000","0b0000000000000000","0","0b1100010101001100","0b0000000000000000","0x00000000","0x00000001","0x000001B4","0x00000000","0x00000000","0x0000006B","0x00000000","0x00000000","0x00000000","0x00000000","0x00000000","0x00000000","0x00000000","0x00000000","0x00000000","0x00000000","0x00000000","0x00000000","0x00000000","0x00000000","0x00000000","0x00000000","0x00000000","0x00000000","0x04000000","0x00000000","0x00000000","0x00000001","0xFFFFFFFF","0x00000080","0x00000260","0x00000051","0","0","0","0","0","0","0","0","0x8","0x3","0x0","0xF","0","1","1","0","0","1","1","0","0","1","1","0","0x00","0x18","0x18","0x18","0x0","0xF","0x3","0x7","0x38180004","0x60D000B4","0x1618D000","0x60D000B4","0x1618D000","0x60D000B4","0x1618D000","0x60D000B4","0x07","0x05","0x04","0x01","0x00","0x1D","0x1C","0x19","0x000","0x004","0x300","0x000","0xF00","0x00C","0xB00","0x008","0x00","0x00","0xFE","0x20","0x20","0x20","0x03","0x20","0x20","0x20","0x20","0x20","0x20","0x20","0x20","0x20","0x20","0x20","0x20","0x20","0x20","0x20","0x20","0x20","0x20","0x20","0x20","0x20","0x20","0x20","0x20","0x20","0x20","0x20","0x04"
"176","0x8","0x9","0b1100010101001100","0b1111111101111111","0","1","0b0000000000000000","0b0000000100000000","0b0000000000000000","0b0000000000000000","1","0b1100010101001100","0b0000000000000000","0x00000000","0x00000001","0x000001B4","0x00000000","0x00000000","0x0000006B","0x00000000","0x00000000","0x00000000","0x00000000","0x00000000","0x00000000","0x00000000","0x00000000","0x00000000","0x00000000","0x00000000","0x00000000","0x00000000","0x00000000","0x00000000","0x00000000","0x00000000","0x00000000","0x04000000","0x00000000","0x00000000","0x00000001","0xFFFFFFFF","0x00000080","0x00000260","0x00000051","0","0","0","0","0","0","0","0","0x8","0x3","0x0","0xF","0","1","1","0","0","1","1","0","0","1","1","0","0x00","0x18","0x18","0x18","0x0","0xF","0x3","0x7","0x38180004","0x60D000B4","0x1618D000","0x60D000B4","0x1618D000","0x60D000B4","0x1618D000","0x60D000B4","0x07","0x05","0x04","0x01","0x00","0x1D","0x1C","0x19","0x000","0x004","0x300","0x000","0xF00","0x00C","0xB00","0x008","0x00","0x00","0xFE","0x20","0x20","0x20","0x03","0x20","0x20","0x20","0x20","0x20","0x20","0x20","0x20","0x20","0x20","0x20","0x20","0x20","0x20","0x20","0x20","0x20","0x20","0x20","0x20","0x20","0x20","0x20","0x20","0x20","0x20","0x20","0x04"
"177","0x9","0xA","0b1100010001001100","0b1111111001111111","0","0","0b0000000000000000","0b0000000000000000","0b0000000000000000","0b0000000000000000","0","0b1100010001001100","0b0000000000000000","0x00000000","0x00000001","0x000001B4","0x00000000","0x00000000","0x0000006B","0x00000000","0x00000000","0x00000000","0x00000000","0x00000000","0x00000000","0x00000000","0x00000000","0x00000000","0x00000000","0x00000000","0x00000000","0x00000000","0x00000000","0x00000000","0x00000000","0x00000000","0x00000000","0x04000000","0x00000000","0x00000000","0x00000001","0xFFFFFFFF","0x00000088","0x00000260","0x00000051","0","0","0","0","0","0","0","0","0x8","0x3","0x0","0xF","0","1","1","0","0","1","1","0","0","1","1","0","0x00","0x18","0x18","0x18","0x0","0xF","0x3","0x7","0x38180004","0x60D000B4","0x1618D000","0x60D000B4","0x1618D000","0x60D000B4","0x1618D000","0x60D000B4","0x07","0x05","0x04","0x01","0x00","0x1D","0x1C","0x19","0x000","0x004","0x300","0x000","0xF00","0x00C","0xB00","0x008","0x00","0x80","0xFE","0x20","0x20","0x20","0x03","0x20","0x20","0x20","0x20","0x20","0x20","0x20","0x20","0x20","0x20","0x20","0x20","0x20","0x20","0x20","0x20","0x20","0x20","0x20","0x20","0x20","0x20","0x20","0x20","0x20","0x20","0x20","0x04"
"178","0x9","0xA","0b1100010001001100","0b1111111001111111","0","0","0b0000000000000000","0b0000000000000000","0b0000000000000000","0b0000000000000000","1","0b1100010001001100","0b0000000000000000","0x00000000","0x00000001","0x000001B4","0x00000000","0x00000000","0x0000006B","0x00000000","0x00000000","0x00000000","0x00000000","0x00000000","0x00000000","0x00000000","0x00000000","0x00000000","0x00000000","0x00000000","0x00000000","0x00000000","0x00000000","0x00000000","0x00000000","0x00000000","0x00000000","0x04000000","0x00000000","0x00000000","0x00000001","0xFFFFFFFF","0x00000088","0x00000260","0x00000051","0","0","0","0","0","0","0","0","0x8","0x3","0x0","0xF","0","1","1","1","0","1","1","0","0","1","1","0","0x00","0x18","0x18","0x18","0x0","0xF","0x3","0x7","0x38180004","0x60D000B4","0x1618D000","0x60D000B4","0x1618D000","0x60D000B4","0x1618D000","0x60D000B4","0x07","0x05","0x04","0x01","0x00","0x1D","0x1C","0x19","0x000","0x004","0x300","0x000","0xF00","0x00C","0xB00","0x008","0x00","0x80","0xFE","0x20","0x20","0x20","0x03","0x20","0x20","0x20","0x20","0x20","0x20","0x20","0x20","0x20","0x20","0x20","0x20","0x20","0x20","0x20","0x20","0x20","0x20","0x20","0x20","0x20","0x20","0x20","0x20","0x20","0x20","0x20","0x04"
"179","0x9","0xA","0b1100010001001100","0b1111111011111111","0","0","0b0000000000000000","0b0000000000000000","0b0000000000000000","0b0000001000000000","0","0b1100010001001100","0b0000001000000000","0x00000000","0x00000001","0x000001B4","0x00000000","0x00000000","0x0000006B","0x00000000","0x00000000","0x00000000","0x00000000","0x00000000","0x00000000","0x00000000","0x00000000","0x00000000","0x00000000","0x00000000","0x00000000","0x00000000","0x00000000","0x00000000","0x00000000","0x00000000","0x00000000","0x04000000","0x00000000","0x00000000","0x00000001","0xFFFFFFFF","0x00000080","0x00000260","0x00000051","0","0","0","0","0","0","0","0","0x8","0x3","0x0","0xF","0","1","1","1","0","1","1","0","0","1","1","0","0x00","0x18","0x18","0x18","0x0","0xF","0x3","0x7","0x38180004","0x60D000B4","0x1618D000","0x60D000B4","0x1618D000","0x60D000B4","0x1618D000","0x1618D000","0x07","0x05","0x04","0x01","0x00","0x1D","0x1C","0x1C","0x000","0x004","0x300","0x000","0xF00","0x00C","0xB00","0xB00","0x00","0x01","0x7F","0x20","0x20","0x20","0x07","0x20","0x20","0x20","0x20","0x20","0x20","0x20","0x20","0x20","0x20","0x20","0x20","0x20","0x20","0x20","0x20","0x20","0x20","0x20","0x20","0x20","0x20","0x20","0x20","0x20","0x20","0x20","0x04"
"180","0x9","0xA","0b1100010001001100","0b1111111011111111","0","0","0b0000000000000000","0b0000000000000000","0b0000000000000000","0b0000001000000000","1","0b1100010001001100","0b0000001000000000","0x00000000","0x00000001","0x000001B4","0x00000000","0x00000000","0x0000006B","0x00000000","0x00000000","0x00000000","0x00000000","0x00000000","0x00000000","0x00000000","0x00000000","0x00000000","0x00000000","0x00000000","0x00000000","0x00000000","0x00000000","0x00000000","0x00000000","0x00000000","0x00000000","0x04000000","0x00000000","0x00000000","0x00000001","0xFFFFFFFF","0x00000080","0x00000260","0x00000051","0","0","0","0","0","0","0","0","0x8","0x3","0x0","0xF","0","1","1","1","0","1","1","0","0","1","1","0","0x00","0x18","0x18","0x18","0x0","0xF","0x3","0x7","0x38180004","0x60D000B4","0x1618D000","0x60D000B4","0x1618D000","0x60D000B4","0x1618D000","0x1618D000","0x07","0x05","0x04","0x01","0x00","0x1D","0x1C","0x1C","0x000","0x004","0x300","0x000","0xF00","0x00C","0xB00","0xB00","0x00","0x01","0x7F","0x20","0x20","0x20","0x07","0x20","0x20","0x20","0x20","0x20","0x20","0x20","0x20","0x20","0x20","0x20","0x20","0x20","0x20","0x20","0x20","0x20","0x20","0x20","0x20","0x20","0x20","0x20","0x20","0x20","0x20","0x20","0x04"
"181","0x9","0xA","0b1100011001001100","0b1111111011111111","1","1","0b0000010000000000","0b0000001000000000","0b0000000000000000","0b0000000000000000","0","0b1100011001001100","0b0000000000000000","0x00000000","0x00000001","0x000001B4","0x00000000","0x00000000","0x0000006B","0x00000000","0x00000000","0x00000000","0x00000000","0x00000000","0x00000000","0x00000000","0x00000000","0x00000000","0x00000000","0x00000000","0x00000000","0x00000000","0x00000000","0x00000000","0x00000000","0x00000000","0x00000000","0x04000000","0x00000000","0x00000000","0x00000001","0xFFFFFFFF","0x00000084","0x00000260","0x00000051","0","0","0","0","0","0","0","0","0x8","0x3","0x0","0xF","0","1","1","1","0","1","1","0","0","1","1","0","0x00","0x18","0x18","0x18","0x0","0xF","0x3","0x7","0x1618D000","0x38180004","0x60D000B4","0x1618D000","0x60D000B4","0x1618D000","0x60D000B4","0x1618D000","0x08","0x07","0x05","0x04","0x01","0x00","0x1D","0x1C","0x700","0x000","0x004","0x300","0x000","0xF00","0x00C","0xB00","0x00","0x00","0xFC","0x20","0x20","0x20","0x07","0x20","0x20","0x20","0x20","0x20","0x20","0x20","0x20","0x20","0x20","0x20","0x20","0x20","0x20","0x20","0x20","0x20","0x20","0x20","0x20","0x20","0x20","0x20","0x20","0x20","0x20","0x20","0x04"
"182","0x9","0xA","0b1100011001001100","0b1111111011111111","1","1","0b0000010000000000","0b0000001000000000","0b0000000000000000","0b0000000000000000","1","0b1100011001001100","0b0000000000000000","0x00000000","0x00000001","0x000001B4","0x00000000","0x00000000","0x0000006B","0x00000000","0x00000000","0x00000000","0x00000000","0x00000000","0x00000000","0x00000000","0x00000000","0x00000000","0x00000000","0x00000000","0x00000000","0x00000000","0x00000000","0x00000000","0x00000000","0x00000000","0x00000000","0x04000000","0x00000000","0x00000000","0x00000001","0xFFFFFFFF","0x00000084","0x00000260","0x00000051","0","0","0","0","0","0","0","0","0x8","0x3","0x0","0xF","0","1","1","1","0","1","1","1","0","1","1","0","0x00","0x18","0x18","0x18","0x0","0xF","0x3","0x7","0x1618D000","0x38180004","0x60D000B4","0x1618D000","0x60D000B4","0x1618D000","0x60D000B4","0x1618D000","0x08","0x07","0x05","0x04","0x01","0x00","0x1D","0x1C","0x700","0x000","0x004","0x300","0x000","0xF00","0x00C","0xB00","0x00","0x00","0xFC","0x20","0x20","0x20","0x07","0x20","0x20","0x20","0x20","0x20","0x20","0x20","0x20","0x20","0x20","0x20","0x20","0x20","0x20","0x20","0x20","0x20","0x20","0x20","0x20","0x20","0x20","0x20","0x20","0x20","0x20","0x20","0x04"
"183","0xB","0xC","0b1100000001001100","0b1111100011111111","0","0","0b0000000000000000","0b0000000000000000","0b0000000000000000","0b0000000000000000","0","0b1100000001001100","0b0000000000000000","0x00000000","0x00000001","0x000001B4","0x00000000","0x00000000","0x0000006B","0x00000000","0x00000000","0x00000000","0x00000000","0x00000000","0x00000000","0x00000000","0x00000000","0x00000000","0x00000000","0x00000000","0x00000000","0x00000000","0x00000000","0x00000000","0x00000000","0x00000000","0x00000000","0x04000000","0x00000000","0x00000000","0x00000001","0xFFFFFFFF","0x00000084","0x00000260","0x00000051","0","0","0","0","0","0","0","0","0x8","0x3","0x0","0xF","0","1","1","1","0","1","1","1","0","1","1","0","0x00","0x18","0x18","0x18","0x0","0xF","0x3","0x7","0x1618D000","0x1618D000","0x60D000B4","0x1618D000","0x60D000B4","0x1618D000","0x60D000B4","0x1618D000","0x08","0x08","0x05","0x04","0x01","0x00","0x1D","0x1C","0x700","0x700","0x004","0x300","0x000","0xF00","0x00C","0xB00","0x00","0x00","0xFC","0x20","0x20","0x20","0x07","0x20","0x20","0x20","0x20","0x20","0x20","0x20","0x20","0x20","0x20","0x20","0x20","0x20","0x20","0x20","0x20","0x20","0x20","0x20","0x20","0x20","0x20","0x20","0x20","0x20","0x20","0x20","0x04"
"184","0xB","0xC","0b1100000001001100","0b1111100011111111","0","0","0b0000000000000000","0b0000000000000000","0b0000000000000000","0b0000000000000000","1","0b1100000001001100","0b0000000000000000","0x00000000","0x00000001","0x000001B4","0x00000000","0x00000000","0x0000006B","0x00000000","0x00000000","0x00000000","0x00000000","0x00000000","0x00000000","0x00000000","0x00000000","0x00000000","0x00000000","0x00000000","0x00000000","0x00000000","0x00000000","0x00000000","0x00000000","0x00000000","0x00000000","0x04000000","0x00000000","0x00000000","0x00000001","0xFFFFFFFF","0x00000084","0x00000260","0x00000051","0","0","0","0","0","0","0","0","0x8","0x3","0x0","0xF","0","1","1","1","0","1","1","1","0","1","1","0","0x00","0x18","0x18","0x18","0x0","0xF","0x3","0x7","0x1618D000","0x1618D000","0x60D000B4","0x1618D000","0x60D000B4","0x1618D000","0x60D000B4","0x1618D000","0x08","0x08","0x05","0x04","0x01","0x00","0x1D","0x1C","0x700","0x700","0x004","0x300","0x000","0xF00","0x00C","0xB00","0x00","0x00","0xFC","0x20","0x20","0x20","0x07","0x20","0x20","0x20","0x20","0x20","0x20","0x20","0x20","0x20","0x20","0x20","0x20","0x20","0x20","0x20","0x20","0x20","0x20","0x20","0x20","0x20","0x20","0x20","0x20","0x20","0x20","0x20","0x04"
"185","0xB","0xC","0b1100000001001100","0b1111100111111111","0","0","0b0000000000000000","0b0000000000000000","0b0000000000000000","0b0000000000000000","0","0b1100000001001100","0b0000000000000000","0x00000000","0x00000001","0x000001B4","0x00000000","0x00000000","0x0000006B","0x00000000","0x00000000","0x00000000","0x00000000","0x00000000","0x00000000","0x00000000","0x00000000","0x00000000","0x00000000","0x00000000","0x00000000","0x00000000","0x00000000","0x00000000","0x00000000","0x00000000","0x00000000","0x04000000","0x00000000","0x00000000","0x00000001","0xFFFFFFFF","0x00000084","0x00000260","0x00000051","0","0","0","0","0","0","0","0","0x8","0x3","0x0","0xF","0","1","1","1","0","1","1","1","0","1","1","0","0x00","0x18","0x18","0x18","0x0","0xF","0x3","0x7","0x1618D000","0x1618D000","0x60D000B4","0x1618D000","0x60D000B4","0x1618D000","0x60D000B4","0x1618D000","0x08","0x08","0x05","0x04","0x01","0x00","0x1D","0x1C","0x700","0x700","0x004","0x300","0x000","0xF00","0x00C","0xB00","0x00","0x00","0xFD","0x20","0x20","0x20","0x07","0x20","0x20","0x20","0x20","0x20","0x20","0x20","0x20","0x20","0x20","0x20","0x20","0x20","0x20","0x20","0x20","0x20","0x20","0x20","0x20","0x20","0x20","0x20","0x20","0x20","0x20","0x20","0x08"
"186","0xB","0xC","0b1100000001001100","0b1111100111111111","0","0","0b0000000000000000","0b0000000000000000","0b0000000000000000","0b0000000000000000","1","0b1100000001001100","0b0000000000000000","0x00000000","0x00000001","0x000001B4","0x00000000","0x00000000","0x0000006B","0x00000000","0x00000000","0x00000000","0x00000000","0x00000000","0x00000000","0x00000000","0x00000000","0x00000000","0x00000000","0x00000000","0x00000000","0x00000000","0x00000000","0x00000000","0x00000000","0x00000000","0x00000000","0x04000000","0x00000000","0x00000000","0x00000001","0xFFFFFFFF","0x00000084","0x00000260","0x00000051","0","0","0","0","0","0","0","0","0x8","0x3","0x0","0xF","0","1","1","1","0","1","1","1","0","1","1","0","0x00","0x18","0x18","0x18","0x0","0xF","0x3","0x7","0x1618D000","0x1618D000","0x60D000B4","0x1618D000","0x60D000B4","0x1618D000","0x60D000B4","0x1618D000","0x08","0x08","0x05","0x04","0x01","0x00","0x1D","0x1C","0x700","0x700","0x004","0x300","0x000","0xF00","0x00C","0xB00","0x00","0x00","0xFD","0x20","0x20","0x20","0x07","0x20","0x20","0x20","0x20","0x20","0x20","0x20","0x20","0x20","0x20","0x20","0x20","0x20","0x20","0x20","0x20","0x20","0x20","0x20","0x20","0x20","0x20","0x20","0x20","0x20","0x20","0x20","0x08"
"187","0xB","0xC","0b1100000001001100","0b1111101111111111","0","0","0b0000000000000000","0b0000000000000000","0b0000000000000000","0b0000000000000000","0","0b1100000001001100","0b0000000000000000","0x00000000","0x00000001","0x000001B4","0x00000000","0x00000000","0x0000006B","0x00000000","0x00000000","0x00000000","0x00000000","0x00000000","0x00000000","0x00000000","0x00000000","0x00000000","0x00000000","0x00000000","0x00000000","0x00000000","0x00000000","0x00000000","0x00000000","0x00000000","0x00000000","0x04000000","0x00000000","0x00000000","0x00000001","0xFFFFFFFF","0x00000088","0x00000260","0x00000051","0","0","0","0","0","0","0","0","0x8","0x3","0x0","0xF","0","1","1","1","0","1","1","1","0","1","1","0","0x00","0x18","0x18","0x18","0x0","0xF","0x3","0x7","0x60D000B4","0x1618D000","0x60D000B4","0x1618D000","0x60D000B4","0x1618D000","0x60D000B4","0x1618D000","0x09","0x08","0x05","0x04","0x01","0x00","0x1D","0x1C","0x008","0x700","0x004","0x300","0x000","0xF00","0x00C","0xB00","0x00","0x00","0xFF","0x20","0x20","0x20","0x07","0x20","0x20","0x20","0x20","0x20","0x20","0x20","0x20","0x20","0x20","0x20","0x20","0x20","0x20","0x20","0x20","0x20","0x20","0x20","0x20","0x20","0x20","0x20","0x20","0x20","0x20","0x20","0x08"
"188","0xB","0xC","0b1100000001001100","0b1111101111111111","0","0","0b0000000000000000","0b0000000000000000","0b0000000000000000","0b0000000000000000","1","0b1100000001001100","0b0000000000000000","0x00000000","0x00000001","0x000001B4","0x00000000","0x00000000","0x0000006B","0x00000000","0x00000000","0x00000000","0x00000000","0x00000000","0x00000000","0x00000000","0x00000000","0x00000000","0x00000000","0x00000000","0x00000000","0x00000000","0x00000000","0x00000000","0x00000000","0x00000000","0x00000000","0x04000000","0x00000000","0x00000000","0x00000001","0xFFFFFFFF","0x00000088","0x00000260","0x00000051","0","0","0","0","0","0","0","0","0x8","0x3","0x0","0xF","0","1","1","1","0","1","1","1","0","1","1","1","0x00","0x18","0x18","0x18","0x0","0xF","0x3","0x7","0x60D000B4","0x1618D000","0x60D000B4","0x1618D000","0x60D000B4","0x1618D000","0x60D000B4","0x1618D000","0x09","0x08","0x05","0x04","0x01","0x00","0x1D","0x1C","0x008","0x700","0x004","0x300","0x000","0xF00","0x00C","0xB00","0x00","0x00","0xFF","0x20","0x20","0x20","0x07","0x20","0x20","0x20","0x20","0x20","0x20","0x20","0x20","0x20","0x20","0x20","0x20","0x20","0x20","0x20","0x20","0x20","0x20","0x20","0x20","0x20","0x20","0x20","0x20","0x20","0x20","0x20","0x08"
"189","0xB","0xC","0b1100000001001100","0b1111101111111111","0","0","0b0000000000000000","0b0000000000000000","0b0000000000000000","0b0000000010000000","0","0b1100000001001100","0b0000000010000000","0x00000000","0x00000001","0x000001B4","0x00000000","0x00000000","0x0000006B","0x00000000","0x00000000","0x00000000","0x00000000","0x00000000","0x00000000","0x00000000","0x00000000","0x00000000","0x00000000","0x00000000","0x00000000","0x00000000","0x00000000","0x00000000","0x00000000","0x00000000","0x00000000","0x04000000","0x00000000","0x00000000","0x00000001","0xFFFFFFFF","0x00000088","0x00000260","0x00000051","0","0","0","0","0","0","0","0","0x8","0x3","0x0","0xF","0","1","1","1","0","1","1","1","0","1","1","1","0x00","0x18","0x18","0x18","0x0","0xF","0x3","0x7","0x60D000B4","0x1618D000","0x60D000B4","0x1618D000","0x60D000B4","0x1618D000","0x60D000B4","0x1618D000","0x09","0x08","0x05","0x04","0x01","0x00","0x1D","0x1C","0x008","0x700","0x004","0x300","0x000","0xF00","0x00C","0xB00","0x00","0x00","0xFF","0x20","0x20","0x20","0x07","0x20","0x20","0x20","0x20","0x20","0x20","0x20","0x20","0x20","0x20","0x20","0x20","0x20","0x20","0x20","0x20","0x20","0x20","0x20","0x20","0x20","0x20","0x20","0x20","0x20","0x20","0x20","0x08"
"190","0xB","0xC","0b1100000001001100","0b1111101111111111","0","0","0b0000000000000000","0b0000000000000000","0b0000000000000000","0b0000000010000000","1","0b1100000001001100","0b0000000010000000","0x00000000","0x00000001","0x000001B4","0x00000000","0x00000000","0x0000006B","0x00000000","0x00000000","0x00000000","0x00000000","0x00000000","0x00000000","0x00000000","0x00000000","0x00000000","0x00000000","0x00000000","0x00000000","0x00000000","0x00000000","0x00000000","0x00000000","0x00000000","0x00000000","0x04000000","0x00000000","0x00000000","0x00000001","0xFFFFFFFF","0x00000088","0x00000260","0x00000051","0","0","0","0","0","0","0","0","0x8","0x3","0x0","0xF","0","1","1","1","0","1","1","1","0","1","1","1","0x00","0x18","0x18","0x18","0x0","0xF","0x3","0x7","0x60D000B4","0x1618D000","0x60D000B4","0x1618D000","0x60D000B4","0x1618D000","0x60D000B4","0x1618D000","0x09","0x08","0x05","0x04","0x01","0x00","0x1D","0x1C","0x008","0x700","0x004","0x300","0x000","0xF00","0x00C","0xB00","0x00","0x00","0xFF","0x20","0x20","0x20","0x07","0x20","0x20","0x20","0x20","0x20","0x20","0x20","0x20","0x20","0x20","0x20","0x20","0x20","0x20","0x20","0x20","0x20","0x20","0x20","0x20","0x20","0x20","0x20","0x20","0x20","0x20","0x20","0x08"
"191","0xB","0xC","0b1100000011001100","0b1111101111111111","0","0","0b0000000000000000","0b0000000000000000","0b0000000000000000","0b0000000000000000","0","0b1100000011001100","0b0000000000000000","0x00000000","0x00000001","0x000001B4","0x00000000","0x00000000","0x0000006B","0x00000000","0x00000000","0x00000000","0x00000000","0x00000000","0x00000000","0x00000000","0x00000000","0x00000000","0x00000000","0x00000000","0x00000000","0x00000000","0x00000000","0x00000000","0x00000000","0x00000000","0x00000000","0x04000000","0x00000000","0x00000000","0x00000001","0xFFFFFFFF","0x00000088","0x00000260","0x00000051","0","0","0","0","0","0","0","0","0x8","0x3","0x0","0xF","0","1","1","1","0","1","1","1","0","1","1","1","0x00","0x18","0x18","0x18","0x0","0xF","0x3","0x7","0x60D000B4","0x1618D000","0x60D000B4","0x1618D000","0x60D000B4","0x1618D000","0x60D000B4","0x1618D000","0x09","0x08","0x05","0x04","0x01","0x00","0x1D","0x1C","0x008","0x700","0x004","0x300","0x000","0xF00","0x00C","0xB00","0x00","0x00","0xFF","0x20","0x20","0x20","0x07","0x20","0x20","0x20","0x20","0x20","0x20","0x20","0x20","0x20","0x20","0x20","0x20","0x20","0x20","0x20","0x20","0x20","0x20","0x20","0x20","0x20","0x20","0x20","0x20","0x20","0x20","0x20","0x08"
"192","0xB","0xC","0b1100000011001100","0b1111101111111111","0","0","0b0000000000000000","0b0000000000000000","0b0000000000000000","0b0000000000000000","1","0b1100000011001100","0b0000000000000000","0x00000000","0x00000001","0x000001B4","0x00000000","0x00000000","0x0000006B","0x00000000","0x00000000","0x00000000","0x00000000","0x00000000","0x00000000","0x00000000","0x00000000","0x00000000","0x00000000","0x00000000","0x00000000","0x00000000","0x00000000","0x00000000","0x00000000","0x00000000","0x00000000","0x04000000","0x00000000","0x00000000","0x00000001","0xFFFFFFFF","0x00000088","0x00000260","0x00000051","0","0","0","0","0","0","0","0","0x8","0x3","0x0","0xF","0","1","1","1","0","1","1","1","0","1","1","1","0x00","0x18","0x18","0x18","0x0","0xF","0x3","0x7","0x60D000B4","0x1618D000","0x60D000B4","0x1618D000","0x60D000B4","0x1618D000","0x60D000B4","0x1618D000","0x09","0x08","0x05","0x04","0x01","0x00","0x1D","0x1C","0x008","0x700","0x004","0x300","0x000","0xF00","0x00C","0xB00","0x00","0x00","0xFF","0x20","0x20","0x20","0x07","0x20","0x20","0x20","0x20","0x20","0x20","0x20","0x20","0x20","0x20","0x20","0x20","0x20","0x20","0x20","0x20","0x20","0x20","0x20","0x20","0x20","0x20","0x20","0x20","0x20","0x20","0x20","0x08"
"193","0xB","0xC","0b1100000011001100","0b1111101111111111","0","0","0b0000000000000000","0b0000000000000000","0b0000000000000000","0b0000000000000000","0","0b1100000011001100","0b0000000000000000","0x00000000","0x00000001","0x000001B4","0x00000000","0x00000000","0x0000006B","0x00000000","0x00000000","0x00000000","0x00000000","0x00000000","0x00000000","0x00000000","0x00000000","0x00000000","0x00000000","0x00000000","0x00000000","0x00000000","0x00000000","0x00000000","0x00000000","0x00000000","0x00000000","0x04000000","0x00000000","0x00000000","0x00000001","0xFFFFFFFF","0x00000088","0x00000260","0x00000051","0","0","0","0","0","0","0","0","0x8","0x3","0x0","0xF","0","1","1","1","0","1","1","1","0","1","1","1","0x00","0x18","0x18","0x18","0x0","0xF","0x3","0x7","0x60D000B4","0x1618D000","0x60D000B4","0x1618D000","0x60D000B4","0x1618D000","0x60D000B4","0x1618D000","0x09","0x08","0x05","0x04","0x01","0x00","0x1D","0x1C","0x008","0x700","0x004","0x300","0x000","0xF00","0x00C","0xB00","0x00","0x00","0xFF","0x20","0x20","0x20","0x07","0x20","0x20","0x20","0x20","0x20","0x20","0x20","0x20","0x20","0x20","0x20","0x20","0x20","0x20","0x20","0x20","0x20","0x20","0x20","0x20","0x20","0x20","0x20","0x20","0x20","0x20","0x20","0x08"
"194","0xB","0xC","0b1100000011001100","0b1111101111111111","0","0","0b0000000000000000","0b0000000000000000","0b0000000000000000","0b0000000000000000","1","0b1100000011001100","0b0000000000000000","0x00000000","0x00000001","0x000001B4","0x00000000","0x00000000","0x0000006B","0x00000000","0x00000000","0x00000000","0x00000000","0x00000000","0x00000000","0x00000000","0x00000000","0x00000000","0x00000000","0x00000000","0x00000000","0x00000000","0x00000000","0x00000000","0x00000000","0x00000000","0x00000000","0x04000000","0x00000000","0x00000000","0x00000001","0xFFFFFFFF","0x00000088","0x00000260","0x00000051","0","0","0","0","0","0","0","0","0x8","0x3","0x0","0xF","0","1","1","1","0","1","1","1","0","1","1","1","0x00","0x18","0x18","0x18","0x0","0xF","0x3","0x7","0x60D000B4","0x1618D000","0x60D000B4","0x1618D000","0x60D000B4","0x1618D000","0x60D000B4","0x1618D000","0x09","0x08","0x05","0x04","0x01","0x00","0x1D","0x1C","0x008","0x700","0x004","0x300","0x000","0xF00","0x00C","0xB00","0x00","0x00","0xFF","0x20","0x20","0x20","0x07","0x20","0x20","0x20","0x20","0x20","0x20","0x20","0x20","0x20","0x20","0x20","0x20","0x20","0x20","0x20","0x20","0x20","0x20","0x20","0x20","0x20","0x20","0x20","0x20","0x20","0x20","0x20","0x08"
"195","0xB","0xC","0b1100000011001100","0b1111101111111111","0","0","0b0000000000000000","0b0000000000000000","0b0000000000000000","0b0000000000000000","0","0b1100000011001100","0b0000000000000000","0x00000000","0x00000001","0x000001B4","0x00000000","0x00000000","0x0000006B","0x00000000","0x00000000","0x00000000","0x00000000","0x00000000","0x00000000","0x00000000","0x00000000","0x00000000","0x00000000","0x00000000","0x00000000","0x00000000","0x00000000","0x00000000","0x00000000","0x00000000","0x00000000","0x04000000","0x00000000","0x00000000","0x00000001","0xFFFFFFFF","0x00000088","0x00000260","0x00000051","0","0","0","0","0","0","0","0","0x8","0x3","0x0","0xF","0","1","1","1","0","1","1","1","0","1","1","1","0x00","0x18","0x18","0x18","0x0","0xF","0x3","0x7","0x60D000B4","0x1618D000","0x60D000B4","0x1618D000","0x60D000B4","0x1618D000","0x60D000B4","0x1618D000","0x09","0x08","0x05","0x04","0x01","0x00","0x1D","0x1C","0x008","0x700","0x004","0x300","0x000","0xF00","0x00C","0xB00","0x00","0x00","0xFF","0x20","0x20","0x20","0x07","0x20","0x20","0x20","0x20","0x20","0x20","0x20","0x20","0x20","0x20","0x20","0x20","0x20","0x20","0x20","0x20","0x20","0x20","0x20","0x20","0x20","0x20","0x20","0x20","0x20","0x20","0x20","0x08"
"196","0xB","0xC","0b1100000011001100","0b1111101111111111","0","0","0b0000000000000000","0b0000000000000000","0b0000000000000000","0b0000000000000000","1","0b1100000011001100","0b0000000000000000","0x00000000","0x00000001","0x000001B4","0x00000000","0x00000000","0x0000006B","0x00000000","0x00000000","0x00000000","0x00000000","0x00000000","0x00000000","0x00000000","0x00000000","0x00000000","0x00000000","0x00000000","0x00000000","0x00000000","0x00000000","0x00000000","0x00000000","0x00000000","0x00000000","0x04000000","0x00000000","0x00000000","0x00000001","0xFFFFFFFF","0x00000088","0x00000260","0x00000051","0","0","0","0","0","0","0","0","0x8","0x3","0x0","0xF","0","1","1","1","0","1","1","1","0","1","1","1","0x00","0x18","0x18","0x18","0x0","0xF","0x3","0x7","0x60D000B4","0x1618D000","0x60D000B4","0x1618D000","0x60D000B4","0x1618D000","0x60D000B4","0x1618D000","0x09","0x08","0x05","0x04","0x01","0x00","0x1D","0x1C","0x008","0x700","0x004","0x300","0x000","0xF00","0x00C","0xB00","0x00","0x00","0xFF","0x20","0x20","0x20","0x07","0x20","0x20","0x20","0x20","0x20","0x20","0x20","0x20","0x20","0x20","0x20","0x20","0x20","0x20","0x20","0x20","0x20","0x20","0x20","0x20","0x20","0x20","0x20","0x20","0x20","0x20","0x20","0x08"
"197","0xB","0xC","0b1100000011001100","0b1111101111111111","0","0","0b0000000000000000","0b0000000000000000","0b0000000000000000","0b0000000000000000","0","0b1100000011001100","0b0000000000000000","0x00000000","0x00000001","0x000001B4","0x00000000","0x00000000","0x0000006B","0x00000000","0x00000000","0x00000000","0x00000000","0x00000000","0x00000000","0x00000000","0x00000000","0x00000000","0x00000000","0x00000000","0x00000000","0x00000000","0x00000000","0x00000000","0x00000000","0x00000000","0x00000000","0x04000000","0x00000000","0x00000000","0x00000001","0xFFFFFFFF","0x00000088","0x00000260","0x00000051","0","0","0","0","0","0","0","0","0x8","0x3","0x0","0xF","0","1","1","1","0","1","1","1","0","1","1","1","0x00","0x18","0x18","0x18","0x0","0xF","0x3","0x7","0x60D000B4","0x1618D000","0x60D000B4","0x1618D000","0x60D000B4","0x1618D000","0x60D000B4","0x1618D000","0x09","0x08","0x05","0x04","0x01","0x00","0x1D","0x1C","0x008","0x700","0x004","0x300","0x000","0xF00","0x00C","0xB00","0x00","0x00","0xFF","0x20","0x20","0x20","0x07","0x20","0x20","0x20","0x20","0x20","0x20","0x20","0x20","0x20","0x20","0x20","0x20","0x20","0x20","0x20","0x20","0x20","0x20","0x20","0x20","0x20","0x20","0x20","0x20","0x20","0x20","0x20","0x08"
"198","0xB","0xC","0b1100000011001100","0b1111101111111111","0","0","0b0000000000000000","0b0000000000000000","0b0000000000000000","0b0000000000000000","1","0b1100000011001100","0b0000000000000000","0x00000000","0x00000001","0x000001B4","0x00000000","0x00000000","0x0000006B","0x00000000","0x00000000","0x00000000","0x00000000","0x00000000","0x00000000","0x00000000","0x00000000","0x00000000","0x00000000","0x00000000","0x00000000","0x00000000","0x00000000","0x00000000","0x00000000","0x00000000","0x00000000","0x04000000","0x00000000","0x00000000","0x00000001","0xFFFFFFFF","0x00000088","0x00000260","0x00000051","0","0","0","0","0","0","0","0","0x8","0x3","0x0","0xF","0","1","1","1","0","1","1","1","0","1","1","1","0x00","0x18","0x18","0x18","0x0","0xF","0x3","0x7","0x60D000B4","0x1618D000","0x60D000B4","0x1618D000","0x60D000B4","0x1618D000","0x60D000B4","0x1618D000","0x09","0x08","0x05","0x04","0x01","0x00","0x1D","0x1C","0x008","0x700","0x004","0x300","0x000","0xF00","0x00C","0xB00","0x00","0x00","0xFF","0x20","0x20","0x20","0x07","0x20","0x20","0x20","0x20","0x20","0x20","0x20","0x20","0x20","0x20","0x20","0x20","0x20","0x20","0x20","0x20","0x20","0x20","0x20","0x20","0x20","0x20","0x20","0x20","0x20","0x20","0x20","0x08"
"199","0xB","0xC","0b1100000011001100","0b1111101111111111","0","0","0b0000000000000000","0b0000000000000000","0b0000000000000000","0b0000000000000000","0","0b1100000011001100","0b0000000000000000","0x00000000","0x00000001","0x000001B4","0x00000000","0x00000000","0x0000006B","0x00000000","0x00000000","0x00000000","0x00000000","0x00000000","0x00000000","0x00000000","0x00000000","0x00000000","0x00000000","0x00000000","0x00000000","0x00000000","0x00000000","0x00000000","0x00000000","0x00000000","0x00000000","0x04000000","0x00000000","0x00000000","0x00000001","0xFFFFFFFF","0x00000088","0x00000260","0x00000051","0","0","0","0","0","0","0","0","0x8","0x3","0x0","0xF","0","1","1","1","0","1","1","1","0","1","1","1","0x00","0x18","0x18","0x18","0x0","0xF","0x3","0x7","0x60D000B4","0x1618D000","0x60D000B4","0x1618D000","0x60D000B4","0x1618D000","0x60D000B4","0x1618D000","0x09","0x08","0x05","0x04","0x01","0x00","0x1D","0x1C","0x008","0x700","0x004","0x300","0x000","0xF00","0x00C","0xB00","0x00","0x00","0xFF","0x20","0x20","0x20","0x07","0x20","0x20","0x20","0x20","0x20","0x20","0x20","0x20","0x20","0x20","0x20","0x20","0x20","0x20","0x20","0x20","0x20","0x20","0x20","0x20","0x20","0x20","0x20","0x20","0x20","0x20","0x20","0x08"
"200","0xB","0xC","0b1100000011001100","0b1111101111111111","0","0","0b0000000000000000","0b0000000000000000","0b0000000000000000","0b0000000000000000","1","0b1100000011001100","0b0000000000000000","0x00000000","0x00000001","0x000001B4","0x00000000","0x00000000","0x0000006B","0x00000000","0x00000000","0x00000000","0x00000000","0x00000000","0x00000000","0x00000000","0x00000000","0x00000000","0x00000000","0x00000000","0x00000000","0x00000000","0x00000000","0x00000000","0x00000000","0x00000000","0x00000000","0x04000000","0x00000000","0x00000000","0x00000001","0xFFFFFFFF","0x00000088","0x00000260","0x00000051","0","0","0","0","0","0","0","0","0x8","0x3","0x0","0xF","0","1","1","1","0","1","1","1","0","1","1","1","0x00","0x18","0x18","0x18","0x0","0xF","0x3","0x7","0x60D000B4","0x1618D000","0x60D000B4","0x1618D000","0x60D000B4","0x1618D000","0x60D000B4","0x1618D000","0x09","0x08","0x05","0x04","0x01","0x00","0x1D","0x1C","0x008","0x700","0x004","0x300","0x000","0xF00","0x00C","0xB00","0x00","0x00","0xFF","0x20","0x20","0x20","0x07","0x20","0x20","0x20","0x20","0x20","0x20","0x20","0x20","0x20","0x20","0x20","0x20","0x20","0x20","0x20","0x20","0x20","0x20","0x20","0x20","0x20","0x20","0x20","0x20","0x20","0x20","0x20","0x08"
"201","0xB","0xC","0b1100000011001100","0b1111101111111111","0","0","0b0000000000000000","0b0000000000000000","0b0000000000000000","0b0000000000000000","0","0b1100000011001100","0b0000000000000000","0x00000000","0x00000001","0x000001B4","0x00000000","0x00000000","0x0000006B","0x00000000","0x00000000","0x00000000","0x00000000","0x00000000","0x00000000","0x00000000","0x00000000","0x00000000","0x00000000","0x00000000","0x00000000","0x00000000","0x00000000","0x00000000","0x00000000","0x00000000","0x00000000","0x04000000","0x00000000","0x00000000","0x00000001","0xFFFFFFFF","0x00000088","0x00000260","0x00000051","0","0","0","0","0","0","0","0","0x8","0x3","0x0","0xF","0","1","1","1","0","1","1","1","0","1","1","1","0x00","0x18","0x18","0x18","0x0","0xF","0x3","0x7","0x60D000B4","0x1618D000","0x60D000B4","0x1618D000","0x60D000B4","0x1618D000","0x60D000B4","0x1618D000","0x09","0x08","0x05","0x04","0x01","0x00","0x1D","0x1C","0x008","0x700","0x004","0x300","0x000","0xF00","0x00C","0xB00","0x00","0x00","0xFF","0x20","0x20","0x20","0x07","0x20","0x20","0x20","0x20","0x20","0x20","0x20","0x20","0x20","0x20","0x20","0x20","0x20","0x20","0x20","0x20","0x20","0x20","0x20","0x20","0x20","0x20","0x20","0x20","0x20","0x20","0x20","0x08"
"202","0xB","0xC","0b1100000011001100","0b1111101111111111","0","0","0b0000000000000000","0b0000000000000000","0b0000000000000000","0b0000000000000000","1","0b1100000011001100","0b0000000000000000","0x00000000","0x00000001","0x000001B4","0x00000000","0x00000000","0x0000006B","0x00000000","0x00000000","0x00000000","0x00000000","0x00000000","0x00000000","0x00000000","0x00000000","0x00000000","0x00000000","0x00000000","0x00000000","0x00000000","0x00000000","0x00000000","0x00000000","0x00000000","0x00000000","0x04000000","0x00000000","0x00000000","0x00000001","0xFFFFFFFF","0x00000088","0x00000260","0x00000051","0","0","0","0","0","0","0","0","0x8","0x3","0x0","0xF","0","1","1","1","0","1","1","1","0","1","1","1","0x00","0x18","0x18","0x18","0x0","0xF","0x3","0x7","0x60D000B4","0x1618D000","0x60D000B4","0x1618D000","0x60D000B4","0x1618D000","0x60D000B4","0x1618D000","0x09","0x08","0x05","0x04","0x01","0x00","0x1D","0x1C","0x008","0x700","0x004","0x300","0x000","0xF00","0x00C","0xB00","0x00","0x00","0xFF","0x20","0x20","0x20","0x07","0x20","0x20","0x20","0x20","0x20","0x20","0x20","0x20","0x20","0x20","0x20","0x20","0x20","0x20","0x20","0x20","0x20","0x20","0x20","0x20","0x20","0x20","0x20","0x20","0x20","0x20","0x20","0x08"
"203","0xB","0xC","0b1100000011001100","0b1111101111111111","0","0","0b0000000000000000","0b0000000000000000","0b0000000000000000","0b0000000000000000","0","0b1100000011001100","0b0000000000000000","0x00000000","0x00000001","0x000001B4","0x00000000","0x00000000","0x0000006B","0x00000000","0x00000000","0x00000000","0x00000000","0x00000000","0x00000000","0x00000000","0x00000000","0x00000000","0x00000000","0x00000000","0x00000000","0x00000000","0x00000000","0x00000000","0x00000000","0x00000000","0x00000000","0x04000000","0x00000000","0x00000000","0x00000001","0xFFFFFFFF","0x00000088","0x00000260","0x00000051","0","0","0","0","0","0","0","0","0x8","0x3","0x0","0xF","0","1","1","1","0","1","1","1","0","1","1","1","0x00","0x18","0x18","0x18","0x0","0xF","0x3","0x7","0x60D000B4","0x1618D000","0x60D000B4","0x1618D000","0x60D000B4","0x1618D000","0x60D000B4","0x1618D000","0x09","0x08","0x05","0x04","0x01","0x00","0x1D","0x1C","0x008","0x700","0x004","0x300","0x000","0xF00","0x00C","0xB00","0x00","0x00","0xFF","0x20","0x20","0x20","0x07","0x20","0x20","0x20","0x20","0x20","0x20","0x20","0x20","0x20","0x20","0x20","0x20","0x20","0x20","0x20","0x20","0x20","0x20","0x20","0x20","0x20","0x20","0x20","0x20","0x20","0x20","0x20","0x08"
"204","0xB","0xC","0b1100000011001100","0b1111101111111111","0","0","0b0000000000000000","0b0000000000000000","0b0000000000000000","0b0000000000000000","1","0b1100000011001100","0b0000000000000000","0x00000000","0x00000001","0x000001B4","0x00000000","0x00000000","0x0000006B","0x00000000","0x00000000","0x00000000","0x00000000","0x00000000","0x00000000","0x00000000","0x00000000","0x00000000","0x00000000","0x00000000","0x00000000","0x00000000","0x00000000","0x00000000","0x00000000","0x00000000","0x00000000","0x04000000","0x00000000","0x00000000","0x00000001","0xFFFFFFFF","0x00000088","0x00000260","0x00000051","0","0","0","0","0","0","0","0","0x8","0x3","0x0","0xF","0","1","1","1","0","1","1","1","0","1","1","1","0x00","0x18","0x18","0x18","0x0","0xF","0x3","0x7","0x60D000B4","0x1618D000","0x60D000B4","0x1618D000","0x60D000B4","0x1618D000","0x60D000B4","0x1618D000","0x09","0x08","0x05","0x04","0x01","0x00","0x1D","0x1C","0x008","0x700","0x004","0x300","0x000","0xF00","0x00C","0xB00","0x00","0x00","0xFF","0x20","0x20","0x20","0x07","0x20","0x20","0x20","0x20","0x20","0x20","0x20","0x20","0x20","0x20","0x20","0x20","0x20","0x20","0x20","0x20","0x20","0x20","0x20","0x20","0x20","0x20","0x20","0x20","0x20","0x20","0x20","0x08"
"205","0xB","0xC","0b1100000011001100","0b1111101111111111","0","0","0b0000000000000000","0b0000000000000000","0b0000000000000000","0b0000000000000000","0","0b1100000011001100","0b0000000000000000","0x00000000","0x00000001","0x000001B4","0x00000000","0x00000000","0x0000006B","0x00000000","0x00000000","0x00000000","0x00000000","0x00000000","0x00000000","0x00000000","0x00000000","0x00000000","0x00000000","0x00000000","0x00000000","0x00000000","0x00000000","0x00000000","0x00000000","0x00000000","0x00000000","0x04000000","0x00000000","0x00000000","0x00000001","0xFFFFFFFF","0x00000088","0x00000260","0x00000051","0","0","0","0","0","0","0","0","0x8","0x3","0x0","0xF","0","1","1","1","0","1","1","1","0","1","1","1","0x00","0x18","0x18","0x18","0x0","0xF","0x3","0x7","0x60D000B4","0x1618D000","0x60D000B4","0x1618D000","0x60D000B4","0x1618D000","0x60D000B4","0x1618D000","0x09","0x08","0x05","0x04","0x01","0x00","0x1D","0x1C","0x008","0x700","0x004","0x300","0x000","0xF00","0x00C","0xB00","0x00","0x00","0xFF","0x20","0x20","0x20","0x07","0x20","0x20","0x20","0x20","0x20","0x20","0x20","0x20","0x20","0x20","0x20","0x20","0x20","0x20","0x20","0x20","0x20","0x20","0x20","0x20","0x20","0x20","0x20","0x20","0x20","0x20","0x20","0x08"
"206","0xB","0xC","0b1100000011001100","0b1111101111111111","0","0","0b0000000000000000","0b0000000000000000","0b0000000000000000","0b0000000000000000","1","0b1100000011001100","0b0000000000000000","0x00000000","0x00000001","0x000001B4","0x00000000","0x00000000","0x0000006B","0x00000000","0x00000000","0x00000000","0x00000000","0x00000000","0x00000000","0x00000000","0x00000000","0x00000000","0x00000000","0x00000000","0x00000000","0x00000000","0x00000000","0x00000000","0x00000000","0x00000000","0x00000000","0x04000000","0x00000000","0x00000000","0x00000001","0xFFFFFFFF","0x00000088","0x00000260","0x00000051","0","0","0","0","0","0","0","0","0x8","0x3","0x0","0xF","0","1","1","1","0","1","1","1","0","1","1","1","0x00","0x18","0x18","0x18","0x0","0xF","0x3","0x7","0x60D000B4","0x1618D000","0x60D000B4","0x1618D000","0x60D000B4","0x1618D000","0x60D000B4","0x1618D000","0x09","0x08","0x05","0x04","0x01","0x00","0x1D","0x1C","0x008","0x700","0x004","0x300","0x000","0xF00","0x00C","0xB00","0x00","0x00","0xFF","0x20","0x20","0x20","0x07","0x20","0x20","0x20","0x20","0x20","0x20","0x20","0x20","0x20","0x20","0x20","0x20","0x20","0x20","0x20","0x20","0x20","0x20","0x20","0x20","0x20","0x20","0x20","0x20","0x20","0x20","0x20","0x08"
"207","0xB","0xC","0b1100000011001100","0b1111101111111111","0","0","0b0000000000000000","0b0000000000000000","0b0000000000000000","0b0000000000000000","0","0b1100000011001100","0b0000000000000000","0x00000000","0x00000001","0x000001B4","0x00000000","0x00000000","0x0000006B","0x00000000","0x00000000","0x00000000","0x00000000","0x00000000","0x00000000","0x00000000","0x00000000","0x00000000","0x00000000","0x00000000","0x00000000","0x00000000","0x00000000","0x00000000","0x00000000","0x00000000","0x00000000","0x04000000","0x00000000","0x00000000","0x00000001","0xFFFFFFFF","0x00000088","0x00000260","0x00000051","0","0","0","0","0","0","0","0","0x8","0x3","0x0","0xF","0","1","1","1","0","1","1","1","0","1","1","1","0x00","0x18","0x18","0x18","0x0","0xF","0x3","0x7","0x60D000B4","0x1618D000","0x60D000B4","0x1618D000","0x60D000B4","0x1618D000","0x60D000B4","0x1618D000","0x09","0x08","0x05","0x04","0x01","0x00","0x1D","0x1C","0x008","0x700","0x004","0x300","0x000","0xF00","0x00C","0xB00","0x00","0x00","0xFF","0x20","0x20","0x20","0x07","0x20","0x20","0x20","0x20","0x20","0x20","0x20","0x20","0x20","0x20","0x20","0x20","0x20","0x20","0x20","0x20","0x20","0x20","0x20","0x20","0x20","0x20","0x20","0x20","0x20","0x20","0x20","0x08"
"208","0xB","0xC","0b1100000011001100","0b1111101111111111","0","0","0b0000000000000000","0b0000000000000000","0b0000000000000000","0b0000000000000000","1","0b1100000011001100","0b0000000000000000","0x00000000","0x00000001","0x000001B4","0x00000000","0x00000000","0x0000006B","0x00000000","0x00000000","0x00000000","0x00000000","0x00000000","0x00000000","0x00000000","0x00000000","0x00000000","0x00000000","0x00000000","0x00000000","0x00000000","0x00000000","0x00000000","0x00000000","0x00000000","0x00000000","0x04000000","0x00000000","0x00000000","0x00000001","0xFFFFFFFF","0x00000088","0x00000260","0x00000051","0","0","0","0","0","0","0","0","0x8","0x3","0x0","0xF","0","1","1","1","0","1","1","1","0","1","1","1","0x00","0x18","0x18","0x18","0x0","0xF","0x3","0x7","0x60D000B4","0x1618D000","0x60D000B4","0x1618D000","0x60D000B4","0x1618D000","0x60D000B4","0x1618D000","0x09","0x08","0x05","0x04","0x01","0x00","0x1D","0x1C","0x008","0x700","0x004","0x300","0x000","0xF00","0x00C","0xB00","0x00","0x00","0xFF","0x20","0x20","0x20","0x07","0x20","0x20","0x20","0x20","0x20","0x20","0x20","0x20","0x20","0x20","0x20","0x20","0x20","0x20","0x20","0x20","0x20","0x20","0x20","0x20","0x20","0x20","0x20","0x20","0x20","0x20","0x20","0x08"
"209","0xB","0xC","0b1100000011001100","0b1111101111111111","0","0","0b0000000000000000","0b0000000000000000","0b0000000000000000","0b0000000000000000","0","0b1100000011001100","0b0000000000000000","0x00000000","0x00000001","0x000001B4","0x00000000","0x00000000","0x0000006B","0x00000000","0x00000000","0x00000000","0x00000000","0x00000000","0x00000000","0x00000000","0x00000000","0x00000000","0x00000000","0x00000000","0x00000000","0x00000000","0x00000000","0x00000000","0x00000000","0x00000000","0x00000000","0x04000000","0x00000000","0x00000000","0x00000001","0xFFFFFFFF","0x00000088","0x00000260","0x00000051","0","0","0","0","0","0","0","0","0x8","0x3","0x0","0xF","0","1","1","1","0","1","1","1","0","1","1","1","0x00","0x18","0x18","0x18","0x0","0xF","0x3","0x7","0x60D000B4","0x1618D000","0x60D000B4","0x1618D000","0x60D000B4","0x1618D000","0x60D000B4","0x1618D000","0x09","0x08","0x05","0x04","0x01","0x00","0x1D","0x1C","0x008","0x700","0x004","0x300","0x000","0xF00","0x00C","0xB00","0x00","0x00","0xFF","0x20","0x20","0x20","0x07","0x20","0x20","0x20","0x20","0x20","0x20","0x20","0x20","0x20","0x20","0x20","0x20","0x20","0x20","0x20","0x20","0x20","0x20","0x20","0x20","0x20","0x20","0x20","0x20","0x20","0x20","0x20","0x08"
"210","0xB","0xC","0b1100000011001100","0b1111101111111111","0","0","0b0000000000000000","0b0000000000000000","0b0000000000000000","0b0000000000000000","1","0b1100000011001100","0b0000000000000000","0x00000000","0x00000001","0x000001B4","0x00000000","0x00000000","0x0000006B","0x00000000","0x00000000","0x00000000","0x00000000","0x00000000","0x00000000","0x00000000","0x00000000","0x00000000","0x00000000","0x00000000","0x00000000","0x00000000","0x00000000","0x00000000","0x00000000","0x00000000","0x00000000","0x04000000","0x00000000","0x00000000","0x00000001","0xFFFFFFFF","0x00000088","0x00000260","0x00000051","0","0","0","0","0","0","0","0","0x8","0x3","0x0","0xF","0","1","1","1","0","1","1","1","0","1","1","1","0x00","0x18","0x18","0x18","0x0","0xF","0x3","0x7","0x60D000B4","0x1618D000","0x60D000B4","0x1618D000","0x60D000B4","0x1618D000","0x60D000B4","0x1618D000","0x09","0x08","0x05","0x04","0x01","0x00","0x1D","0x1C","0x008","0x700","0x004","0x300","0x000","0xF00","0x00C","0xB00","0x00","0x00","0xFF","0x20","0x20","0x20","0x07","0x20","0x20","0x20","0x20","0x20","0x20","0x20","0x20","0x20","0x20","0x20","0x20","0x20","0x20","0x20","0x20","0x20","0x20","0x20","0x20","0x20","0x20","0x20","0x20","0x20","0x20","0x20","0x08"
"211","0xB","0xC","0b1100000011001100","0b1111101111111111","0","0","0b0000000000000000","0b0000000000000000","0b0000000000000000","0b0000000000000000","0","0b1100000011001100","0b0000000000000000","0x00000000","0x00000001","0x000001B4","0x00000000","0x00000000","0x0000006B","0x00000000","0x00000000","0x00000000","0x00000000","0x00000000","0x00000000","0x00000000","0x00000000","0x00000000","0x00000000","0x00000000","0x00000000","0x00000000","0x00000000","0x00000000","0x00000000","0x00000000","0x00000000","0x04000000","0x00000000","0x00000000","0x00000001","0xFFFFFFFF","0x00000088","0x00000260","0x00000051","0","0","0","0","0","0","0","0","0x8","0x3","0x0","0xF","0","1","1","1","0","1","1","1","0","1","1","1","0x00","0x18","0x18","0x18","0x0","0xF","0x3","0x7","0x60D000B4","0x1618D000","0x60D000B4","0x1618D000","0x60D000B4","0x1618D000","0x60D000B4","0x1618D000","0x09","0x08","0x05","0x04","0x01","0x00","0x1D","0x1C","0x008","0x700","0x004","0x300","0x000","0xF00","0x00C","0xB00","0x00","0x00","0xFF","0x20","0x20","0x20","0x07","0x20","0x20","0x20","0x20","0x20","0x20","0x20","0x20","0x20","0x20","0x20","0x20","0x20","0x20","0x20","0x20","0x20","0x20","0x20","0x20","0x20","0x20","0x20","0x20","0x20","0x20","0x20","0x08"
"212","0xB","0xC","0b1100000011001100","0b1111101111111111","0","0","0b0000000000000000","0b0000000000000000","0b0000000000000000","0b0000000000000000","1","0b1100000011001100","0b0000000000000000","0x00000000","0x00000001","0x000001B4","0x00000000","0x00000000","0x0000006B","0x00000000","0x00000000","0x00000000","0x00000000","0x00000000","0x00000000","0x00000000","0x00000000","0x00000000","0x00000000","0x00000000","0x00000000","0x00000000","0x00000000","0x00000000","0x00000000","0x00000000","0x00000000","0x04000000","0x00000000","0x00000000","0x00000001","0xFFFFFFFF","0x00000088","0x00000260","0x00000051","0","0","0","0","0","0","0","0","0x8","0x3","0x0","0xF","0","1","1","1","0","1","1","1","0","1","1","1","0x00","0x18","0x18","0x18","0x0","0xF","0x3","0x7","0x60D000B4","0x1618D000","0x60D000B4","0x1618D000","0x60D000B4","0x1618D000","0x60D000B4","0x1618D000","0x09","0x08","0x05","0x04","0x01","0x00","0x1D","0x1C","0x008","0x700","0x004","0x300","0x000","0xF00","0x00C","0xB00","0x00","0x00","0xFF","0x20","0x20","0x20","0x07","0x20","0x20","0x20","0x20","0x20","0x20","0x20","0x20","0x20","0x20","0x20","0x20","0x20","0x20","0x20","0x20","0x20","0x20","0x20","0x20","0x20","0x20","0x20","0x20","0x20","0x20","0x20","0x08"
"213","0xB","0xC","0b1100000011001100","0b1111101111111111","0","0","0b0000000000000000","0b0000000000000000","0b0000000000000000","0b0000000000000000","0","0b1100000011001100","0b0000000000000000","0x00000000","0x00000001","0x000001B4","0x00000000","0x00000000","0x0000006B","0x00000000","0x00000000","0x00000000","0x00000000","0x00000000","0x00000000","0x00000000","0x00000000","0x00000000","0x00000000","0x00000000","0x00000000","0x00000000","0x00000000","0x00000000","0x00000000","0x00000000","0x00000000","0x04000000","0x00000000","0x00000000","0x00000001","0xFFFFFFFF","0x00000088","0x00000260","0x00000051","0","0","0","0","0","0","0","0","0x8","0x3","0x0","0xF","0","1","1","1","0","1","1","1","0","1","1","1","0x00","0x18","0x18","0x18","0x0","0xF","0x3","0x7","0x60D000B4","0x1618D000","0x60D000B4","0x1618D000","0x60D000B4","0x1618D000","0x60D000B4","0x1618D000","0x09","0x08","0x05","0x04","0x01","0x00","0x1D","0x1C","0x008","0x700","0x004","0x300","0x000","0xF00","0x00C","0xB00","0x00","0x00","0xFF","0x20","0x20","0x20","0x07","0x20","0x20","0x20","0x20","0x20","0x20","0x20","0x20","0x20","0x20","0x20","0x20","0x20","0x20","0x20","0x20","0x20","0x20","0x20","0x20","0x20","0x20","0x20","0x20","0x20","0x20","0x20","0x08"
"214","0xB","0xC","0b1100000011001100","0b1111101111111111","0","0","0b0000000000000000","0b0000000000000000","0b0000000000000000","0b0000000000000000","1","0b1100000011001100","0b0000000000000000","0x00000000","0x00000001","0x000001B4","0x00000000","0x00000000","0x0000006B","0x00000000","0x00000000","0x00000000","0x00000000","0x00000000","0x00000000","0x00000000","0x00000000","0x00000000","0x00000000","0x00000000","0x00000000","0x00000000","0x00000000","0x00000000","0x00000000","0x00000000","0x00000000","0x04000000","0x00000000","0x00000000","0x00000001","0xFFFFFFFF","0x00000088","0x00000260","0x00000051","0","0","0","0","0","0","0","0","0x8","0x3","0x0","0xF","0","1","1","1","0","1","1","1","0","1","1","1","0x00","0x18","0x18","0x18","0x0","0xF","0x3","0x7","0x60D000B4","0x1618D000","0x60D000B4","0x1618D000","0x60D000B4","0x1618D000","0x60D000B4","0x1618D000","0x09","0x08","0x05","0x04","0x01","0x00","0x1D","0x1C","0x008","0x700","0x004","0x300","0x000","0xF00","0x00C","0xB00","0x00","0x00","0xFF","0x20","0x20","0x20","0x07","0x20","0x20","0x20","0x20","0x20","0x20","0x20","0x20","0x20","0x20","0x20","0x20","0x20","0x20","0x20","0x20","0x20","0x20","0x20","0x20","0x20","0x20","0x20","0x20","0x20","0x20","0x20","0x08"
"215","0xB","0xC","0b1100000011001100","0b1111101111111111","0","0","0b0000000000000000","0b0000000000000000","0b0000000000000000","0b0000000000000000","0","0b1100000011001100","0b0000000000000000","0x00000000","0x00000001","0x000001B4","0x00000000","0x00000000","0x0000006B","0x00000000","0x00000000","0x00000000","0x00000000","0x00000000","0x00000000","0x00000000","0x00000000","0x00000000","0x00000000","0x00000000","0x00000000","0x00000000","0x00000000","0x00000000","0x00000000","0x00000000","0x00000000","0x04000000","0x00000000","0x00000000","0x00000001","0xFFFFFFFF","0x00000088","0x00000260","0x00000051","0","0","0","0","0","0","0","0","0x8","0x3","0x0","0xF","0","1","1","1","0","1","1","1","0","1","1","1","0x00","0x18","0x18","0x18","0x0","0xF","0x3","0x7","0x60D000B4","0x1618D000","0x60D000B4","0x1618D000","0x60D000B4","0x1618D000","0x60D000B4","0x1618D000","0x09","0x08","0x05","0x04","0x01","0x00","0x1D","0x1C","0x008","0x700","0x004","0x300","0x000","0xF00","0x00C","0xB00","0x00","0x00","0xFF","0x20","0x20","0x20","0x07","0x20","0x20","0x20","0x20","0x20","0x20","0x20","0x20","0x20","0x20","0x20","0x20","0x20","0x20","0x20","0x20","0x20","0x20","0x20","0x20","0x20","0x20","0x20","0x20","0x20","0x20","0x20","0x08"
"216","0xB","0xC","0b1100000011001100","0b1111101111111111","0","0","0b0000000000000000","0b0000000000000000","0b0000000000000000","0b0000000000000000","1","0b1100000011001100","0b0000000000000000","0x00000000","0x00000001","0x000001B4","0x00000000","0x00000000","0x0000006B","0x00000000","0x00000000","0x00000000","0x00000000","0x00000000","0x00000000","0x00000000","0x00000000","0x00000000","0x00000000","0x00000000","0x00000000","0x00000000","0x00000000","0x00000000","0x00000000","0x00000000","0x00000000","0x04000000","0x00000000","0x00000000","0x00000001","0xFFFFFFFF","0x00000088","0x00000260","0x00000051","0","0","0","0","0","0","0","0","0x8","0x3","0x0","0xF","0","1","1","1","0","1","1","1","0","1","1","1","0x00","0x18","0x18","0x18","0x0","0xF","0x3","0x7","0x60D000B4","0x1618D000","0x60D000B4","0x1618D000","0x60D000B4","0x1618D000","0x60D000B4","0x1618D000","0x09","0x08","0x05","0x04","0x01","0x00","0x1D","0x1C","0x008","0x700","0x004","0x300","0x000","0xF00","0x00C","0xB00","0x00","0x00","0xFF","0x20","0x20","0x20","0x07","0x20","0x20","0x20","0x20","0x20","0x20","0x20","0x20","0x20","0x20","0x20","0x20","0x20","0x20","0x20","0x20","0x20","0x20","0x20","0x20","0x20","0x20","0x20","0x20","0x20","0x20","0x20","0x08"
"217","0xB","0xC","0b1100000011001100","0b1111101111111111","0","0","0b0000000000000000","0b0000000000000000","0b0000000000000000","0b0000000000000000","0","0b1100000011001100","0b0000000000000000","0x00000000","0x00000001","0x000001B4","0x00000000","0x00000000","0x0000006B","0x00000000","0x00000000","0x00000000","0x00000000","0x00000000","0x00000000","0x00000000","0x00000000","0x00000000","0x00000000","0x00000000","0x00000000","0x00000000","0x00000000","0x00000000","0x00000000","0x00000000","0x00000000","0x04000000","0x00000000","0x00000000","0x00000001","0xFFFFFFFF","0x00000088","0x00000260","0x00000051","0","0","0","0","0","0","0","0","0x8","0x3","0x0","0xF","0","1","1","1","0","1","1","1","0","1","1","1","0x00","0x18","0x18","0x18","0x0","0xF","0x3","0x7","0x60D000B4","0x1618D000","0x60D000B4","0x1618D000","0x60D000B4","0x1618D000","0x60D000B4","0x1618D000","0x09","0x08","0x05","0x04","0x01","0x00","0x1D","0x1C","0x008","0x700","0x004","0x300","0x000","0xF00","0x00C","0xB00","0x00","0x00","0xFF","0x20","0x20","0x20","0x07","0x20","0x20","0x20","0x20","0x20","0x20","0x20","0x20","0x20","0x20","0x20","0x20","0x20","0x20","0x20","0x20","0x20","0x20","0x20","0x20","0x20","0x20","0x20","0x20","0x20","0x20","0x20","0x08"
"218","0xB","0xC","0b1100000011001100","0b1111101111111111","0","0","0b0000000000000000","0b0000000000000000","0b0000000000000000","0b0000000000000000","1","0b1100000011001100","0b0000000000000000","0x00000000","0x00000001","0x000001B4","0x00000000","0x00000000","0x0000006B","0x00000000","0x00000000","0x00000000","0x00000000","0x00000000","0x00000000","0x00000000","0x00000000","0x00000000","0x00000000","0x00000000","0x00000000","0x00000000","0x00000000","0x00000000","0x00000000","0x00000000","0x00000000","0x04000000","0x00000000","0x00000000","0x00000001","0xFFFFFFFF","0x00000088","0x00000260","0x00000051","0","0","0","0","0","0","0","0","0x8","0x3","0x0","0xF","0","1","1","1","0","1","1","1","0","1","1","1","0x00","0x18","0x18","0x18","0x0","0xF","0x3","0x7","0x60D000B4","0x1618D000","0x60D000B4","0x1618D000","0x60D000B4","0x1618D000","0x60D000B4","0x1618D000","0x09","0x08","0x05","0x04","0x01","0x00","0x1D","0x1C","0x008","0x700","0x004","0x300","0x000","0xF00","0x00C","0xB00","0x00","0x00","0xFF","0x20","0x20","0x20","0x07","0x20","0x20","0x20","0x20","0x20","0x20","0x20","0x20","0x20","0x20","0x20","0x20","0x20","0x20","0x20","0x20","0x20","0x20","0x20","0x20","0x20","0x20","0x20","0x20","0x20","0x20","0x20","0x08"
"219","0xB","0xC","0b1100000011001100","0b1111101111111111","0","0","0b0000000000000000","0b0000000000000000","0b0000000000000000","0b0000000000000000","0","0b1100000011001100","0b0000000000000000","0x00000000","0x00000001","0x000001B4","0x00000000","0x00000000","0x0000006B","0x00000000","0x00000000","0x00000000","0x00000000","0x00000000","0x00000000","0x00000000","0x00000000","0x00000000","0x00000000","0x00000000","0x00000000","0x00000000","0x00000000","0x00000000","0x00000000","0x00000000","0x00000000","0x04000000","0x00000000","0x00000000","0x00000001","0xFFFFFFFF","0x00000088","0x00000260","0x00000051","0","0","0","0","0","0","0","0","0x8","0x3","0x0","0xF","0","1","1","1","0","1","1","1","0","1","1","1","0x00","0x18","0x18","0x18","0x0","0xF","0x3","0x7","0x60D000B4","0x1618D000","0x60D000B4","0x1618D000","0x60D000B4","0x1618D000","0x60D000B4","0x1618D000","0x09","0x08","0x05","0x04","0x01","0x00","0x1D","0x1C","0x008","0x700","0x004","0x300","0x000","0xF00","0x00C","0xB00","0x00","0x00","0xFF","0x20","0x20","0x20","0x07","0x20","0x20","0x20","0x20","0x20","0x20","0x20","0x20","0x20","0x20","0x20","0x20","0x20","0x20","0x20","0x20","0x20","0x20","0x20","0x20","0x20","0x20","0x20","0x20","0x20","0x20","0x20","0x08"
"220","0xB","0xC","0b1100000011001100","0b1111101111111111","0","0","0b0000000000000000","0b0000000000000000","0b0000000000000000","0b0000000000000000","1","0b1100000011001100","0b0000000000000000","0x00000000","0x00000001","0x000001B4","0x00000000","0x00000000","0x0000006B","0x00000000","0x00000000","0x00000000","0x00000000","0x00000000","0x00000000","0x00000000","0x00000000","0x00000000","0x00000000","0x00000000","0x00000000","0x00000000","0x00000000","0x00000000","0x00000000","0x00000000","0x00000000","0x04000000","0x00000000","0x00000000","0x00000001","0xFFFFFFFF","0x00000088","0x00000260","0x00000051","0","0","0","0","0","0","0","0","0x8","0x3","0x0","0xF","0","1","1","1","0","1","1","1","0","1","1","1","0x00","0x18","0x18","0x18","0x0","0xF","0x3","0x7","0x60D000B4","0x1618D000","0x60D000B4","0x1618D000","0x60D000B4","0x1618D000","0x60D000B4","0x1618D000","0x09","0x08","0x05","0x04","0x01","0x00","0x1D","0x1C","0x008","0x700","0x004","0x300","0x000","0xF00","0x00C","0xB00","0x00","0x00","0xFF","0x20","0x20","0x20","0x07","0x20","0x20","0x20","0x20","0x20","0x20","0x20","0x20","0x20","0x20","0x20","0x20","0x20","0x20","0x20","0x20","0x20","0x20","0x20","0x20","0x20","0x20","0x20","0x20","0x20","0x20","0x20","0x08"
"221","0xB","0xC","0b1100000011001100","0b1111101111111111","0","0","0b0000000000000000","0b0000000000000000","0b0000000000000000","0b0000000000000000","0","0b1100000011001100","0b0000000000000000","0x00000000","0x00000001","0x000001B4","0x00000000","0x00000000","0x0000006B","0x00000000","0x00000000","0x00000000","0x00000000","0x00000000","0x00000000","0x00000000","0x00000000","0x00000000","0x00000000","0x00000000","0x00000000","0x00000000","0x00000000","0x00000000","0x00000000","0x00000000","0x00000000","0x04000000","0x00000000","0x00000000","0x00000001","0xFFFFFFFF","0x00000088","0x00000260","0x00000051","0","0","0","0","0","0","0","0","0x8","0x3","0x0","0xF","0","1","1","1","0","1","1","1","0","1","1","1","0x00","0x18","0x18","0x18","0x0","0xF","0x3","0x7","0x60D000B4","0x1618D000","0x60D000B4","0x1618D000","0x60D000B4","0x1618D000","0x60D000B4","0x1618D000","0x09","0x08","0x05","0x04","0x01","0x00","0x1D","0x1C","0x008","0x700","0x004","0x300","0x000","0xF00","0x00C","0xB00","0x00","0x00","0xFF","0x20","0x20","0x20","0x07","0x20","0x20","0x20","0x20","0x20","0x20","0x20","0x20","0x20","0x20","0x20","0x20","0x20","0x20","0x20","0x20","0x20","0x20","0x20","0x20","0x20","0x20","0x20","0x20","0x20","0x20","0x20","0x08"
"222","0xB","0xC","0b1100000011001100","0b1111101111111111","0","0","0b0000000000000000","0b0000000000000000","0b0000000000000000","0b0000000000000000","1","0b1100000011001100","0b0000000000000000","0x00000000","0x00000001","0x000001B4","0x00000000","0x00000000","0x0000006B","0x00000000","0x00000000","0x00000000","0x00000000","0x00000000","0x00000000","0x00000000","0x00000000","0x00000000","0x00000000","0x00000000","0x00000000","0x00000000","0x00000000","0x00000000","0x00000000","0x00000000","0x00000000","0x04000000","0x00000000","0x00000000","0x00000001","0xFFFFFFFF","0x00000088","0x00000260","0x00000051","0","0","0","0","0","0","0","0","0x8","0x3","0x0","0xF","0","1","1","1","0","1","1","1","0","1","1","1","0x00","0x18","0x18","0x18","0x0","0xF","0x3","0x7","0x60D000B4","0x1618D000","0x60D000B4","0x1618D000","0x60D000B4","0x1618D000","0x60D000B4","0x1618D000","0x09","0x08","0x05","0x04","0x01","0x00","0x1D","0x1C","0x008","0x700","0x004","0x300","0x000","0xF00","0x00C","0xB00","0x00","0x00","0xFF","0x20","0x20","0x20","0x07","0x20","0x20","0x20","0x20","0x20","0x20","0x20","0x20","0x20","0x20","0x20","0x20","0x20","0x20","0x20","0x20","0x20","0x20","0x20","0x20","0x20","0x20","0x20","0x20","0x20","0x20","0x20","0x08"
"223","0xB","0xC","0b1100000011001100","0b1111101111111111","0","0","0b0000000000000000","0b0000000000000000","0b0000000000000000","0b0000000000000000","0","0b1100000011001100","0b0000000000000000","0x00000000","0x00000001","0x000001B4","0x00000000","0x00000000","0x0000006B","0x00000000","0x00000000","0x00000000","0x00000000","0x00000000","0x00000000","0x00000000","0x00000000","0x00000000","0x00000000","0x00000000","0x00000000","0x00000000","0x00000000","0x00000000","0x00000000","0x00000000","0x00000000","0x04000000","0x00000000","0x00000000","0x00000001","0xFFFFFFFF","0x00000088","0x00000260","0x00000051","0","0","0","0","0","0","0","0","0x8","0x3","0x0","0xF","0","1","1","1","0","1","1","1","0","1","1","1","0x00","0x18","0x18","0x18","0x0","0xF","0x3","0x7","0x60D000B4","0x1618D000","0x60D000B4","0x1618D000","0x60D000B4","0x1618D000","0x60D000B4","0x1618D000","0x09","0x08","0x05","0x04","0x01","0x00","0x1D","0x1C","0x008","0x700","0x004","0x300","0x000","0xF00","0x00C","0xB00","0x00","0x00","0xFF","0x20","0x20","0x20","0x07","0x20","0x20","0x20","0x20","0x20","0x20","0x20","0x20","0x20","0x20","0x20","0x20","0x20","0x20","0x20","0x20","0x20","0x20","0x20","0x20","0x20","0x20","0x20","0x20","0x20","0x20","0x20","0x08"
"224","0xB","0xC","0b1100000011001100","0b1111101111111111","0","0","0b0000000000000000","0b0000000000000000","0b0000000000000000","0b0000000000000000","1","0b1100000011001100","0b0000000000000000","0x00000000","0x00000001","0x000001B4","0x00000000","0x00000000","0x0000006B","0x00000000","0x00000000","0x00000000","0x00000000","0x00000000","0x00000000","0x00000000","0x00000000","0x00000000","0x00000000","0x00000000","0x00000000","0x00000000","0x00000000","0x00000000","0x00000000","0x00000000","0x00000000","0x04000000","0x00000000","0x00000000","0x00000001","0xFFFFFFFF","0x00000088","0x00000260","0x00000051","0","0","0","0","0","0","0","0","0x8","0x3","0x0","0xF","0","1","1","1","0","1","1","1","0","1","1","1","0x00","0x18","0x18","0x18","0x0","0xF","0x3","0x7","0x60D000B4","0x1618D000","0x60D000B4","0x1618D000","0x60D000B4","0x1618D000","0x60D000B4","0x1618D000","0x09","0x08","0x05","0x04","0x01","0x00","0x1D","0x1C","0x008","0x700","0x004","0x300","0x000","0xF00","0x00C","0xB00","0x00","0x00","0xFF","0x20","0x20","0x20","0x07","0x20","0x20","0x20","0x20","0x20","0x20","0x20","0x20","0x20","0x20","0x20","0x20","0x20","0x20","0x20","0x20","0x20","0x20","0x20","0x20","0x20","0x20","0x20","0x20","0x20","0x20","0x20","0x08"
"225","0xB","0xC","0b1100000011001100","0b1111101111111111","0","0","0b0000000000000000","0b0000000000000000","0b0000000000000000","0b0000000000000000","0","0b1100000011001100","0b0000000000000000","0x00000000","0x00000001","0x000001B4","0x00000000","0x00000000","0x0000006B","0x00000000","0x00000000","0x00000000","0x00000000","0x00000000","0x00000000","0x00000000","0x00000000","0x00000000","0x00000000","0x00000000","0x00000000","0x00000000","0x00000000","0x00000000","0x00000000","0x00000000","0x00000000","0x04000000","0x00000000","0x00000000","0x00000001","0xFFFFFFFF","0x00000088","0x00000260","0x00000051","0","0","0","0","0","0","0","0","0x8","0x3","0x0","0xF","0","1","1","1","0","1","1","1","0","1","1","1","0x00","0x18","0x18","0x18","0x0","0xF","0x3","0x7","0x60D000B4","0x1618D000","0x60D000B4","0x1618D000","0x60D000B4","0x1618D000","0x60D000B4","0x1618D000","0x09","0x08","0x05","0x04","0x01","0x00","0x1D","0x1C","0x008","0x700","0x004","0x300","0x000","0xF00","0x00C","0xB00","0x00","0x00","0xFF","0x20","0x20","0x20","0x07","0x20","0x20","0x20","0x20","0x20","0x20","0x20","0x20","0x20","0x20","0x20","0x20","0x20","0x20","0x20","0x20","0x20","0x20","0x20","0x20","0x20","0x20","0x20","0x20","0x20","0x20","0x20","0x08"
"226","0xB","0xC","0b1100000011001100","0b1111101111111111","0","0","0b0000000000000000","0b0000000000000000","0b0000000000000000","0b0000000000000000","1","0b1100000011001100","0b0000000000000000","0x00000000","0x00000001","0x000001B4","0x00000000","0x00000000","0x0000006B","0x00000000","0x00000000","0x00000000","0x00000000","0x00000000","0x00000000","0x00000000","0x00000000","0x00000000","0x00000000","0x00000000","0x00000000","0x00000000","0x00000000","0x00000000","0x00000000","0x00000000","0x00000000","0x04000000","0x00000000","0x00000000","0x00000001","0xFFFFFFFF","0x00000088","0x00000260","0x00000051","0","0","0","0","0","0","0","0","0x8","0x3","0x0","0xF","0","1","1","1","0","1","1","1","0","1","1","1","0x00","0x18","0x18","0x18","0x0","0xF","0x3","0x7","0x60D000B4","0x1618D000","0x60D000B4","0x1618D000","0x60D000B4","0x1618D000","0x60D000B4","0x1618D000","0x09","0x08","0x05","0x04","0x01","0x00","0x1D","0x1C","0x008","0x700","0x004","0x300","0x000","0xF00","0x00C","0xB00","0x00","0x00","0xFF","0x20","0x20","0x20","0x07","0x20","0x20","0x20","0x20","0x20","0x20","0x20","0x20","0x20","0x20","0x20","0x20","0x20","0x20","0x20","0x20","0x20","0x20","0x20","0x20","0x20","0x20","0x20","0x20","0x20","0x20","0x20","0x08"
"227","0xB","0xC","0b1100000011001100","0b1111101111111111","0","0","0b0000000000000000","0b0000000000000000","0b0000000000000000","0b0000000000000000","0","0b1100000011001100","0b0000000000000000","0x00000000","0x00000001","0x000001B4","0x00000000","0x00000000","0x0000006B","0x00000000","0x00000000","0x00000000","0x00000000","0x00000000","0x00000000","0x00000000","0x00000000","0x00000000","0x00000000","0x00000000","0x00000000","0x00000000","0x00000000","0x00000000","0x00000000","0x00000000","0x00000000","0x04000000","0x00000000","0x00000000","0x00000001","0xFFFFFFFF","0x00000088","0x00000260","0x00000051","0","0","0","0","0","0","0","0","0x8","0x3","0x0","0xF","0","1","1","1","0","1","1","1","0","1","1","1","0x00","0x18","0x18","0x18","0x0","0xF","0x3","0x7","0x60D000B4","0x1618D000","0x60D000B4","0x1618D000","0x60D000B4","0x1618D000","0x60D000B4","0x1618D000","0x09","0x08","0x05","0x04","0x01","0x00","0x1D","0x1C","0x008","0x700","0x004","0x300","0x000","0xF00","0x00C","0xB00","0x00","0x00","0xFF","0x20","0x20","0x20","0x07","0x20","0x20","0x20","0x20","0x20","0x20","0x20","0x20","0x20","0x20","0x20","0x20","0x20","0x20","0x20","0x20","0x20","0x20","0x20","0x20","0x20","0x20","0x20","0x20","0x20","0x20","0x20","0x08"
"228","0xB","0xC","0b1100000011001100","0b1111101111111111","0","0","0b0000000000000000","0b0000000000000000","0b0000000000000000","0b0000000000000000","1","0b1100000011001100","0b0000000000000000","0x00000000","0x00000001","0x000001B4","0x00000000","0x00000000","0x0000006B","0x00000000","0x00000000","0x00000000","0x00000000","0x00000000","0x00000000","0x00000000","0x00000000","0x00000000","0x00000000","0x00000000","0x00000000","0x00000000","0x00000000","0x00000000","0x00000000","0x00000000","0x00000000","0x04000000","0x00000000","0x00000000","0x00000001","0xFFFFFFFF","0x00000088","0x00000260","0x00000051","0","0","0","0","0","0","0","0","0x8","0x3","0x0","0xF","0","1","1","1","0","1","1","1","0","1","1","1","0x00","0x18","0x18","0x18","0x0","0xF","0x3","0x7","0x60D000B4","0x1618D000","0x60D000B4","0x1618D000","0x60D000B4","0x1618D000","0x60D000B4","0x1618D000","0x09","0x08","0x05","0x04","0x01","0x00","0x1D","0x1C","0x008","0x700","0x004","0x300","0x000","0xF00","0x00C","0xB00","0x00","0x00","0xFF","0x20","0x20","0x20","0x07","0x20","0x20","0x20","0x20","0x20","0x20","0x20","0x20","0x20","0x20","0x20","0x20","0x20","0x20","0x20","0x20","0x20","0x20","0x20","0x20","0x20","0x20","0x20","0x20","0x20","0x20","0x20","0x08"
"229","0xB","0xC","0b1100000011001100","0b1111101111111111","0","0","0b0000000000000000","0b0000000000000000","0b0000000000000000","0b0000000000000000","0","0b1100000011001100","0b0000000000000000","0x00000000","0x00000001","0x000001B4","0x00000000","0x00000000","0x0000006B","0x00000000","0x00000000","0x00000000","0x00000000","0x00000000","0x00000000","0x00000000","0x00000000","0x00000000","0x00000000","0x00000000","0x00000000","0x00000000","0x00000000","0x00000000","0x00000000","0x00000000","0x00000000","0x04000000","0x00000000","0x00000000","0x00000001","0xFFFFFFFF","0x00000088","0x00000260","0x00000051","0","0","0","0","0","0","0","0","0x8","0x3","0x0","0xF","0","1","1","1","0","1","1","1","0","1","1","1","0x00","0x18","0x18","0x18","0x0","0xF","0x3","0x7","0x60D000B4","0x1618D000","0x60D000B4","0x1618D000","0x60D000B4","0x1618D000","0x60D000B4","0x1618D000","0x09","0x08","0x05","0x04","0x01","0x00","0x1D","0x1C","0x008","0x700","0x004","0x300","0x000","0xF00","0x00C","0xB00","0x00","0x00","0xFF","0x20","0x20","0x20","0x07","0x20","0x20","0x20","0x20","0x20","0x20","0x20","0x20","0x20","0x20","0x20","0x20","0x20","0x20","0x20","0x20","0x20","0x20","0x20","0x20","0x20","0x20","0x20","0x20","0x20","0x20","0x20","0x08"
"230","0xB","0xC","0b1100000011001100","0b1111101111111111","0","0","0b0000000000000000","0b0000000000000000","0b0000000000000000","0b0000000000000000","1","0b1100000011001100","0b0000000000000000","0x00000000","0x00000001","0x000001B4","0x00000000","0x00000000","0x0000006B","0x00000000","0x00000000","0x00000000","0x00000000","0x00000000","0x00000000","0x00000000","0x00000000","0x00000000","0x00000000","0x00000000","0x00000000","0x00000000","0x00000000","0x00000000","0x00000000","0x00000000","0x00000000","0x04000000","0x00000000","0x00000000","0x00000001","0xFFFFFFFF","0x00000088","0x00000260","0x00000051","0","0","0","0","0","0","0","0","0x8","0x3","0x0","0xF","0","1","1","1","0","1","1","1","0","1","1","1","0x00","0x18","0x18","0x18","0x0","0xF","0x3","0x7","0x60D000B4","0x1618D000","0x60D000B4","0x1618D000","0x60D000B4","0x1618D000","0x60D000B4","0x1618D000","0x09","0x08","0x05","0x04","0x01","0x00","0x1D","0x1C","0x008","0x700","0x004","0x300","0x000","0xF00","0x00C","0xB00","0x00","0x00","0xFF","0x20","0x20","0x20","0x07","0x20","0x20","0x20","0x20","0x20","0x20","0x20","0x20","0x20","0x20","0x20","0x20","0x20","0x20","0x20","0x20","0x20","0x20","0x20","0x20","0x20","0x20","0x20","0x20","0x20","0x20","0x20","0x08"
"231","0xB","0xC","0b1100000011001100","0b1111101111111111","0","0","0b0000000000000000","0b0000000000000000","0b0000000000000000","0b0000000000000000","0","0b1100000011001100","0b0000000000000000","0x00000000","0x00000001","0x000001B4","0x00000000","0x00000000","0x0000006B","0x00000000","0x00000000","0x00000000","0x00000000","0x00000000","0x00000000","0x00000000","0x00000000","0x00000000","0x00000000","0x00000000","0x00000000","0x00000000","0x00000000","0x00000000","0x00000000","0x00000000","0x00000000","0x04000000","0x00000000","0x00000000","0x00000001","0xFFFFFFFF","0x00000088","0x00000260","0x00000051","0","0","0","0","0","0","0","0","0x8","0x3","0x0","0xF","0","1","1","1","0","1","1","1","0","1","1","1","0x00","0x18","0x18","0x18","0x0","0xF","0x3","0x7","0x60D000B4","0x1618D000","0x60D000B4","0x1618D000","0x60D000B4","0x1618D000","0x60D000B4","0x1618D000","0x09","0x08","0x05","0x04","0x01","0x00","0x1D","0x1C","0x008","0x700","0x004","0x300","0x000","0xF00","0x00C","0xB00","0x00","0x00","0xFF","0x20","0x20","0x20","0x07","0x20","0x20","0x20","0x20","0x20","0x20","0x20","0x20","0x20","0x20","0x20","0x20","0x20","0x20","0x20","0x20","0x20","0x20","0x20","0x20","0x20","0x20","0x20","0x20","0x20","0x20","0x20","0x08"
"232","0xB","0xC","0b1100000011001100","0b1111101111111111","0","0","0b0000000000000000","0b0000000000000000","0b0000000000000000","0b0000000000000000","1","0b1100000011001100","0b0000000000000000","0x00000000","0x00000001","0x000001B4","0x00000000","0x00000000","0x0000006B","0x00000000","0x00000000","0x00000000","0x00000000","0x00000000","0x00000000","0x00000000","0x00000000","0x00000000","0x00000000","0x00000000","0x00000000","0x00000000","0x00000000","0x00000000","0x00000000","0x00000000","0x00000000","0x04000000","0x00000000","0x00000000","0x00000001","0xFFFFFFFF","0x00000088","0x00000260","0x00000051","0","0","0","0","0","0","0","0","0x8","0x3","0x0","0xF","0","1","1","1","0","1","1","1","0","1","1","1","0x00","0x18","0x18","0x18","0x0","0xF","0x3","0x7","0x60D000B4","0x1618D000","0x60D000B4","0x1618D000","0x60D000B4","0x1618D000","0x60D000B4","0x1618D000","0x09","0x08","0x05","0x04","0x01","0x00","0x1D","0x1C","0x008","0x700","0x004","0x300","0x000","0xF00","0x00C","0xB00","0x00","0x00","0xFF","0x20","0x20","0x20","0x07","0x20","0x20","0x20","0x20","0x20","0x20","0x20","0x20","0x20","0x20","0x20","0x20","0x20","0x20","0x20","0x20","0x20","0x20","0x20","0x20","0x20","0x20","0x20","0x20","0x20","0x20","0x20","0x08"
"233","0xB","0xC","0b1100000011001100","0b1111101111111111","0","0","0b0000000000000000","0b0000000000000000","0b0000000000000000","0b0000000000000000","0","0b1100000011001100","0b0000000000000000","0x00000000","0x00000001","0x000001B4","0x00000000","0x00000000","0x0000006B","0x00000000","0x00000000","0x00000000","0x00000000","0x00000000","0x00000000","0x00000000","0x00000000","0x00000000","0x00000000","0x00000000","0x00000000","0x00000000","0x00000000","0x00000000","0x00000000","0x00000000","0x00000000","0x04000000","0x00000000","0x00000000","0x00000001","0xFFFFFFFF","0x00000088","0x00000260","0x00000051","0","0","0","0","0","0","0","0","0x8","0x3","0x0","0xF","0","1","1","1","0","1","1","1","0","1","1","1","0x00","0x18","0x18","0x18","0x0","0xF","0x3","0x7","0x60D000B4","0x1618D000","0x60D000B4","0x1618D000","0x60D000B4","0x1618D000","0x60D000B4","0x1618D000","0x09","0x08","0x05","0x04","0x01","0x00","0x1D","0x1C","0x008","0x700","0x004","0x300","0x000","0xF00","0x00C","0xB00","0x00","0x00","0xFF","0x20","0x20","0x20","0x07","0x20","0x20","0x20","0x20","0x20","0x20","0x20","0x20","0x20","0x20","0x20","0x20","0x20","0x20","0x20","0x20","0x20","0x20","0x20","0x20","0x20","0x20","0x20","0x20","0x20","0x20","0x20","0x08"
"234","0xB","0xC","0b1100000011001100","0b1111101111111111","0","0","0b0000000000000000","0b0000000000000000","0b0000000000000000","0b0000000000000000","1","0b1100000011001100","0b0000000000000000","0x00000000","0x00000001","0x000001B4","0x00000000","0x00000000","0x0000006B","0x00000000","0x00000000","0x00000000","0x00000000","0x00000000","0x00000000","0x00000000","0x00000000","0x00000000","0x00000000","0x00000000","0x00000000","0x00000000","0x00000000","0x00000000","0x00000000","0x00000000","0x00000000","0x04000000","0x00000000","0x00000000","0x00000001","0xFFFFFFFF","0x00000088","0x00000260","0x00000051","0","0","0","0","0","0","0","0","0x8","0x3","0x0","0xF","0","1","1","1","0","1","1","1","0","1","1","1","0x00","0x18","0x18","0x18","0x0","0xF","0x3","0x7","0x60D000B4","0x1618D000","0x60D000B4","0x1618D000","0x60D000B4","0x1618D000","0x60D000B4","0x1618D000","0x09","0x08","0x05","0x04","0x01","0x00","0x1D","0x1C","0x008","0x700","0x004","0x300","0x000","0xF00","0x00C","0xB00","0x00","0x00","0xFF","0x20","0x20","0x20","0x07","0x20","0x20","0x20","0x20","0x20","0x20","0x20","0x20","0x20","0x20","0x20","0x20","0x20","0x20","0x20","0x20","0x20","0x20","0x20","0x20","0x20","0x20","0x20","0x20","0x20","0x20","0x20","0x08"
"235","0xB","0xC","0b1100000011001100","0b1111101111111111","0","0","0b0000000000000000","0b0000000000000000","0b0000000000000000","0b0000000000000000","0","0b1100000011001100","0b0000000000000000","0x00000000","0x00000001","0x000001B4","0x00000000","0x00000000","0x0000006B","0x00000000","0x00000000","0x00000000","0x00000000","0x00000000","0x00000000","0x00000000","0x00000000","0x00000000","0x00000000","0x00000000","0x00000000","0x00000000","0x00000000","0x00000000","0x00000000","0x00000000","0x00000000","0x04000000","0x00000000","0x00000000","0x00000001","0xFFFFFFFF","0x00000088","0x00000260","0x00000051","0","0","0","0","0","0","0","0","0x8","0x3","0x0","0xF","0","1","1","1","0","1","1","1","0","1","1","1","0x00","0x18","0x18","0x18","0x0","0xF","0x3","0x7","0x60D000B4","0x1618D000","0x60D000B4","0x1618D000","0x60D000B4","0x1618D000","0x60D000B4","0x1618D000","0x09","0x08","0x05","0x04","0x01","0x00","0x1D","0x1C","0x008","0x700","0x004","0x300","0x000","0xF00","0x00C","0xB00","0x00","0x00","0xFF","0x20","0x20","0x20","0x07","0x20","0x20","0x20","0x20","0x20","0x20","0x20","0x20","0x20","0x20","0x20","0x20","0x20","0x20","0x20","0x20","0x20","0x20","0x20","0x20","0x20","0x20","0x20","0x20","0x20","0x20","0x20","0x08"
"236","0xB","0xC","0b1100000011001100","0b1111101111111111","0","0","0b0000000000000000","0b0000000000000000","0b0000000000000000","0b0000000000000000","1","0b1100000011001100","0b0000000000000000","0x00000000","0x00000001","0x000001B4","0x00000000","0x00000000","0x0000006B","0x00000000","0x00000000","0x00000000","0x00000000","0x00000000","0x00000000","0x00000000","0x00000000","0x00000000","0x00000000","0x00000000","0x00000000","0x00000000","0x00000000","0x00000000","0x00000000","0x00000000","0x00000000","0x04000000","0x00000000","0x00000000","0x00000001","0xFFFFFFFF","0x00000088","0x00000260","0x00000051","0","0","0","0","0","0","0","0","0x8","0x3","0x0","0xF","0","1","1","1","0","1","1","1","0","1","1","1","0x00","0x18","0x18","0x18","0x0","0xF","0x3","0x7","0x60D000B4","0x1618D000","0x60D000B4","0x1618D000","0x60D000B4","0x1618D000","0x60D000B4","0x1618D000","0x09","0x08","0x05","0x04","0x01","0x00","0x1D","0x1C","0x008","0x700","0x004","0x300","0x000","0xF00","0x00C","0xB00","0x00","0x00","0xFF","0x20","0x20","0x20","0x07","0x20","0x20","0x20","0x20","0x20","0x20","0x20","0x20","0x20","0x20","0x20","0x20","0x20","0x20","0x20","0x20","0x20","0x20","0x20","0x20","0x20","0x20","0x20","0x20","0x20","0x20","0x20","0x08"
"237","0xB","0xC","0b1100000011001100","0b1111101111111111","0","0","0b0000000000000000","0b0000000000000000","0b0000000000000000","0b0000000000000000","0","0b1100000011001100","0b0000000000000000","0x00000000","0x00000001","0x000001B4","0x00000000","0x00000000","0x0000006B","0x00000000","0x00000000","0x00000000","0x00000000","0x00000000","0x00000000","0x00000000","0x00000000","0x00000000","0x00000000","0x00000000","0x00000000","0x00000000","0x00000000","0x00000000","0x00000000","0x00000000","0x00000000","0x04000000","0x00000000","0x00000000","0x00000001","0xFFFFFFFF","0x00000088","0x00000260","0x00000051","0","0","0","0","0","0","0","0","0x8","0x3","0x0","0xF","0","1","1","1","0","1","1","1","0","1","1","1","0x00","0x18","0x18","0x18","0x0","0xF","0x3","0x7","0x60D000B4","0x1618D000","0x60D000B4","0x1618D000","0x60D000B4","0x1618D000","0x60D000B4","0x1618D000","0x09","0x08","0x05","0x04","0x01","0x00","0x1D","0x1C","0x008","0x700","0x004","0x300","0x000","0xF00","0x00C","0xB00","0x00","0x00","0xFF","0x20","0x20","0x20","0x07","0x20","0x20","0x20","0x20","0x20","0x20","0x20","0x20","0x20","0x20","0x20","0x20","0x20","0x20","0x20","0x20","0x20","0x20","0x20","0x20","0x20","0x20","0x20","0x20","0x20","0x20","0x20","0x08"
"238","0xB","0xC","0b1100000011001100","0b1111101111111111","0","0","0b0000000000000000","0b0000000000000000","0b0000000000000000","0b0000000000000000","1","0b1100000011001100","0b0000000000000000","0x00000000","0x00000001","0x000001B4","0x00000000","0x00000000","0x0000006B","0x00000000","0x00000000","0x00000000","0x00000000","0x00000000","0x00000000","0x00000000","0x00000000","0x00000000","0x00000000","0x00000000","0x00000000","0x00000000","0x00000000","0x00000000","0x00000000","0x00000000","0x00000000","0x04000000","0x00000000","0x00000000","0x00000001","0xFFFFFFFF","0x00000088","0x00000260","0x00000051","0","0","0","0","0","0","0","0","0x8","0x3","0x0","0xF","0","1","1","1","0","1","1","1","0","1","1","1","0x00","0x18","0x18","0x18","0x0","0xF","0x3","0x7","0x60D000B4","0x1618D000","0x60D000B4","0x1618D000","0x60D000B4","0x1618D000","0x60D000B4","0x1618D000","0x09","0x08","0x05","0x04","0x01","0x00","0x1D","0x1C","0x008","0x700","0x004","0x300","0x000","0xF00","0x00C","0xB00","0x00","0x00","0xFF","0x20","0x20","0x20","0x07","0x20","0x20","0x20","0x20","0x20","0x20","0x20","0x20","0x20","0x20","0x20","0x20","0x20","0x20","0x20","0x20","0x20","0x20","0x20","0x20","0x20","0x20","0x20","0x20","0x20","0x20","0x20","0x08"
"239","0xB","0xC","0b1100000011001100","0b1111101111111111","0","0","0b0000000000000000","0b0000000000000000","0b0000000000000000","0b0000000000000000","0","0b1100000011001100","0b0000000000000000","0x00000000","0x00000001","0x000001B4","0x00000000","0x00000000","0x0000006B","0x00000000","0x00000000","0x00000000","0x00000000","0x00000000","0x00000000","0x00000000","0x00000000","0x00000000","0x00000000","0x00000000","0x00000000","0x00000000","0x00000000","0x00000000","0x00000000","0x00000000","0x00000000","0x04000000","0x00000000","0x00000000","0x00000001","0xFFFFFFFF","0x00000088","0x00000260","0x00000051","0","0","0","0","0","0","0","0","0x8","0x3","0x0","0xF","0","1","1","1","0","1","1","1","0","1","1","1","0x00","0x18","0x18","0x18","0x0","0xF","0x3","0x7","0x60D000B4","0x1618D000","0x60D000B4","0x1618D000","0x60D000B4","0x1618D000","0x60D000B4","0x1618D000","0x09","0x08","0x05","0x04","0x01","0x00","0x1D","0x1C","0x008","0x700","0x004","0x300","0x000","0xF00","0x00C","0xB00","0x00","0x00","0xFF","0x20","0x20","0x20","0x07","0x20","0x20","0x20","0x20","0x20","0x20","0x20","0x20","0x20","0x20","0x20","0x20","0x20","0x20","0x20","0x20","0x20","0x20","0x20","0x20","0x20","0x20","0x20","0x20","0x20","0x20","0x20","0x08"
"240","0xB","0xC","0b1100000011001100","0b1111101111111111","0","0","0b0000000000000000","0b0000000000000000","0b0000000000000000","0b0000000000000000","1","0b1100000011001100","0b0000000000000000","0x00000000","0x00000001","0x000001B4","0x00000000","0x00000000","0x0000006B","0x00000000","0x00000000","0x00000000","0x00000000","0x00000000","0x00000000","0x00000000","0x00000000","0x00000000","0x00000000","0x00000000","0x00000000","0x00000000","0x00000000","0x00000000","0x00000000","0x00000000","0x00000000","0x04000000","0x00000000","0x00000000","0x00000001","0xFFFFFFFF","0x00000088","0x00000260","0x00000051","0","0","0","0","0","0","0","0","0x8","0x3","0x0","0xF","0","1","1","1","0","1","1","1","0","1","1","1","0x00","0x18","0x18","0x18","0x0","0xF","0x3","0x7","0x60D000B4","0x1618D000","0x60D000B4","0x1618D000","0x60D000B4","0x1618D000","0x60D000B4","0x1618D000","0x09","0x08","0x05","0x04","0x01","0x00","0x1D","0x1C","0x008","0x700","0x004","0x300","0x000","0xF00","0x00C","0xB00","0x00","0x00","0xFF","0x20","0x20","0x20","0x07","0x20","0x20","0x20","0x20","0x20","0x20","0x20","0x20","0x20","0x20","0x20","0x20","0x20","0x20","0x20","0x20","0x20","0x20","0x20","0x20","0x20","0x20","0x20","0x20","0x20","0x20","0x20","0x08"
"241","0xB","0xC","0b1100000011001100","0b1111101111111111","0","0","0b0000000000000000","0b0000000000000000","0b0000000000000000","0b0000000000000000","0","0b1100000011001100","0b0000000000000000","0x00000000","0x00000001","0x000001B4","0x00000000","0x00000000","0x0000006B","0x00000000","0x00000000","0x00000000","0x00000000","0x00000000","0x00000000","0x00000000","0x00000000","0x00000000","0x00000000","0x00000000","0x00000000","0x00000000","0x00000000","0x00000000","0x00000000","0x00000000","0x00000000","0x04000000","0x00000000","0x00000000","0x00000001","0xFFFFFFFF","0x00000088","0x00000260","0x00000051","0","0","0","0","0","0","0","0","0x8","0x3","0x0","0xF","0","1","1","1","0","1","1","1","0","1","1","1","0x00","0x18","0x18","0x18","0x0","0xF","0x3","0x7","0x60D000B4","0x1618D000","0x60D000B4","0x1618D000","0x60D000B4","0x1618D000","0x60D000B4","0x1618D000","0x09","0x08","0x05","0x04","0x01","0x00","0x1D","0x1C","0x008","0x700","0x004","0x300","0x000","0xF00","0x00C","0xB00","0x00","0x00","0xFF","0x20","0x20","0x20","0x07","0x20","0x20","0x20","0x20","0x20","0x20","0x20","0x20","0x20","0x20","0x20","0x20","0x20","0x20","0x20","0x20","0x20","0x20","0x20","0x20","0x20","0x20","0x20","0x20","0x20","0x20","0x20","0x08"
"242","0xB","0xC","0b1100000011001100","0b1111101111111111","0","0","0b0000000000000000","0b0000000000000000","0b0000000000000000","0b0000000000000000","1","0b1100000011001100","0b0000000000000000","0x00000000","0x00000001","0x000001B4","0x00000000","0x00000000","0x0000006B","0x00000000","0x00000000","0x00000000","0x00000000","0x00000000","0x00000000","0x00000000","0x00000000","0x00000000","0x00000000","0x00000000","0x00000000","0x00000000","0x00000000","0x00000000","0x00000000","0x00000000","0x00000000","0x04000000","0x00000000","0x00000000","0x00000001","0xFFFFFFFF","0x00000088","0x00000260","0x00000051","0","0","0","0","0","0","0","0","0x8","0x3","0x0","0xF","0","1","1","1","0","1","1","1","0","1","1","1","0x00","0x18","0x18","0x18","0x0","0xF","0x3","0x7","0x60D000B4","0x1618D000","0x60D000B4","0x1618D000","0x60D000B4","0x1618D000","0x60D000B4","0x1618D000","0x09","0x08","0x05","0x04","0x01","0x00","0x1D","0x1C","0x008","0x700","0x004","0x300","0x000","0xF00","0x00C","0xB00","0x00","0x00","0xFF","0x20","0x20","0x20","0x07","0x20","0x20","0x20","0x20","0x20","0x20","0x20","0x20","0x20","0x20","0x20","0x20","0x20","0x20","0x20","0x20","0x20","0x20","0x20","0x20","0x20","0x20","0x20","0x20","0x20","0x20","0x20","0x08"
"243","0xB","0xC","0b1100000011001100","0b1111101111111111","0","0","0b0000000000000000","0b0000000000000000","0b0000000000000000","0b0000000000000000","0","0b1100000011001100","0b0000000000000000","0x00000000","0x00000001","0x000001B4","0x00000000","0x00000000","0x0000006B","0x00000000","0x00000000","0x00000000","0x00000000","0x00000000","0x00000000","0x00000000","0x00000000","0x00000000","0x00000000","0x00000000","0x00000000","0x00000000","0x00000000","0x00000000","0x00000000","0x00000000","0x00000000","0x04000000","0x00000000","0x00000000","0x00000001","0xFFFFFFFF","0x00000088","0x00000260","0x00000051","0","0","0","0","0","0","0","0","0x8","0x3","0x0","0xF","0","1","1","1","0","1","1","1","0","1","1","1","0x00","0x18","0x18","0x18","0x0","0xF","0x3","0x7","0x60D000B4","0x1618D000","0x60D000B4","0x1618D000","0x60D000B4","0x1618D000","0x60D000B4","0x1618D000","0x09","0x08","0x05","0x04","0x01","0x00","0x1D","0x1C","0x008","0x700","0x004","0x300","0x000","0xF00","0x00C","0xB00","0x00","0x00","0xFF","0x20","0x20","0x20","0x07","0x20","0x20","0x20","0x20","0x20","0x20","0x20","0x20","0x20","0x20","0x20","0x20","0x20","0x20","0x20","0x20","0x20","0x20","0x20","0x20","0x20","0x20","0x20","0x20","0x20","0x20","0x20","0x08"
"244","0xB","0xC","0b1100000011001100","0b1111101111111111","0","0","0b0000000000000000","0b0000000000000000","0b0000000000000000","0b0000000000000000","1","0b1100000011001100","0b0000000000000000","0x00000000","0x00000001","0x000001B4","0x00000000","0x00000000","0x0000006B","0x00000000","0x00000000","0x00000000","0x00000000","0x00000000","0x00000000","0x00000000","0x00000000","0x00000000","0x00000000","0x00000000","0x00000000","0x00000000","0x00000000","0x00000000","0x00000000","0x00000000","0x00000000","0x04000000","0x00000000","0x00000000","0x00000001","0xFFFFFFFF","0x00000088","0x00000260","0x00000051","0","0","0","0","0","0","0","0","0x8","0x3","0x0","0xF","0","1","1","1","0","1","1","1","0","1","1","1","0x00","0x18","0x18","0x18","0x0","0xF","0x3","0x7","0x60D000B4","0x1618D000","0x60D000B4","0x1618D000","0x60D000B4","0x1618D000","0x60D000B4","0x1618D000","0x09","0x08","0x05","0x04","0x01","0x00","0x1D","0x1C","0x008","0x700","0x004","0x300","0x000","0xF00","0x00C","0xB00","0x00","0x00","0xFF","0x20","0x20","0x20","0x07","0x20","0x20","0x20","0x20","0x20","0x20","0x20","0x20","0x20","0x20","0x20","0x20","0x20","0x20","0x20","0x20","0x20","0x20","0x20","0x20","0x20","0x20","0x20","0x20","0x20","0x20","0x20","0x08"
"245","0xB","0xC","0b1100000011001100","0b1111101111111111","0","0","0b0000000000000000","0b0000000000000000","0b0000000000000000","0b0000000000000000","0","0b1100000011001100","0b0000000000000000","0x00000000","0x00000001","0x000001B4","0x00000000","0x00000000","0x0000006B","0x00000000","0x00000000","0x00000000","0x00000000","0x00000000","0x00000000","0x00000000","0x00000000","0x00000000","0x00000000","0x00000000","0x00000000","0x00000000","0x00000000","0x00000000","0x00000000","0x00000000","0x00000000","0x04000000","0x00000000","0x00000000","0x00000001","0xFFFFFFFF","0x00000088","0x00000260","0x00000051","0","0","0","0","0","0","0","0","0x8","0x3","0x0","0xF","0","1","1","1","0","1","1","1","0","1","1","1","0x00","0x18","0x18","0x18","0x0","0xF","0x3","0x7","0x60D000B4","0x1618D000","0x60D000B4","0x1618D000","0x60D000B4","0x1618D000","0x60D000B4","0x1618D000","0x09","0x08","0x05","0x04","0x01","0x00","0x1D","0x1C","0x008","0x700","0x004","0x300","0x000","0xF00","0x00C","0xB00","0x00","0x00","0xFF","0x20","0x20","0x20","0x07","0x20","0x20","0x20","0x20","0x20","0x20","0x20","0x20","0x20","0x20","0x20","0x20","0x20","0x20","0x20","0x20","0x20","0x20","0x20","0x20","0x20","0x20","0x20","0x20","0x20","0x20","0x20","0x08"
"246","0xB","0xC","0b1100000011001100","0b1111101111111111","0","0","0b0000000000000000","0b0000000000000000","0b0000000000000000","0b0000000000000000","1","0b1100000011001100","0b0000000000000000","0x00000000","0x00000001","0x000001B4","0x00000000","0x00000000","0x0000006B","0x00000000","0x00000000","0x00000000","0x00000000","0x00000000","0x00000000","0x00000000","0x00000000","0x00000000","0x00000000","0x00000000","0x00000000","0x00000000","0x00000000","0x00000000","0x00000000","0x00000000","0x00000000","0x04000000","0x00000000","0x00000000","0x00000001","0xFFFFFFFF","0x00000088","0x00000260","0x00000051","0","0","0","0","0","0","0","0","0x8","0x3","0x0","0xF","0","1","1","1","0","1","1","1","0","1","1","1","0x00","0x18","0x18","0x18","0x0","0xF","0x3","0x7","0x60D000B4","0x1618D000","0x60D000B4","0x1618D000","0x60D000B4","0x1618D000","0x60D000B4","0x1618D000","0x09","0x08","0x05","0x04","0x01","0x00","0x1D","0x1C","0x008","0x700","0x004","0x300","0x000","0xF00","0x00C","0xB00","0x00","0x00","0xFF","0x20","0x20","0x20","0x07","0x20","0x20","0x20","0x20","0x20","0x20","0x20","0x20","0x20","0x20","0x20","0x20","0x20","0x20","0x20","0x20","0x20","0x20","0x20","0x20","0x20","0x20","0x20","0x20","0x20","0x20","0x20","0x08"
"247","0xB","0xC","0b1100000011001100","0b1111101111111111","0","0","0b0000000000000000","0b0000000000000000","0b0000000000000000","0b0000000000000000","0","0b1100000011001100","0b0000000000000000","0x00000000","0x00000001","0x000001B4","0x00000000","0x00000000","0x0000006B","0x00000000","0x00000000","0x00000000","0x00000000","0x00000000","0x00000000","0x00000000","0x00000000","0x00000000","0x00000000","0x00000000","0x00000000","0x00000000","0x00000000","0x00000000","0x00000000","0x00000000","0x00000000","0x04000000","0x00000000","0x00000000","0x00000001","0xFFFFFFFF","0x00000088","0x00000260","0x00000051","0","0","0","0","0","0","0","0","0x8","0x3","0x0","0xF","0","1","1","1","0","1","1","1","0","1","1","1","0x00","0x18","0x18","0x18","0x0","0xF","0x3","0x7","0x60D000B4","0x1618D000","0x60D000B4","0x1618D000","0x60D000B4","0x1618D000","0x60D000B4","0x1618D000","0x09","0x08","0x05","0x04","0x01","0x00","0x1D","0x1C","0x008","0x700","0x004","0x300","0x000","0xF00","0x00C","0xB00","0x00","0x00","0xFF","0x20","0x20","0x20","0x07","0x20","0x20","0x20","0x20","0x20","0x20","0x20","0x20","0x20","0x20","0x20","0x20","0x20","0x20","0x20","0x20","0x20","0x20","0x20","0x20","0x20","0x20","0x20","0x20","0x20","0x20","0x20","0x08"
"248","0xB","0xC","0b1100000011001100","0b1111101111111111","0","0","0b0000000000000000","0b0000000000000000","0b0000000000000000","0b0000000000000000","1","0b1100000011001100","0b0000000000000000","0x00000000","0x00000001","0x000001B4","0x00000000","0x00000000","0x0000006B","0x00000000","0x00000000","0x00000000","0x00000000","0x00000000","0x00000000","0x00000000","0x00000000","0x00000000","0x00000000","0x00000000","0x00000000","0x00000000","0x00000000","0x00000000","0x00000000","0x00000000","0x00000000","0x04000000","0x00000000","0x00000000","0x00000001","0xFFFFFFFF","0x00000088","0x00000260","0x00000051","0","0","0","0","0","0","0","0","0x8","0x3","0x0","0xF","0","1","1","1","0","1","1","1","0","1","1","1","0x00","0x18","0x18","0x18","0x0","0xF","0x3","0x7","0x60D000B4","0x1618D000","0x60D000B4","0x1618D000","0x60D000B4","0x1618D000","0x60D000B4","0x1618D000","0x09","0x08","0x05","0x04","0x01","0x00","0x1D","0x1C","0x008","0x700","0x004","0x300","0x000","0xF00","0x00C","0xB00","0x00","0x00","0xFF","0x20","0x20","0x20","0x07","0x20","0x20","0x20","0x20","0x20","0x20","0x20","0x20","0x20","0x20","0x20","0x20","0x20","0x20","0x20","0x20","0x20","0x20","0x20","0x20","0x20","0x20","0x20","0x20","0x20","0x20","0x20","0x08"
"249","0xB","0xC","0b1100000011001100","0b1111101111111111","0","0","0b0000000000000000","0b0000000000000000","0b0000000000000000","0b0000000000000000","0","0b1100000011001100","0b0000000000000000","0x00000000","0x00000001","0x000001B4","0x00000000","0x00000000","0x0000006B","0x00000000","0x00000000","0x00000000","0x00000000","0x00000000","0x00000000","0x00000000","0x00000000","0x00000000","0x00000000","0x00000000","0x00000000","0x00000000","0x00000000","0x00000000","0x00000000","0x00000000","0x00000000","0x04000000","0x00000000","0x00000000","0x00000001","0xFFFFFFFF","0x00000088","0x00000260","0x00000051","0","0","0","0","0","0","0","0","0x8","0x3","0x0","0xF","0","1","1","1","0","1","1","1","0","1","1","1","0x00","0x18","0x18","0x18","0x0","0xF","0x3","0x7","0x60D000B4","0x1618D000","0x60D000B4","0x1618D000","0x60D000B4","0x1618D000","0x60D000B4","0x1618D000","0x09","0x08","0x05","0x04","0x01","0x00","0x1D","0x1C","0x008","0x700","0x004","0x300","0x000","0xF00","0x00C","0xB00","0x00","0x00","0xFF","0x20","0x20","0x20","0x07","0x20","0x20","0x20","0x20","0x20","0x20","0x20","0x20","0x20","0x20","0x20","0x20","0x20","0x20","0x20","0x20","0x20","0x20","0x20","0x20","0x20","0x20","0x20","0x20","0x20","0x20","0x20","0x08"
"250","0xB","0xC","0b1100000011001100","0b1111101111111111","0","0","0b0000000000000000","0b0000000000000000","0b0000000000000000","0b0000000000000000","1","0b1100000011001100","0b0000000000000000","0x00000000","0x00000001","0x000001B4","0x00000000","0x00000000","0x0000006B","0x00000000","0x00000000","0x00000000","0x00000000","0x00000000","0x00000000","0x00000000","0x00000000","0x00000000","0x00000000","0x00000000","0x00000000","0x00000000","0x00000000","0x00000000","0x00000000","0x00000000","0x00000000","0x04000000","0x00000000","0x00000000","0x00000001","0xFFFFFFFF","0x00000088","0x00000260","0x00000051","0","0","0","0","0","0","0","0","0x8","0x3","0x0","0xF","0","1","1","1","0","1","1","1","0","1","1","1","0x00","0x18","0x18","0x18","0x0","0xF","0x3","0x7","0x60D000B4","0x1618D000","0x60D000B4","0x1618D000","0x60D000B4","0x1618D000","0x60D000B4","0x1618D000","0x09","0x08","0x05","0x04","0x01","0x00","0x1D","0x1C","0x008","0x700","0x004","0x300","0x000","0xF00","0x00C","0xB00","0x00","0x00","0xFF","0x20","0x20","0x20","0x07","0x20","0x20","0x20","0x20","0x20","0x20","0x20","0x20","0x20","0x20","0x20","0x20","0x20","0x20","0x20","0x20","0x20","0x20","0x20","0x20","0x20","0x20","0x20","0x20","0x20","0x20","0x20","0x08"
"251","0xB","0xC","0b1100000011001100","0b1111101111111111","0","0","0b0000000000000000","0b0000000000000000","0b0000000000000000","0b0000000000000000","0","0b1100000011001100","0b0000000000000000","0x00000000","0x00000001","0x000001B4","0x00000000","0x00000000","0x0000006B","0x00000000","0x00000000","0x00000000","0x00000000","0x00000000","0x00000000","0x00000000","0x00000000","0x00000000","0x00000000","0x00000000","0x00000000","0x00000000","0x00000000","0x00000000","0x00000000","0x00000000","0x00000000","0x04000000","0x00000000","0x00000000","0x00000001","0xFFFFFFFF","0x00000088","0x00000260","0x00000051","0","0","0","0","0","0","0","0","0x8","0x3","0x0","0xF","0","1","1","1","0","1","1","1","0","1","1","1","0x00","0x18","0x18","0x18","0x0","0xF","0x3","0x7","0x60D000B4","0x1618D000","0x60D000B4","0x1618D000","0x60D000B4","0x1618D000","0x60D000B4","0x1618D000","0x09","0x08","0x05","0x04","0x01","0x00","0x1D","0x1C","0x008","0x700","0x004","0x300","0x000","0xF00","0x00C","0xB00","0x00","0x00","0xFF","0x20","0x20","0x20","0x07","0x20","0x20","0x20","0x20","0x20","0x20","0x20","0x20","0x20","0x20","0x20","0x20","0x20","0x20","0x20","0x20","0x20","0x20","0x20","0x20","0x20","0x20","0x20","0x20","0x20","0x20","0x20","0x08"
"252","0xB","0xC","0b1100000011001100","0b1111101111111111","0","0","0b0000000000000000","0b0000000000000000","0b0000000000000000","0b0000000000000000","1","0b1100000011001100","0b0000000000000000","0x00000000","0x00000001","0x000001B4","0x00000000","0x00000000","0x0000006B","0x00000000","0x00000000","0x00000000","0x00000000","0x00000000","0x00000000","0x00000000","0x00000000","0x00000000","0x00000000","0x00000000","0x00000000","0x00000000","0x00000000","0x00000000","0x00000000","0x00000000","0x00000000","0x04000000","0x00000000","0x00000000","0x00000001","0xFFFFFFFF","0x00000088","0x00000260","0x00000051","0","0","0","0","0","0","0","0","0x8","0x3","0x0","0xF","0","1","1","1","0","1","1","1","0","1","1","1","0x00","0x18","0x18","0x18","0x0","0xF","0x3","0x7","0x60D000B4","0x1618D000","0x60D000B4","0x1618D000","0x60D000B4","0x1618D000","0x60D000B4","0x1618D000","0x09","0x08","0x05","0x04","0x01","0x00","0x1D","0x1C","0x008","0x700","0x004","0x300","0x000","0xF00","0x00C","0xB00","0x00","0x00","0xFF","0x20","0x20","0x20","0x07","0x20","0x20","0x20","0x20","0x20","0x20","0x20","0x20","0x20","0x20","0x20","0x20","0x20","0x20","0x20","0x20","0x20","0x20","0x20","0x20","0x20","0x20","0x20","0x20","0x20","0x20","0x20","0x08"
"253","0xB","0xC","0b1100000011001100","0b1111101111111111","0","0","0b0000000000000000","0b0000000000000000","0b0000000000000000","0b0000000000000000","0","0b1100000011001100","0b0000000000000000","0x00000000","0x00000001","0x000001B4","0x00000000","0x00000000","0x0000006B","0x00000000","0x00000000","0x00000000","0x00000000","0x00000000","0x00000000","0x00000000","0x00000000","0x00000000","0x00000000","0x00000000","0x00000000","0x00000000","0x00000000","0x00000000","0x00000000","0x00000000","0x00000000","0x04000000","0x00000000","0x00000000","0x00000001","0xFFFFFFFF","0x00000088","0x00000260","0x00000051","0","0","0","0","0","0","0","0","0x8","0x3","0x0","0xF","0","1","1","1","0","1","1","1","0","1","1","1","0x00","0x18","0x18","0x18","0x0","0xF","0x3","0x7","0x60D000B4","0x1618D000","0x60D000B4","0x1618D000","0x60D000B4","0x1618D000","0x60D000B4","0x1618D000","0x09","0x08","0x05","0x04","0x01","0x00","0x1D","0x1C","0x008","0x700","0x004","0x300","0x000","0xF00","0x00C","0xB00","0x00","0x00","0xFF","0x20","0x20","0x20","0x07","0x20","0x20","0x20","0x20","0x20","0x20","0x20","0x20","0x20","0x20","0x20","0x20","0x20","0x20","0x20","0x20","0x20","0x20","0x20","0x20","0x20","0x20","0x20","0x20","0x20","0x20","0x20","0x08"
"254","0xB","0xC","0b1100000011001100","0b1111101111111111","0","0","0b0000000000000000","0b0000000000000000","0b0000000000000000","0b0000000000000000","1","0b1100000011001100","0b0000000000000000","0x00000000","0x00000001","0x000001B4","0x00000000","0x00000000","0x0000006B","0x00000000","0x00000000","0x00000000","0x00000000","0x00000000","0x00000000","0x00000000","0x00000000","0x00000000","0x00000000","0x00000000","0x00000000","0x00000000","0x00000000","0x00000000","0x00000000","0x00000000","0x00000000","0x04000000","0x00000000","0x00000000","0x00000001","0xFFFFFFFF","0x00000088","0x00000260","0x00000051","0","0","0","0","0","0","0","0","0x8","0x3","0x0","0xF","0","1","1","1","0","1","1","1","0","1","1","1","0x00","0x18","0x18","0x18","0x0","0xF","0x3","0x7","0x60D000B4","0x1618D000","0x60D000B4","0x1618D000","0x60D000B4","0x1618D000","0x60D000B4","0x1618D000","0x09","0x08","0x05","0x04","0x01","0x00","0x1D","0x1C","0x008","0x700","0x004","0x300","0x000","0xF00","0x00C","0xB00","0x00","0x00","0xFF","0x20","0x20","0x20","0x07","0x20","0x20","0x20","0x20","0x20","0x20","0x20","0x20","0x20","0x20","0x20","0x20","0x20","0x20","0x20","0x20","0x20","0x20","0x20","0x20","0x20","0x20","0x20","0x20","0x20","0x20","0x20","0x08"
"255","0xB","0xC","0b1100000011001100","0b1111101111111111","0","0","0b0000000000000000","0b0000000000000000","0b0000000000000000","0b0000000000000000","0","0b1100000011001100","0b0000000000000000","0x00000000","0x00000001","0x000001B4","0x00000000","0x00000000","0x0000006B","0x00000000","0x00000000","0x00000000","0x00000000","0x00000000","0x00000000","0x00000000","0x00000000","0x00000000","0x00000000","0x00000000","0x00000000","0x00000000","0x00000000","0x00000000","0x00000000","0x00000000","0x00000000","0x04000000","0x00000000","0x00000000","0x00000001","0xFFFFFFFF","0x00000088","0x00000260","0x00000051","0","0","0","0","0","0","0","0","0x8","0x3","0x0","0xF","0","1","1","1","0","1","1","1","0","1","1","1","0x00","0x18","0x18","0x18","0x0","0xF","0x3","0x7","0x60D000B4","0x1618D000","0x60D000B4","0x1618D000","0x60D000B4","0x1618D000","0x60D000B4","0x1618D000","0x09","0x08","0x05","0x04","0x01","0x00","0x1D","0x1C","0x008","0x700","0x004","0x300","0x000","0xF00","0x00C","0xB00","0x00","0x00","0xFF","0x20","0x20","0x20","0x07","0x20","0x20","0x20","0x20","0x20","0x20","0x20","0x20","0x20","0x20","0x20","0x20","0x20","0x20","0x20","0x20","0x20","0x20","0x20","0x20","0x20","0x20","0x20","0x20","0x20","0x20","0x20","0x08"
"256","0xB","0xC","0b1100000011001100","0b1111101111111111","0","0","0b0000000000000000","0b0000000000000000","0b0000000000000000","0b0000000000000000","1","0b1100000011001100","0b0000000000000000","0x00000000","0x00000001","0x000001B4","0x00000000","0x00000000","0x0000006B","0x00000000","0x00000000","0x00000000","0x00000000","0x00000000","0x00000000","0x00000000","0x00000000","0x00000000","0x00000000","0x00000000","0x00000000","0x00000000","0x00000000","0x00000000","0x00000000","0x00000000","0x00000000","0x04000000","0x00000000","0x00000000","0x00000001","0xFFFFFFFF","0x00000088","0x00000260","0x00000051","0","0","0","0","0","0","0","0","0x8","0x3","0x0","0xF","0","1","1","1","0","1","1","1","0","1","1","1","0x00","0x18","0x18","0x18","0x0","0xF","0x3","0x7","0x60D000B4","0x1618D000","0x60D000B4","0x1618D000","0x60D000B4","0x1618D000","0x60D000B4","0x1618D000","0x09","0x08","0x05","0x04","0x01","0x00","0x1D","0x1C","0x008","0x700","0x004","0x300","0x000","0xF00","0x00C","0xB00","0x00","0x00","0xFF","0x20","0x20","0x20","0x07","0x20","0x20","0x20","0x20","0x20","0x20","0x20","0x20","0x20","0x20","0x20","0x20","0x20","0x20","0x20","0x20","0x20","0x20","0x20","0x20","0x20","0x20","0x20","0x20","0x20","0x20","0x20","0x08"
"257","0xB","0xC","0b1100000011001100","0b1111101111111111","0","0","0b0000000000000000","0b0000000000000000","0b0000000000000000","0b0000000000000000","0","0b1100000011001100","0b0000000000000000","0x00000000","0x00000001","0x000001B4","0x00000000","0x00000000","0x0000006B","0x00000000","0x00000000","0x00000000","0x00000000","0x00000000","0x00000000","0x00000000","0x00000000","0x00000000","0x00000000","0x00000000","0x00000000","0x00000000","0x00000000","0x00000000","0x00000000","0x00000000","0x00000000","0x04000000","0x00000000","0x00000000","0x00000001","0xFFFFFFFF","0x00000088","0x00000260","0x00000051","0","0","0","0","0","0","0","0","0x8","0x3","0x0","0xF","0","1","1","1","0","1","1","1","0","1","1","1","0x00","0x18","0x18","0x18","0x0","0xF","0x3","0x7","0x60D000B4","0x1618D000","0x60D000B4","0x1618D000","0x60D000B4","0x1618D000","0x60D000B4","0x1618D000","0x09","0x08","0x05","0x04","0x01","0x00","0x1D","0x1C","0x008","0x700","0x004","0x300","0x000","0xF00","0x00C","0xB00","0x00","0x00","0xFF","0x20","0x20","0x20","0x07","0x20","0x20","0x20","0x20","0x20","0x20","0x20","0x20","0x20","0x20","0x20","0x20","0x20","0x20","0x20","0x20","0x20","0x20","0x20","0x20","0x20","0x20","0x20","0x20","0x20","0x20","0x20","0x08"
"258","0xB","0xC","0b1100000011001100","0b1111101111111111","0","0","0b0000000000000000","0b0000000000000000","0b0000000000000000","0b0000000000000000","1","0b1100000011001100","0b0000000000000000","0x00000000","0x00000001","0x000001B4","0x00000000","0x00000000","0x0000006B","0x00000000","0x00000000","0x00000000","0x00000000","0x00000000","0x00000000","0x00000000","0x00000000","0x00000000","0x00000000","0x00000000","0x00000000","0x00000000","0x00000000","0x00000000","0x00000000","0x00000000","0x00000000","0x04000000","0x00000000","0x00000000","0x00000001","0xFFFFFFFF","0x00000088","0x00000260","0x00000051","0","0","0","0","0","0","0","0","0x8","0x3","0x0","0xF","0","1","1","1","0","1","1","1","0","1","1","1","0x00","0x18","0x18","0x18","0x0","0xF","0x3","0x7","0x60D000B4","0x1618D000","0x60D000B4","0x1618D000","0x60D000B4","0x1618D000","0x60D000B4","0x1618D000","0x09","0x08","0x05","0x04","0x01","0x00","0x1D","0x1C","0x008","0x700","0x004","0x300","0x000","0xF00","0x00C","0xB00","0x00","0x00","0xFF","0x20","0x20","0x20","0x07","0x20","0x20","0x20","0x20","0x20","0x20","0x20","0x20","0x20","0x20","0x20","0x20","0x20","0x20","0x20","0x20","0x20","0x20","0x20","0x20","0x20","0x20","0x20","0x20","0x20","0x20","0x20","0x08"
"259","0xB","0xC","0b1100000011001100","0b1111101111111111","0","0","0b0000000000000000","0b0000000000000000","0b0000000000000000","0b0000000000000000","0","0b1100000011001100","0b0000000000000000","0x00000000","0x00000001","0x000001B4","0x00000000","0x00000000","0x0000006B","0x00000000","0x00000000","0x00000000","0x00000000","0x00000000","0x00000000","0x00000000","0x00000000","0x00000000","0x00000000","0x00000000","0x00000000","0x00000000","0x00000000","0x00000000","0x00000000","0x00000000","0x00000000","0x04000000","0x00000000","0x00000000","0x00000001","0xFFFFFFFF","0x00000088","0x00000260","0x00000051","0","0","0","0","0","0","0","0","0x8","0x3","0x0","0xF","0","1","1","1","0","1","1","1","0","1","1","1","0x00","0x18","0x18","0x18","0x0","0xF","0x3","0x7","0x60D000B4","0x1618D000","0x60D000B4","0x1618D000","0x60D000B4","0x1618D000","0x60D000B4","0x1618D000","0x09","0x08","0x05","0x04","0x01","0x00","0x1D","0x1C","0x008","0x700","0x004","0x300","0x000","0xF00","0x00C","0xB00","0x00","0x00","0xFF","0x20","0x20","0x20","0x07","0x20","0x20","0x20","0x20","0x20","0x20","0x20","0x20","0x20","0x20","0x20","0x20","0x20","0x20","0x20","0x20","0x20","0x20","0x20","0x20","0x20","0x20","0x20","0x20","0x20","0x20","0x20","0x08"
"260","0xB","0xC","0b1100000011001100","0b1111101111111111","0","0","0b0000000000000000","0b0000000000000000","0b0000000000000000","0b0000000000000000","1","0b1100000011001100","0b0000000000000000","0x00000000","0x00000001","0x000001B4","0x00000000","0x00000000","0x0000006B","0x00000000","0x00000000","0x00000000","0x00000000","0x00000000","0x00000000","0x00000000","0x00000000","0x00000000","0x00000000","0x00000000","0x00000000","0x00000000","0x00000000","0x00000000","0x00000000","0x00000000","0x00000000","0x04000000","0x00000000","0x00000000","0x00000001","0xFFFFFFFF","0x00000088","0x00000260","0x00000051","0","0","0","0","0","0","0","0","0x8","0x3","0x0","0xF","0","1","1","1","0","1","1","1","0","1","1","1","0x00","0x18","0x18","0x18","0x0","0xF","0x3","0x7","0x60D000B4","0x1618D000","0x60D000B4","0x1618D000","0x60D000B4","0x1618D000","0x60D000B4","0x1618D000","0x09","0x08","0x05","0x04","0x01","0x00","0x1D","0x1C","0x008","0x700","0x004","0x300","0x000","0xF00","0x00C","0xB00","0x00","0x00","0xFF","0x20","0x20","0x20","0x07","0x20","0x20","0x20","0x20","0x20","0x20","0x20","0x20","0x20","0x20","0x20","0x20","0x20","0x20","0x20","0x20","0x20","0x20","0x20","0x20","0x20","0x20","0x20","0x20","0x20","0x20","0x20","0x08"
"261","0xB","0xC","0b1100000011001100","0b1111101111111111","0","0","0b0000000000000000","0b0000000000000000","0b0000000000000000","0b0000000000000000","0","0b1100000011001100","0b0000000000000000","0x00000000","0x00000001","0x000001B4","0x00000000","0x00000000","0x0000006B","0x00000000","0x00000000","0x00000000","0x00000000","0x00000000","0x00000000","0x00000000","0x00000000","0x00000000","0x00000000","0x00000000","0x00000000","0x00000000","0x00000000","0x00000000","0x00000000","0x00000000","0x00000000","0x04000000","0x00000000","0x00000000","0x00000001","0xFFFFFFFF","0x00000088","0x00000260","0x00000051","0","0","0","0","0","0","0","0","0x8","0x3","0x0","0xF","0","1","1","1","0","1","1","1","0","1","1","1","0x00","0x18","0x18","0x18","0x0","0xF","0x3","0x7","0x60D000B4","0x1618D000","0x60D000B4","0x1618D000","0x60D000B4","0x1618D000","0x60D000B4","0x1618D000","0x09","0x08","0x05","0x04","0x01","0x00","0x1D","0x1C","0x008","0x700","0x004","0x300","0x000","0xF00","0x00C","0xB00","0x00","0x00","0xFF","0x20","0x20","0x20","0x07","0x20","0x20","0x20","0x20","0x20","0x20","0x20","0x20","0x20","0x20","0x20","0x20","0x20","0x20","0x20","0x20","0x20","0x20","0x20","0x20","0x20","0x20","0x20","0x20","0x20","0x20","0x20","0x08"
"262","0xB","0xC","0b1100000011001100","0b1111101111111111","0","0","0b0000000000000000","0b0000000000000000","0b0000000000000000","0b0000000000000000","1","0b1100000011001100","0b0000000000000000","0x00000000","0x00000001","0x000001B4","0x00000000","0x00000000","0x0000006B","0x00000000","0x00000000","0x00000000","0x00000000","0x00000000","0x00000000","0x00000000","0x00000000","0x00000000","0x00000000","0x00000000","0x00000000","0x00000000","0x00000000","0x00000000","0x00000000","0x00000000","0x00000000","0x04000000","0x00000000","0x00000000","0x00000001","0xFFFFFFFF","0x00000088","0x00000260","0x00000051","0","0","0","0","0","0","0","0","0x8","0x3","0x0","0xF","0","1","1","1","0","1","1","1","0","1","1","1","0x00","0x18","0x18","0x18","0x0","0xF","0x3","0x7","0x60D000B4","0x1618D000","0x60D000B4","0x1618D000","0x60D000B4","0x1618D000","0x60D000B4","0x1618D000","0x09","0x08","0x05","0x04","0x01","0x00","0x1D","0x1C","0x008","0x700","0x004","0x300","0x000","0xF00","0x00C","0xB00","0x00","0x00","0xFF","0x20","0x20","0x20","0x07","0x20","0x20","0x20","0x20","0x20","0x20","0x20","0x20","0x20","0x20","0x20","0x20","0x20","0x20","0x20","0x20","0x20","0x20","0x20","0x20","0x20","0x20","0x20","0x20","0x20","0x20","0x20","0x08"
"263","0xB","0xC","0b1100000011001100","0b1111101111111111","0","0","0b0000000000000000","0b0000000000000000","0b0000000000000000","0b0000000000000000","0","0b1100000011001100","0b0000000000000000","0x00000000","0x00000001","0x000001B4","0x00000000","0x00000000","0x0000006B","0x00000000","0x00000000","0x00000000","0x00000000","0x00000000","0x00000000","0x00000000","0x00000000","0x00000000","0x00000000","0x00000000","0x00000000","0x00000000","0x00000000","0x00000000","0x00000000","0x00000000","0x00000000","0x04000000","0x00000000","0x00000000","0x00000001","0xFFFFFFFF","0x00000088","0x00000260","0x00000051","0","0","0","0","0","0","0","0","0x8","0x3","0x0","0xF","0","1","1","1","0","1","1","1","0","1","1","1","0x00","0x18","0x18","0x18","0x0","0xF","0x3","0x7","0x60D000B4","0x1618D000","0x60D000B4","0x1618D000","0x60D000B4","0x1618D000","0x60D000B4","0x1618D000","0x09","0x08","0x05","0x04","0x01","0x00","0x1D","0x1C","0x008","0x700","0x004","0x300","0x000","0xF00","0x00C","0xB00","0x00","0x00","0xFF","0x20","0x20","0x20","0x07","0x20","0x20","0x20","0x20","0x20","0x20","0x20","0x20","0x20","0x20","0x20","0x20","0x20","0x20","0x20","0x20","0x20","0x20","0x20","0x20","0x20","0x20","0x20","0x20","0x20","0x20","0x20","0x08"
"264","0xB","0xC","0b1100000011001100","0b1111101111111111","0","0","0b0000000000000000","0b0000000000000000","0b0000000000000000","0b0000000000000000","1","0b1100000011001100","0b0000000000000000","0x00000000","0x00000001","0x000001B4","0x00000000","0x00000000","0x0000006B","0x00000000","0x00000000","0x00000000","0x00000000","0x00000000","0x00000000","0x00000000","0x00000000","0x00000000","0x00000000","0x00000000","0x00000000","0x00000000","0x00000000","0x00000000","0x00000000","0x00000000","0x00000000","0x04000000","0x00000000","0x00000000","0x00000001","0xFFFFFFFF","0x00000088","0x00000260","0x00000051","0","0","0","0","0","0","0","0","0x8","0x3","0x0","0xF","0","1","1","1","0","1","1","1","0","1","1","1","0x00","0x18","0x18","0x18","0x0","0xF","0x3","0x7","0x60D000B4","0x1618D000","0x60D000B4","0x1618D000","0x60D000B4","0x1618D000","0x60D000B4","0x1618D000","0x09","0x08","0x05","0x04","0x01","0x00","0x1D","0x1C","0x008","0x700","0x004","0x300","0x000","0xF00","0x00C","0xB00","0x00","0x00","0xFF","0x20","0x20","0x20","0x07","0x20","0x20","0x20","0x20","0x20","0x20","0x20","0x20","0x20","0x20","0x20","0x20","0x20","0x20","0x20","0x20","0x20","0x20","0x20","0x20","0x20","0x20","0x20","0x20","0x20","0x20","0x20","0x08"
"265","0xB","0xC","0b1100000011001100","0b1111101111111111","0","0","0b0000000000000000","0b0000000000000000","0b0000000000000000","0b0000000000000000","0","0b1100000011001100","0b0000000000000000","0x00000000","0x00000001","0x000001B4","0x00000000","0x00000000","0x0000006B","0x00000000","0x00000000","0x00000000","0x00000000","0x00000000","0x00000000","0x00000000","0x00000000","0x00000000","0x00000000","0x00000000","0x00000000","0x00000000","0x00000000","0x00000000","0x00000000","0x00000000","0x00000000","0x04000000","0x00000000","0x00000000","0x00000001","0xFFFFFFFF","0x00000088","0x00000260","0x00000051","0","0","0","0","0","0","0","0","0x8","0x3","0x0","0xF","0","1","1","1","0","1","1","1","0","1","1","1","0x00","0x18","0x18","0x18","0x0","0xF","0x3","0x7","0x60D000B4","0x1618D000","0x60D000B4","0x1618D000","0x60D000B4","0x1618D000","0x60D000B4","0x1618D000","0x09","0x08","0x05","0x04","0x01","0x00","0x1D","0x1C","0x008","0x700","0x004","0x300","0x000","0xF00","0x00C","0xB00","0x00","0x00","0xFF","0x20","0x20","0x20","0x07","0x20","0x20","0x20","0x20","0x20","0x20","0x20","0x20","0x20","0x20","0x20","0x20","0x20","0x20","0x20","0x20","0x20","0x20","0x20","0x20","0x20","0x20","0x20","0x20","0x20","0x20","0x20","0x08"
"266","0xB","0xC","0b1100000011001100","0b1111101111111111","0","0","0b0000000000000000","0b0000000000000000","0b0000000000000000","0b0000000000000000","1","0b1100000011001100","0b0000000000000000","0x00000000","0x00000001","0x000001B4","0x00000000","0x00000000","0x0000006B","0x00000000","0x00000000","0x00000000","0x00000000","0x00000000","0x00000000","0x00000000","0x00000000","0x00000000","0x00000000","0x00000000","0x00000000","0x00000000","0x00000000","0x00000000","0x00000000","0x00000000","0x00000000","0x04000000","0x00000000","0x00000000","0x00000001","0xFFFFFFFF","0x00000088","0x00000260","0x00000051","0","0","0","0","0","0","0","0","0x8","0x3","0x0","0xF","0","1","1","1","0","1","1","1","0","1","1","1","0x00","0x18","0x18","0x18","0x0","0xF","0x3","0x7","0x60D000B4","0x1618D000","0x60D000B4","0x1618D000","0x60D000B4","0x1618D000","0x60D000B4","0x1618D000","0x09","0x08","0x05","0x04","0x01","0x00","0x1D","0x1C","0x008","0x700","0x004","0x300","0x000","0xF00","0x00C","0xB00","0x00","0x00","0xFF","0x20","0x20","0x20","0x07","0x20","0x20","0x20","0x20","0x20","0x20","0x20","0x20","0x20","0x20","0x20","0x20","0x20","0x20","0x20","0x20","0x20","0x20","0x20","0x20","0x20","0x20","0x20","0x20","0x20","0x20","0x20","0x08"
"267","0xB","0xC","0b1100000011001100","0b1111101111111111","0","0","0b0000000000000000","0b0000000000000000","0b0000000000000000","0b0000000000000000","0","0b1100000011001100","0b0000000000000000","0x00000000","0x00000001","0x000001B4","0x00000000","0x00000000","0x0000006B","0x00000000","0x00000000","0x00000000","0x00000000","0x00000000","0x00000000","0x00000000","0x00000000","0x00000000","0x00000000","0x00000000","0x00000000","0x00000000","0x00000000","0x00000000","0x00000000","0x00000000","0x00000000","0x04000000","0x00000000","0x00000000","0x00000001","0xFFFFFFFF","0x00000088","0x00000260","0x00000051","0","0","0","0","0","0","0","0","0x8","0x3","0x0","0xF","0","1","1","1","0","1","1","1","0","1","1","1","0x00","0x18","0x18","0x18","0x0","0xF","0x3","0x7","0x60D000B4","0x1618D000","0x60D000B4","0x1618D000","0x60D000B4","0x1618D000","0x60D000B4","0x1618D000","0x09","0x08","0x05","0x04","0x01","0x00","0x1D","0x1C","0x008","0x700","0x004","0x300","0x000","0xF00","0x00C","0xB00","0x00","0x00","0xFF","0x20","0x20","0x20","0x07","0x20","0x20","0x20","0x20","0x20","0x20","0x20","0x20","0x20","0x20","0x20","0x20","0x20","0x20","0x20","0x20","0x20","0x20","0x20","0x20","0x20","0x20","0x20","0x20","0x20","0x20","0x20","0x08"
"268","0xB","0xC","0b1100000011001100","0b1111101111111111","0","0","0b0000000000000000","0b0000000000000000","0b0000000000000000","0b0000000000000000","1","0b1100000011001100","0b0000000000000000","0x00000000","0x00000001","0x000001B4","0x00000000","0x00000000","0x0000006B","0x00000000","0x00000000","0x00000000","0x00000000","0x00000000","0x00000000","0x00000000","0x00000000","0x00000000","0x00000000","0x00000000","0x00000000","0x00000000","0x00000000","0x00000000","0x00000000","0x00000000","0x00000000","0x04000000","0x00000000","0x00000000","0x00000001","0xFFFFFFFF","0x00000088","0x00000260","0x00000051","0","0","0","0","0","0","0","0","0x8","0x3","0x0","0xF","0","1","1","1","0","1","1","1","0","1","1","1","0x00","0x18","0x18","0x18","0x0","0xF","0x3","0x7","0x60D000B4","0x1618D000","0x60D000B4","0x1618D000","0x60D000B4","0x1618D000","0x60D000B4","0x1618D000","0x09","0x08","0x05","0x04","0x01","0x00","0x1D","0x1C","0x008","0x700","0x004","0x300","0x000","0xF00","0x00C","0xB00","0x00","0x00","0xFF","0x20","0x20","0x20","0x07","0x20","0x20","0x20","0x20","0x20","0x20","0x20","0x20","0x20","0x20","0x20","0x20","0x20","0x20","0x20","0x20","0x20","0x20","0x20","0x20","0x20","0x20","0x20","0x20","0x20","0x20","0x20","0x08"
"269","0xB","0xC","0b1100000011001100","0b1111101111111111","0","0","0b0000000000000000","0b0000000000000000","0b0000000000000000","0b0000000000000000","0","0b1100000011001100","0b0000000000000000","0x00000000","0x00000001","0x000001B4","0x00000000","0x00000000","0x0000006B","0x00000000","0x00000000","0x00000000","0x00000000","0x00000000","0x00000000","0x00000000","0x00000000","0x00000000","0x00000000","0x00000000","0x00000000","0x00000000","0x00000000","0x00000000","0x00000000","0x00000000","0x00000000","0x04000000","0x00000000","0x00000000","0x00000001","0xFFFFFFFF","0x00000088","0x00000260","0x00000051","0","0","0","0","0","0","0","0","0x8","0x3","0x0","0xF","0","1","1","1","0","1","1","1","0","1","1","1","0x00","0x18","0x18","0x18","0x0","0xF","0x3","0x7","0x60D000B4","0x1618D000","0x60D000B4","0x1618D000","0x60D000B4","0x1618D000","0x60D000B4","0x1618D000","0x09","0x08","0x05","0x04","0x01","0x00","0x1D","0x1C","0x008","0x700","0x004","0x300","0x000","0xF00","0x00C","0xB00","0x00","0x00","0xFF","0x20","0x20","0x20","0x07","0x20","0x20","0x20","0x20","0x20","0x20","0x20","0x20","0x20","0x20","0x20","0x20","0x20","0x20","0x20","0x20","0x20","0x20","0x20","0x20","0x20","0x20","0x20","0x20","0x20","0x20","0x20","0x08"
"270","0xB","0xC","0b1100000011001100","0b1111101111111111","0","0","0b0000000000000000","0b0000000000000000","0b0000000000000000","0b0000000000000000","1","0b1100000011001100","0b0000000000000000","0x00000000","0x00000001","0x000001B4","0x00000000","0x00000000","0x0000006B","0x00000000","0x00000000","0x00000000","0x00000000","0x00000000","0x00000000","0x00000000","0x00000000","0x00000000","0x00000000","0x00000000","0x00000000","0x00000000","0x00000000","0x00000000","0x00000000","0x00000000","0x00000000","0x04000000","0x00000000","0x00000000","0x00000001","0xFFFFFFFF","0x00000088","0x00000260","0x00000051","0","0","0","0","0","0","0","0","0x8","0x3","0x0","0xF","0","1","1","1","0","1","1","1","0","1","1","1","0x00","0x18","0x18","0x18","0x0","0xF","0x3","0x7","0x60D000B4","0x1618D000","0x60D000B4","0x1618D000","0x60D000B4","0x1618D000","0x60D000B4","0x1618D000","0x09","0x08","0x05","0x04","0x01","0x00","0x1D","0x1C","0x008","0x700","0x004","0x300","0x000","0xF00","0x00C","0xB00","0x00","0x00","0xFF","0x20","0x20","0x20","0x07","0x20","0x20","0x20","0x20","0x20","0x20","0x20","0x20","0x20","0x20","0x20","0x20","0x20","0x20","0x20","0x20","0x20","0x20","0x20","0x20","0x20","0x20","0x20","0x20","0x20","0x20","0x20","0x08"
"271","0xB","0xC","0b1100000011001100","0b1111101111111111","0","0","0b0000000000000000","0b0000000000000000","0b0000000000000000","0b0000000000000000","0","0b1100000011001100","0b0000000000000000","0x00000000","0x00000001","0x000001B4","0x00000000","0x00000000","0x0000006B","0x00000000","0x00000000","0x00000000","0x00000000","0x00000000","0x00000000","0x00000000","0x00000000","0x00000000","0x00000000","0x00000000","0x00000000","0x00000000","0x00000000","0x00000000","0x00000000","0x00000000","0x00000000","0x04000000","0x00000000","0x00000000","0x00000001","0xFFFFFFFF","0x00000088","0x00000260","0x00000051","0","0","0","0","0","0","0","0","0x8","0x3","0x0","0xF","0","1","1","1","0","1","1","1","0","1","1","1","0x00","0x18","0x18","0x18","0x0","0xF","0x3","0x7","0x60D000B4","0x1618D000","0x60D000B4","0x1618D000","0x60D000B4","0x1618D000","0x60D000B4","0x1618D000","0x09","0x08","0x05","0x04","0x01","0x00","0x1D","0x1C","0x008","0x700","0x004","0x300","0x000","0xF00","0x00C","0xB00","0x00","0x00","0xFF","0x20","0x20","0x20","0x07","0x20","0x20","0x20","0x20","0x20","0x20","0x20","0x20","0x20","0x20","0x20","0x20","0x20","0x20","0x20","0x20","0x20","0x20","0x20","0x20","0x20","0x20","0x20","0x20","0x20","0x20","0x20","0x08"
"272","0xB","0xC","0b1100000011001100","0b1111101111111111","0","0","0b0000000000000000","0b0000000000000000","0b0000000000000000","0b0000000000000000","1","0b1100000011001100","0b0000000000000000","0x00000000","0x00000001","0x000001B4","0x00000000","0x00000000","0x0000006B","0x00000000","0x00000000","0x00000000","0x00000000","0x00000000","0x00000000","0x00000000","0x00000000","0x00000000","0x00000000","0x00000000","0x00000000","0x00000000","0x00000000","0x00000000","0x00000000","0x00000000","0x00000000","0x04000000","0x00000000","0x00000000","0x00000001","0xFFFFFFFF","0x00000088","0x00000260","0x00000051","0","0","0","0","0","0","0","0","0x8","0x3","0x0","0xF","0","1","1","1","0","1","1","1","0","1","1","1","0x00","0x18","0x18","0x18","0x0","0xF","0x3","0x7","0x60D000B4","0x1618D000","0x60D000B4","0x1618D000","0x60D000B4","0x1618D000","0x60D000B4","0x1618D000","0x09","0x08","0x05","0x04","0x01","0x00","0x1D","0x1C","0x008","0x700","0x004","0x300","0x000","0xF00","0x00C","0xB00","0x00","0x00","0xFF","0x20","0x20","0x20","0x07","0x20","0x20","0x20","0x20","0x20","0x20","0x20","0x20","0x20","0x20","0x20","0x20","0x20","0x20","0x20","0x20","0x20","0x20","0x20","0x20","0x20","0x20","0x20","0x20","0x20","0x20","0x20","0x08"
"273","0xB","0xC","0b1100000011001100","0b1111101111111111","0","0","0b0000000000000000","0b0000000000000000","0b0000000000000000","0b0000000000000000","0","0b1100000011001100","0b0000000000000000","0x00000000","0x00000001","0x000001B4","0x00000000","0x00000000","0x0000006B","0x00000000","0x00000000","0x00000000","0x00000000","0x00000000","0x00000000","0x00000000","0x00000000","0x00000000","0x00000000","0x00000000","0x00000000","0x00000000","0x00000000","0x00000000","0x00000000","0x00000000","0x00000000","0x04000000","0x00000000","0x00000000","0x00000001","0xFFFFFFFF","0x00000088","0x00000260","0x00000051","0","0","0","0","0","0","0","0","0x8","0x3","0x0","0xF","0","1","1","1","0","1","1","1","0","1","1","1","0x00","0x18","0x18","0x18","0x0","0xF","0x3","0x7","0x60D000B4","0x1618D000","0x60D000B4","0x1618D000","0x60D000B4","0x1618D000","0x60D000B4","0x1618D000","0x09","0x08","0x05","0x04","0x01","0x00","0x1D","0x1C","0x008","0x700","0x004","0x300","0x000","0xF00","0x00C","0xB00","0x00","0x00","0xFF","0x20","0x20","0x20","0x07","0x20","0x20","0x20","0x20","0x20","0x20","0x20","0x20","0x20","0x20","0x20","0x20","0x20","0x20","0x20","0x20","0x20","0x20","0x20","0x20","0x20","0x20","0x20","0x20","0x20","0x20","0x20","0x08"
"274","0xB","0xC","0b1100000011001100","0b1111101111111111","0","0","0b0000000000000000","0b0000000000000000","0b0000000000000000","0b0000000000000000","1","0b1100000011001100","0b0000000000000000","0x00000000","0x00000001","0x000001B4","0x00000000","0x00000000","0x0000006B","0x00000000","0x00000000","0x00000000","0x00000000","0x00000000","0x00000000","0x00000000","0x00000000","0x00000000","0x00000000","0x00000000","0x00000000","0x00000000","0x00000000","0x00000000","0x00000000","0x00000000","0x00000000","0x04000000","0x00000000","0x00000000","0x00000001","0xFFFFFFFF","0x00000088","0x00000260","0x00000051","0","0","0","0","0","0","0","0","0x8","0x3","0x0","0xF","0","1","1","1","0","1","1","1","0","1","1","1","0x00","0x18","0x18","0x18","0x0","0xF","0x3","0x7","0x60D000B4","0x1618D000","0x60D000B4","0x1618D000","0x60D000B4","0x1618D000","0x60D000B4","0x1618D000","0x09","0x08","0x05","0x04","0x01","0x00","0x1D","0x1C","0x008","0x700","0x004","0x300","0x000","0xF00","0x00C","0xB00","0x00","0x00","0xFF","0x20","0x20","0x20","0x07","0x20","0x20","0x20","0x20","0x20","0x20","0x20","0x20","0x20","0x20","0x20","0x20","0x20","0x20","0x20","0x20","0x20","0x20","0x20","0x20","0x20","0x20","0x20","0x20","0x20","0x20","0x20","0x08"
"275","0xB","0xC","0b1100000011001100","0b1111101111111111","0","0","0b0000000000000000","0b0000000000000000","0b0000000000000000","0b0000000000000000","0","0b1100000011001100","0b0000000000000000","0x00000000","0x00000001","0x000001B4","0x00000000","0x00000000","0x0000006B","0x00000000","0x00000000","0x00000000","0x00000000","0x00000000","0x00000000","0x00000000","0x00000000","0x00000000","0x00000000","0x00000000","0x00000000","0x00000000","0x00000000","0x00000000","0x00000000","0x00000000","0x00000000","0x04000000","0x00000000","0x00000000","0x00000001","0xFFFFFFFF","0x00000088","0x00000260","0x00000051","0","0","0","0","0","0","0","0","0x8","0x3","0x0","0xF","0","1","1","1","0","1","1","1","0","1","1","1","0x00","0x18","0x18","0x18","0x0","0xF","0x3","0x7","0x60D000B4","0x1618D000","0x60D000B4","0x1618D000","0x60D000B4","0x1618D000","0x60D000B4","0x1618D000","0x09","0x08","0x05","0x04","0x01","0x00","0x1D","0x1C","0x008","0x700","0x004","0x300","0x000","0xF00","0x00C","0xB00","0x00","0x00","0xFF","0x20","0x20","0x20","0x07","0x20","0x20","0x20","0x20","0x20","0x20","0x20","0x20","0x20","0x20","0x20","0x20","0x20","0x20","0x20","0x20","0x20","0x20","0x20","0x20","0x20","0x20","0x20","0x20","0x20","0x20","0x20","0x08"
"276","0xB","0xC","0b1100000011001100","0b1111101111111111","0","0","0b0000000000000000","0b0000000000000000","0b0000000000000000","0b0000000000000000","1","0b1100000011001100","0b0000000000000000","0x00000000","0x00000001","0x000001B4","0x00000000","0x00000000","0x0000006B","0x00000000","0x00000000","0x00000000","0x00000000","0x00000000","0x00000000","0x00000000","0x00000000","0x00000000","0x00000000","0x00000000","0x00000000","0x00000000","0x00000000","0x00000000","0x00000000","0x00000000","0x00000000","0x04000000","0x00000000","0x00000000","0x00000001","0xFFFFFFFF","0x00000088","0x00000260","0x00000051","0","0","0","0","0","0","0","0","0x8","0x3","0x0","0xF","0","1","1","1","0","1","1","1","0","1","1","1","0x00","0x18","0x18","0x18","0x0","0xF","0x3","0x7","0x60D000B4","0x1618D000","0x60D000B4","0x1618D000","0x60D000B4","0x1618D000","0x60D000B4","0x1618D000","0x09","0x08","0x05","0x04","0x01","0x00","0x1D","0x1C","0x008","0x700","0x004","0x300","0x000","0xF00","0x00C","0xB00","0x00","0x00","0xFF","0x20","0x20","0x20","0x07","0x20","0x20","0x20","0x20","0x20","0x20","0x20","0x20","0x20","0x20","0x20","0x20","0x20","0x20","0x20","0x20","0x20","0x20","0x20","0x20","0x20","0x20","0x20","0x20","0x20","0x20","0x20","0x08"
"277","0xB","0xC","0b1100000011001100","0b1111101111111111","0","0","0b0000000000000000","0b0000000000000000","0b0000000000000000","0b0000000000000000","0","0b1100000011001100","0b0000000000000000","0x00000000","0x00000001","0x000001B4","0x00000000","0x00000000","0x0000006B","0x00000000","0x00000000","0x00000000","0x00000000","0x00000000","0x00000000","0x00000000","0x00000000","0x00000000","0x00000000","0x00000000","0x00000000","0x00000000","0x00000000","0x00000000","0x00000000","0x00000000","0x00000000","0x04000000","0x00000000","0x00000000","0x00000001","0xFFFFFFFF","0x00000088","0x00000260","0x00000051","0","0","0","0","0","0","0","0","0x8","0x3","0x0","0xF","0","1","1","1","0","1","1","1","0","1","1","1","0x00","0x18","0x18","0x18","0x0","0xF","0x3","0x7","0x60D000B4","0x1618D000","0x60D000B4","0x1618D000","0x60D000B4","0x1618D000","0x60D000B4","0x1618D000","0x09","0x08","0x05","0x04","0x01","0x00","0x1D","0x1C","0x008","0x700","0x004","0x300","0x000","0xF00","0x00C","0xB00","0x00","0x00","0xFF","0x20","0x20","0x20","0x07","0x20","0x20","0x20","0x20","0x20","0x20","0x20","0x20","0x20","0x20","0x20","0x20","0x20","0x20","0x20","0x20","0x20","0x20","0x20","0x20","0x20","0x20","0x20","0x20","0x20","0x20","0x20","0x08"
"278","0xB","0xC","0b1100000011001100","0b1111101111111111","0","0","0b0000000000000000","0b0000000000000000","0b0000000000000000","0b0000000000000000","1","0b1100000011001100","0b0000000000000000","0x00000000","0x00000001","0x000001B4","0x00000000","0x00000000","0x0000006B","0x00000000","0x00000000","0x00000000","0x00000000","0x00000000","0x00000000","0x00000000","0x00000000","0x00000000","0x00000000","0x00000000","0x00000000","0x00000000","0x00000000","0x00000000","0x00000000","0x00000000","0x00000000","0x04000000","0x00000000","0x00000000","0x00000001","0xFFFFFFFF","0x00000088","0x00000260","0x00000051","0","0","0","0","0","0","0","0","0x8","0x3","0x0","0xF","0","1","1","1","0","1","1","1","0","1","1","1","0x00","0x18","0x18","0x18","0x0","0xF","0x3","0x7","0x60D000B4","0x1618D000","0x60D000B4","0x1618D000","0x60D000B4","0x1618D000","0x60D000B4","0x1618D000","0x09","0x08","0x05","0x04","0x01","0x00","0x1D","0x1C","0x008","0x700","0x004","0x300","0x000","0xF00","0x00C","0xB00","0x00","0x00","0xFF","0x20","0x20","0x20","0x07","0x20","0x20","0x20","0x20","0x20","0x20","0x20","0x20","0x20","0x20","0x20","0x20","0x20","0x20","0x20","0x20","0x20","0x20","0x20","0x20","0x20","0x20","0x20","0x20","0x20","0x20","0x20","0x08"
"279","0xB","0xC","0b1100000011001100","0b1111101111111111","0","0","0b0000000000000000","0b0000000000000000","0b0000000000000000","0b0000000000000000","0","0b1100000011001100","0b0000000000000000","0x00000000","0x00000001","0x000001B4","0x00000000","0x00000000","0x0000006B","0x00000000","0x00000000","0x00000000","0x00000000","0x00000000","0x00000000","0x00000000","0x00000000","0x00000000","0x00000000","0x00000000","0x00000000","0x00000000","0x00000000","0x00000000","0x00000000","0x00000000","0x00000000","0x04000000","0x00000000","0x00000000","0x00000001","0xFFFFFFFF","0x00000088","0x00000260","0x00000051","0","0","0","0","0","0","0","0","0x8","0x3","0x0","0xF","0","1","1","1","0","1","1","1","0","1","1","1","0x00","0x18","0x18","0x18","0x0","0xF","0x3","0x7","0x60D000B4","0x1618D000","0x60D000B4","0x1618D000","0x60D000B4","0x1618D000","0x60D000B4","0x1618D000","0x09","0x08","0x05","0x04","0x01","0x00","0x1D","0x1C","0x008","0x700","0x004","0x300","0x000","0xF00","0x00C","0xB00","0x00","0x00","0xFF","0x20","0x20","0x20","0x07","0x20","0x20","0x20","0x20","0x20","0x20","0x20","0x20","0x20","0x20","0x20","0x20","0x20","0x20","0x20","0x20","0x20","0x20","0x20","0x20","0x20","0x20","0x20","0x20","0x20","0x20","0x20","0x08"
"280","0xB","0xC","0b1100000011001100","0b1111101111111111","0","0","0b0000000000000000","0b0000000000000000","0b0000000000000000","0b0000000000000000","1","0b1100000011001100","0b0000000000000000","0x00000000","0x00000001","0x000001B4","0x00000000","0x00000000","0x0000006B","0x00000000","0x00000000","0x00000000","0x00000000","0x00000000","0x00000000","0x00000000","0x00000000","0x00000000","0x00000000","0x00000000","0x00000000","0x00000000","0x00000000","0x00000000","0x00000000","0x00000000","0x00000000","0x04000000","0x00000000","0x00000000","0x00000001","0xFFFFFFFF","0x00000088","0x00000260","0x00000051","0","0","0","0","0","0","0","0","0x8","0x3","0x0","0xF","0","1","1","1","0","1","1","1","0","1","1","1","0x00","0x18","0x18","0x18","0x0","0xF","0x3","0x7","0x60D000B4","0x1618D000","0x60D000B4","0x1618D000","0x60D000B4","0x1618D000","0x60D000B4","0x1618D000","0x09","0x08","0x05","0x04","0x01","0x00","0x1D","0x1C","0x008","0x700","0x004","0x300","0x000","0xF00","0x00C","0xB00","0x00","0x00","0xFF","0x20","0x20","0x20","0x07","0x20","0x20","0x20","0x20","0x20","0x20","0x20","0x20","0x20","0x20","0x20","0x20","0x20","0x20","0x20","0x20","0x20","0x20","0x20","0x20","0x20","0x20","0x20","0x20","0x20","0x20","0x20","0x08"
"281","0xB","0xC","0b1100000011001100","0b1111101111111111","0","0","0b0000000000000000","0b0000000000000000","0b0000000000000000","0b0000000000000000","0","0b1100000011001100","0b0000000000000000","0x00000000","0x00000001","0x000001B4","0x00000000","0x00000000","0x0000006B","0x00000000","0x00000000","0x00000000","0x00000000","0x00000000","0x00000000","0x00000000","0x00000000","0x00000000","0x00000000","0x00000000","0x00000000","0x00000000","0x00000000","0x00000000","0x00000000","0x00000000","0x00000000","0x04000000","0x00000000","0x00000000","0x00000001","0xFFFFFFFF","0x00000088","0x00000260","0x00000051","0","0","0","0","0","0","0","0","0x8","0x3","0x0","0xF","0","1","1","1","0","1","1","1","0","1","1","1","0x00","0x18","0x18","0x18","0x0","0xF","0x3","0x7","0x60D000B4","0x1618D000","0x60D000B4","0x1618D000","0x60D000B4","0x1618D000","0x60D000B4","0x1618D000","0x09","0x08","0x05","0x04","0x01","0x00","0x1D","0x1C","0x008","0x700","0x004","0x300","0x000","0xF00","0x00C","0xB00","0x00","0x00","0xFF","0x20","0x20","0x20","0x07","0x20","0x20","0x20","0x20","0x20","0x20","0x20","0x20","0x20","0x20","0x20","0x20","0x20","0x20","0x20","0x20","0x20","0x20","0x20","0x20","0x20","0x20","0x20","0x20","0x20","0x20","0x20","0x08"
"282","0xB","0xC","0b1100000011001100","0b1111101111111111","0","0","0b0000000000000000","0b0000000000000000","0b0000000000000000","0b0000000000000000","1","0b1100000011001100","0b0000000000000000","0x00000000","0x00000001","0x000001B4","0x00000000","0x00000000","0x0000006B","0x00000000","0x00000000","0x00000000","0x00000000","0x00000000","0x00000000","0x00000000","0x00000000","0x00000000","0x00000000","0x00000000","0x00000000","0x00000000","0x00000000","0x00000000","0x00000000","0x00000000","0x00000000","0x04000000","0x00000000","0x00000000","0x00000001","0xFFFFFFFF","0x00000088","0x00000260","0x00000051","0","0","0","0","0","0","0","0","0x8","0x3","0x0","0xF","0","1","1","1","0","1","1","1","0","1","1","1","0x00","0x18","0x18","0x18","0x0","0xF","0x3","0x7","0x60D000B4","0x1618D000","0x60D000B4","0x1618D000","0x60D000B4","0x1618D000","0x60D000B4","0x1618D000","0x09","0x08","0x05","0x04","0x01","0x00","0x1D","0x1C","0x008","0x700","0x004","0x300","0x000","0xF00","0x00C","0xB00","0x00","0x00","0xFF","0x20","0x20","0x20","0x07","0x20","0x20","0x20","0x20","0x20","0x20","0x20","0x20","0x20","0x20","0x20","0x20","0x20","0x20","0x20","0x20","0x20","0x20","0x20","0x20","0x20","0x20","0x20","0x20","0x20","0x20","0x20","0x08"
"283","0xB","0xC","0b1100000011001100","0b1111101111111111","0","0","0b0000000000000000","0b0000000000000000","0b0000000000000000","0b0000000000000000","0","0b1100000011001100","0b0000000000000000","0x00000000","0x00000001","0x000001B4","0x00000000","0x00000000","0x0000006B","0x00000000","0x00000000","0x00000000","0x00000000","0x00000000","0x00000000","0x00000000","0x00000000","0x00000000","0x00000000","0x00000000","0x00000000","0x00000000","0x00000000","0x00000000","0x00000000","0x00000000","0x00000000","0x04000000","0x00000000","0x00000000","0x00000001","0xFFFFFFFF","0x00000088","0x00000260","0x00000051","0","0","0","0","0","0","0","0","0x8","0x3","0x0","0xF","0","1","1","1","0","1","1","1","0","1","1","1","0x00","0x18","0x18","0x18","0x0","0xF","0x3","0x7","0x60D000B4","0x1618D000","0x60D000B4","0x1618D000","0x60D000B4","0x1618D000","0x60D000B4","0x1618D000","0x09","0x08","0x05","0x04","0x01","0x00","0x1D","0x1C","0x008","0x700","0x004","0x300","0x000","0xF00","0x00C","0xB00","0x00","0x00","0xFF","0x20","0x20","0x20","0x07","0x20","0x20","0x20","0x20","0x20","0x20","0x20","0x20","0x20","0x20","0x20","0x20","0x20","0x20","0x20","0x20","0x20","0x20","0x20","0x20","0x20","0x20","0x20","0x20","0x20","0x20","0x20","0x08"
"284","0xB","0xC","0b1100000011001100","0b1111101111111111","0","0","0b0000000000000000","0b0000000000000000","0b0000000000000000","0b0000000000000000","1","0b1100000011001100","0b0000000000000000","0x00000000","0x00000001","0x000001B4","0x00000000","0x00000000","0x0000006B","0x00000000","0x00000000","0x00000000","0x00000000","0x00000000","0x00000000","0x00000000","0x00000000","0x00000000","0x00000000","0x00000000","0x00000000","0x00000000","0x00000000","0x00000000","0x00000000","0x00000000","0x00000000","0x04000000","0x00000000","0x00000000","0x00000001","0xFFFFFFFF","0x00000088","0x00000260","0x00000051","0","0","0","0","0","0","0","0","0x8","0x3","0x0","0xF","0","1","1","1","0","1","1","1","0","1","1","1","0x00","0x18","0x18","0x18","0x0","0xF","0x3","0x7","0x60D000B4","0x1618D000","0x60D000B4","0x1618D000","0x60D000B4","0x1618D000","0x60D000B4","0x1618D000","0x09","0x08","0x05","0x04","0x01","0x00","0x1D","0x1C","0x008","0x700","0x004","0x300","0x000","0xF00","0x00C","0xB00","0x00","0x00","0xFF","0x20","0x20","0x20","0x07","0x20","0x20","0x20","0x20","0x20","0x20","0x20","0x20","0x20","0x20","0x20","0x20","0x20","0x20","0x20","0x20","0x20","0x20","0x20","0x20","0x20","0x20","0x20","0x20","0x20","0x20","0x20","0x08"
"285","0xB","0xC","0b1100000011001100","0b1111101111111111","0","0","0b0000000000000000","0b0000000000000000","0b0000000000000000","0b0000000000000000","0","0b1100000011001100","0b0000000000000000","0x00000000","0x00000001","0x000001B4","0x00000000","0x00000000","0x0000006B","0x00000000","0x00000000","0x00000000","0x00000000","0x00000000","0x00000000","0x00000000","0x00000000","0x00000000","0x00000000","0x00000000","0x00000000","0x00000000","0x00000000","0x00000000","0x00000000","0x00000000","0x00000000","0x04000000","0x00000000","0x00000000","0x00000001","0xFFFFFFFF","0x00000088","0x00000260","0x00000051","0","0","0","0","0","0","0","0","0x8","0x3","0x0","0xF","0","1","1","1","0","1","1","1","0","1","1","1","0x00","0x18","0x18","0x18","0x0","0xF","0x3","0x7","0x60D000B4","0x1618D000","0x60D000B4","0x1618D000","0x60D000B4","0x1618D000","0x60D000B4","0x1618D000","0x09","0x08","0x05","0x04","0x01","0x00","0x1D","0x1C","0x008","0x700","0x004","0x300","0x000","0xF00","0x00C","0xB00","0x00","0x00","0xFF","0x20","0x20","0x20","0x07","0x20","0x20","0x20","0x20","0x20","0x20","0x20","0x20","0x20","0x20","0x20","0x20","0x20","0x20","0x20","0x20","0x20","0x20","0x20","0x20","0x20","0x20","0x20","0x20","0x20","0x20","0x20","0x08"
"286","0xB","0xC","0b1100000011001100","0b1111101111111111","0","0","0b0000000000000000","0b0000000000000000","0b0000000000000000","0b0000000000000000","1","0b1100000011001100","0b0000000000000000","0x00000000","0x00000001","0x000001B4","0x00000000","0x00000000","0x0000006B","0x00000000","0x00000000","0x00000000","0x00000000","0x00000000","0x00000000","0x00000000","0x00000000","0x00000000","0x00000000","0x00000000","0x00000000","0x00000000","0x00000000","0x00000000","0x00000000","0x00000000","0x00000000","0x04000000","0x00000000","0x00000000","0x00000001","0xFFFFFFFF","0x00000088","0x00000260","0x00000051","0","0","0","0","0","0","0","0","0x8","0x3","0x0","0xF","0","1","1","1","0","1","1","1","0","1","1","1","0x00","0x18","0x18","0x18","0x0","0xF","0x3","0x7","0x60D000B4","0x1618D000","0x60D000B4","0x1618D000","0x60D000B4","0x1618D000","0x60D000B4","0x1618D000","0x09","0x08","0x05","0x04","0x01","0x00","0x1D","0x1C","0x008","0x700","0x004","0x300","0x000","0xF00","0x00C","0xB00","0x00","0x00","0xFF","0x20","0x20","0x20","0x07","0x20","0x20","0x20","0x20","0x20","0x20","0x20","0x20","0x20","0x20","0x20","0x20","0x20","0x20","0x20","0x20","0x20","0x20","0x20","0x20","0x20","0x20","0x20","0x20","0x20","0x20","0x20","0x08"
"287","0xB","0xC","0b1100000011001100","0b1111101111111111","0","0","0b0000000000000000","0b0000000000000000","0b0000000000000000","0b0000000000000000","0","0b1100000011001100","0b0000000000000000","0x00000000","0x00000001","0x000001B4","0x00000000","0x00000000","0x0000006B","0x00000000","0x00000000","0x00000000","0x00000000","0x00000000","0x00000000","0x00000000","0x00000000","0x00000000","0x00000000","0x00000000","0x00000000","0x00000000","0x00000000","0x00000000","0x00000000","0x00000000","0x00000000","0x04000000","0x00000000","0x00000000","0x00000001","0xFFFFFFFF","0x00000088","0x00000260","0x00000051","0","0","0","0","0","0","0","0","0x8","0x3","0x0","0xF","0","1","1","1","0","1","1","1","0","1","1","1","0x00","0x18","0x18","0x18","0x0","0xF","0x3","0x7","0x60D000B4","0x1618D000","0x60D000B4","0x1618D000","0x60D000B4","0x1618D000","0x60D000B4","0x1618D000","0x09","0x08","0x05","0x04","0x01","0x00","0x1D","0x1C","0x008","0x700","0x004","0x300","0x000","0xF00","0x00C","0xB00","0x00","0x00","0xFF","0x20","0x20","0x20","0x07","0x20","0x20","0x20","0x20","0x20","0x20","0x20","0x20","0x20","0x20","0x20","0x20","0x20","0x20","0x20","0x20","0x20","0x20","0x20","0x20","0x20","0x20","0x20","0x20","0x20","0x20","0x20","0x08"
"288","0xB","0xC","0b1100000011001100","0b1111101111111111","0","0","0b0000000000000000","0b0000000000000000","0b0000000000000000","0b0000000000000000","1","0b1100000011001100","0b0000000000000000","0x00000000","0x00000001","0x000001B4","0x00000000","0x00000000","0x0000006B","0x00000000","0x00000000","0x00000000","0x00000000","0x00000000","0x00000000","0x00000000","0x00000000","0x00000000","0x00000000","0x00000000","0x00000000","0x00000000","0x00000000","0x00000000","0x00000000","0x00000000","0x00000000","0x04000000","0x00000000","0x00000000","0x00000001","0xFFFFFFFF","0x00000088","0x00000260","0x00000051","0","0","0","0","0","0","0","0","0x8","0x3","0x0","0xF","0","1","1","1","0","1","1","1","0","1","1","1","0x00","0x18","0x18","0x18","0x0","0xF","0x3","0x7","0x60D000B4","0x1618D000","0x60D000B4","0x1618D000","0x60D000B4","0x1618D000","0x60D000B4","0x1618D000","0x09","0x08","0x05","0x04","0x01","0x00","0x1D","0x1C","0x008","0x700","0x004","0x300","0x000","0xF00","0x00C","0xB00","0x00","0x00","0xFF","0x20","0x20","0x20","0x07","0x20","0x20","0x20","0x20","0x20","0x20","0x20","0x20","0x20","0x20","0x20","0x20","0x20","0x20","0x20","0x20","0x20","0x20","0x20","0x20","0x20","0x20","0x20","0x20","0x20","0x20","0x20","0x08"
"289","0xB","0xC","0b1100000011001100","0b1111101111111111","0","0","0b0000000000000000","0b0000000000000000","0b0000000000000000","0b0000000000000000","0","0b1100000011001100","0b0000000000000000","0x00000000","0x00000001","0x000001B4","0x00000000","0x00000000","0x0000006B","0x00000000","0x00000000","0x00000000","0x00000000","0x00000000","0x00000000","0x00000000","0x00000000","0x00000000","0x00000000","0x00000000","0x00000000","0x00000000","0x00000000","0x00000000","0x00000000","0x00000000","0x00000000","0x04000000","0x00000000","0x00000000","0x00000001","0xFFFFFFFF","0x00000088","0x00000260","0x00000051","0","0","0","0","0","0","0","0","0x8","0x3","0x0","0xF","0","1","1","1","0","1","1","1","0","1","1","1","0x00","0x18","0x18","0x18","0x0","0xF","0x3","0x7","0x60D000B4","0x1618D000","0x60D000B4","0x1618D000","0x60D000B4","0x1618D000","0x60D000B4","0x1618D000","0x09","0x08","0x05","0x04","0x01","0x00","0x1D","0x1C","0x008","0x700","0x004","0x300","0x000","0xF00","0x00C","0xB00","0x00","0x00","0xFF","0x20","0x20","0x20","0x07","0x20","0x20","0x20","0x20","0x20","0x20","0x20","0x20","0x20","0x20","0x20","0x20","0x20","0x20","0x20","0x20","0x20","0x20","0x20","0x20","0x20","0x20","0x20","0x20","0x20","0x20","0x20","0x08"
"290","0xB","0xC","0b1100000011001100","0b1111101111111111","0","0","0b0000000000000000","0b0000000000000000","0b0000000000000000","0b0000000000000000","1","0b1100000011001100","0b0000000000000000","0x00000000","0x00000001","0x000001B4","0x00000000","0x00000000","0x0000006B","0x00000000","0x00000000","0x00000000","0x00000000","0x00000000","0x00000000","0x00000000","0x00000000","0x00000000","0x00000000","0x00000000","0x00000000","0x00000000","0x00000000","0x00000000","0x00000000","0x00000000","0x00000000","0x04000000","0x00000000","0x00000000","0x00000001","0xFFFFFFFF","0x00000088","0x00000260","0x00000051","0","0","0","0","0","0","0","0","0x8","0x3","0x0","0xF","0","1","1","1","0","1","1","1","0","1","1","1","0x00","0x18","0x18","0x18","0x0","0xF","0x3","0x7","0x60D000B4","0x1618D000","0x60D000B4","0x1618D000","0x60D000B4","0x1618D000","0x60D000B4","0x1618D000","0x09","0x08","0x05","0x04","0x01","0x00","0x1D","0x1C","0x008","0x700","0x004","0x300","0x000","0xF00","0x00C","0xB00","0x00","0x00","0xFF","0x20","0x20","0x20","0x07","0x20","0x20","0x20","0x20","0x20","0x20","0x20","0x20","0x20","0x20","0x20","0x20","0x20","0x20","0x20","0x20","0x20","0x20","0x20","0x20","0x20","0x20","0x20","0x20","0x20","0x20","0x20","0x08"
"291","0xB","0xC","0b1100000011001100","0b1111101111111111","0","0","0b0000000000000000","0b0000000000000000","0b0000000000000000","0b0000000000000000","0","0b1100000011001100","0b0000000000000000","0x00000000","0x00000001","0x000001B4","0x00000000","0x00000000","0x0000006B","0x00000000","0x00000000","0x00000000","0x00000000","0x00000000","0x00000000","0x00000000","0x00000000","0x00000000","0x00000000","0x00000000","0x00000000","0x00000000","0x00000000","0x00000000","0x00000000","0x00000000","0x00000000","0x04000000","0x00000000","0x00000000","0x00000001","0xFFFFFFFF","0x00000088","0x00000260","0x00000051","0","0","0","0","0","0","0","0","0x8","0x3","0x0","0xF","0","1","1","1","0","1","1","1","0","1","1","1","0x00","0x18","0x18","0x18","0x0","0xF","0x3","0x7","0x60D000B4","0x1618D000","0x60D000B4","0x1618D000","0x60D000B4","0x1618D000","0x60D000B4","0x1618D000","0x09","0x08","0x05","0x04","0x01","0x00","0x1D","0x1C","0x008","0x700","0x004","0x300","0x000","0xF00","0x00C","0xB00","0x00","0x00","0xFF","0x20","0x20","0x20","0x07","0x20","0x20","0x20","0x20","0x20","0x20","0x20","0x20","0x20","0x20","0x20","0x20","0x20","0x20","0x20","0x20","0x20","0x20","0x20","0x20","0x20","0x20","0x20","0x20","0x20","0x20","0x20","0x08"
"292","0xB","0xC","0b1100000011001100","0b1111101111111111","0","0","0b0000000000000000","0b0000000000000000","0b0000000000000000","0b0000000000000000","1","0b1100000011001100","0b0000000000000000","0x00000000","0x00000001","0x000001B4","0x00000000","0x00000000","0x0000006B","0x00000000","0x00000000","0x00000000","0x00000000","0x00000000","0x00000000","0x00000000","0x00000000","0x00000000","0x00000000","0x00000000","0x00000000","0x00000000","0x00000000","0x00000000","0x00000000","0x00000000","0x00000000","0x04000000","0x00000000","0x00000000","0x00000001","0xFFFFFFFF","0x00000088","0x00000260","0x00000051","0","0","0","0","0","0","0","0","0x8","0x3","0x0","0xF","0","1","1","1","0","1","1","1","0","1","1","1","0x00","0x18","0x18","0x18","0x0","0xF","0x3","0x7","0x60D000B4","0x1618D000","0x60D000B4","0x1618D000","0x60D000B4","0x1618D000","0x60D000B4","0x1618D000","0x09","0x08","0x05","0x04","0x01","0x00","0x1D","0x1C","0x008","0x700","0x004","0x300","0x000","0xF00","0x00C","0xB00","0x00","0x00","0xFF","0x20","0x20","0x20","0x07","0x20","0x20","0x20","0x20","0x20","0x20","0x20","0x20","0x20","0x20","0x20","0x20","0x20","0x20","0x20","0x20","0x20","0x20","0x20","0x20","0x20","0x20","0x20","0x20","0x20","0x20","0x20","0x08"
"293","0xB","0xC","0b1100000011001100","0b1111101111111111","0","0","0b0000000000000000","0b0000000000000000","0b0000000000000000","0b0000000000000000","0","0b1100000011001100","0b0000000000000000","0x00000000","0x00000001","0x000001B4","0x00000000","0x00000000","0x0000006B","0x00000000","0x00000000","0x00000000","0x00000000","0x00000000","0x00000000","0x00000000","0x00000000","0x00000000","0x00000000","0x00000000","0x00000000","0x00000000","0x00000000","0x00000000","0x00000000","0x00000000","0x00000000","0x04000000","0x00000000","0x00000000","0x00000001","0xFFFFFFFF","0x00000088","0x00000260","0x00000051","0","0","0","0","0","0","0","0","0x8","0x3","0x0","0xF","0","1","1","1","0","1","1","1","0","1","1","1","0x00","0x18","0x18","0x18","0x0","0xF","0x3","0x7","0x60D000B4","0x1618D000","0x60D000B4","0x1618D000","0x60D000B4","0x1618D000","0x60D000B4","0x1618D000","0x09","0x08","0x05","0x04","0x01","0x00","0x1D","0x1C","0x008","0x700","0x004","0x300","0x000","0xF00","0x00C","0xB00","0x00","0x00","0xFF","0x20","0x20","0x20","0x07","0x20","0x20","0x20","0x20","0x20","0x20","0x20","0x20","0x20","0x20","0x20","0x20","0x20","0x20","0x20","0x20","0x20","0x20","0x20","0x20","0x20","0x20","0x20","0x20","0x20","0x20","0x20","0x08"
"294","0xB","0xC","0b1100000011001100","0b1111101111111111","0","0","0b0000000000000000","0b0000000000000000","0b0000000000000000","0b0000000000000000","1","0b1100000011001100","0b0000000000000000","0x00000000","0x00000001","0x000001B4","0x00000000","0x00000000","0x0000006B","0x00000000","0x00000000","0x00000000","0x00000000","0x00000000","0x00000000","0x00000000","0x00000000","0x00000000","0x00000000","0x00000000","0x00000000","0x00000000","0x00000000","0x00000000","0x00000000","0x00000000","0x00000000","0x04000000","0x00000000","0x00000000","0x00000001","0xFFFFFFFF","0x00000088","0x00000260","0x00000051","0","0","0","0","0","0","0","0","0x8","0x3","0x0","0xF","0","1","1","1","0","1","1","1","0","1","1","1","0x00","0x18","0x18","0x18","0x0","0xF","0x3","0x7","0x60D000B4","0x1618D000","0x60D000B4","0x1618D000","0x60D000B4","0x1618D000","0x60D000B4","0x1618D000","0x09","0x08","0x05","0x04","0x01","0x00","0x1D","0x1C","0x008","0x700","0x004","0x300","0x000","0xF00","0x00C","0xB00","0x00","0x00","0xFF","0x20","0x20","0x20","0x07","0x20","0x20","0x20","0x20","0x20","0x20","0x20","0x20","0x20","0x20","0x20","0x20","0x20","0x20","0x20","0x20","0x20","0x20","0x20","0x20","0x20","0x20","0x20","0x20","0x20","0x20","0x20","0x08"
"295","0xB","0xC","0b1100000011001100","0b1111101111111111","0","0","0b0000000000000000","0b0000000000000000","0b0000000000000000","0b0000000000000000","0","0b1100000011001100","0b0000000000000000","0x00000000","0x00000001","0x000001B4","0x00000000","0x00000000","0x0000006B","0x00000000","0x00000000","0x00000000","0x00000000","0x00000000","0x00000000","0x00000000","0x00000000","0x00000000","0x00000000","0x00000000","0x00000000","0x00000000","0x00000000","0x00000000","0x00000000","0x00000000","0x00000000","0x04000000","0x00000000","0x00000000","0x00000001","0xFFFFFFFF","0x00000088","0x00000260","0x00000051","0","0","0","0","0","0","0","0","0x8","0x3","0x0","0xF","0","1","1","1","0","1","1","1","0","1","1","1","0x00","0x18","0x18","0x18","0x0","0xF","0x3","0x7","0x60D000B4","0x1618D000","0x60D000B4","0x1618D000","0x60D000B4","0x1618D000","0x60D000B4","0x1618D000","0x09","0x08","0x05","0x04","0x01","0x00","0x1D","0x1C","0x008","0x700","0x004","0x300","0x000","0xF00","0x00C","0xB00","0x00","0x00","0xFF","0x20","0x20","0x20","0x07","0x20","0x20","0x20","0x20","0x20","0x20","0x20","0x20","0x20","0x20","0x20","0x20","0x20","0x20","0x20","0x20","0x20","0x20","0x20","0x20","0x20","0x20","0x20","0x20","0x20","0x20","0x20","0x08"
"296","0xB","0xC","0b1100000011001100","0b1111101111111111","0","0","0b0000000000000000","0b0000000000000000","0b0000000000000000","0b0000000000000000","1","0b1100000011001100","0b0000000000000000","0x00000000","0x00000001","0x000001B4","0x00000000","0x00000000","0x0000006B","0x00000000","0x00000000","0x00000000","0x00000000","0x00000000","0x00000000","0x00000000","0x00000000","0x00000000","0x00000000","0x00000000","0x00000000","0x00000000","0x00000000","0x00000000","0x00000000","0x00000000","0x00000000","0x04000000","0x00000000","0x00000000","0x00000001","0xFFFFFFFF","0x00000088","0x00000260","0x00000051","0","0","0","0","0","0","0","0","0x8","0x3","0x0","0xF","0","1","1","1","0","1","1","1","0","1","1","1","0x00","0x18","0x18","0x18","0x0","0xF","0x3","0x7","0x60D000B4","0x1618D000","0x60D000B4","0x1618D000","0x60D000B4","0x1618D000","0x60D000B4","0x1618D000","0x09","0x08","0x05","0x04","0x01","0x00","0x1D","0x1C","0x008","0x700","0x004","0x300","0x000","0xF00","0x00C","0xB00","0x00","0x00","0xFF","0x20","0x20","0x20","0x07","0x20","0x20","0x20","0x20","0x20","0x20","0x20","0x20","0x20","0x20","0x20","0x20","0x20","0x20","0x20","0x20","0x20","0x20","0x20","0x20","0x20","0x20","0x20","0x20","0x20","0x20","0x20","0x08"
"297","0xB","0xC","0b1100000011001100","0b1111101111111111","0","0","0b0000000000000000","0b0000000000000000","0b0000000000000000","0b0000000000000000","0","0b1100000011001100","0b0000000000000000","0x00000000","0x00000001","0x000001B4","0x00000000","0x00000000","0x0000006B","0x00000000","0x00000000","0x00000000","0x00000000","0x00000000","0x00000000","0x00000000","0x00000000","0x00000000","0x00000000","0x00000000","0x00000000","0x00000000","0x00000000","0x00000000","0x00000000","0x00000000","0x00000000","0x04000000","0x00000000","0x00000000","0x00000001","0xFFFFFFFF","0x00000088","0x00000260","0x00000051","0","0","0","0","0","0","0","0","0x8","0x3","0x0","0xF","0","1","1","1","0","1","1","1","0","1","1","1","0x00","0x18","0x18","0x18","0x0","0xF","0x3","0x7","0x60D000B4","0x1618D000","0x60D000B4","0x1618D000","0x60D000B4","0x1618D000","0x60D000B4","0x1618D000","0x09","0x08","0x05","0x04","0x01","0x00","0x1D","0x1C","0x008","0x700","0x004","0x300","0x000","0xF00","0x00C","0xB00","0x00","0x00","0xFF","0x20","0x20","0x20","0x07","0x20","0x20","0x20","0x20","0x20","0x20","0x20","0x20","0x20","0x20","0x20","0x20","0x20","0x20","0x20","0x20","0x20","0x20","0x20","0x20","0x20","0x20","0x20","0x20","0x20","0x20","0x20","0x08"
"298","0xB","0xC","0b1100000011001100","0b1111101111111111","0","0","0b0000000000000000","0b0000000000000000","0b0000000000000000","0b0000000000000000","1","0b1100000011001100","0b0000000000000000","0x00000000","0x00000001","0x000001B4","0x00000000","0x00000000","0x0000006B","0x00000000","0x00000000","0x00000000","0x00000000","0x00000000","0x00000000","0x00000000","0x00000000","0x00000000","0x00000000","0x00000000","0x00000000","0x00000000","0x00000000","0x00000000","0x00000000","0x00000000","0x00000000","0x04000000","0x00000000","0x00000000","0x00000001","0xFFFFFFFF","0x00000088","0x00000260","0x00000051","0","0","0","0","0","0","0","0","0x8","0x3","0x0","0xF","0","1","1","1","0","1","1","1","0","1","1","1","0x00","0x18","0x18","0x18","0x0","0xF","0x3","0x7","0x60D000B4","0x1618D000","0x60D000B4","0x1618D000","0x60D000B4","0x1618D000","0x60D000B4","0x1618D000","0x09","0x08","0x05","0x04","0x01","0x00","0x1D","0x1C","0x008","0x700","0x004","0x300","0x000","0xF00","0x00C","0xB00","0x00","0x00","0xFF","0x20","0x20","0x20","0x07","0x20","0x20","0x20","0x20","0x20","0x20","0x20","0x20","0x20","0x20","0x20","0x20","0x20","0x20","0x20","0x20","0x20","0x20","0x20","0x20","0x20","0x20","0x20","0x20","0x20","0x20","0x20","0x08"
"299","0xB","0xC","0b1100000011001100","0b1111101111111111","0","0","0b0000000000000000","0b0000000000000000","0b0000000000000000","0b0000000000000000","0","0b1100000011001100","0b0000000000000000","0x00000000","0x00000001","0x000001B4","0x00000000","0x00000000","0x0000006B","0x00000000","0x00000000","0x00000000","0x00000000","0x00000000","0x00000000","0x00000000","0x00000000","0x00000000","0x00000000","0x00000000","0x00000000","0x00000000","0x00000000","0x00000000","0x00000000","0x00000000","0x00000000","0x04000000","0x00000000","0x00000000","0x00000001","0xFFFFFFFF","0x00000088","0x00000260","0x00000051","0","0","0","0","0","0","0","0","0x8","0x3","0x0","0xF","0","1","1","1","0","1","1","1","0","1","1","1","0x00","0x18","0x18","0x18","0x0","0xF","0x3","0x7","0x60D000B4","0x1618D000","0x60D000B4","0x1618D000","0x60D000B4","0x1618D000","0x60D000B4","0x1618D000","0x09","0x08","0x05","0x04","0x01","0x00","0x1D","0x1C","0x008","0x700","0x004","0x300","0x000","0xF00","0x00C","0xB00","0x00","0x00","0xFF","0x20","0x20","0x20","0x07","0x20","0x20","0x20","0x20","0x20","0x20","0x20","0x20","0x20","0x20","0x20","0x20","0x20","0x20","0x20","0x20","0x20","0x20","0x20","0x20","0x20","0x20","0x20","0x20","0x20","0x20","0x20","0x08"
"300","0xB","0xC","0b1100000011001100","0b1111101111111111","0","0","0b0000000000000000","0b0000000000000000","0b0000000000000000","0b0000000000000000","1","0b1100000011001100","0b0000000000000000","0x00000000","0x00000001","0x000001B4","0x00000000","0x00000000","0x0000006B","0x00000000","0x00000000","0x00000000","0x00000000","0x00000000","0x00000000","0x00000000","0x00000000","0x00000000","0x00000000","0x00000000","0x00000000","0x00000000","0x00000000","0x00000000","0x00000000","0x00000000","0x00000000","0x04000000","0x00000000","0x00000000","0x00000001","0xFFFFFFFF","0x00000088","0x00000260","0x00000051","0","0","0","0","0","0","0","0","0x8","0x3","0x0","0xF","0","1","1","1","0","1","1","1","0","1","1","1","0x00","0x18","0x18","0x18","0x0","0xF","0x3","0x7","0x60D000B4","0x1618D000","0x60D000B4","0x1618D000","0x60D000B4","0x1618D000","0x60D000B4","0x1618D000","0x09","0x08","0x05","0x04","0x01","0x00","0x1D","0x1C","0x008","0x700","0x004","0x300","0x000","0xF00","0x00C","0xB00","0x00","0x00","0xFF","0x20","0x20","0x20","0x07","0x20","0x20","0x20","0x20","0x20","0x20","0x20","0x20","0x20","0x20","0x20","0x20","0x20","0x20","0x20","0x20","0x20","0x20","0x20","0x20","0x20","0x20","0x20","0x20","0x20","0x20","0x20","0x08"
"301","0xB","0xC","0b1100000011001100","0b1111101111111111","0","0","0b0000000000000000","0b0000000000000000","0b0000000000000000","0b0000000000000000","0","0b1100000011001100","0b0000000000000000","0x00000000","0x00000001","0x000001B4","0x00000000","0x00000000","0x0000006B","0x00000000","0x00000000","0x00000000","0x00000000","0x00000000","0x00000000","0x00000000","0x00000000","0x00000000","0x00000000","0x00000000","0x00000000","0x00000000","0x00000000","0x00000000","0x00000000","0x00000000","0x00000000","0x04000000","0x00000000","0x00000000","0x00000001","0xFFFFFFFF","0x00000088","0x00000260","0x00000051","0","0","0","0","0","0","0","0","0x8","0x3","0x0","0xF","0","1","1","1","0","1","1","1","0","1","1","1","0x00","0x18","0x18","0x18","0x0","0xF","0x3","0x7","0x60D000B4","0x1618D000","0x60D000B4","0x1618D000","0x60D000B4","0x1618D000","0x60D000B4","0x1618D000","0x09","0x08","0x05","0x04","0x01","0x00","0x1D","0x1C","0x008","0x700","0x004","0x300","0x000","0xF00","0x00C","0xB00","0x00","0x00","0xFF","0x20","0x20","0x20","0x07","0x20","0x20","0x20","0x20","0x20","0x20","0x20","0x20","0x20","0x20","0x20","0x20","0x20","0x20","0x20","0x20","0x20","0x20","0x20","0x20","0x20","0x20","0x20","0x20","0x20","0x20","0x20","0x08"
"302","0xB","0xC","0b1100000011001100","0b1111101111111111","0","0","0b0000000000000000","0b0000000000000000","0b0000000000000000","0b0000000000000000","1","0b1100000011001100","0b0000000000000000","0x00000000","0x00000001","0x000001B4","0x00000000","0x00000000","0x0000006B","0x00000000","0x00000000","0x00000000","0x00000000","0x00000000","0x00000000","0x00000000","0x00000000","0x00000000","0x00000000","0x00000000","0x00000000","0x00000000","0x00000000","0x00000000","0x00000000","0x00000000","0x00000000","0x04000000","0x00000000","0x00000000","0x00000001","0xFFFFFFFF","0x00000088","0x00000260","0x00000051","0","0","0","0","0","0","0","0","0x8","0x3","0x0","0xF","0","1","1","1","0","1","1","1","0","1","1","1","0x00","0x18","0x18","0x18","0x0","0xF","0x3","0x7","0x60D000B4","0x1618D000","0x60D000B4","0x1618D000","0x60D000B4","0x1618D000","0x60D000B4","0x1618D000","0x09","0x08","0x05","0x04","0x01","0x00","0x1D","0x1C","0x008","0x700","0x004","0x300","0x000","0xF00","0x00C","0xB00","0x00","0x00","0xFF","0x20","0x20","0x20","0x07","0x20","0x20","0x20","0x20","0x20","0x20","0x20","0x20","0x20","0x20","0x20","0x20","0x20","0x20","0x20","0x20","0x20","0x20","0x20","0x20","0x20","0x20","0x20","0x20","0x20","0x20","0x20","0x08"
"303","0xB","0xC","0b1100000011001100","0b1111101111111111","0","0","0b0000000000000000","0b0000000000000000","0b0000000000000000","0b0000000000000000","0","0b1100000011001100","0b0000000000000000","0x00000000","0x00000001","0x000001B4","0x00000000","0x00000000","0x0000006B","0x00000000","0x00000000","0x00000000","0x00000000","0x00000000","0x00000000","0x00000000","0x00000000","0x00000000","0x00000000","0x00000000","0x00000000","0x00000000","0x00000000","0x00000000","0x00000000","0x00000000","0x00000000","0x04000000","0x00000000","0x00000000","0x00000001","0xFFFFFFFF","0x00000088","0x00000260","0x00000051","0","0","0","0","0","0","0","0","0x8","0x3","0x0","0xF","0","1","1","1","0","1","1","1","0","1","1","1","0x00","0x18","0x18","0x18","0x0","0xF","0x3","0x7","0x60D000B4","0x1618D000","0x60D000B4","0x1618D000","0x60D000B4","0x1618D000","0x60D000B4","0x1618D000","0x09","0x08","0x05","0x04","0x01","0x00","0x1D","0x1C","0x008","0x700","0x004","0x300","0x000","0xF00","0x00C","0xB00","0x00","0x00","0xFF","0x20","0x20","0x20","0x07","0x20","0x20","0x20","0x20","0x20","0x20","0x20","0x20","0x20","0x20","0x20","0x20","0x20","0x20","0x20","0x20","0x20","0x20","0x20","0x20","0x20","0x20","0x20","0x20","0x20","0x20","0x20","0x08"
"304","0xB","0xC","0b1100000011001100","0b1111101111111111","0","0","0b0000000000000000","0b0000000000000000","0b0000000000000000","0b0000000000000000","1","0b1100000011001100","0b0000000000000000","0x00000000","0x00000001","0x000001B4","0x00000000","0x00000000","0x0000006B","0x00000000","0x00000000","0x00000000","0x00000000","0x00000000","0x00000000","0x00000000","0x00000000","0x00000000","0x00000000","0x00000000","0x00000000","0x00000000","0x00000000","0x00000000","0x00000000","0x00000000","0x00000000","0x04000000","0x00000000","0x00000000","0x00000001","0xFFFFFFFF","0x00000088","0x00000260","0x00000051","0","0","0","0","0","0","0","0","0x8","0x3","0x0","0xF","0","1","1","1","0","1","1","1","0","1","1","1","0x00","0x18","0x18","0x18","0x0","0xF","0x3","0x7","0x60D000B4","0x1618D000","0x60D000B4","0x1618D000","0x60D000B4","0x1618D000","0x60D000B4","0x1618D000","0x09","0x08","0x05","0x04","0x01","0x00","0x1D","0x1C","0x008","0x700","0x004","0x300","0x000","0xF00","0x00C","0xB00","0x00","0x00","0xFF","0x20","0x20","0x20","0x07","0x20","0x20","0x20","0x20","0x20","0x20","0x20","0x20","0x20","0x20","0x20","0x20","0x20","0x20","0x20","0x20","0x20","0x20","0x20","0x20","0x20","0x20","0x20","0x20","0x20","0x20","0x20","0x08"
"305","0xB","0xC","0b1100000011001100","0b1111101111111111","0","0","0b0000000000000000","0b0000000000000000","0b0000000000000000","0b0000000000000000","0","0b1100000011001100","0b0000000000000000","0x00000000","0x00000001","0x000001B4","0x00000000","0x00000000","0x0000006B","0x00000000","0x00000000","0x00000000","0x00000000","0x00000000","0x00000000","0x00000000","0x00000000","0x00000000","0x00000000","0x00000000","0x00000000","0x00000000","0x00000000","0x00000000","0x00000000","0x00000000","0x00000000","0x04000000","0x00000000","0x00000000","0x00000001","0xFFFFFFFF","0x00000088","0x00000260","0x00000051","0","0","0","0","0","0","0","0","0x8","0x3","0x0","0xF","0","1","1","1","0","1","1","1","0","1","1","1","0x00","0x18","0x18","0x18","0x0","0xF","0x3","0x7","0x60D000B4","0x1618D000","0x60D000B4","0x1618D000","0x60D000B4","0x1618D000","0x60D000B4","0x1618D000","0x09","0x08","0x05","0x04","0x01","0x00","0x1D","0x1C","0x008","0x700","0x004","0x300","0x000","0xF00","0x00C","0xB00","0x00","0x00","0xFF","0x20","0x20","0x20","0x07","0x20","0x20","0x20","0x20","0x20","0x20","0x20","0x20","0x20","0x20","0x20","0x20","0x20","0x20","0x20","0x20","0x20","0x20","0x20","0x20","0x20","0x20","0x20","0x20","0x20","0x20","0x20","0x08"
"306","0xB","0xC","0b1100000011001100","0b1111101111111111","0","0","0b0000000000000000","0b0000000000000000","0b0000000000000000","0b0000000000000000","1","0b1100000011001100","0b0000000000000000","0x00000000","0x00000001","0x000001B4","0x00000000","0x00000000","0x0000006B","0x00000000","0x00000000","0x00000000","0x00000000","0x00000000","0x00000000","0x00000000","0x00000000","0x00000000","0x00000000","0x00000000","0x00000000","0x00000000","0x00000000","0x00000000","0x00000000","0x00000000","0x00000000","0x04000000","0x00000000","0x00000000","0x00000001","0xFFFFFFFF","0x00000088","0x00000260","0x00000051","0","0","0","0","0","0","0","0","0x8","0x3","0x0","0xF","0","1","1","1","0","1","1","1","0","1","1","1","0x00","0x18","0x18","0x18","0x0","0xF","0x3","0x7","0x60D000B4","0x1618D000","0x60D000B4","0x1618D000","0x60D000B4","0x1618D000","0x60D000B4","0x1618D000","0x09","0x08","0x05","0x04","0x01","0x00","0x1D","0x1C","0x008","0x700","0x004","0x300","0x000","0xF00","0x00C","0xB00","0x00","0x00","0xFF","0x20","0x20","0x20","0x07","0x20","0x20","0x20","0x20","0x20","0x20","0x20","0x20","0x20","0x20","0x20","0x20","0x20","0x20","0x20","0x20","0x20","0x20","0x20","0x20","0x20","0x20","0x20","0x20","0x20","0x20","0x20","0x08"
"307","0xB","0xC","0b1100000011001100","0b1111101111111111","0","0","0b0000000000000000","0b0000000000000000","0b0000000000000000","0b0000000000000000","0","0b1100000011001100","0b0000000000000000","0x00000000","0x00000001","0x000001B4","0x00000000","0x00000000","0x0000006B","0x00000000","0x00000000","0x00000000","0x00000000","0x00000000","0x00000000","0x00000000","0x00000000","0x00000000","0x00000000","0x00000000","0x00000000","0x00000000","0x00000000","0x00000000","0x00000000","0x00000000","0x00000000","0x04000000","0x00000000","0x00000000","0x00000001","0xFFFFFFFF","0x00000088","0x00000260","0x00000051","0","0","0","0","0","0","0","0","0x8","0x3","0x0","0xF","0","1","1","1","0","1","1","1","0","1","1","1","0x00","0x18","0x18","0x18","0x0","0xF","0x3","0x7","0x60D000B4","0x1618D000","0x60D000B4","0x1618D000","0x60D000B4","0x1618D000","0x60D000B4","0x1618D000","0x09","0x08","0x05","0x04","0x01","0x00","0x1D","0x1C","0x008","0x700","0x004","0x300","0x000","0xF00","0x00C","0xB00","0x00","0x00","0xFF","0x20","0x20","0x20","0x07","0x20","0x20","0x20","0x20","0x20","0x20","0x20","0x20","0x20","0x20","0x20","0x20","0x20","0x20","0x20","0x20","0x20","0x20","0x20","0x20","0x20","0x20","0x20","0x20","0x20","0x20","0x20","0x08"
"308","0xB","0xC","0b1100000011001100","0b1111101111111111","0","0","0b0000000000000000","0b0000000000000000","0b0000000000000000","0b0000000000000000","1","0b1100000011001100","0b0000000000000000","0x00000000","0x00000001","0x000001B4","0x00000000","0x00000000","0x0000006B","0x00000000","0x00000000","0x00000000","0x00000000","0x00000000","0x00000000","0x00000000","0x00000000","0x00000000","0x00000000","0x00000000","0x00000000","0x00000000","0x00000000","0x00000000","0x00000000","0x00000000","0x00000000","0x04000000","0x00000000","0x00000000","0x00000001","0xFFFFFFFF","0x00000088","0x00000260","0x00000051","0","0","0","0","0","0","0","0","0x8","0x3","0x0","0xF","0","1","1","1","0","1","1","1","0","1","1","1","0x00","0x18","0x18","0x18","0x0","0xF","0x3","0x7","0x60D000B4","0x1618D000","0x60D000B4","0x1618D000","0x60D000B4","0x1618D000","0x60D000B4","0x1618D000","0x09","0x08","0x05","0x04","0x01","0x00","0x1D","0x1C","0x008","0x700","0x004","0x300","0x000","0xF00","0x00C","0xB00","0x00","0x00","0xFF","0x20","0x20","0x20","0x07","0x20","0x20","0x20","0x20","0x20","0x20","0x20","0x20","0x20","0x20","0x20","0x20","0x20","0x20","0x20","0x20","0x20","0x20","0x20","0x20","0x20","0x20","0x20","0x20","0x20","0x20","0x20","0x08"
"309","0xB","0xC","0b1100000011001100","0b1111101111111111","0","0","0b0000000000000000","0b0000000000000000","0b0000000000000000","0b0000000000000000","0","0b1100000011001100","0b0000000000000000","0x00000000","0x00000001","0x000001B4","0x00000000","0x00000000","0x0000006B","0x00000000","0x00000000","0x00000000","0x00000000","0x00000000","0x00000000","0x00000000","0x00000000","0x00000000","0x00000000","0x00000000","0x00000000","0x00000000","0x00000000","0x00000000","0x00000000","0x00000000","0x00000000","0x04000000","0x00000000","0x00000000","0x00000001","0xFFFFFFFF","0x00000088","0x00000260","0x00000051","0","0","0","0","0","0","0","0","0x8","0x3","0x0","0xF","0","1","1","1","0","1","1","1","0","1","1","1","0x00","0x18","0x18","0x18","0x0","0xF","0x3","0x7","0x60D000B4","0x1618D000","0x60D000B4","0x1618D000","0x60D000B4","0x1618D000","0x60D000B4","0x1618D000","0x09","0x08","0x05","0x04","0x01","0x00","0x1D","0x1C","0x008","0x700","0x004","0x300","0x000","0xF00","0x00C","0xB00","0x00","0x00","0xFF","0x20","0x20","0x20","0x07","0x20","0x20","0x20","0x20","0x20","0x20","0x20","0x20","0x20","0x20","0x20","0x20","0x20","0x20","0x20","0x20","0x20","0x20","0x20","0x20","0x20","0x20","0x20","0x20","0x20","0x20","0x20","0x08"
"310","0xB","0xC","0b1100000011001100","0b1111101111111111","0","0","0b0000000000000000","0b0000000000000000","0b0000000000000000","0b0000000000000000","1","0b1100000011001100","0b0000000000000000","0x00000000","0x00000001","0x000001B4","0x00000000","0x00000000","0x0000006B","0x00000000","0x00000000","0x00000000","0x00000000","0x00000000","0x00000000","0x00000000","0x00000000","0x00000000","0x00000000","0x00000000","0x00000000","0x00000000","0x00000000","0x00000000","0x00000000","0x00000000","0x00000000","0x04000000","0x00000000","0x00000000","0x00000001","0xFFFFFFFF","0x00000088","0x00000260","0x00000051","0","0","0","0","0","0","0","0","0x8","0x3","0x0","0xF","0","1","1","1","0","1","1","1","0","1","1","1","0x00","0x18","0x18","0x18","0x0","0xF","0x3","0x7","0x60D000B4","0x1618D000","0x60D000B4","0x1618D000","0x60D000B4","0x1618D000","0x60D000B4","0x1618D000","0x09","0x08","0x05","0x04","0x01","0x00","0x1D","0x1C","0x008","0x700","0x004","0x300","0x000","0xF00","0x00C","0xB00","0x00","0x00","0xFF","0x20","0x20","0x20","0x07","0x20","0x20","0x20","0x20","0x20","0x20","0x20","0x20","0x20","0x20","0x20","0x20","0x20","0x20","0x20","0x20","0x20","0x20","0x20","0x20","0x20","0x20","0x20","0x20","0x20","0x20","0x20","0x08"
"311","0xB","0xC","0b1100000011001100","0b1111101111111111","0","0","0b0000000000000000","0b0000000000000000","0b0000000000000000","0b0000000000000000","0","0b1100000011001100","0b0000000000000000","0x00000000","0x00000001","0x000001B4","0x00000000","0x00000000","0x0000006B","0x00000000","0x00000000","0x00000000","0x00000000","0x00000000","0x00000000","0x00000000","0x00000000","0x00000000","0x00000000","0x00000000","0x00000000","0x00000000","0x00000000","0x00000000","0x00000000","0x00000000","0x00000000","0x04000000","0x00000000","0x00000000","0x00000001","0xFFFFFFFF","0x00000088","0x00000260","0x00000051","0","0","0","0","0","0","0","0","0x8","0x3","0x0","0xF","0","1","1","1","0","1","1","1","0","1","1","1","0x00","0x18","0x18","0x18","0x0","0xF","0x3","0x7","0x60D000B4","0x1618D000","0x60D000B4","0x1618D000","0x60D000B4","0x1618D000","0x60D000B4","0x1618D000","0x09","0x08","0x05","0x04","0x01","0x00","0x1D","0x1C","0x008","0x700","0x004","0x300","0x000","0xF00","0x00C","0xB00","0x00","0x00","0xFF","0x20","0x20","0x20","0x07","0x20","0x20","0x20","0x20","0x20","0x20","0x20","0x20","0x20","0x20","0x20","0x20","0x20","0x20","0x20","0x20","0x20","0x20","0x20","0x20","0x20","0x20","0x20","0x20","0x20","0x20","0x20","0x08"
"312","0xB","0xC","0b1100000011001100","0b1111101111111111","0","0","0b0000000000000000","0b0000000000000000","0b0000000000000000","0b0000000000000000","1","0b1100000011001100","0b0000000000000000","0x00000000","0x00000001","0x000001B4","0x00000000","0x00000000","0x0000006B","0x00000000","0x00000000","0x00000000","0x00000000","0x00000000","0x00000000","0x00000000","0x00000000","0x00000000","0x00000000","0x00000000","0x00000000","0x00000000","0x00000000","0x00000000","0x00000000","0x00000000","0x00000000","0x04000000","0x00000000","0x00000000","0x00000001","0xFFFFFFFF","0x00000088","0x00000260","0x00000051","0","0","0","0","0","0","0","0","0x8","0x3","0x0","0xF","0","1","1","1","0","1","1","1","0","1","1","1","0x00","0x18","0x18","0x18","0x0","0xF","0x3","0x7","0x60D000B4","0x1618D000","0x60D000B4","0x1618D000","0x60D000B4","0x1618D000","0x60D000B4","0x1618D000","0x09","0x08","0x05","0x04","0x01","0x00","0x1D","0x1C","0x008","0x700","0x004","0x300","0x000","0xF00","0x00C","0xB00","0x00","0x00","0xFF","0x20","0x20","0x20","0x07","0x20","0x20","0x20","0x20","0x20","0x20","0x20","0x20","0x20","0x20","0x20","0x20","0x20","0x20","0x20","0x20","0x20","0x20","0x20","0x20","0x20","0x20","0x20","0x20","0x20","0x20","0x20","0x08"
"313","0xB","0xC","0b1100000011001100","0b1111101111111111","0","0","0b0000000000000000","0b0000000000000000","0b0000000000000000","0b0000000000000000","0","0b1100000011001100","0b0000000000000000","0x00000000","0x00000001","0x000001B4","0x00000000","0x00000000","0x0000006B","0x00000000","0x00000000","0x00000000","0x00000000","0x00000000","0x00000000","0x00000000","0x00000000","0x00000000","0x00000000","0x00000000","0x00000000","0x00000000","0x00000000","0x00000000","0x00000000","0x00000000","0x00000000","0x04000000","0x00000000","0x00000000","0x00000001","0xFFFFFFFF","0x00000088","0x00000260","0x00000051","0","0","0","0","0","0","0","0","0x8","0x3","0x0","0xF","0","1","1","1","0","1","1","1","0","1","1","1","0x00","0x18","0x18","0x18","0x0","0xF","0x3","0x7","0x60D000B4","0x1618D000","0x60D000B4","0x1618D000","0x60D000B4","0x1618D000","0x60D000B4","0x1618D000","0x09","0x08","0x05","0x04","0x01","0x00","0x1D","0x1C","0x008","0x700","0x004","0x300","0x000","0xF00","0x00C","0xB00","0x00","0x00","0xFF","0x20","0x20","0x20","0x07","0x20","0x20","0x20","0x20","0x20","0x20","0x20","0x20","0x20","0x20","0x20","0x20","0x20","0x20","0x20","0x20","0x20","0x20","0x20","0x20","0x20","0x20","0x20","0x20","0x20","0x20","0x20","0x08"
"314","0xB","0xC","0b1100000011001100","0b1111101111111111","0","0","0b0000000000000000","0b0000000000000000","0b0000000000000000","0b0000000000000000","1","0b1100000011001100","0b0000000000000000","0x00000000","0x00000001","0x000001B4","0x00000000","0x00000000","0x0000006B","0x00000000","0x00000000","0x00000000","0x00000000","0x00000000","0x00000000","0x00000000","0x00000000","0x00000000","0x00000000","0x00000000","0x00000000","0x00000000","0x00000000","0x00000000","0x00000000","0x00000000","0x00000000","0x04000000","0x00000000","0x00000000","0x00000001","0xFFFFFFFF","0x00000088","0x00000260","0x00000051","0","0","0","0","0","0","0","0","0x8","0x3","0x0","0xF","0","1","1","1","0","1","1","1","0","1","1","1","0x00","0x18","0x18","0x18","0x0","0xF","0x3","0x7","0x60D000B4","0x1618D000","0x60D000B4","0x1618D000","0x60D000B4","0x1618D000","0x60D000B4","0x1618D000","0x09","0x08","0x05","0x04","0x01","0x00","0x1D","0x1C","0x008","0x700","0x004","0x300","0x000","0xF00","0x00C","0xB00","0x00","0x00","0xFF","0x20","0x20","0x20","0x07","0x20","0x20","0x20","0x20","0x20","0x20","0x20","0x20","0x20","0x20","0x20","0x20","0x20","0x20","0x20","0x20","0x20","0x20","0x20","0x20","0x20","0x20","0x20","0x20","0x20","0x20","0x20","0x08"
"315","0xB","0xC","0b1100000011001100","0b1111101111111111","0","0","0b0000000000000000","0b0000000000000000","0b0000000000000000","0b0000000000000000","0","0b1100000011001100","0b0000000000000000","0x00000000","0x00000001","0x000001B4","0x00000000","0x00000000","0x0000006B","0x00000000","0x00000000","0x00000000","0x00000000","0x00000000","0x00000000","0x00000000","0x00000000","0x00000000","0x00000000","0x00000000","0x00000000","0x00000000","0x00000000","0x00000000","0x00000000","0x00000000","0x00000000","0x04000000","0x00000000","0x00000000","0x00000001","0xFFFFFFFF","0x00000088","0x00000260","0x00000051","0","0","0","0","0","0","0","0","0x8","0x3","0x0","0xF","0","1","1","1","0","1","1","1","0","1","1","1","0x00","0x18","0x18","0x18","0x0","0xF","0x3","0x7","0x60D000B4","0x1618D000","0x60D000B4","0x1618D000","0x60D000B4","0x1618D000","0x60D000B4","0x1618D000","0x09","0x08","0x05","0x04","0x01","0x00","0x1D","0x1C","0x008","0x700","0x004","0x300","0x000","0xF00","0x00C","0xB00","0x00","0x00","0xFF","0x20","0x20","0x20","0x07","0x20","0x20","0x20","0x20","0x20","0x20","0x20","0x20","0x20","0x20","0x20","0x20","0x20","0x20","0x20","0x20","0x20","0x20","0x20","0x20","0x20","0x20","0x20","0x20","0x20","0x20","0x20","0x08"
"316","0xB","0xC","0b1100000011001100","0b1111101111111111","0","0","0b0000000000000000","0b0000000000000000","0b0000000000000000","0b0000000000000000","1","0b1100000011001100","0b0000000000000000","0x00000000","0x00000001","0x000001B4","0x00000000","0x00000000","0x0000006B","0x00000000","0x00000000","0x00000000","0x00000000","0x00000000","0x00000000","0x00000000","0x00000000","0x00000000","0x00000000","0x00000000","0x00000000","0x00000000","0x00000000","0x00000000","0x00000000","0x00000000","0x00000000","0x04000000","0x00000000","0x00000000","0x00000001","0xFFFFFFFF","0x00000088","0x00000260","0x00000051","0","0","0","0","0","0","0","0","0x8","0x3","0x0","0xF","0","1","1","1","0","1","1","1","0","1","1","1","0x00","0x18","0x18","0x18","0x0","0xF","0x3","0x7","0x60D000B4","0x1618D000","0x60D000B4","0x1618D000","0x60D000B4","0x1618D000","0x60D000B4","0x1618D000","0x09","0x08","0x05","0x04","0x01","0x00","0x1D","0x1C","0x008","0x700","0x004","0x300","0x000","0xF00","0x00C","0xB00","0x00","0x00","0xFF","0x20","0x20","0x20","0x07","0x20","0x20","0x20","0x20","0x20","0x20","0x20","0x20","0x20","0x20","0x20","0x20","0x20","0x20","0x20","0x20","0x20","0x20","0x20","0x20","0x20","0x20","0x20","0x20","0x20","0x20","0x20","0x08"
"317","0xB","0xC","0b1100000011001100","0b1111101111111111","0","0","0b0000000000000000","0b0000000000000000","0b0000000000000000","0b0000000000000000","0","0b1100000011001100","0b0000000000000000","0x00000000","0x00000001","0x000001B4","0x00000000","0x00000000","0x0000006B","0x00000000","0x00000000","0x00000000","0x00000000","0x00000000","0x00000000","0x00000000","0x00000000","0x00000000","0x00000000","0x00000000","0x00000000","0x00000000","0x00000000","0x00000000","0x00000000","0x00000000","0x00000000","0x04000000","0x00000000","0x00000000","0x00000001","0xFFFFFFFF","0x00000088","0x00000260","0x00000051","0","0","0","0","0","0","0","0","0x8","0x3","0x0","0xF","0","1","1","1","0","1","1","1","0","1","1","1","0x00","0x18","0x18","0x18","0x0","0xF","0x3","0x7","0x60D000B4","0x1618D000","0x60D000B4","0x1618D000","0x60D000B4","0x1618D000","0x60D000B4","0x1618D000","0x09","0x08","0x05","0x04","0x01","0x00","0x1D","0x1C","0x008","0x700","0x004","0x300","0x000","0xF00","0x00C","0xB00","0x00","0x00","0xFF","0x20","0x20","0x20","0x07","0x20","0x20","0x20","0x20","0x20","0x20","0x20","0x20","0x20","0x20","0x20","0x20","0x20","0x20","0x20","0x20","0x20","0x20","0x20","0x20","0x20","0x20","0x20","0x20","0x20","0x20","0x20","0x08"
"318","0xB","0xC","0b1100000011001100","0b1111101111111111","0","0","0b0000000000000000","0b0000000000000000","0b0000000000000000","0b0000000000000000","1","0b1100000011001100","0b0000000000000000","0x00000000","0x00000001","0x000001B4","0x00000000","0x00000000","0x0000006B","0x00000000","0x00000000","0x00000000","0x00000000","0x00000000","0x00000000","0x00000000","0x00000000","0x00000000","0x00000000","0x00000000","0x00000000","0x00000000","0x00000000","0x00000000","0x00000000","0x00000000","0x00000000","0x04000000","0x00000000","0x00000000","0x00000001","0xFFFFFFFF","0x00000088","0x00000260","0x00000051","0","0","0","0","0","0","0","0","0x8","0x3","0x0","0xF","0","1","1","1","0","1","1","1","0","1","1","1","0x00","0x18","0x18","0x18","0x0","0xF","0x3","0x7","0x60D000B4","0x1618D000","0x60D000B4","0x1618D000","0x60D000B4","0x1618D000","0x60D000B4","0x1618D000","0x09","0x08","0x05","0x04","0x01","0x00","0x1D","0x1C","0x008","0x700","0x004","0x300","0x000","0xF00","0x00C","0xB00","0x00","0x00","0xFF","0x20","0x20","0x20","0x07","0x20","0x20","0x20","0x20","0x20","0x20","0x20","0x20","0x20","0x20","0x20","0x20","0x20","0x20","0x20","0x20","0x20","0x20","0x20","0x20","0x20","0x20","0x20","0x20","0x20","0x20","0x20","0x08"
"319","0xB","0xC","0b1100000011001100","0b1111101111111111","0","0","0b0000000000000000","0b0000000000000000","0b0000000000000000","0b0000000000000000","0","0b1100000011001100","0b0000000000000000","0x00000000","0x00000001","0x000001B4","0x00000000","0x00000000","0x0000006B","0x00000000","0x00000000","0x00000000","0x00000000","0x00000000","0x00000000","0x00000000","0x00000000","0x00000000","0x00000000","0x00000000","0x00000000","0x00000000","0x00000000","0x00000000","0x00000000","0x00000000","0x00000000","0x04000000","0x00000000","0x00000000","0x00000001","0xFFFFFFFF","0x00000088","0x00000260","0x00000051","0","0","0","0","0","0","0","0","0x8","0x3","0x0","0xF","0","1","1","1","0","1","1","1","0","1","1","1","0x00","0x18","0x18","0x18","0x0","0xF","0x3","0x7","0x60D000B4","0x1618D000","0x60D000B4","0x1618D000","0x60D000B4","0x1618D000","0x60D000B4","0x1618D000","0x09","0x08","0x05","0x04","0x01","0x00","0x1D","0x1C","0x008","0x700","0x004","0x300","0x000","0xF00","0x00C","0xB00","0x00","0x00","0xFF","0x20","0x20","0x20","0x07","0x20","0x20","0x20","0x20","0x20","0x20","0x20","0x20","0x20","0x20","0x20","0x20","0x20","0x20","0x20","0x20","0x20","0x20","0x20","0x20","0x20","0x20","0x20","0x20","0x20","0x20","0x20","0x08"
"320","0xB","0xC","0b1100000011001100","0b1111101111111111","0","0","0b0000000000000000","0b0000000000000000","0b0000000000000000","0b0000000000000000","1","0b1100000011001100","0b0000000000000000","0x00000000","0x00000001","0x000001B4","0x00000000","0x00000000","0x0000006B","0x00000000","0x00000000","0x00000000","0x00000000","0x00000000","0x00000000","0x00000000","0x00000000","0x00000000","0x00000000","0x00000000","0x00000000","0x00000000","0x00000000","0x00000000","0x00000000","0x00000000","0x00000000","0x04000000","0x00000000","0x00000000","0x00000001","0xFFFFFFFF","0x00000088","0x00000260","0x00000051","0","0","0","0","0","0","0","0","0x8","0x3","0x0","0xF","0","1","1","1","0","1","1","1","0","1","1","1","0x00","0x18","0x18","0x18","0x0","0xF","0x3","0x7","0x60D000B4","0x1618D000","0x60D000B4","0x1618D000","0x60D000B4","0x1618D000","0x60D000B4","0x1618D000","0x09","0x08","0x05","0x04","0x01","0x00","0x1D","0x1C","0x008","0x700","0x004","0x300","0x000","0xF00","0x00C","0xB00","0x00","0x00","0xFF","0x20","0x20","0x20","0x07","0x20","0x20","0x20","0x20","0x20","0x20","0x20","0x20","0x20","0x20","0x20","0x20","0x20","0x20","0x20","0x20","0x20","0x20","0x20","0x20","0x20","0x20","0x20","0x20","0x20","0x20","0x20","0x08"
"321","0xB","0xC","0b1100000011001100","0b1111101111111111","0","0","0b0000000000000000","0b0000000000000000","0b0000000000000000","0b0000000000000000","0","0b1100000011001100","0b0000000000000000","0x00000000","0x00000001","0x000001B4","0x00000000","0x00000000","0x0000006B","0x00000000","0x00000000","0x00000000","0x00000000","0x00000000","0x00000000","0x00000000","0x00000000","0x00000000","0x00000000","0x00000000","0x00000000","0x00000000","0x00000000","0x00000000","0x00000000","0x00000000","0x00000000","0x04000000","0x00000000","0x00000000","0x00000001","0xFFFFFFFF","0x00000088","0x00000260","0x00000051","0","0","0","0","0","0","0","0","0x8","0x3","0x0","0xF","0","1","1","1","0","1","1","1","0","1","1","1","0x00","0x18","0x18","0x18","0x0","0xF","0x3","0x7","0x60D000B4","0x1618D000","0x60D000B4","0x1618D000","0x60D000B4","0x1618D000","0x60D000B4","0x1618D000","0x09","0x08","0x05","0x04","0x01","0x00","0x1D","0x1C","0x008","0x700","0x004","0x300","0x000","0xF00","0x00C","0xB00","0x00","0x00","0xFF","0x20","0x20","0x20","0x07","0x20","0x20","0x20","0x20","0x20","0x20","0x20","0x20","0x20","0x20","0x20","0x20","0x20","0x20","0x20","0x20","0x20","0x20","0x20","0x20","0x20","0x20","0x20","0x20","0x20","0x20","0x20","0x08"
"322","0xB","0xC","0b1100000011001100","0b1111101111111111","0","0","0b0000000000000000","0b0000000000000000","0b0000000000000000","0b0000000000000000","1","0b1100000011001100","0b0000000000000000","0x00000000","0x00000001","0x000001B4","0x00000000","0x00000000","0x0000006B","0x00000000","0x00000000","0x00000000","0x00000000","0x00000000","0x00000000","0x00000000","0x00000000","0x00000000","0x00000000","0x00000000","0x00000000","0x00000000","0x00000000","0x00000000","0x00000000","0x00000000","0x00000000","0x04000000","0x00000000","0x00000000","0x00000001","0xFFFFFFFF","0x00000088","0x00000260","0x00000051","0","0","0","0","0","0","0","0","0x8","0x3","0x0","0xF","0","1","1","1","0","1","1","1","0","1","1","1","0x00","0x18","0x18","0x18","0x0","0xF","0x3","0x7","0x60D000B4","0x1618D000","0x60D000B4","0x1618D000","0x60D000B4","0x1618D000","0x60D000B4","0x1618D000","0x09","0x08","0x05","0x04","0x01","0x00","0x1D","0x1C","0x008","0x700","0x004","0x300","0x000","0xF00","0x00C","0xB00","0x00","0x00","0xFF","0x20","0x20","0x20","0x07","0x20","0x20","0x20","0x20","0x20","0x20","0x20","0x20","0x20","0x20","0x20","0x20","0x20","0x20","0x20","0x20","0x20","0x20","0x20","0x20","0x20","0x20","0x20","0x20","0x20","0x20","0x20","0x08"
"323","0xB","0xC","0b1100000011001100","0b1111101111111111","0","0","0b0000000000000000","0b0000000000000000","0b0000000000000000","0b0000000000000000","0","0b1100000011001100","0b0000000000000000","0x00000000","0x00000001","0x000001B4","0x00000000","0x00000000","0x0000006B","0x00000000","0x00000000","0x00000000","0x00000000","0x00000000","0x00000000","0x00000000","0x00000000","0x00000000","0x00000000","0x00000000","0x00000000","0x00000000","0x00000000","0x00000000","0x00000000","0x00000000","0x00000000","0x04000000","0x00000000","0x00000000","0x00000001","0xFFFFFFFF","0x00000088","0x00000260","0x00000051","0","0","0","0","0","0","0","0","0x8","0x3","0x0","0xF","0","1","1","1","0","1","1","1","0","1","1","1","0x00","0x18","0x18","0x18","0x0","0xF","0x3","0x7","0x60D000B4","0x1618D000","0x60D000B4","0x1618D000","0x60D000B4","0x1618D000","0x60D000B4","0x1618D000","0x09","0x08","0x05","0x04","0x01","0x00","0x1D","0x1C","0x008","0x700","0x004","0x300","0x000","0xF00","0x00C","0xB00","0x00","0x00","0xFF","0x20","0x20","0x20","0x07","0x20","0x20","0x20","0x20","0x20","0x20","0x20","0x20","0x20","0x20","0x20","0x20","0x20","0x20","0x20","0x20","0x20","0x20","0x20","0x20","0x20","0x20","0x20","0x20","0x20","0x20","0x20","0x08"
"324","0xB","0xC","0b1100000011001100","0b1111101111111111","0","0","0b0000000000000000","0b0000000000000000","0b0000000000000000","0b0000000000000000","1","0b1100000011001100","0b0000000000000000","0x00000000","0x00000001","0x000001B4","0x00000000","0x00000000","0x0000006B","0x00000000","0x00000000","0x00000000","0x00000000","0x00000000","0x00000000","0x00000000","0x00000000","0x00000000","0x00000000","0x00000000","0x00000000","0x00000000","0x00000000","0x00000000","0x00000000","0x00000000","0x00000000","0x04000000","0x00000000","0x00000000","0x00000001","0xFFFFFFFF","0x00000088","0x00000260","0x00000051","0","0","0","0","0","0","0","0","0x8","0x3","0x0","0xF","0","1","1","1","0","1","1","1","0","1","1","1","0x00","0x18","0x18","0x18","0x0","0xF","0x3","0x7","0x60D000B4","0x1618D000","0x60D000B4","0x1618D000","0x60D000B4","0x1618D000","0x60D000B4","0x1618D000","0x09","0x08","0x05","0x04","0x01","0x00","0x1D","0x1C","0x008","0x700","0x004","0x300","0x000","0xF00","0x00C","0xB00","0x00","0x00","0xFF","0x20","0x20","0x20","0x07","0x20","0x20","0x20","0x20","0x20","0x20","0x20","0x20","0x20","0x20","0x20","0x20","0x20","0x20","0x20","0x20","0x20","0x20","0x20","0x20","0x20","0x20","0x20","0x20","0x20","0x20","0x20","0x08"
"325","0xB","0xC","0b1100000011001100","0b1111101111111111","0","0","0b0000000000000000","0b0000000000000000","0b0000000000000000","0b0000000000000000","0","0b1100000011001100","0b0000000000000000","0x00000000","0x00000001","0x000001B4","0x00000000","0x00000000","0x0000006B","0x00000000","0x00000000","0x00000000","0x00000000","0x00000000","0x00000000","0x00000000","0x00000000","0x00000000","0x00000000","0x00000000","0x00000000","0x00000000","0x00000000","0x00000000","0x00000000","0x00000000","0x00000000","0x04000000","0x00000000","0x00000000","0x00000001","0xFFFFFFFF","0x00000088","0x00000260","0x00000051","0","0","0","0","0","0","0","0","0x8","0x3","0x0","0xF","0","1","1","1","0","1","1","1","0","1","1","1","0x00","0x18","0x18","0x18","0x0","0xF","0x3","0x7","0x60D000B4","0x1618D000","0x60D000B4","0x1618D000","0x60D000B4","0x1618D000","0x60D000B4","0x1618D000","0x09","0x08","0x05","0x04","0x01","0x00","0x1D","0x1C","0x008","0x700","0x004","0x300","0x000","0xF00","0x00C","0xB00","0x00","0x00","0xFF","0x20","0x20","0x20","0x07","0x20","0x20","0x20","0x20","0x20","0x20","0x20","0x20","0x20","0x20","0x20","0x20","0x20","0x20","0x20","0x20","0x20","0x20","0x20","0x20","0x20","0x20","0x20","0x20","0x20","0x20","0x20","0x08"
"326","0xB","0xC","0b1100000011001100","0b1111101111111111","0","0","0b0000000000000000","0b0000000000000000","0b0000000000000000","0b0000000000000000","1","0b1100000011001100","0b0000000000000000","0x00000000","0x00000001","0x000001B4","0x00000000","0x00000000","0x0000006B","0x00000000","0x00000000","0x00000000","0x00000000","0x00000000","0x00000000","0x00000000","0x00000000","0x00000000","0x00000000","0x00000000","0x00000000","0x00000000","0x00000000","0x00000000","0x00000000","0x00000000","0x00000000","0x04000000","0x00000000","0x00000000","0x00000001","0xFFFFFFFF","0x00000088","0x00000260","0x00000051","0","0","0","0","0","0","0","0","0x8","0x3","0x0","0xF","0","1","1","1","0","1","1","1","0","1","1","1","0x00","0x18","0x18","0x18","0x0","0xF","0x3","0x7","0x60D000B4","0x1618D000","0x60D000B4","0x1618D000","0x60D000B4","0x1618D000","0x60D000B4","0x1618D000","0x09","0x08","0x05","0x04","0x01","0x00","0x1D","0x1C","0x008","0x700","0x004","0x300","0x000","0xF00","0x00C","0xB00","0x00","0x00","0xFF","0x20","0x20","0x20","0x07","0x20","0x20","0x20","0x20","0x20","0x20","0x20","0x20","0x20","0x20","0x20","0x20","0x20","0x20","0x20","0x20","0x20","0x20","0x20","0x20","0x20","0x20","0x20","0x20","0x20","0x20","0x20","0x08"
"327","0xB","0xC","0b1100000011001100","0b1111101111111111","0","0","0b0000000000000000","0b0000000000000000","0b0000000000000000","0b0000000000000000","0","0b1100000011001100","0b0000000000000000","0x00000000","0x00000001","0x000001B4","0x00000000","0x00000000","0x0000006B","0x00000000","0x00000000","0x00000000","0x00000000","0x00000000","0x00000000","0x00000000","0x00000000","0x00000000","0x00000000","0x00000000","0x00000000","0x00000000","0x00000000","0x00000000","0x00000000","0x00000000","0x00000000","0x04000000","0x00000000","0x00000000","0x00000001","0xFFFFFFFF","0x00000088","0x00000260","0x00000051","0","0","0","0","0","0","0","0","0x8","0x3","0x0","0xF","0","1","1","1","0","1","1","1","0","1","1","1","0x00","0x18","0x18","0x18","0x0","0xF","0x3","0x7","0x60D000B4","0x1618D000","0x60D000B4","0x1618D000","0x60D000B4","0x1618D000","0x60D000B4","0x1618D000","0x09","0x08","0x05","0x04","0x01","0x00","0x1D","0x1C","0x008","0x700","0x004","0x300","0x000","0xF00","0x00C","0xB00","0x00","0x00","0xFF","0x20","0x20","0x20","0x07","0x20","0x20","0x20","0x20","0x20","0x20","0x20","0x20","0x20","0x20","0x20","0x20","0x20","0x20","0x20","0x20","0x20","0x20","0x20","0x20","0x20","0x20","0x20","0x20","0x20","0x20","0x20","0x08"
"328","0xB","0xC","0b1100000011001100","0b1111101111111111","0","0","0b0000000000000000","0b0000000000000000","0b0000000000000000","0b0000000000000000","1","0b1100000011001100","0b0000000000000000","0x00000000","0x00000001","0x000001B4","0x00000000","0x00000000","0x0000006B","0x00000000","0x00000000","0x00000000","0x00000000","0x00000000","0x00000000","0x00000000","0x00000000","0x00000000","0x00000000","0x00000000","0x00000000","0x00000000","0x00000000","0x00000000","0x00000000","0x00000000","0x00000000","0x04000000","0x00000000","0x00000000","0x00000001","0xFFFFFFFF","0x00000088","0x00000260","0x00000051","0","0","0","0","0","0","0","0","0x8","0x3","0x0","0xF","0","1","1","1","0","1","1","1","0","1","1","1","0x00","0x18","0x18","0x18","0x0","0xF","0x3","0x7","0x60D000B4","0x1618D000","0x60D000B4","0x1618D000","0x60D000B4","0x1618D000","0x60D000B4","0x1618D000","0x09","0x08","0x05","0x04","0x01","0x00","0x1D","0x1C","0x008","0x700","0x004","0x300","0x000","0xF00","0x00C","0xB00","0x00","0x00","0xFF","0x20","0x20","0x20","0x07","0x20","0x20","0x20","0x20","0x20","0x20","0x20","0x20","0x20","0x20","0x20","0x20","0x20","0x20","0x20","0x20","0x20","0x20","0x20","0x20","0x20","0x20","0x20","0x20","0x20","0x20","0x20","0x08"
"329","0xB","0xC","0b1100000011001100","0b1111101111111111","0","0","0b0000000000000000","0b0000000000000000","0b0000000000000000","0b0000000000000000","0","0b1100000011001100","0b0000000000000000","0x00000000","0x00000001","0x000001B4","0x00000000","0x00000000","0x0000006B","0x00000000","0x00000000","0x00000000","0x00000000","0x00000000","0x00000000","0x00000000","0x00000000","0x00000000","0x00000000","0x00000000","0x00000000","0x00000000","0x00000000","0x00000000","0x00000000","0x00000000","0x00000000","0x04000000","0x00000000","0x00000000","0x00000001","0xFFFFFFFF","0x00000088","0x00000260","0x00000051","0","0","0","0","0","0","0","0","0x8","0x3","0x0","0xF","0","1","1","1","0","1","1","1","0","1","1","1","0x00","0x18","0x18","0x18","0x0","0xF","0x3","0x7","0x60D000B4","0x1618D000","0x60D000B4","0x1618D000","0x60D000B4","0x1618D000","0x60D000B4","0x1618D000","0x09","0x08","0x05","0x04","0x01","0x00","0x1D","0x1C","0x008","0x700","0x004","0x300","0x000","0xF00","0x00C","0xB00","0x00","0x00","0xFF","0x20","0x20","0x20","0x07","0x20","0x20","0x20","0x20","0x20","0x20","0x20","0x20","0x20","0x20","0x20","0x20","0x20","0x20","0x20","0x20","0x20","0x20","0x20","0x20","0x20","0x20","0x20","0x20","0x20","0x20","0x20","0x08"
"330","0xB","0xC","0b1100000011001100","0b1111101111111111","0","0","0b0000000000000000","0b0000000000000000","0b0000000000000000","0b0000000000000000","1","0b1100000011001100","0b0000000000000000","0x00000000","0x00000001","0x000001B4","0x00000000","0x00000000","0x0000006B","0x00000000","0x00000000","0x00000000","0x00000000","0x00000000","0x00000000","0x00000000","0x00000000","0x00000000","0x00000000","0x00000000","0x00000000","0x00000000","0x00000000","0x00000000","0x00000000","0x00000000","0x00000000","0x04000000","0x00000000","0x00000000","0x00000001","0xFFFFFFFF","0x00000088","0x00000260","0x00000051","0","0","0","0","0","0","0","0","0x8","0x3","0x0","0xF","0","1","1","1","0","1","1","1","0","1","1","1","0x00","0x18","0x18","0x18","0x0","0xF","0x3","0x7","0x60D000B4","0x1618D000","0x60D000B4","0x1618D000","0x60D000B4","0x1618D000","0x60D000B4","0x1618D000","0x09","0x08","0x05","0x04","0x01","0x00","0x1D","0x1C","0x008","0x700","0x004","0x300","0x000","0xF00","0x00C","0xB00","0x00","0x00","0xFF","0x20","0x20","0x20","0x07","0x20","0x20","0x20","0x20","0x20","0x20","0x20","0x20","0x20","0x20","0x20","0x20","0x20","0x20","0x20","0x20","0x20","0x20","0x20","0x20","0x20","0x20","0x20","0x20","0x20","0x20","0x20","0x08"
"331","0xB","0xC","0b1100000011001100","0b1111101111111111","0","0","0b0000000000000000","0b0000000000000000","0b0000000000000000","0b0000000000000000","0","0b1100000011001100","0b0000000000000000","0x00000000","0x00000001","0x000001B4","0x00000000","0x00000000","0x0000006B","0x00000000","0x00000000","0x00000000","0x00000000","0x00000000","0x00000000","0x00000000","0x00000000","0x00000000","0x00000000","0x00000000","0x00000000","0x00000000","0x00000000","0x00000000","0x00000000","0x00000000","0x00000000","0x04000000","0x00000000","0x00000000","0x00000001","0xFFFFFFFF","0x00000088","0x00000260","0x00000051","0","0","0","0","0","0","0","0","0x8","0x3","0x0","0xF","0","1","1","1","0","1","1","1","0","1","1","1","0x00","0x18","0x18","0x18","0x0","0xF","0x3","0x7","0x60D000B4","0x1618D000","0x60D000B4","0x1618D000","0x60D000B4","0x1618D000","0x60D000B4","0x1618D000","0x09","0x08","0x05","0x04","0x01","0x00","0x1D","0x1C","0x008","0x700","0x004","0x300","0x000","0xF00","0x00C","0xB00","0x00","0x00","0xFF","0x20","0x20","0x20","0x07","0x20","0x20","0x20","0x20","0x20","0x20","0x20","0x20","0x20","0x20","0x20","0x20","0x20","0x20","0x20","0x20","0x20","0x20","0x20","0x20","0x20","0x20","0x20","0x20","0x20","0x20","0x20","0x08"
"332","0xB","0xC","0b1100000011001100","0b1111101111111111","0","0","0b0000000000000000","0b0000000000000000","0b0000000000000000","0b0000000000000000","1","0b1100000011001100","0b0000000000000000","0x00000000","0x00000001","0x000001B4","0x00000000","0x00000000","0x0000006B","0x00000000","0x00000000","0x00000000","0x00000000","0x00000000","0x00000000","0x00000000","0x00000000","0x00000000","0x00000000","0x00000000","0x00000000","0x00000000","0x00000000","0x00000000","0x00000000","0x00000000","0x00000000","0x04000000","0x00000000","0x00000000","0x00000001","0xFFFFFFFF","0x00000088","0x00000260","0x00000051","0","0","0","0","0","0","0","0","0x8","0x3","0x0","0xF","0","1","1","1","0","1","1","1","0","1","1","1","0x00","0x18","0x18","0x18","0x0","0xF","0x3","0x7","0x60D000B4","0x1618D000","0x60D000B4","0x1618D000","0x60D000B4","0x1618D000","0x60D000B4","0x1618D000","0x09","0x08","0x05","0x04","0x01","0x00","0x1D","0x1C","0x008","0x700","0x004","0x300","0x000","0xF00","0x00C","0xB00","0x00","0x00","0xFF","0x20","0x20","0x20","0x07","0x20","0x20","0x20","0x20","0x20","0x20","0x20","0x20","0x20","0x20","0x20","0x20","0x20","0x20","0x20","0x20","0x20","0x20","0x20","0x20","0x20","0x20","0x20","0x20","0x20","0x20","0x20","0x08"
"333","0xB","0xC","0b1100000011001100","0b1111101111111111","0","0","0b0000000000000000","0b0000000000000000","0b0000000000000000","0b0000000000000000","0","0b1100000011001100","0b0000000000000000","0x00000000","0x00000001","0x000001B4","0x00000000","0x00000000","0x0000006B","0x00000000","0x00000000","0x00000000","0x00000000","0x00000000","0x00000000","0x00000000","0x00000000","0x00000000","0x00000000","0x00000000","0x00000000","0x00000000","0x00000000","0x00000000","0x00000000","0x00000000","0x00000000","0x04000000","0x00000000","0x00000000","0x00000001","0xFFFFFFFF","0x00000088","0x00000260","0x00000051","0","0","0","0","0","0","0","0","0x8","0x3","0x0","0xF","0","1","1","1","0","1","1","1","0","1","1","1","0x00","0x18","0x18","0x18","0x0","0xF","0x3","0x7","0x60D000B4","0x1618D000","0x60D000B4","0x1618D000","0x60D000B4","0x1618D000","0x60D000B4","0x1618D000","0x09","0x08","0x05","0x04","0x01","0x00","0x1D","0x1C","0x008","0x700","0x004","0x300","0x000","0xF00","0x00C","0xB00","0x00","0x00","0xFF","0x20","0x20","0x20","0x07","0x20","0x20","0x20","0x20","0x20","0x20","0x20","0x20","0x20","0x20","0x20","0x20","0x20","0x20","0x20","0x20","0x20","0x20","0x20","0x20","0x20","0x20","0x20","0x20","0x20","0x20","0x20","0x08"
"334","0xB","0xC","0b1100000011001100","0b1111101111111111","0","0","0b0000000000000000","0b0000000000000000","0b0000000000000000","0b0000000000000000","1","0b1100000011001100","0b0000000000000000","0x00000000","0x00000001","0x000001B4","0x00000000","0x00000000","0x0000006B","0x00000000","0x00000000","0x00000000","0x00000000","0x00000000","0x00000000","0x00000000","0x00000000","0x00000000","0x00000000","0x00000000","0x00000000","0x00000000","0x00000000","0x00000000","0x00000000","0x00000000","0x00000000","0x04000000","0x00000000","0x00000000","0x00000001","0xFFFFFFFF","0x00000088","0x00000260","0x00000051","0","0","0","0","0","0","0","0","0x8","0x3","0x0","0xF","0","1","1","1","0","1","1","1","0","1","1","1","0x00","0x18","0x18","0x18","0x0","0xF","0x3","0x7","0x60D000B4","0x1618D000","0x60D000B4","0x1618D000","0x60D000B4","0x1618D000","0x60D000B4","0x1618D000","0x09","0x08","0x05","0x04","0x01","0x00","0x1D","0x1C","0x008","0x700","0x004","0x300","0x000","0xF00","0x00C","0xB00","0x00","0x00","0xFF","0x20","0x20","0x20","0x07","0x20","0x20","0x20","0x20","0x20","0x20","0x20","0x20","0x20","0x20","0x20","0x20","0x20","0x20","0x20","0x20","0x20","0x20","0x20","0x20","0x20","0x20","0x20","0x20","0x20","0x20","0x20","0x08"
"335","0xB","0xC","0b1100000011001100","0b1111101111111111","0","0","0b0000000000000000","0b0000000000000000","0b0000000000000000","0b0000000000000000","0","0b1100000011001100","0b0000000000000000","0x00000000","0x00000001","0x000001B4","0x00000000","0x00000000","0x0000006B","0x00000000","0x00000000","0x00000000","0x00000000","0x00000000","0x00000000","0x00000000","0x00000000","0x00000000","0x00000000","0x00000000","0x00000000","0x00000000","0x00000000","0x00000000","0x00000000","0x00000000","0x00000000","0x04000000","0x00000000","0x00000000","0x00000001","0xFFFFFFFF","0x00000088","0x00000260","0x00000051","0","0","0","0","0","0","0","0","0x8","0x3","0x0","0xF","0","1","1","1","0","1","1","1","0","1","1","1","0x00","0x18","0x18","0x18","0x0","0xF","0x3","0x7","0x60D000B4","0x1618D000","0x60D000B4","0x1618D000","0x60D000B4","0x1618D000","0x60D000B4","0x1618D000","0x09","0x08","0x05","0x04","0x01","0x00","0x1D","0x1C","0x008","0x700","0x004","0x300","0x000","0xF00","0x00C","0xB00","0x00","0x00","0xFF","0x20","0x20","0x20","0x07","0x20","0x20","0x20","0x20","0x20","0x20","0x20","0x20","0x20","0x20","0x20","0x20","0x20","0x20","0x20","0x20","0x20","0x20","0x20","0x20","0x20","0x20","0x20","0x20","0x20","0x20","0x20","0x08"
"336","0xB","0xC","0b1100000011001100","0b1111101111111111","0","0","0b0000000000000000","0b0000000000000000","0b0000000000000000","0b0000000000000000","1","0b1100000011001100","0b0000000000000000","0x00000000","0x00000001","0x000001B4","0x00000000","0x00000000","0x0000006B","0x00000000","0x00000000","0x00000000","0x00000000","0x00000000","0x00000000","0x00000000","0x00000000","0x00000000","0x00000000","0x00000000","0x00000000","0x00000000","0x00000000","0x00000000","0x00000000","0x00000000","0x00000000","0x04000000","0x00000000","0x00000000","0x00000001","0xFFFFFFFF","0x00000088","0x00000260","0x00000051","0","0","0","0","0","0","0","0","0x8","0x3","0x0","0xF","0","1","1","1","0","1","1","1","0","1","1","1","0x00","0x18","0x18","0x18","0x0","0xF","0x3","0x7","0x60D000B4","0x1618D000","0x60D000B4","0x1618D000","0x60D000B4","0x1618D000","0x60D000B4","0x1618D000","0x09","0x08","0x05","0x04","0x01","0x00","0x1D","0x1C","0x008","0x700","0x004","0x300","0x000","0xF00","0x00C","0xB00","0x00","0x00","0xFF","0x20","0x20","0x20","0x07","0x20","0x20","0x20","0x20","0x20","0x20","0x20","0x20","0x20","0x20","0x20","0x20","0x20","0x20","0x20","0x20","0x20","0x20","0x20","0x20","0x20","0x20","0x20","0x20","0x20","0x20","0x20","0x08"
"337","0xB","0xC","0b1100000011001100","0b1111101111111111","0","0","0b0000000000000000","0b0000000000000000","0b0000000000000000","0b0000000000000000","0","0b1100000011001100","0b0000000000000000","0x00000000","0x00000001","0x000001B4","0x00000000","0x00000000","0x0000006B","0x00000000","0x00000000","0x00000000","0x00000000","0x00000000","0x00000000","0x00000000","0x00000000","0x00000000","0x00000000","0x00000000","0x00000000","0x00000000","0x00000000","0x00000000","0x00000000","0x00000000","0x00000000","0x04000000","0x00000000","0x00000000","0x00000001","0xFFFFFFFF","0x00000088","0x00000260","0x00000051","0","0","0","0","0","0","0","0","0x8","0x3","0x0","0xF","0","1","1","1","0","1","1","1","0","1","1","1","0x00","0x18","0x18","0x18","0x0","0xF","0x3","0x7","0x60D000B4","0x1618D000","0x60D000B4","0x1618D000","0x60D000B4","0x1618D000","0x60D000B4","0x1618D000","0x09","0x08","0x05","0x04","0x01","0x00","0x1D","0x1C","0x008","0x700","0x004","0x300","0x000","0xF00","0x00C","0xB00","0x00","0x00","0xFF","0x20","0x20","0x20","0x07","0x20","0x20","0x20","0x20","0x20","0x20","0x20","0x20","0x20","0x20","0x20","0x20","0x20","0x20","0x20","0x20","0x20","0x20","0x20","0x20","0x20","0x20","0x20","0x20","0x20","0x20","0x20","0x08"
"338","0xB","0xC","0b1100000011001100","0b1111101111111111","0","0","0b0000000000000000","0b0000000000000000","0b0000000000000000","0b0000000000000000","1","0b1100000011001100","0b0000000000000000","0x00000000","0x00000001","0x000001B4","0x00000000","0x00000000","0x0000006B","0x00000000","0x00000000","0x00000000","0x00000000","0x00000000","0x00000000","0x00000000","0x00000000","0x00000000","0x00000000","0x00000000","0x00000000","0x00000000","0x00000000","0x00000000","0x00000000","0x00000000","0x00000000","0x04000000","0x00000000","0x00000000","0x00000001","0xFFFFFFFF","0x00000088","0x00000260","0x00000051","0","0","0","0","0","0","0","0","0x8","0x3","0x0","0xF","0","1","1","1","0","1","1","1","0","1","1","1","0x00","0x18","0x18","0x18","0x0","0xF","0x3","0x7","0x60D000B4","0x1618D000","0x60D000B4","0x1618D000","0x60D000B4","0x1618D000","0x60D000B4","0x1618D000","0x09","0x08","0x05","0x04","0x01","0x00","0x1D","0x1C","0x008","0x700","0x004","0x300","0x000","0xF00","0x00C","0xB00","0x00","0x00","0xFF","0x20","0x20","0x20","0x07","0x20","0x20","0x20","0x20","0x20","0x20","0x20","0x20","0x20","0x20","0x20","0x20","0x20","0x20","0x20","0x20","0x20","0x20","0x20","0x20","0x20","0x20","0x20","0x20","0x20","0x20","0x20","0x08"
"339","0xB","0xC","0b1100000011001100","0b1111101111111111","0","0","0b0000000000000000","0b0000000000000000","0b0000000000000000","0b0000000000000000","0","0b1100000011001100","0b0000000000000000","0x00000000","0x00000001","0x000001B4","0x00000000","0x00000000","0x0000006B","0x00000000","0x00000000","0x00000000","0x00000000","0x00000000","0x00000000","0x00000000","0x00000000","0x00000000","0x00000000","0x00000000","0x00000000","0x00000000","0x00000000","0x00000000","0x00000000","0x00000000","0x00000000","0x04000000","0x00000000","0x00000000","0x00000001","0xFFFFFFFF","0x00000088","0x00000260","0x00000051","0","0","0","0","0","0","0","0","0x8","0x3","0x0","0xF","0","1","1","1","0","1","1","1","0","1","1","1","0x00","0x18","0x18","0x18","0x0","0xF","0x3","0x7","0x60D000B4","0x1618D000","0x60D000B4","0x1618D000","0x60D000B4","0x1618D000","0x60D000B4","0x1618D000","0x09","0x08","0x05","0x04","0x01","0x00","0x1D","0x1C","0x008","0x700","0x004","0x300","0x000","0xF00","0x00C","0xB00","0x00","0x00","0xFF","0x20","0x20","0x20","0x07","0x20","0x20","0x20","0x20","0x20","0x20","0x20","0x20","0x20","0x20","0x20","0x20","0x20","0x20","0x20","0x20","0x20","0x20","0x20","0x20","0x20","0x20","0x20","0x20","0x20","0x20","0x20","0x08"
"340","0xB","0xC","0b1100000011001100","0b1111101111111111","0","0","0b0000000000000000","0b0000000000000000","0b0000000000000000","0b0000000000000000","1","0b1100000011001100","0b0000000000000000","0x00000000","0x00000001","0x000001B4","0x00000000","0x00000000","0x0000006B","0x00000000","0x00000000","0x00000000","0x00000000","0x00000000","0x00000000","0x00000000","0x00000000","0x00000000","0x00000000","0x00000000","0x00000000","0x00000000","0x00000000","0x00000000","0x00000000","0x00000000","0x00000000","0x04000000","0x00000000","0x00000000","0x00000001","0xFFFFFFFF","0x00000088","0x00000260","0x00000051","0","0","0","0","0","0","0","0","0x8","0x3","0x0","0xF","0","1","1","1","0","1","1","1","0","1","1","1","0x00","0x18","0x18","0x18","0x0","0xF","0x3","0x7","0x60D000B4","0x1618D000","0x60D000B4","0x1618D000","0x60D000B4","0x1618D000","0x60D000B4","0x1618D000","0x09","0x08","0x05","0x04","0x01","0x00","0x1D","0x1C","0x008","0x700","0x004","0x300","0x000","0xF00","0x00C","0xB00","0x00","0x00","0xFF","0x20","0x20","0x20","0x07","0x20","0x20","0x20","0x20","0x20","0x20","0x20","0x20","0x20","0x20","0x20","0x20","0x20","0x20","0x20","0x20","0x20","0x20","0x20","0x20","0x20","0x20","0x20","0x20","0x20","0x20","0x20","0x08"
"341","0xB","0xC","0b1100000011001100","0b1111101111111111","0","0","0b0000000000000000","0b0000000000000000","0b0000000000000000","0b0000000000000000","0","0b1100000011001100","0b0000000000000000","0x00000000","0x00000001","0x000001B4","0x00000000","0x00000000","0x0000006B","0x00000000","0x00000000","0x00000000","0x00000000","0x00000000","0x00000000","0x00000000","0x00000000","0x00000000","0x00000000","0x00000000","0x00000000","0x00000000","0x00000000","0x00000000","0x00000000","0x00000000","0x00000000","0x04000000","0x00000000","0x00000000","0x00000001","0xFFFFFFFF","0x00000088","0x00000260","0x00000051","0","0","0","0","0","0","0","0","0x8","0x3","0x0","0xF","0","1","1","1","0","1","1","1","0","1","1","1","0x00","0x18","0x18","0x18","0x0","0xF","0x3","0x7","0x60D000B4","0x1618D000","0x60D000B4","0x1618D000","0x60D000B4","0x1618D000","0x60D000B4","0x1618D000","0x09","0x08","0x05","0x04","0x01","0x00","0x1D","0x1C","0x008","0x700","0x004","0x300","0x000","0xF00","0x00C","0xB00","0x00","0x00","0xFF","0x20","0x20","0x20","0x07","0x20","0x20","0x20","0x20","0x20","0x20","0x20","0x20","0x20","0x20","0x20","0x20","0x20","0x20","0x20","0x20","0x20","0x20","0x20","0x20","0x20","0x20","0x20","0x20","0x20","0x20","0x20","0x08"
"342","0xB","0xC","0b1100000011001100","0b1111101111111111","0","0","0b0000000000000000","0b0000000000000000","0b0000000000000000","0b0000000000000000","1","0b1100000011001100","0b0000000000000000","0x00000000","0x00000001","0x000001B4","0x00000000","0x00000000","0x0000006B","0x00000000","0x00000000","0x00000000","0x00000000","0x00000000","0x00000000","0x00000000","0x00000000","0x00000000","0x00000000","0x00000000","0x00000000","0x00000000","0x00000000","0x00000000","0x00000000","0x00000000","0x00000000","0x04000000","0x00000000","0x00000000","0x00000001","0xFFFFFFFF","0x00000088","0x00000260","0x00000051","0","0","0","0","0","0","0","0","0x8","0x3","0x0","0xF","0","1","1","1","0","1","1","1","0","1","1","1","0x00","0x18","0x18","0x18","0x0","0xF","0x3","0x7","0x60D000B4","0x1618D000","0x60D000B4","0x1618D000","0x60D000B4","0x1618D000","0x60D000B4","0x1618D000","0x09","0x08","0x05","0x04","0x01","0x00","0x1D","0x1C","0x008","0x700","0x004","0x300","0x000","0xF00","0x00C","0xB00","0x00","0x00","0xFF","0x20","0x20","0x20","0x07","0x20","0x20","0x20","0x20","0x20","0x20","0x20","0x20","0x20","0x20","0x20","0x20","0x20","0x20","0x20","0x20","0x20","0x20","0x20","0x20","0x20","0x20","0x20","0x20","0x20","0x20","0x20","0x08"
"343","0xB","0xC","0b1100000011001100","0b1111101111111111","0","0","0b0000000000000000","0b0000000000000000","0b0000000000000000","0b0000000000000000","0","0b1100000011001100","0b0000000000000000","0x00000000","0x00000001","0x000001B4","0x00000000","0x00000000","0x0000006B","0x00000000","0x00000000","0x00000000","0x00000000","0x00000000","0x00000000","0x00000000","0x00000000","0x00000000","0x00000000","0x00000000","0x00000000","0x00000000","0x00000000","0x00000000","0x00000000","0x00000000","0x00000000","0x04000000","0x00000000","0x00000000","0x00000001","0xFFFFFFFF","0x00000088","0x00000260","0x00000051","0","0","0","0","0","0","0","0","0x8","0x3","0x0","0xF","0","1","1","1","0","1","1","1","0","1","1","1","0x00","0x18","0x18","0x18","0x0","0xF","0x3","0x7","0x60D000B4","0x1618D000","0x60D000B4","0x1618D000","0x60D000B4","0x1618D000","0x60D000B4","0x1618D000","0x09","0x08","0x05","0x04","0x01","0x00","0x1D","0x1C","0x008","0x700","0x004","0x300","0x000","0xF00","0x00C","0xB00","0x00","0x00","0xFF","0x20","0x20","0x20","0x07","0x20","0x20","0x20","0x20","0x20","0x20","0x20","0x20","0x20","0x20","0x20","0x20","0x20","0x20","0x20","0x20","0x20","0x20","0x20","0x20","0x20","0x20","0x20","0x20","0x20","0x20","0x20","0x08"
"344","0xB","0xC","0b1100000011001100","0b1111101111111111","0","0","0b0000000000000000","0b0000000000000000","0b0000000000000000","0b0000000000000000","1","0b1100000011001100","0b0000000000000000","0x00000000","0x00000001","0x000001B4","0x00000000","0x00000000","0x0000006B","0x00000000","0x00000000","0x00000000","0x00000000","0x00000000","0x00000000","0x00000000","0x00000000","0x00000000","0x00000000","0x00000000","0x00000000","0x00000000","0x00000000","0x00000000","0x00000000","0x00000000","0x00000000","0x04000000","0x00000000","0x00000000","0x00000001","0xFFFFFFFF","0x00000088","0x00000260","0x00000051","0","0","0","0","0","0","0","0","0x8","0x3","0x0","0xF","0","1","1","1","0","1","1","1","0","1","1","1","0x00","0x18","0x18","0x18","0x0","0xF","0x3","0x7","0x60D000B4","0x1618D000","0x60D000B4","0x1618D000","0x60D000B4","0x1618D000","0x60D000B4","0x1618D000","0x09","0x08","0x05","0x04","0x01","0x00","0x1D","0x1C","0x008","0x700","0x004","0x300","0x000","0xF00","0x00C","0xB00","0x00","0x00","0xFF","0x20","0x20","0x20","0x07","0x20","0x20","0x20","0x20","0x20","0x20","0x20","0x20","0x20","0x20","0x20","0x20","0x20","0x20","0x20","0x20","0x20","0x20","0x20","0x20","0x20","0x20","0x20","0x20","0x20","0x20","0x20","0x08"
"345","0xB","0xC","0b1100000011001100","0b1111101111111111","0","0","0b0000000000000000","0b0000000000000000","0b0000000000000000","0b0000000000000000","0","0b1100000011001100","0b0000000000000000","0x00000000","0x00000001","0x000001B4","0x00000000","0x00000000","0x0000006B","0x00000000","0x00000000","0x00000000","0x00000000","0x00000000","0x00000000","0x00000000","0x00000000","0x00000000","0x00000000","0x00000000","0x00000000","0x00000000","0x00000000","0x00000000","0x00000000","0x00000000","0x00000000","0x04000000","0x00000000","0x00000000","0x00000001","0xFFFFFFFF","0x00000088","0x00000260","0x00000051","0","0","0","0","0","0","0","0","0x8","0x3","0x0","0xF","0","1","1","1","0","1","1","1","0","1","1","1","0x00","0x18","0x18","0x18","0x0","0xF","0x3","0x7","0x60D000B4","0x1618D000","0x60D000B4","0x1618D000","0x60D000B4","0x1618D000","0x60D000B4","0x1618D000","0x09","0x08","0x05","0x04","0x01","0x00","0x1D","0x1C","0x008","0x700","0x004","0x300","0x000","0xF00","0x00C","0xB00","0x00","0x00","0xFF","0x20","0x20","0x20","0x07","0x20","0x20","0x20","0x20","0x20","0x20","0x20","0x20","0x20","0x20","0x20","0x20","0x20","0x20","0x20","0x20","0x20","0x20","0x20","0x20","0x20","0x20","0x20","0x20","0x20","0x20","0x20","0x08"
"346","0xB","0xC","0b1100000011001100","0b1111101111111111","0","0","0b0000000000000000","0b0000000000000000","0b0000000000000000","0b0000000000000000","1","0b1100000011001100","0b0000000000000000","0x00000000","0x00000001","0x000001B4","0x00000000","0x00000000","0x0000006B","0x00000000","0x00000000","0x00000000","0x00000000","0x00000000","0x00000000","0x00000000","0x00000000","0x00000000","0x00000000","0x00000000","0x00000000","0x00000000","0x00000000","0x00000000","0x00000000","0x00000000","0x00000000","0x04000000","0x00000000","0x00000000","0x00000001","0xFFFFFFFF","0x00000088","0x00000260","0x00000051","0","0","0","0","0","0","0","0","0x8","0x3","0x0","0xF","0","1","1","1","0","1","1","1","0","1","1","1","0x00","0x18","0x18","0x18","0x0","0xF","0x3","0x7","0x60D000B4","0x1618D000","0x60D000B4","0x1618D000","0x60D000B4","0x1618D000","0x60D000B4","0x1618D000","0x09","0x08","0x05","0x04","0x01","0x00","0x1D","0x1C","0x008","0x700","0x004","0x300","0x000","0xF00","0x00C","0xB00","0x00","0x00","0xFF","0x20","0x20","0x20","0x07","0x20","0x20","0x20","0x20","0x20","0x20","0x20","0x20","0x20","0x20","0x20","0x20","0x20","0x20","0x20","0x20","0x20","0x20","0x20","0x20","0x20","0x20","0x20","0x20","0x20","0x20","0x20","0x08"
"347","0xB","0xC","0b1100000011001100","0b1111101111111111","0","0","0b0000000000000000","0b0000000000000000","0b0000000000000000","0b0000000000000000","0","0b1100000011001100","0b0000000000000000","0x00000000","0x00000001","0x000001B4","0x00000000","0x00000000","0x0000006B","0x00000000","0x00000000","0x00000000","0x00000000","0x00000000","0x00000000","0x00000000","0x00000000","0x00000000","0x00000000","0x00000000","0x00000000","0x00000000","0x00000000","0x00000000","0x00000000","0x00000000","0x00000000","0x04000000","0x00000000","0x00000000","0x00000001","0xFFFFFFFF","0x00000088","0x00000260","0x00000051","0","0","0","0","0","0","0","0","0x8","0x3","0x0","0xF","0","1","1","1","0","1","1","1","0","1","1","1","0x00","0x18","0x18","0x18","0x0","0xF","0x3","0x7","0x60D000B4","0x1618D000","0x60D000B4","0x1618D000","0x60D000B4","0x1618D000","0x60D000B4","0x1618D000","0x09","0x08","0x05","0x04","0x01","0x00","0x1D","0x1C","0x008","0x700","0x004","0x300","0x000","0xF00","0x00C","0xB00","0x00","0x00","0xFF","0x20","0x20","0x20","0x07","0x20","0x20","0x20","0x20","0x20","0x20","0x20","0x20","0x20","0x20","0x20","0x20","0x20","0x20","0x20","0x20","0x20","0x20","0x20","0x20","0x20","0x20","0x20","0x20","0x20","0x20","0x20","0x08"
"348","0xB","0xC","0b1100000011001100","0b1111101111111111","0","0","0b0000000000000000","0b0000000000000000","0b0000000000000000","0b0000000000000000","1","0b1100000011001100","0b0000000000000000","0x00000000","0x00000001","0x000001B4","0x00000000","0x00000000","0x0000006B","0x00000000","0x00000000","0x00000000","0x00000000","0x00000000","0x00000000","0x00000000","0x00000000","0x00000000","0x00000000","0x00000000","0x00000000","0x00000000","0x00000000","0x00000000","0x00000000","0x00000000","0x00000000","0x04000000","0x00000000","0x00000000","0x00000001","0xFFFFFFFF","0x00000088","0x00000260","0x00000051","0","0","0","0","0","0","0","0","0x8","0x3","0x0","0xF","0","1","1","1","0","1","1","1","0","1","1","1","0x00","0x18","0x18","0x18","0x0","0xF","0x3","0x7","0x60D000B4","0x1618D000","0x60D000B4","0x1618D000","0x60D000B4","0x1618D000","0x60D000B4","0x1618D000","0x09","0x08","0x05","0x04","0x01","0x00","0x1D","0x1C","0x008","0x700","0x004","0x300","0x000","0xF00","0x00C","0xB00","0x00","0x00","0xFF","0x20","0x20","0x20","0x07","0x20","0x20","0x20","0x20","0x20","0x20","0x20","0x20","0x20","0x20","0x20","0x20","0x20","0x20","0x20","0x20","0x20","0x20","0x20","0x20","0x20","0x20","0x20","0x20","0x20","0x20","0x20","0x08"
"349","0xB","0xC","0b1100000011001100","0b1111101111111111","0","0","0b0000000000000000","0b0000000000000000","0b0000000000000000","0b0000000000000000","0","0b1100000011001100","0b0000000000000000","0x00000000","0x00000001","0x000001B4","0x00000000","0x00000000","0x0000006B","0x00000000","0x00000000","0x00000000","0x00000000","0x00000000","0x00000000","0x00000000","0x00000000","0x00000000","0x00000000","0x00000000","0x00000000","0x00000000","0x00000000","0x00000000","0x00000000","0x00000000","0x00000000","0x04000000","0x00000000","0x00000000","0x00000001","0xFFFFFFFF","0x00000088","0x00000260","0x00000051","0","0","0","0","0","0","0","0","0x8","0x3","0x0","0xF","0","1","1","1","0","1","1","1","0","1","1","1","0x00","0x18","0x18","0x18","0x0","0xF","0x3","0x7","0x60D000B4","0x1618D000","0x60D000B4","0x1618D000","0x60D000B4","0x1618D000","0x60D000B4","0x1618D000","0x09","0x08","0x05","0x04","0x01","0x00","0x1D","0x1C","0x008","0x700","0x004","0x300","0x000","0xF00","0x00C","0xB00","0x00","0x00","0xFF","0x20","0x20","0x20","0x07","0x20","0x20","0x20","0x20","0x20","0x20","0x20","0x20","0x20","0x20","0x20","0x20","0x20","0x20","0x20","0x20","0x20","0x20","0x20","0x20","0x20","0x20","0x20","0x20","0x20","0x20","0x20","0x08"
"350","0xB","0xC","0b1100000011001100","0b1111101111111111","0","0","0b0000000000000000","0b0000000000000000","0b0000000000000000","0b0000000000000000","1","0b1100000011001100","0b0000000000000000","0x00000000","0x00000001","0x000001B4","0x00000000","0x00000000","0x0000006B","0x00000000","0x00000000","0x00000000","0x00000000","0x00000000","0x00000000","0x00000000","0x00000000","0x00000000","0x00000000","0x00000000","0x00000000","0x00000000","0x00000000","0x00000000","0x00000000","0x00000000","0x00000000","0x04000000","0x00000000","0x00000000","0x00000001","0xFFFFFFFF","0x00000088","0x00000260","0x00000051","0","0","0","0","0","0","0","0","0x8","0x3","0x0","0xF","0","1","1","1","0","1","1","1","0","1","1","1","0x00","0x18","0x18","0x18","0x0","0xF","0x3","0x7","0x60D000B4","0x1618D000","0x60D000B4","0x1618D000","0x60D000B4","0x1618D000","0x60D000B4","0x1618D000","0x09","0x08","0x05","0x04","0x01","0x00","0x1D","0x1C","0x008","0x700","0x004","0x300","0x000","0xF00","0x00C","0xB00","0x00","0x00","0xFF","0x20","0x20","0x20","0x07","0x20","0x20","0x20","0x20","0x20","0x20","0x20","0x20","0x20","0x20","0x20","0x20","0x20","0x20","0x20","0x20","0x20","0x20","0x20","0x20","0x20","0x20","0x20","0x20","0x20","0x20","0x20","0x08"
"351","0xB","0xC","0b1100000011001100","0b1111101111111111","0","0","0b0000000000000000","0b0000000000000000","0b0000000000000000","0b0000000000000000","0","0b1100000011001100","0b0000000000000000","0x00000000","0x00000001","0x000001B4","0x00000000","0x00000000","0x0000006B","0x00000000","0x00000000","0x00000000","0x00000000","0x00000000","0x00000000","0x00000000","0x00000000","0x00000000","0x00000000","0x00000000","0x00000000","0x00000000","0x00000000","0x00000000","0x00000000","0x00000000","0x00000000","0x04000000","0x00000000","0x00000000","0x00000001","0xFFFFFFFF","0x00000088","0x00000260","0x00000051","0","0","0","0","0","0","0","0","0x8","0x3","0x0","0xF","0","1","1","1","0","1","1","1","0","1","1","1","0x00","0x18","0x18","0x18","0x0","0xF","0x3","0x7","0x60D000B4","0x1618D000","0x60D000B4","0x1618D000","0x60D000B4","0x1618D000","0x60D000B4","0x1618D000","0x09","0x08","0x05","0x04","0x01","0x00","0x1D","0x1C","0x008","0x700","0x004","0x300","0x000","0xF00","0x00C","0xB00","0x00","0x00","0xFF","0x20","0x20","0x20","0x07","0x20","0x20","0x20","0x20","0x20","0x20","0x20","0x20","0x20","0x20","0x20","0x20","0x20","0x20","0x20","0x20","0x20","0x20","0x20","0x20","0x20","0x20","0x20","0x20","0x20","0x20","0x20","0x08"
"352","0xB","0xC","0b1100000011001100","0b1111101111111111","0","0","0b0000000000000000","0b0000000000000000","0b0000000000000000","0b0000000000000000","1","0b1100000011001100","0b0000000000000000","0x00000000","0x00000001","0x000001B4","0x00000000","0x00000000","0x0000006B","0x00000000","0x00000000","0x00000000","0x00000000","0x00000000","0x00000000","0x00000000","0x00000000","0x00000000","0x00000000","0x00000000","0x00000000","0x00000000","0x00000000","0x00000000","0x00000000","0x00000000","0x00000000","0x04000000","0x00000000","0x00000000","0x00000001","0xFFFFFFFF","0x00000088","0x00000260","0x00000051","0","0","0","0","0","0","0","0","0x8","0x3","0x0","0xF","0","1","1","1","0","1","1","1","0","1","1","1","0x00","0x18","0x18","0x18","0x0","0xF","0x3","0x7","0x60D000B4","0x1618D000","0x60D000B4","0x1618D000","0x60D000B4","0x1618D000","0x60D000B4","0x1618D000","0x09","0x08","0x05","0x04","0x01","0x00","0x1D","0x1C","0x008","0x700","0x004","0x300","0x000","0xF00","0x00C","0xB00","0x00","0x00","0xFF","0x20","0x20","0x20","0x07","0x20","0x20","0x20","0x20","0x20","0x20","0x20","0x20","0x20","0x20","0x20","0x20","0x20","0x20","0x20","0x20","0x20","0x20","0x20","0x20","0x20","0x20","0x20","0x20","0x20","0x20","0x20","0x08"
"353","0xB","0xC","0b1100000011001100","0b1111101111111111","0","0","0b0000000000000000","0b0000000000000000","0b0000000000000000","0b0000000000000000","0","0b1100000011001100","0b0000000000000000","0x00000000","0x00000001","0x000001B4","0x00000000","0x00000000","0x0000006B","0x00000000","0x00000000","0x00000000","0x00000000","0x00000000","0x00000000","0x00000000","0x00000000","0x00000000","0x00000000","0x00000000","0x00000000","0x00000000","0x00000000","0x00000000","0x00000000","0x00000000","0x00000000","0x04000000","0x00000000","0x00000000","0x00000001","0xFFFFFFFF","0x00000088","0x00000260","0x00000051","0","0","0","0","0","0","0","0","0x8","0x3","0x0","0xF","0","1","1","1","0","1","1","1","0","1","1","1","0x00","0x18","0x18","0x18","0x0","0xF","0x3","0x7","0x60D000B4","0x1618D000","0x60D000B4","0x1618D000","0x60D000B4","0x1618D000","0x60D000B4","0x1618D000","0x09","0x08","0x05","0x04","0x01","0x00","0x1D","0x1C","0x008","0x700","0x004","0x300","0x000","0xF00","0x00C","0xB00","0x00","0x00","0xFF","0x20","0x20","0x20","0x07","0x20","0x20","0x20","0x20","0x20","0x20","0x20","0x20","0x20","0x20","0x20","0x20","0x20","0x20","0x20","0x20","0x20","0x20","0x20","0x20","0x20","0x20","0x20","0x20","0x20","0x20","0x20","0x08"
"354","0xB","0xC","0b1100000011001100","0b1111101111111111","0","0","0b0000000000000000","0b0000000000000000","0b0000000000000000","0b0000000000000000","1","0b1100000011001100","0b0000000000000000","0x00000000","0x00000001","0x000001B4","0x00000000","0x00000000","0x0000006B","0x00000000","0x00000000","0x00000000","0x00000000","0x00000000","0x00000000","0x00000000","0x00000000","0x00000000","0x00000000","0x00000000","0x00000000","0x00000000","0x00000000","0x00000000","0x00000000","0x00000000","0x00000000","0x04000000","0x00000000","0x00000000","0x00000001","0xFFFFFFFF","0x00000088","0x00000260","0x00000051","0","0","0","0","0","0","0","0","0x8","0x3","0x0","0xF","0","1","1","1","0","1","1","1","0","1","1","1","0x00","0x18","0x18","0x18","0x0","0xF","0x3","0x7","0x60D000B4","0x1618D000","0x60D000B4","0x1618D000","0x60D000B4","0x1618D000","0x60D000B4","0x1618D000","0x09","0x08","0x05","0x04","0x01","0x00","0x1D","0x1C","0x008","0x700","0x004","0x300","0x000","0xF00","0x00C","0xB00","0x00","0x00","0xFF","0x20","0x20","0x20","0x07","0x20","0x20","0x20","0x20","0x20","0x20","0x20","0x20","0x20","0x20","0x20","0x20","0x20","0x20","0x20","0x20","0x20","0x20","0x20","0x20","0x20","0x20","0x20","0x20","0x20","0x20","0x20","0x08"
"355","0xB","0xC","0b1100000011001100","0b1111101111111111","0","0","0b0000000000000000","0b0000000000000000","0b0000000000000000","0b0000000000000000","0","0b1100000011001100","0b0000000000000000","0x00000000","0x00000001","0x000001B4","0x00000000","0x00000000","0x0000006B","0x00000000","0x00000000","0x00000000","0x00000000","0x00000000","0x00000000","0x00000000","0x00000000","0x00000000","0x00000000","0x00000000","0x00000000","0x00000000","0x00000000","0x00000000","0x00000000","0x00000000","0x00000000","0x04000000","0x00000000","0x00000000","0x00000001","0xFFFFFFFF","0x00000088","0x00000260","0x00000051","0","0","0","0","0","0","0","0","0x8","0x3","0x0","0xF","0","1","1","1","0","1","1","1","0","1","1","1","0x00","0x18","0x18","0x18","0x0","0xF","0x3","0x7","0x60D000B4","0x1618D000","0x60D000B4","0x1618D000","0x60D000B4","0x1618D000","0x60D000B4","0x1618D000","0x09","0x08","0x05","0x04","0x01","0x00","0x1D","0x1C","0x008","0x700","0x004","0x300","0x000","0xF00","0x00C","0xB00","0x00","0x00","0xFF","0x20","0x20","0x20","0x07","0x20","0x20","0x20","0x20","0x20","0x20","0x20","0x20","0x20","0x20","0x20","0x20","0x20","0x20","0x20","0x20","0x20","0x20","0x20","0x20","0x20","0x20","0x20","0x20","0x20","0x20","0x20","0x08"
"356","0xB","0xC","0b1100000011001100","0b1111101111111111","0","0","0b0000000000000000","0b0000000000000000","0b0000000000000000","0b0000000000000000","1","0b1100000011001100","0b0000000000000000","0x00000000","0x00000001","0x000001B4","0x00000000","0x00000000","0x0000006B","0x00000000","0x00000000","0x00000000","0x00000000","0x00000000","0x00000000","0x00000000","0x00000000","0x00000000","0x00000000","0x00000000","0x00000000","0x00000000","0x00000000","0x00000000","0x00000000","0x00000000","0x00000000","0x04000000","0x00000000","0x00000000","0x00000001","0xFFFFFFFF","0x00000088","0x00000260","0x00000051","0","0","0","0","0","0","0","0","0x8","0x3","0x0","0xF","0","1","1","1","0","1","1","1","0","1","1","1","0x00","0x18","0x18","0x18","0x0","0xF","0x3","0x7","0x60D000B4","0x1618D000","0x60D000B4","0x1618D000","0x60D000B4","0x1618D000","0x60D000B4","0x1618D000","0x09","0x08","0x05","0x04","0x01","0x00","0x1D","0x1C","0x008","0x700","0x004","0x300","0x000","0xF00","0x00C","0xB00","0x00","0x00","0xFF","0x20","0x20","0x20","0x07","0x20","0x20","0x20","0x20","0x20","0x20","0x20","0x20","0x20","0x20","0x20","0x20","0x20","0x20","0x20","0x20","0x20","0x20","0x20","0x20","0x20","0x20","0x20","0x20","0x20","0x20","0x20","0x08"
"357","0xB","0xC","0b1100000011001100","0b1111101111111111","0","0","0b0000000000000000","0b0000000000000000","0b0000000000000000","0b0000000000000000","0","0b1100000011001100","0b0000000000000000","0x00000000","0x00000001","0x000001B4","0x00000000","0x00000000","0x0000006B","0x00000000","0x00000000","0x00000000","0x00000000","0x00000000","0x00000000","0x00000000","0x00000000","0x00000000","0x00000000","0x00000000","0x00000000","0x00000000","0x00000000","0x00000000","0x00000000","0x00000000","0x00000000","0x04000000","0x00000000","0x00000000","0x00000001","0xFFFFFFFF","0x00000088","0x00000260","0x00000051","0","0","0","0","0","0","0","0","0x8","0x3","0x0","0xF","0","1","1","1","0","1","1","1","0","1","1","1","0x00","0x18","0x18","0x18","0x0","0xF","0x3","0x7","0x60D000B4","0x1618D000","0x60D000B4","0x1618D000","0x60D000B4","0x1618D000","0x60D000B4","0x1618D000","0x09","0x08","0x05","0x04","0x01","0x00","0x1D","0x1C","0x008","0x700","0x004","0x300","0x000","0xF00","0x00C","0xB00","0x00","0x00","0xFF","0x20","0x20","0x20","0x07","0x20","0x20","0x20","0x20","0x20","0x20","0x20","0x20","0x20","0x20","0x20","0x20","0x20","0x20","0x20","0x20","0x20","0x20","0x20","0x20","0x20","0x20","0x20","0x20","0x20","0x20","0x20","0x08"
"358","0xB","0xC","0b1100000011001100","0b1111101111111111","0","0","0b0000000000000000","0b0000000000000000","0b0000000000000000","0b0000000000000000","1","0b1100000011001100","0b0000000000000000","0x00000000","0x00000001","0x000001B4","0x00000000","0x00000000","0x0000006B","0x00000000","0x00000000","0x00000000","0x00000000","0x00000000","0x00000000","0x00000000","0x00000000","0x00000000","0x00000000","0x00000000","0x00000000","0x00000000","0x00000000","0x00000000","0x00000000","0x00000000","0x00000000","0x04000000","0x00000000","0x00000000","0x00000001","0xFFFFFFFF","0x00000088","0x00000260","0x00000051","0","0","0","0","0","0","0","0","0x8","0x3","0x0","0xF","0","1","1","1","0","1","1","1","0","1","1","1","0x00","0x18","0x18","0x18","0x0","0xF","0x3","0x7","0x60D000B4","0x1618D000","0x60D000B4","0x1618D000","0x60D000B4","0x1618D000","0x60D000B4","0x1618D000","0x09","0x08","0x05","0x04","0x01","0x00","0x1D","0x1C","0x008","0x700","0x004","0x300","0x000","0xF00","0x00C","0xB00","0x00","0x00","0xFF","0x20","0x20","0x20","0x07","0x20","0x20","0x20","0x20","0x20","0x20","0x20","0x20","0x20","0x20","0x20","0x20","0x20","0x20","0x20","0x20","0x20","0x20","0x20","0x20","0x20","0x20","0x20","0x20","0x20","0x20","0x20","0x08"
"359","0xB","0xC","0b1100000011001100","0b1111101111111111","0","0","0b0000000000000000","0b0000000000000000","0b0000000000000000","0b0000000000000000","0","0b1100000011001100","0b0000000000000000","0x00000000","0x00000001","0x000001B4","0x00000000","0x00000000","0x0000006B","0x00000000","0x00000000","0x00000000","0x00000000","0x00000000","0x00000000","0x00000000","0x00000000","0x00000000","0x00000000","0x00000000","0x00000000","0x00000000","0x00000000","0x00000000","0x00000000","0x00000000","0x00000000","0x04000000","0x00000000","0x00000000","0x00000001","0xFFFFFFFF","0x00000088","0x00000260","0x00000051","0","0","0","0","0","0","0","0","0x8","0x3","0x0","0xF","0","1","1","1","0","1","1","1","0","1","1","1","0x00","0x18","0x18","0x18","0x0","0xF","0x3","0x7","0x60D000B4","0x1618D000","0x60D000B4","0x1618D000","0x60D000B4","0x1618D000","0x60D000B4","0x1618D000","0x09","0x08","0x05","0x04","0x01","0x00","0x1D","0x1C","0x008","0x700","0x004","0x300","0x000","0xF00","0x00C","0xB00","0x00","0x00","0xFF","0x20","0x20","0x20","0x07","0x20","0x20","0x20","0x20","0x20","0x20","0x20","0x20","0x20","0x20","0x20","0x20","0x20","0x20","0x20","0x20","0x20","0x20","0x20","0x20","0x20","0x20","0x20","0x20","0x20","0x20","0x20","0x08"
"360","0xB","0xC","0b1100000011001100","0b1111101111111111","0","0","0b0000000000000000","0b0000000000000000","0b0000000000000000","0b0000000000000000","1","0b1100000011001100","0b0000000000000000","0x00000000","0x00000001","0x000001B4","0x00000000","0x00000000","0x0000006B","0x00000000","0x00000000","0x00000000","0x00000000","0x00000000","0x00000000","0x00000000","0x00000000","0x00000000","0x00000000","0x00000000","0x00000000","0x00000000","0x00000000","0x00000000","0x00000000","0x00000000","0x00000000","0x04000000","0x00000000","0x00000000","0x00000001","0xFFFFFFFF","0x00000088","0x00000260","0x00000051","0","0","0","0","0","0","0","0","0x8","0x3","0x0","0xF","0","1","1","1","0","1","1","1","0","1","1","1","0x00","0x18","0x18","0x18","0x0","0xF","0x3","0x7","0x60D000B4","0x1618D000","0x60D000B4","0x1618D000","0x60D000B4","0x1618D000","0x60D000B4","0x1618D000","0x09","0x08","0x05","0x04","0x01","0x00","0x1D","0x1C","0x008","0x700","0x004","0x300","0x000","0xF00","0x00C","0xB00","0x00","0x00","0xFF","0x20","0x20","0x20","0x07","0x20","0x20","0x20","0x20","0x20","0x20","0x20","0x20","0x20","0x20","0x20","0x20","0x20","0x20","0x20","0x20","0x20","0x20","0x20","0x20","0x20","0x20","0x20","0x20","0x20","0x20","0x20","0x08"
"361","0xB","0xC","0b1100000011001100","0b1111101111111111","0","0","0b0000000000000000","0b0000000000000000","0b0000000000000000","0b0000000000000000","0","0b1100000011001100","0b0000000000000000","0x00000000","0x00000001","0x000001B4","0x00000000","0x00000000","0x0000006B","0x00000000","0x00000000","0x00000000","0x00000000","0x00000000","0x00000000","0x00000000","0x00000000","0x00000000","0x00000000","0x00000000","0x00000000","0x00000000","0x00000000","0x00000000","0x00000000","0x00000000","0x00000000","0x04000000","0x00000000","0x00000000","0x00000001","0xFFFFFFFF","0x00000088","0x00000260","0x00000051","0","0","0","0","0","0","0","0","0x8","0x3","0x0","0xF","0","1","1","1","0","1","1","1","0","1","1","1","0x00","0x18","0x18","0x18","0x0","0xF","0x3","0x7","0x60D000B4","0x1618D000","0x60D000B4","0x1618D000","0x60D000B4","0x1618D000","0x60D000B4","0x1618D000","0x09","0x08","0x05","0x04","0x01","0x00","0x1D","0x1C","0x008","0x700","0x004","0x300","0x000","0xF00","0x00C","0xB00","0x00","0x00","0xFF","0x20","0x20","0x20","0x07","0x20","0x20","0x20","0x20","0x20","0x20","0x20","0x20","0x20","0x20","0x20","0x20","0x20","0x20","0x20","0x20","0x20","0x20","0x20","0x20","0x20","0x20","0x20","0x20","0x20","0x20","0x20","0x08"
"362","0xB","0xC","0b1100000011001100","0b1111101111111111","0","0","0b0000000000000000","0b0000000000000000","0b0000000000000000","0b0000000000000000","1","0b1100000011001100","0b0000000000000000","0x00000000","0x00000001","0x000001B4","0x00000000","0x00000000","0x0000006B","0x00000000","0x00000000","0x00000000","0x00000000","0x00000000","0x00000000","0x00000000","0x00000000","0x00000000","0x00000000","0x00000000","0x00000000","0x00000000","0x00000000","0x00000000","0x00000000","0x00000000","0x00000000","0x04000000","0x00000000","0x00000000","0x00000001","0xFFFFFFFF","0x00000088","0x00000260","0x00000051","0","0","0","0","0","0","0","0","0x8","0x3","0x0","0xF","0","1","1","1","0","1","1","1","0","1","1","1","0x00","0x18","0x18","0x18","0x0","0xF","0x3","0x7","0x60D000B4","0x1618D000","0x60D000B4","0x1618D000","0x60D000B4","0x1618D000","0x60D000B4","0x1618D000","0x09","0x08","0x05","0x04","0x01","0x00","0x1D","0x1C","0x008","0x700","0x004","0x300","0x000","0xF00","0x00C","0xB00","0x00","0x00","0xFF","0x20","0x20","0x20","0x07","0x20","0x20","0x20","0x20","0x20","0x20","0x20","0x20","0x20","0x20","0x20","0x20","0x20","0x20","0x20","0x20","0x20","0x20","0x20","0x20","0x20","0x20","0x20","0x20","0x20","0x20","0x20","0x08"
"363","0xB","0xC","0b1100000011001100","0b1111101111111111","0","0","0b0000000000000000","0b0000000000000000","0b0000000000000000","0b0000000000000000","0","0b1100000011001100","0b0000000000000000","0x00000000","0x00000001","0x000001B4","0x00000000","0x00000000","0x0000006B","0x00000000","0x00000000","0x00000000","0x00000000","0x00000000","0x00000000","0x00000000","0x00000000","0x00000000","0x00000000","0x00000000","0x00000000","0x00000000","0x00000000","0x00000000","0x00000000","0x00000000","0x00000000","0x04000000","0x00000000","0x00000000","0x00000001","0xFFFFFFFF","0x00000088","0x00000260","0x00000051","0","0","0","0","0","0","0","0","0x8","0x3","0x0","0xF","0","1","1","1","0","1","1","1","0","1","1","1","0x00","0x18","0x18","0x18","0x0","0xF","0x3","0x7","0x60D000B4","0x1618D000","0x60D000B4","0x1618D000","0x60D000B4","0x1618D000","0x60D000B4","0x1618D000","0x09","0x08","0x05","0x04","0x01","0x00","0x1D","0x1C","0x008","0x700","0x004","0x300","0x000","0xF00","0x00C","0xB00","0x00","0x00","0xFF","0x20","0x20","0x20","0x07","0x20","0x20","0x20","0x20","0x20","0x20","0x20","0x20","0x20","0x20","0x20","0x20","0x20","0x20","0x20","0x20","0x20","0x20","0x20","0x20","0x20","0x20","0x20","0x20","0x20","0x20","0x20","0x08"
"364","0xB","0xC","0b1100000011001100","0b1111101111111111","0","0","0b0000000000000000","0b0000000000000000","0b0000000000000000","0b0000000000000000","1","0b1100000011001100","0b0000000000000000","0x00000000","0x00000001","0x000001B4","0x00000000","0x00000000","0x0000006B","0x00000000","0x00000000","0x00000000","0x00000000","0x00000000","0x00000000","0x00000000","0x00000000","0x00000000","0x00000000","0x00000000","0x00000000","0x00000000","0x00000000","0x00000000","0x00000000","0x00000000","0x00000000","0x04000000","0x00000000","0x00000000","0x00000001","0xFFFFFFFF","0x00000088","0x00000260","0x00000051","0","0","0","0","0","0","0","0","0x8","0x3","0x0","0xF","0","1","1","1","0","1","1","1","0","1","1","1","0x00","0x18","0x18","0x18","0x0","0xF","0x3","0x7","0x60D000B4","0x1618D000","0x60D000B4","0x1618D000","0x60D000B4","0x1618D000","0x60D000B4","0x1618D000","0x09","0x08","0x05","0x04","0x01","0x00","0x1D","0x1C","0x008","0x700","0x004","0x300","0x000","0xF00","0x00C","0xB00","0x00","0x00","0xFF","0x20","0x20","0x20","0x07","0x20","0x20","0x20","0x20","0x20","0x20","0x20","0x20","0x20","0x20","0x20","0x20","0x20","0x20","0x20","0x20","0x20","0x20","0x20","0x20","0x20","0x20","0x20","0x20","0x20","0x20","0x20","0x08"
"365","0xB","0xC","0b1100000011001100","0b1111101111111111","0","0","0b0000000000000000","0b0000000000000000","0b0000000000000000","0b0000000000000000","0","0b1100000011001100","0b0000000000000000","0x00000000","0x00000001","0x000001B4","0x00000000","0x00000000","0x0000006B","0x00000000","0x00000000","0x00000000","0x00000000","0x00000000","0x00000000","0x00000000","0x00000000","0x00000000","0x00000000","0x00000000","0x00000000","0x00000000","0x00000000","0x00000000","0x00000000","0x00000000","0x00000000","0x04000000","0x00000000","0x00000000","0x00000001","0xFFFFFFFF","0x00000088","0x00000260","0x00000051","0","0","0","0","0","0","0","0","0x8","0x3","0x0","0xF","0","1","1","1","0","1","1","1","0","1","1","1","0x00","0x18","0x18","0x18","0x0","0xF","0x3","0x7","0x60D000B4","0x1618D000","0x60D000B4","0x1618D000","0x60D000B4","0x1618D000","0x60D000B4","0x1618D000","0x09","0x08","0x05","0x04","0x01","0x00","0x1D","0x1C","0x008","0x700","0x004","0x300","0x000","0xF00","0x00C","0xB00","0x00","0x00","0xFF","0x20","0x20","0x20","0x07","0x20","0x20","0x20","0x20","0x20","0x20","0x20","0x20","0x20","0x20","0x20","0x20","0x20","0x20","0x20","0x20","0x20","0x20","0x20","0x20","0x20","0x20","0x20","0x20","0x20","0x20","0x20","0x08"
"366","0xB","0xC","0b1100000011001100","0b1111101111111111","0","0","0b0000000000000000","0b0000000000000000","0b0000000000000000","0b0000000000000000","1","0b1100000011001100","0b0000000000000000","0x00000000","0x00000001","0x000001B4","0x00000000","0x00000000","0x0000006B","0x00000000","0x00000000","0x00000000","0x00000000","0x00000000","0x00000000","0x00000000","0x00000000","0x00000000","0x00000000","0x00000000","0x00000000","0x00000000","0x00000000","0x00000000","0x00000000","0x00000000","0x00000000","0x04000000","0x00000000","0x00000000","0x00000001","0xFFFFFFFF","0x00000088","0x00000260","0x00000051","0","0","0","0","0","0","0","0","0x8","0x3","0x0","0xF","0","1","1","1","0","1","1","1","0","1","1","1","0x00","0x18","0x18","0x18","0x0","0xF","0x3","0x7","0x60D000B4","0x1618D000","0x60D000B4","0x1618D000","0x60D000B4","0x1618D000","0x60D000B4","0x1618D000","0x09","0x08","0x05","0x04","0x01","0x00","0x1D","0x1C","0x008","0x700","0x004","0x300","0x000","0xF00","0x00C","0xB00","0x00","0x00","0xFF","0x20","0x20","0x20","0x07","0x20","0x20","0x20","0x20","0x20","0x20","0x20","0x20","0x20","0x20","0x20","0x20","0x20","0x20","0x20","0x20","0x20","0x20","0x20","0x20","0x20","0x20","0x20","0x20","0x20","0x20","0x20","0x08"
"367","0xB","0xC","0b1100000011001100","0b1111101111111111","0","0","0b0000000000000000","0b0000000000000000","0b0000000000000000","0b0000000000000000","0","0b1100000011001100","0b0000000000000000","0x00000000","0x00000001","0x000001B4","0x00000000","0x00000000","0x0000006B","0x00000000","0x00000000","0x00000000","0x00000000","0x00000000","0x00000000","0x00000000","0x00000000","0x00000000","0x00000000","0x00000000","0x00000000","0x00000000","0x00000000","0x00000000","0x00000000","0x00000000","0x00000000","0x04000000","0x00000000","0x00000000","0x00000001","0xFFFFFFFF","0x00000088","0x00000260","0x00000051","0","0","0","0","0","0","0","0","0x8","0x3","0x0","0xF","0","1","1","1","0","1","1","1","0","1","1","1","0x00","0x18","0x18","0x18","0x0","0xF","0x3","0x7","0x60D000B4","0x1618D000","0x60D000B4","0x1618D000","0x60D000B4","0x1618D000","0x60D000B4","0x1618D000","0x09","0x08","0x05","0x04","0x01","0x00","0x1D","0x1C","0x008","0x700","0x004","0x300","0x000","0xF00","0x00C","0xB00","0x00","0x00","0xFF","0x20","0x20","0x20","0x07","0x20","0x20","0x20","0x20","0x20","0x20","0x20","0x20","0x20","0x20","0x20","0x20","0x20","0x20","0x20","0x20","0x20","0x20","0x20","0x20","0x20","0x20","0x20","0x20","0x20","0x20","0x20","0x08"
"368","0xB","0xC","0b1100000011001100","0b1111101111111111","0","0","0b0000000000000000","0b0000000000000000","0b0000000000000000","0b0000000000000000","1","0b1100000011001100","0b0000000000000000","0x00000000","0x00000001","0x000001B4","0x00000000","0x00000000","0x0000006B","0x00000000","0x00000000","0x00000000","0x00000000","0x00000000","0x00000000","0x00000000","0x00000000","0x00000000","0x00000000","0x00000000","0x00000000","0x00000000","0x00000000","0x00000000","0x00000000","0x00000000","0x00000000","0x04000000","0x00000000","0x00000000","0x00000001","0xFFFFFFFF","0x00000088","0x00000260","0x00000051","0","0","0","0","0","0","0","0","0x8","0x3","0x0","0xF","0","1","1","1","0","1","1","1","0","1","1","1","0x00","0x18","0x18","0x18","0x0","0xF","0x3","0x7","0x60D000B4","0x1618D000","0x60D000B4","0x1618D000","0x60D000B4","0x1618D000","0x60D000B4","0x1618D000","0x09","0x08","0x05","0x04","0x01","0x00","0x1D","0x1C","0x008","0x700","0x004","0x300","0x000","0xF00","0x00C","0xB00","0x00","0x00","0xFF","0x20","0x20","0x20","0x07","0x20","0x20","0x20","0x20","0x20","0x20","0x20","0x20","0x20","0x20","0x20","0x20","0x20","0x20","0x20","0x20","0x20","0x20","0x20","0x20","0x20","0x20","0x20","0x20","0x20","0x20","0x20","0x08"
"369","0xB","0xC","0b1100000011001100","0b1111101111111111","0","0","0b0000000000000000","0b0000000000000000","0b0000000000000000","0b0000000000000000","0","0b1100000011001100","0b0000000000000000","0x00000000","0x00000001","0x000001B4","0x00000000","0x00000000","0x0000006B","0x00000000","0x00000000","0x00000000","0x00000000","0x00000000","0x00000000","0x00000000","0x00000000","0x00000000","0x00000000","0x00000000","0x00000000","0x00000000","0x00000000","0x00000000","0x00000000","0x00000000","0x00000000","0x04000000","0x00000000","0x00000000","0x00000001","0xFFFFFFFF","0x00000088","0x00000260","0x00000051","0","0","0","0","0","0","0","0","0x8","0x3","0x0","0xF","0","1","1","1","0","1","1","1","0","1","1","1","0x00","0x18","0x18","0x18","0x0","0xF","0x3","0x7","0x60D000B4","0x1618D000","0x60D000B4","0x1618D000","0x60D000B4","0x1618D000","0x60D000B4","0x1618D000","0x09","0x08","0x05","0x04","0x01","0x00","0x1D","0x1C","0x008","0x700","0x004","0x300","0x000","0xF00","0x00C","0xB00","0x00","0x00","0xFF","0x20","0x20","0x20","0x07","0x20","0x20","0x20","0x20","0x20","0x20","0x20","0x20","0x20","0x20","0x20","0x20","0x20","0x20","0x20","0x20","0x20","0x20","0x20","0x20","0x20","0x20","0x20","0x20","0x20","0x20","0x20","0x08"
"370","0xB","0xC","0b1100000011001100","0b1111101111111111","0","0","0b0000000000000000","0b0000000000000000","0b0000000000000000","0b0000000000000000","1","0b1100000011001100","0b0000000000000000","0x00000000","0x00000001","0x000001B4","0x00000000","0x00000000","0x0000006B","0x00000000","0x00000000","0x00000000","0x00000000","0x00000000","0x00000000","0x00000000","0x00000000","0x00000000","0x00000000","0x00000000","0x00000000","0x00000000","0x00000000","0x00000000","0x00000000","0x00000000","0x00000000","0x04000000","0x00000000","0x00000000","0x00000001","0xFFFFFFFF","0x00000088","0x00000260","0x00000051","0","0","0","0","0","0","0","0","0x8","0x3","0x0","0xF","0","1","1","1","0","1","1","1","0","1","1","1","0x00","0x18","0x18","0x18","0x0","0xF","0x3","0x7","0x60D000B4","0x1618D000","0x60D000B4","0x1618D000","0x60D000B4","0x1618D000","0x60D000B4","0x1618D000","0x09","0x08","0x05","0x04","0x01","0x00","0x1D","0x1C","0x008","0x700","0x004","0x300","0x000","0xF00","0x00C","0xB00","0x00","0x00","0xFF","0x20","0x20","0x20","0x07","0x20","0x20","0x20","0x20","0x20","0x20","0x20","0x20","0x20","0x20","0x20","0x20","0x20","0x20","0x20","0x20","0x20","0x20","0x20","0x20","0x20","0x20","0x20","0x20","0x20","0x20","0x20","0x08"
"371","0xB","0xC","0b1100000011001100","0b1111101111111111","0","0","0b0000000000000000","0b0000000000000000","0b0000000000000000","0b0000000000000000","0","0b1100000011001100","0b0000000000000000","0x00000000","0x00000001","0x000001B4","0x00000000","0x00000000","0x0000006B","0x00000000","0x00000000","0x00000000","0x00000000","0x00000000","0x00000000","0x00000000","0x00000000","0x00000000","0x00000000","0x00000000","0x00000000","0x00000000","0x00000000","0x00000000","0x00000000","0x00000000","0x00000000","0x04000000","0x00000000","0x00000000","0x00000001","0xFFFFFFFF","0x00000088","0x00000260","0x00000051","0","0","0","0","0","0","0","0","0x8","0x3","0x0","0xF","0","1","1","1","0","1","1","1","0","1","1","1","0x00","0x18","0x18","0x18","0x0","0xF","0x3","0x7","0x60D000B4","0x1618D000","0x60D000B4","0x1618D000","0x60D000B4","0x1618D000","0x60D000B4","0x1618D000","0x09","0x08","0x05","0x04","0x01","0x00","0x1D","0x1C","0x008","0x700","0x004","0x300","0x000","0xF00","0x00C","0xB00","0x00","0x00","0xFF","0x20","0x20","0x20","0x07","0x20","0x20","0x20","0x20","0x20","0x20","0x20","0x20","0x20","0x20","0x20","0x20","0x20","0x20","0x20","0x20","0x20","0x20","0x20","0x20","0x20","0x20","0x20","0x20","0x20","0x20","0x20","0x08"
"372","0xB","0xC","0b1100000011001100","0b1111101111111111","0","0","0b0000000000000000","0b0000000000000000","0b0000000000000000","0b0000000000000000","1","0b1100000011001100","0b0000000000000000","0x00000000","0x00000001","0x000001B4","0x00000000","0x00000000","0x0000006B","0x00000000","0x00000000","0x00000000","0x00000000","0x00000000","0x00000000","0x00000000","0x00000000","0x00000000","0x00000000","0x00000000","0x00000000","0x00000000","0x00000000","0x00000000","0x00000000","0x00000000","0x00000000","0x04000000","0x00000000","0x00000000","0x00000001","0xFFFFFFFF","0x00000088","0x00000260","0x00000051","0","0","0","0","0","0","0","0","0x8","0x3","0x0","0xF","0","1","1","1","0","1","1","1","0","1","1","1","0x00","0x18","0x18","0x18","0x0","0xF","0x3","0x7","0x60D000B4","0x1618D000","0x60D000B4","0x1618D000","0x60D000B4","0x1618D000","0x60D000B4","0x1618D000","0x09","0x08","0x05","0x04","0x01","0x00","0x1D","0x1C","0x008","0x700","0x004","0x300","0x000","0xF00","0x00C","0xB00","0x00","0x00","0xFF","0x20","0x20","0x20","0x07","0x20","0x20","0x20","0x20","0x20","0x20","0x20","0x20","0x20","0x20","0x20","0x20","0x20","0x20","0x20","0x20","0x20","0x20","0x20","0x20","0x20","0x20","0x20","0x20","0x20","0x20","0x20","0x08"
"373","0xB","0xC","0b1100000011001100","0b1111101111111111","0","0","0b0000000000000000","0b0000000000000000","0b0000000000000000","0b0000000000000000","0","0b1100000011001100","0b0000000000000000","0x00000000","0x00000001","0x000001B4","0x00000000","0x00000000","0x0000006B","0x00000000","0x00000000","0x00000000","0x00000000","0x00000000","0x00000000","0x00000000","0x00000000","0x00000000","0x00000000","0x00000000","0x00000000","0x00000000","0x00000000","0x00000000","0x00000000","0x00000000","0x00000000","0x04000000","0x00000000","0x00000000","0x00000001","0xFFFFFFFF","0x00000088","0x00000260","0x00000051","0","0","0","0","0","0","0","0","0x8","0x3","0x0","0xF","0","1","1","1","0","1","1","1","0","1","1","1","0x00","0x18","0x18","0x18","0x0","0xF","0x3","0x7","0x60D000B4","0x1618D000","0x60D000B4","0x1618D000","0x60D000B4","0x1618D000","0x60D000B4","0x1618D000","0x09","0x08","0x05","0x04","0x01","0x00","0x1D","0x1C","0x008","0x700","0x004","0x300","0x000","0xF00","0x00C","0xB00","0x00","0x00","0xFF","0x20","0x20","0x20","0x07","0x20","0x20","0x20","0x20","0x20","0x20","0x20","0x20","0x20","0x20","0x20","0x20","0x20","0x20","0x20","0x20","0x20","0x20","0x20","0x20","0x20","0x20","0x20","0x20","0x20","0x20","0x20","0x08"
"374","0xB","0xC","0b1100000011001100","0b1111101111111111","0","0","0b0000000000000000","0b0000000000000000","0b0000000000000000","0b0000000000000000","1","0b1100000011001100","0b0000000000000000","0x00000000","0x00000001","0x000001B4","0x00000000","0x00000000","0x0000006B","0x00000000","0x00000000","0x00000000","0x00000000","0x00000000","0x00000000","0x00000000","0x00000000","0x00000000","0x00000000","0x00000000","0x00000000","0x00000000","0x00000000","0x00000000","0x00000000","0x00000000","0x00000000","0x04000000","0x00000000","0x00000000","0x00000001","0xFFFFFFFF","0x00000088","0x00000260","0x00000051","0","0","0","0","0","0","0","0","0x8","0x3","0x0","0xF","0","1","1","1","0","1","1","1","0","1","1","1","0x00","0x18","0x18","0x18","0x0","0xF","0x3","0x7","0x60D000B4","0x1618D000","0x60D000B4","0x1618D000","0x60D000B4","0x1618D000","0x60D000B4","0x1618D000","0x09","0x08","0x05","0x04","0x01","0x00","0x1D","0x1C","0x008","0x700","0x004","0x300","0x000","0xF00","0x00C","0xB00","0x00","0x00","0xFF","0x20","0x20","0x20","0x07","0x20","0x20","0x20","0x20","0x20","0x20","0x20","0x20","0x20","0x20","0x20","0x20","0x20","0x20","0x20","0x20","0x20","0x20","0x20","0x20","0x20","0x20","0x20","0x20","0x20","0x20","0x20","0x08"
"375","0xB","0xC","0b1100000011001100","0b1111101111111111","0","0","0b0000000000000000","0b0000000000000000","0b0000000000000000","0b0000000000000000","0","0b1100000011001100","0b0000000000000000","0x00000000","0x00000001","0x000001B4","0x00000000","0x00000000","0x0000006B","0x00000000","0x00000000","0x00000000","0x00000000","0x00000000","0x00000000","0x00000000","0x00000000","0x00000000","0x00000000","0x00000000","0x00000000","0x00000000","0x00000000","0x00000000","0x00000000","0x00000000","0x00000000","0x04000000","0x00000000","0x00000000","0x00000001","0xFFFFFFFF","0x00000088","0x00000260","0x00000051","0","0","0","0","0","0","0","0","0x8","0x3","0x0","0xF","0","1","1","1","0","1","1","1","0","1","1","1","0x00","0x18","0x18","0x18","0x0","0xF","0x3","0x7","0x60D000B4","0x1618D000","0x60D000B4","0x1618D000","0x60D000B4","0x1618D000","0x60D000B4","0x1618D000","0x09","0x08","0x05","0x04","0x01","0x00","0x1D","0x1C","0x008","0x700","0x004","0x300","0x000","0xF00","0x00C","0xB00","0x00","0x00","0xFF","0x20","0x20","0x20","0x07","0x20","0x20","0x20","0x20","0x20","0x20","0x20","0x20","0x20","0x20","0x20","0x20","0x20","0x20","0x20","0x20","0x20","0x20","0x20","0x20","0x20","0x20","0x20","0x20","0x20","0x20","0x20","0x08"
"376","0xB","0xC","0b1100000011001100","0b1111101111111111","0","0","0b0000000000000000","0b0000000000000000","0b0000000000000000","0b0000000000000000","1","0b1100000011001100","0b0000000000000000","0x00000000","0x00000001","0x000001B4","0x00000000","0x00000000","0x0000006B","0x00000000","0x00000000","0x00000000","0x00000000","0x00000000","0x00000000","0x00000000","0x00000000","0x00000000","0x00000000","0x00000000","0x00000000","0x00000000","0x00000000","0x00000000","0x00000000","0x00000000","0x00000000","0x04000000","0x00000000","0x00000000","0x00000001","0xFFFFFFFF","0x00000088","0x00000260","0x00000051","0","0","0","0","0","0","0","0","0x8","0x3","0x0","0xF","0","1","1","1","0","1","1","1","0","1","1","1","0x00","0x18","0x18","0x18","0x0","0xF","0x3","0x7","0x60D000B4","0x1618D000","0x60D000B4","0x1618D000","0x60D000B4","0x1618D000","0x60D000B4","0x1618D000","0x09","0x08","0x05","0x04","0x01","0x00","0x1D","0x1C","0x008","0x700","0x004","0x300","0x000","0xF00","0x00C","0xB00","0x00","0x00","0xFF","0x20","0x20","0x20","0x07","0x20","0x20","0x20","0x20","0x20","0x20","0x20","0x20","0x20","0x20","0x20","0x20","0x20","0x20","0x20","0x20","0x20","0x20","0x20","0x20","0x20","0x20","0x20","0x20","0x20","0x20","0x20","0x08"
"377","0xB","0xC","0b1100000011001100","0b1111101111111111","0","0","0b0000000000000000","0b0000000000000000","0b0000000000000000","0b0000000000000000","0","0b1100000011001100","0b0000000000000000","0x00000000","0x00000001","0x000001B4","0x00000000","0x00000000","0x0000006B","0x00000000","0x00000000","0x00000000","0x00000000","0x00000000","0x00000000","0x00000000","0x00000000","0x00000000","0x00000000","0x00000000","0x00000000","0x00000000","0x00000000","0x00000000","0x00000000","0x00000000","0x00000000","0x04000000","0x00000000","0x00000000","0x00000001","0xFFFFFFFF","0x00000088","0x00000260","0x00000051","0","0","0","0","0","0","0","0","0x8","0x3","0x0","0xF","0","1","1","1","0","1","1","1","0","1","1","1","0x00","0x18","0x18","0x18","0x0","0xF","0x3","0x7","0x60D000B4","0x1618D000","0x60D000B4","0x1618D000","0x60D000B4","0x1618D000","0x60D000B4","0x1618D000","0x09","0x08","0x05","0x04","0x01","0x00","0x1D","0x1C","0x008","0x700","0x004","0x300","0x000","0xF00","0x00C","0xB00","0x00","0x00","0xFF","0x20","0x20","0x20","0x07","0x20","0x20","0x20","0x20","0x20","0x20","0x20","0x20","0x20","0x20","0x20","0x20","0x20","0x20","0x20","0x20","0x20","0x20","0x20","0x20","0x20","0x20","0x20","0x20","0x20","0x20","0x20","0x08"
"378","0xB","0xC","0b1100000011001100","0b1111101111111111","0","0","0b0000000000000000","0b0000000000000000","0b0000000000000000","0b0000000000000000","1","0b1100000011001100","0b0000000000000000","0x00000000","0x00000001","0x000001B4","0x00000000","0x00000000","0x0000006B","0x00000000","0x00000000","0x00000000","0x00000000","0x00000000","0x00000000","0x00000000","0x00000000","0x00000000","0x00000000","0x00000000","0x00000000","0x00000000","0x00000000","0x00000000","0x00000000","0x00000000","0x00000000","0x04000000","0x00000000","0x00000000","0x00000001","0xFFFFFFFF","0x00000088","0x00000260","0x00000051","0","0","0","0","0","0","0","0","0x8","0x3","0x0","0xF","0","1","1","1","0","1","1","1","0","1","1","1","0x00","0x18","0x18","0x18","0x0","0xF","0x3","0x7","0x60D000B4","0x1618D000","0x60D000B4","0x1618D000","0x60D000B4","0x1618D000","0x60D000B4","0x1618D000","0x09","0x08","0x05","0x04","0x01","0x00","0x1D","0x1C","0x008","0x700","0x004","0x300","0x000","0xF00","0x00C","0xB00","0x00","0x00","0xFF","0x20","0x20","0x20","0x07","0x20","0x20","0x20","0x20","0x20","0x20","0x20","0x20","0x20","0x20","0x20","0x20","0x20","0x20","0x20","0x20","0x20","0x20","0x20","0x20","0x20","0x20","0x20","0x20","0x20","0x20","0x20","0x08"
"379","0xB","0xC","0b1100000011001100","0b1111101111111111","0","0","0b0000000000000000","0b0000000000000000","0b0000000000000000","0b0000000000000000","0","0b1100000011001100","0b0000000000000000","0x00000000","0x00000001","0x000001B4","0x00000000","0x00000000","0x0000006B","0x00000000","0x00000000","0x00000000","0x00000000","0x00000000","0x00000000","0x00000000","0x00000000","0x00000000","0x00000000","0x00000000","0x00000000","0x00000000","0x00000000","0x00000000","0x00000000","0x00000000","0x00000000","0x04000000","0x00000000","0x00000000","0x00000001","0xFFFFFFFF","0x00000088","0x00000260","0x00000051","0","0","0","0","0","0","0","0","0x8","0x3","0x0","0xF","0","1","1","1","0","1","1","1","0","1","1","1","0x00","0x18","0x18","0x18","0x0","0xF","0x3","0x7","0x60D000B4","0x1618D000","0x60D000B4","0x1618D000","0x60D000B4","0x1618D000","0x60D000B4","0x1618D000","0x09","0x08","0x05","0x04","0x01","0x00","0x1D","0x1C","0x008","0x700","0x004","0x300","0x000","0xF00","0x00C","0xB00","0x00","0x00","0xFF","0x20","0x20","0x20","0x07","0x20","0x20","0x20","0x20","0x20","0x20","0x20","0x20","0x20","0x20","0x20","0x20","0x20","0x20","0x20","0x20","0x20","0x20","0x20","0x20","0x20","0x20","0x20","0x20","0x20","0x20","0x20","0x08"
"380","0xB","0xC","0b1100000011001100","0b1111101111111111","0","0","0b0000000000000000","0b0000000000000000","0b0000000000000000","0b0000000000000000","1","0b1100000011001100","0b0000000000000000","0x00000000","0x00000001","0x000001B4","0x00000000","0x00000000","0x0000006B","0x00000000","0x00000000","0x00000000","0x00000000","0x00000000","0x00000000","0x00000000","0x00000000","0x00000000","0x00000000","0x00000000","0x00000000","0x00000000","0x00000000","0x00000000","0x00000000","0x00000000","0x00000000","0x04000000","0x00000000","0x00000000","0x00000001","0xFFFFFFFF","0x00000088","0x00000260","0x00000051","0","0","0","0","0","0","0","0","0x8","0x3","0x0","0xF","0","1","1","1","0","1","1","1","0","1","1","1","0x00","0x18","0x18","0x18","0x0","0xF","0x3","0x7","0x60D000B4","0x1618D000","0x60D000B4","0x1618D000","0x60D000B4","0x1618D000","0x60D000B4","0x1618D000","0x09","0x08","0x05","0x04","0x01","0x00","0x1D","0x1C","0x008","0x700","0x004","0x300","0x000","0xF00","0x00C","0xB00","0x00","0x00","0xFF","0x20","0x20","0x20","0x07","0x20","0x20","0x20","0x20","0x20","0x20","0x20","0x20","0x20","0x20","0x20","0x20","0x20","0x20","0x20","0x20","0x20","0x20","0x20","0x20","0x20","0x20","0x20","0x20","0x20","0x20","0x20","0x08"
"381","0xB","0xC","0b1100000011001100","0b1111101111111111","0","0","0b0000000000000000","0b0000000000000000","0b0000000000000000","0b0000000000000000","0","0b1100000011001100","0b0000000000000000","0x00000000","0x00000001","0x000001B4","0x00000000","0x00000000","0x0000006B","0x00000000","0x00000000","0x00000000","0x00000000","0x00000000","0x00000000","0x00000000","0x00000000","0x00000000","0x00000000","0x00000000","0x00000000","0x00000000","0x00000000","0x00000000","0x00000000","0x00000000","0x00000000","0x04000000","0x00000000","0x00000000","0x00000001","0xFFFFFFFF","0x00000088","0x00000260","0x00000051","0","0","0","0","0","0","0","0","0x8","0x3","0x0","0xF","0","1","1","1","0","1","1","1","0","1","1","1","0x00","0x18","0x18","0x18","0x0","0xF","0x3","0x7","0x60D000B4","0x1618D000","0x60D000B4","0x1618D000","0x60D000B4","0x1618D000","0x60D000B4","0x1618D000","0x09","0x08","0x05","0x04","0x01","0x00","0x1D","0x1C","0x008","0x700","0x004","0x300","0x000","0xF00","0x00C","0xB00","0x00","0x00","0xFF","0x20","0x20","0x20","0x07","0x20","0x20","0x20","0x20","0x20","0x20","0x20","0x20","0x20","0x20","0x20","0x20","0x20","0x20","0x20","0x20","0x20","0x20","0x20","0x20","0x20","0x20","0x20","0x20","0x20","0x20","0x20","0x08"
"382","0xB","0xC","0b1100000011001100","0b1111101111111111","0","0","0b0000000000000000","0b0000000000000000","0b0000000000000000","0b0000000000000000","1","0b1100000011001100","0b0000000000000000","0x00000000","0x00000001","0x000001B4","0x00000000","0x00000000","0x0000006B","0x00000000","0x00000000","0x00000000","0x00000000","0x00000000","0x00000000","0x00000000","0x00000000","0x00000000","0x00000000","0x00000000","0x00000000","0x00000000","0x00000000","0x00000000","0x00000000","0x00000000","0x00000000","0x04000000","0x00000000","0x00000000","0x00000001","0xFFFFFFFF","0x00000088","0x00000260","0x00000051","0","0","0","0","0","0","0","0","0x8","0x3","0x0","0xF","0","1","1","1","0","1","1","1","0","1","1","1","0x00","0x18","0x18","0x18","0x0","0xF","0x3","0x7","0x60D000B4","0x1618D000","0x60D000B4","0x1618D000","0x60D000B4","0x1618D000","0x60D000B4","0x1618D000","0x09","0x08","0x05","0x04","0x01","0x00","0x1D","0x1C","0x008","0x700","0x004","0x300","0x000","0xF00","0x00C","0xB00","0x00","0x00","0xFF","0x20","0x20","0x20","0x07","0x20","0x20","0x20","0x20","0x20","0x20","0x20","0x20","0x20","0x20","0x20","0x20","0x20","0x20","0x20","0x20","0x20","0x20","0x20","0x20","0x20","0x20","0x20","0x20","0x20","0x20","0x20","0x08"
"383","0xB","0xC","0b1100000011001100","0b1111101111111111","0","0","0b0000000000000000","0b0000000000000000","0b0000000000000000","0b0000000000000000","0","0b1100000011001100","0b0000000000000000","0x00000000","0x00000001","0x000001B4","0x00000000","0x00000000","0x0000006B","0x00000000","0x00000000","0x00000000","0x00000000","0x00000000","0x00000000","0x00000000","0x00000000","0x00000000","0x00000000","0x00000000","0x00000000","0x00000000","0x00000000","0x00000000","0x00000000","0x00000000","0x00000000","0x04000000","0x00000000","0x00000000","0x00000001","0xFFFFFFFF","0x00000088","0x00000260","0x00000051","0","0","0","0","0","0","0","0","0x8","0x3","0x0","0xF","0","1","1","1","0","1","1","1","0","1","1","1","0x00","0x18","0x18","0x18","0x0","0xF","0x3","0x7","0x60D000B4","0x1618D000","0x60D000B4","0x1618D000","0x60D000B4","0x1618D000","0x60D000B4","0x1618D000","0x09","0x08","0x05","0x04","0x01","0x00","0x1D","0x1C","0x008","0x700","0x004","0x300","0x000","0xF00","0x00C","0xB00","0x00","0x00","0xFF","0x20","0x20","0x20","0x07","0x20","0x20","0x20","0x20","0x20","0x20","0x20","0x20","0x20","0x20","0x20","0x20","0x20","0x20","0x20","0x20","0x20","0x20","0x20","0x20","0x20","0x20","0x20","0x20","0x20","0x20","0x20","0x08"
"384","0xB","0xC","0b1100000011001100","0b1111101111111111","0","0","0b0000000000000000","0b0000000000000000","0b0000000000000000","0b0000000000000000","1","0b1100000011001100","0b0000000000000000","0x00000000","0x00000001","0x000001B4","0x00000000","0x00000000","0x0000006B","0x00000000","0x00000000","0x00000000","0x00000000","0x00000000","0x00000000","0x00000000","0x00000000","0x00000000","0x00000000","0x00000000","0x00000000","0x00000000","0x00000000","0x00000000","0x00000000","0x00000000","0x00000000","0x04000000","0x00000000","0x00000000","0x00000001","0xFFFFFFFF","0x00000088","0x00000260","0x00000051","0","0","0","0","0","0","0","0","0x8","0x3","0x0","0xF","0","1","1","1","0","1","1","1","0","1","1","1","0x00","0x18","0x18","0x18","0x0","0xF","0x3","0x7","0x60D000B4","0x1618D000","0x60D000B4","0x1618D000","0x60D000B4","0x1618D000","0x60D000B4","0x1618D000","0x09","0x08","0x05","0x04","0x01","0x00","0x1D","0x1C","0x008","0x700","0x004","0x300","0x000","0xF00","0x00C","0xB00","0x00","0x00","0xFF","0x20","0x20","0x20","0x07","0x20","0x20","0x20","0x20","0x20","0x20","0x20","0x20","0x20","0x20","0x20","0x20","0x20","0x20","0x20","0x20","0x20","0x20","0x20","0x20","0x20","0x20","0x20","0x20","0x20","0x20","0x20","0x08"
"385","0xB","0xC","0b1100000011001100","0b1111101111111111","0","0","0b0000000000000000","0b0000000000000000","0b0000000000000000","0b0000000000000000","0","0b1100000011001100","0b0000000000000000","0x00000000","0x00000001","0x000001B4","0x00000000","0x00000000","0x0000006B","0x00000000","0x00000000","0x00000000","0x00000000","0x00000000","0x00000000","0x00000000","0x00000000","0x00000000","0x00000000","0x00000000","0x00000000","0x00000000","0x00000000","0x00000000","0x00000000","0x00000000","0x00000000","0x04000000","0x00000000","0x00000000","0x00000001","0xFFFFFFFF","0x00000088","0x00000260","0x00000051","0","0","0","0","0","0","0","0","0x8","0x3","0x0","0xF","0","1","1","1","0","1","1","1","0","1","1","1","0x00","0x18","0x18","0x18","0x0","0xF","0x3","0x7","0x60D000B4","0x1618D000","0x60D000B4","0x1618D000","0x60D000B4","0x1618D000","0x60D000B4","0x1618D000","0x09","0x08","0x05","0x04","0x01","0x00","0x1D","0x1C","0x008","0x700","0x004","0x300","0x000","0xF00","0x00C","0xB00","0x00","0x00","0xFF","0x20","0x20","0x20","0x07","0x20","0x20","0x20","0x20","0x20","0x20","0x20","0x20","0x20","0x20","0x20","0x20","0x20","0x20","0x20","0x20","0x20","0x20","0x20","0x20","0x20","0x20","0x20","0x20","0x20","0x20","0x20","0x08"
"386","0xB","0xC","0b1100000011001100","0b1111101111111111","0","0","0b0000000000000000","0b0000000000000000","0b0000000000000000","0b0000000000000000","1","0b1100000011001100","0b0000000000000000","0x00000000","0x00000001","0x000001B4","0x00000000","0x00000000","0x0000006B","0x00000000","0x00000000","0x00000000","0x00000000","0x00000000","0x00000000","0x00000000","0x00000000","0x00000000","0x00000000","0x00000000","0x00000000","0x00000000","0x00000000","0x00000000","0x00000000","0x00000000","0x00000000","0x04000000","0x00000000","0x00000000","0x00000001","0xFFFFFFFF","0x00000088","0x00000260","0x00000051","0","0","0","0","0","0","0","0","0x8","0x3","0x0","0xF","0","1","1","1","0","1","1","1","0","1","1","1","0x00","0x18","0x18","0x18","0x0","0xF","0x3","0x7","0x60D000B4","0x1618D000","0x60D000B4","0x1618D000","0x60D000B4","0x1618D000","0x60D000B4","0x1618D000","0x09","0x08","0x05","0x04","0x01","0x00","0x1D","0x1C","0x008","0x700","0x004","0x300","0x000","0xF00","0x00C","0xB00","0x00","0x00","0xFF","0x20","0x20","0x20","0x07","0x20","0x20","0x20","0x20","0x20","0x20","0x20","0x20","0x20","0x20","0x20","0x20","0x20","0x20","0x20","0x20","0x20","0x20","0x20","0x20","0x20","0x20","0x20","0x20","0x20","0x20","0x20","0x08"
"387","0xB","0xC","0b1100000011001100","0b1111101111111111","0","0","0b0000000000000000","0b0000000000000000","0b0000000000000000","0b0000000000000000","0","0b1100000011001100","0b0000000000000000","0x00000000","0x00000001","0x000001B4","0x00000000","0x00000000","0x0000006B","0x00000000","0x00000000","0x00000000","0x00000000","0x00000000","0x00000000","0x00000000","0x00000000","0x00000000","0x00000000","0x00000000","0x00000000","0x00000000","0x00000000","0x00000000","0x00000000","0x00000000","0x00000000","0x04000000","0x00000000","0x00000000","0x00000001","0xFFFFFFFF","0x00000088","0x00000260","0x00000051","0","0","0","0","0","0","0","0","0x8","0x3","0x0","0xF","0","1","1","1","0","1","1","1","0","1","1","1","0x00","0x18","0x18","0x18","0x0","0xF","0x3","0x7","0x60D000B4","0x1618D000","0x60D000B4","0x1618D000","0x60D000B4","0x1618D000","0x60D000B4","0x1618D000","0x09","0x08","0x05","0x04","0x01","0x00","0x1D","0x1C","0x008","0x700","0x004","0x300","0x000","0xF00","0x00C","0xB00","0x00","0x00","0xFF","0x20","0x20","0x20","0x07","0x20","0x20","0x20","0x20","0x20","0x20","0x20","0x20","0x20","0x20","0x20","0x20","0x20","0x20","0x20","0x20","0x20","0x20","0x20","0x20","0x20","0x20","0x20","0x20","0x20","0x20","0x20","0x08"
"388","0xB","0xC","0b1100000011001100","0b1111101111111111","0","0","0b0000000000000000","0b0000000000000000","0b0000000000000000","0b0000000000000000","1","0b1100000011001100","0b0000000000000000","0x00000000","0x00000001","0x000001B4","0x00000000","0x00000000","0x0000006B","0x00000000","0x00000000","0x00000000","0x00000000","0x00000000","0x00000000","0x00000000","0x00000000","0x00000000","0x00000000","0x00000000","0x00000000","0x00000000","0x00000000","0x00000000","0x00000000","0x00000000","0x00000000","0x04000000","0x00000000","0x00000000","0x00000001","0xFFFFFFFF","0x00000088","0x00000260","0x00000051","0","0","0","0","0","0","0","0","0x8","0x3","0x0","0xF","0","1","1","1","0","1","1","1","0","1","1","1","0x00","0x18","0x18","0x18","0x0","0xF","0x3","0x7","0x60D000B4","0x1618D000","0x60D000B4","0x1618D000","0x60D000B4","0x1618D000","0x60D000B4","0x1618D000","0x09","0x08","0x05","0x04","0x01","0x00","0x1D","0x1C","0x008","0x700","0x004","0x300","0x000","0xF00","0x00C","0xB00","0x00","0x00","0xFF","0x20","0x20","0x20","0x07","0x20","0x20","0x20","0x20","0x20","0x20","0x20","0x20","0x20","0x20","0x20","0x20","0x20","0x20","0x20","0x20","0x20","0x20","0x20","0x20","0x20","0x20","0x20","0x20","0x20","0x20","0x20","0x08"
"389","0xB","0xC","0b1100000011001100","0b1111101111111111","0","0","0b0000000000000000","0b0000000000000000","0b0000000000000000","0b0000000000000000","0","0b1100000011001100","0b0000000000000000","0x00000000","0x00000001","0x000001B4","0x00000000","0x00000000","0x0000006B","0x00000000","0x00000000","0x00000000","0x00000000","0x00000000","0x00000000","0x00000000","0x00000000","0x00000000","0x00000000","0x00000000","0x00000000","0x00000000","0x00000000","0x00000000","0x00000000","0x00000000","0x00000000","0x04000000","0x00000000","0x00000000","0x00000001","0xFFFFFFFF","0x00000088","0x00000260","0x00000051","0","0","0","0","0","0","0","0","0x8","0x3","0x0","0xF","0","1","1","1","0","1","1","1","0","1","1","1","0x00","0x18","0x18","0x18","0x0","0xF","0x3","0x7","0x60D000B4","0x1618D000","0x60D000B4","0x1618D000","0x60D000B4","0x1618D000","0x60D000B4","0x1618D000","0x09","0x08","0x05","0x04","0x01","0x00","0x1D","0x1C","0x008","0x700","0x004","0x300","0x000","0xF00","0x00C","0xB00","0x00","0x00","0xFF","0x20","0x20","0x20","0x07","0x20","0x20","0x20","0x20","0x20","0x20","0x20","0x20","0x20","0x20","0x20","0x20","0x20","0x20","0x20","0x20","0x20","0x20","0x20","0x20","0x20","0x20","0x20","0x20","0x20","0x20","0x20","0x08"
"390","0xB","0xC","0b1100000011001100","0b1111101111111111","0","0","0b0000000000000000","0b0000000000000000","0b0000000000000000","0b0000000000000000","1","0b1100000011001100","0b0000000000000000","0x00000000","0x00000001","0x000001B4","0x00000000","0x00000000","0x0000006B","0x00000000","0x00000000","0x00000000","0x00000000","0x00000000","0x00000000","0x00000000","0x00000000","0x00000000","0x00000000","0x00000000","0x00000000","0x00000000","0x00000000","0x00000000","0x00000000","0x00000000","0x00000000","0x04000000","0x00000000","0x00000000","0x00000001","0xFFFFFFFF","0x00000088","0x00000260","0x00000051","0","0","0","0","0","0","0","0","0x8","0x3","0x0","0xF","0","1","1","1","0","1","1","1","0","1","1","1","0x00","0x18","0x18","0x18","0x0","0xF","0x3","0x7","0x60D000B4","0x1618D000","0x60D000B4","0x1618D000","0x60D000B4","0x1618D000","0x60D000B4","0x1618D000","0x09","0x08","0x05","0x04","0x01","0x00","0x1D","0x1C","0x008","0x700","0x004","0x300","0x000","0xF00","0x00C","0xB00","0x00","0x00","0xFF","0x20","0x20","0x20","0x07","0x20","0x20","0x20","0x20","0x20","0x20","0x20","0x20","0x20","0x20","0x20","0x20","0x20","0x20","0x20","0x20","0x20","0x20","0x20","0x20","0x20","0x20","0x20","0x20","0x20","0x20","0x20","0x08"
"391","0xB","0xC","0b1100000011001100","0b1111101111111111","0","0","0b0000000000000000","0b0000000000000000","0b0000000000000000","0b0000000000000000","0","0b1100000011001100","0b0000000000000000","0x00000000","0x00000001","0x000001B4","0x00000000","0x00000000","0x0000006B","0x00000000","0x00000000","0x00000000","0x00000000","0x00000000","0x00000000","0x00000000","0x00000000","0x00000000","0x00000000","0x00000000","0x00000000","0x00000000","0x00000000","0x00000000","0x00000000","0x00000000","0x00000000","0x04000000","0x00000000","0x00000000","0x00000001","0xFFFFFFFF","0x00000088","0x00000260","0x00000051","0","0","0","0","0","0","0","0","0x8","0x3","0x0","0xF","0","1","1","1","0","1","1","1","0","1","1","1","0x00","0x18","0x18","0x18","0x0","0xF","0x3","0x7","0x60D000B4","0x1618D000","0x60D000B4","0x1618D000","0x60D000B4","0x1618D000","0x60D000B4","0x1618D000","0x09","0x08","0x05","0x04","0x01","0x00","0x1D","0x1C","0x008","0x700","0x004","0x300","0x000","0xF00","0x00C","0xB00","0x00","0x00","0xFF","0x20","0x20","0x20","0x07","0x20","0x20","0x20","0x20","0x20","0x20","0x20","0x20","0x20","0x20","0x20","0x20","0x20","0x20","0x20","0x20","0x20","0x20","0x20","0x20","0x20","0x20","0x20","0x20","0x20","0x20","0x20","0x08"
"392","0xB","0xC","0b1100000011001100","0b1111101111111111","0","0","0b0000000000000000","0b0000000000000000","0b0000000000000000","0b0000000000000000","1","0b1100000011001100","0b0000000000000000","0x00000000","0x00000001","0x000001B4","0x00000000","0x00000000","0x0000006B","0x00000000","0x00000000","0x00000000","0x00000000","0x00000000","0x00000000","0x00000000","0x00000000","0x00000000","0x00000000","0x00000000","0x00000000","0x00000000","0x00000000","0x00000000","0x00000000","0x00000000","0x00000000","0x04000000","0x00000000","0x00000000","0x00000001","0xFFFFFFFF","0x00000088","0x00000260","0x00000051","0","0","0","0","0","0","0","0","0x8","0x3","0x0","0xF","0","1","1","1","0","1","1","1","0","1","1","1","0x00","0x18","0x18","0x18","0x0","0xF","0x3","0x7","0x60D000B4","0x1618D000","0x60D000B4","0x1618D000","0x60D000B4","0x1618D000","0x60D000B4","0x1618D000","0x09","0x08","0x05","0x04","0x01","0x00","0x1D","0x1C","0x008","0x700","0x004","0x300","0x000","0xF00","0x00C","0xB00","0x00","0x00","0xFF","0x20","0x20","0x20","0x07","0x20","0x20","0x20","0x20","0x20","0x20","0x20","0x20","0x20","0x20","0x20","0x20","0x20","0x20","0x20","0x20","0x20","0x20","0x20","0x20","0x20","0x20","0x20","0x20","0x20","0x20","0x20","0x08"
"393","0xB","0xC","0b1100000011001100","0b1111101111111111","0","0","0b0000000000000000","0b0000000000000000","0b0000000000000000","0b0000000000000000","0","0b1100000011001100","0b0000000000000000","0x00000000","0x00000001","0x000001B4","0x00000000","0x00000000","0x0000006B","0x00000000","0x00000000","0x00000000","0x00000000","0x00000000","0x00000000","0x00000000","0x00000000","0x00000000","0x00000000","0x00000000","0x00000000","0x00000000","0x00000000","0x00000000","0x00000000","0x00000000","0x00000000","0x04000000","0x00000000","0x00000000","0x00000001","0xFFFFFFFF","0x00000088","0x00000260","0x00000051","0","0","0","0","0","0","0","0","0x8","0x3","0x0","0xF","0","1","1","1","0","1","1","1","0","1","1","1","0x00","0x18","0x18","0x18","0x0","0xF","0x3","0x7","0x60D000B4","0x1618D000","0x60D000B4","0x1618D000","0x60D000B4","0x1618D000","0x60D000B4","0x1618D000","0x09","0x08","0x05","0x04","0x01","0x00","0x1D","0x1C","0x008","0x700","0x004","0x300","0x000","0xF00","0x00C","0xB00","0x00","0x00","0xFF","0x20","0x20","0x20","0x07","0x20","0x20","0x20","0x20","0x20","0x20","0x20","0x20","0x20","0x20","0x20","0x20","0x20","0x20","0x20","0x20","0x20","0x20","0x20","0x20","0x20","0x20","0x20","0x20","0x20","0x20","0x20","0x08"
"394","0xB","0xC","0b1100000011001100","0b1111101111111111","0","0","0b0000000000000000","0b0000000000000000","0b0000000000000000","0b0000000000000000","1","0b1100000011001100","0b0000000000000000","0x00000000","0x00000001","0x000001B4","0x00000000","0x00000000","0x0000006B","0x00000000","0x00000000","0x00000000","0x00000000","0x00000000","0x00000000","0x00000000","0x00000000","0x00000000","0x00000000","0x00000000","0x00000000","0x00000000","0x00000000","0x00000000","0x00000000","0x00000000","0x00000000","0x04000000","0x00000000","0x00000000","0x00000001","0xFFFFFFFF","0x00000088","0x00000260","0x00000051","0","0","0","0","0","0","0","0","0x8","0x3","0x0","0xF","0","1","1","1","0","1","1","1","0","1","1","1","0x00","0x18","0x18","0x18","0x0","0xF","0x3","0x7","0x60D000B4","0x1618D000","0x60D000B4","0x1618D000","0x60D000B4","0x1618D000","0x60D000B4","0x1618D000","0x09","0x08","0x05","0x04","0x01","0x00","0x1D","0x1C","0x008","0x700","0x004","0x300","0x000","0xF00","0x00C","0xB00","0x00","0x00","0xFF","0x20","0x20","0x20","0x07","0x20","0x20","0x20","0x20","0x20","0x20","0x20","0x20","0x20","0x20","0x20","0x20","0x20","0x20","0x20","0x20","0x20","0x20","0x20","0x20","0x20","0x20","0x20","0x20","0x20","0x20","0x20","0x08"
"395","0xB","0xC","0b1100000011001100","0b1111101111111111","0","0","0b0000000000000000","0b0000000000000000","0b0000000000000000","0b0000000000000000","0","0b1100000011001100","0b0000000000000000","0x00000000","0x00000001","0x000001B4","0x00000000","0x00000000","0x0000006B","0x00000000","0x00000000","0x00000000","0x00000000","0x00000000","0x00000000","0x00000000","0x00000000","0x00000000","0x00000000","0x00000000","0x00000000","0x00000000","0x00000000","0x00000000","0x00000000","0x00000000","0x00000000","0x04000000","0x00000000","0x00000000","0x00000001","0xFFFFFFFF","0x00000088","0x00000260","0x00000051","0","0","0","0","0","0","0","0","0x8","0x3","0x0","0xF","0","1","1","1","0","1","1","1","0","1","1","1","0x00","0x18","0x18","0x18","0x0","0xF","0x3","0x7","0x60D000B4","0x1618D000","0x60D000B4","0x1618D000","0x60D000B4","0x1618D000","0x60D000B4","0x1618D000","0x09","0x08","0x05","0x04","0x01","0x00","0x1D","0x1C","0x008","0x700","0x004","0x300","0x000","0xF00","0x00C","0xB00","0x00","0x00","0xFF","0x20","0x20","0x20","0x07","0x20","0x20","0x20","0x20","0x20","0x20","0x20","0x20","0x20","0x20","0x20","0x20","0x20","0x20","0x20","0x20","0x20","0x20","0x20","0x20","0x20","0x20","0x20","0x20","0x20","0x20","0x20","0x08"
"396","0xB","0xC","0b1100000011001100","0b1111101111111111","0","0","0b0000000000000000","0b0000000000000000","0b0000000000000000","0b0000000000000000","1","0b1100000011001100","0b0000000000000000","0x00000000","0x00000001","0x000001B4","0x00000000","0x00000000","0x0000006B","0x00000000","0x00000000","0x00000000","0x00000000","0x00000000","0x00000000","0x00000000","0x00000000","0x00000000","0x00000000","0x00000000","0x00000000","0x00000000","0x00000000","0x00000000","0x00000000","0x00000000","0x00000000","0x04000000","0x00000000","0x00000000","0x00000001","0xFFFFFFFF","0x00000088","0x00000260","0x00000051","0","0","0","0","0","0","0","0","0x8","0x3","0x0","0xF","0","1","1","1","0","1","1","1","0","1","1","1","0x00","0x18","0x18","0x18","0x0","0xF","0x3","0x7","0x60D000B4","0x1618D000","0x60D000B4","0x1618D000","0x60D000B4","0x1618D000","0x60D000B4","0x1618D000","0x09","0x08","0x05","0x04","0x01","0x00","0x1D","0x1C","0x008","0x700","0x004","0x300","0x000","0xF00","0x00C","0xB00","0x00","0x00","0xFF","0x20","0x20","0x20","0x07","0x20","0x20","0x20","0x20","0x20","0x20","0x20","0x20","0x20","0x20","0x20","0x20","0x20","0x20","0x20","0x20","0x20","0x20","0x20","0x20","0x20","0x20","0x20","0x20","0x20","0x20","0x20","0x08"
"397","0xB","0xC","0b1100000011001100","0b1111101111111111","0","0","0b0000000000000000","0b0000000000000000","0b0000000000000000","0b0000000000000000","0","0b1100000011001100","0b0000000000000000","0x00000000","0x00000001","0x000001B4","0x00000000","0x00000000","0x0000006B","0x00000000","0x00000000","0x00000000","0x00000000","0x00000000","0x00000000","0x00000000","0x00000000","0x00000000","0x00000000","0x00000000","0x00000000","0x00000000","0x00000000","0x00000000","0x00000000","0x00000000","0x00000000","0x04000000","0x00000000","0x00000000","0x00000001","0xFFFFFFFF","0x00000088","0x00000260","0x00000051","0","0","0","0","0","0","0","0","0x8","0x3","0x0","0xF","0","1","1","1","0","1","1","1","0","1","1","1","0x00","0x18","0x18","0x18","0x0","0xF","0x3","0x7","0x60D000B4","0x1618D000","0x60D000B4","0x1618D000","0x60D000B4","0x1618D000","0x60D000B4","0x1618D000","0x09","0x08","0x05","0x04","0x01","0x00","0x1D","0x1C","0x008","0x700","0x004","0x300","0x000","0xF00","0x00C","0xB00","0x00","0x00","0xFF","0x20","0x20","0x20","0x07","0x20","0x20","0x20","0x20","0x20","0x20","0x20","0x20","0x20","0x20","0x20","0x20","0x20","0x20","0x20","0x20","0x20","0x20","0x20","0x20","0x20","0x20","0x20","0x20","0x20","0x20","0x20","0x08"
"398","0xB","0xC","0b1100000011001100","0b1111101111111111","0","0","0b0000000000000000","0b0000000000000000","0b0000000000000000","0b0000000000000000","1","0b1100000011001100","0b0000000000000000","0x00000000","0x00000001","0x000001B4","0x00000000","0x00000000","0x0000006B","0x00000000","0x00000000","0x00000000","0x00000000","0x00000000","0x00000000","0x00000000","0x00000000","0x00000000","0x00000000","0x00000000","0x00000000","0x00000000","0x00000000","0x00000000","0x00000000","0x00000000","0x00000000","0x04000000","0x00000000","0x00000000","0x00000001","0xFFFFFFFF","0x00000088","0x00000260","0x00000051","0","0","0","0","0","0","0","0","0x8","0x3","0x0","0xF","0","1","1","1","0","1","1","1","0","1","1","1","0x00","0x18","0x18","0x18","0x0","0xF","0x3","0x7","0x60D000B4","0x1618D000","0x60D000B4","0x1618D000","0x60D000B4","0x1618D000","0x60D000B4","0x1618D000","0x09","0x08","0x05","0x04","0x01","0x00","0x1D","0x1C","0x008","0x700","0x004","0x300","0x000","0xF00","0x00C","0xB00","0x00","0x00","0xFF","0x20","0x20","0x20","0x07","0x20","0x20","0x20","0x20","0x20","0x20","0x20","0x20","0x20","0x20","0x20","0x20","0x20","0x20","0x20","0x20","0x20","0x20","0x20","0x20","0x20","0x20","0x20","0x20","0x20","0x20","0x20","0x08"
"399","0xB","0xC","0b1100000011001100","0b1111101111111111","0","0","0b0000000000000000","0b0000000000000000","0b0000000000000000","0b0000000000000000","0","0b1100000011001100","0b0000000000000000","0x00000000","0x00000001","0x000001B4","0x00000000","0x00000000","0x0000006B","0x00000000","0x00000000","0x00000000","0x00000000","0x00000000","0x00000000","0x00000000","0x00000000","0x00000000","0x00000000","0x00000000","0x00000000","0x00000000","0x00000000","0x00000000","0x00000000","0x00000000","0x00000000","0x04000000","0x00000000","0x00000000","0x00000001","0xFFFFFFFF","0x00000088","0x00000260","0x00000051","0","0","0","0","0","0","0","0","0x8","0x3","0x0","0xF","0","1","1","1","0","1","1","1","0","1","1","1","0x00","0x18","0x18","0x18","0x0","0xF","0x3","0x7","0x60D000B4","0x1618D000","0x60D000B4","0x1618D000","0x60D000B4","0x1618D000","0x60D000B4","0x1618D000","0x09","0x08","0x05","0x04","0x01","0x00","0x1D","0x1C","0x008","0x700","0x004","0x300","0x000","0xF00","0x00C","0xB00","0x00","0x00","0xFF","0x20","0x20","0x20","0x07","0x20","0x20","0x20","0x20","0x20","0x20","0x20","0x20","0x20","0x20","0x20","0x20","0x20","0x20","0x20","0x20","0x20","0x20","0x20","0x20","0x20","0x20","0x20","0x20","0x20","0x20","0x20","0x08"
"400","0xB","0xC","0b1100000011001100","0b1111101111111111","0","0","0b0000000000000000","0b0000000000000000","0b0000000000000000","0b0000000000000000","1","0b1100000011001100","0b0000000000000000","0x00000000","0x00000001","0x000001B4","0x00000000","0x00000000","0x0000006B","0x00000000","0x00000000","0x00000000","0x00000000","0x00000000","0x00000000","0x00000000","0x00000000","0x00000000","0x00000000","0x00000000","0x00000000","0x00000000","0x00000000","0x00000000","0x00000000","0x00000000","0x00000000","0x04000000","0x00000000","0x00000000","0x00000001","0xFFFFFFFF","0x00000088","0x00000260","0x00000051","0","0","0","0","0","0","0","0","0x8","0x3","0x0","0xF","0","1","1","1","0","1","1","1","0","1","1","1","0x00","0x18","0x18","0x18","0x0","0xF","0x3","0x7","0x60D000B4","0x1618D000","0x60D000B4","0x1618D000","0x60D000B4","0x1618D000","0x60D000B4","0x1618D000","0x09","0x08","0x05","0x04","0x01","0x00","0x1D","0x1C","0x008","0x700","0x004","0x300","0x000","0xF00","0x00C","0xB00","0x00","0x00","0xFF","0x20","0x20","0x20","0x07","0x20","0x20","0x20","0x20","0x20","0x20","0x20","0x20","0x20","0x20","0x20","0x20","0x20","0x20","0x20","0x20","0x20","0x20","0x20","0x20","0x20","0x20","0x20","0x20","0x20","0x20","0x20","0x08"
"401","0xB","0xC","0b1100000011001100","0b1111101111111111","0","0","0b0000000000000000","0b0000000000000000","0b0000000000000000","0b0000000000000000","0","0b1100000011001100","0b0000000000000000","0x00000000","0x00000001","0x000001B4","0x00000000","0x00000000","0x0000006B","0x00000000","0x00000000","0x00000000","0x00000000","0x00000000","0x00000000","0x00000000","0x00000000","0x00000000","0x00000000","0x00000000","0x00000000","0x00000000","0x00000000","0x00000000","0x00000000","0x00000000","0x00000000","0x04000000","0x00000000","0x00000000","0x00000001","0xFFFFFFFF","0x00000088","0x00000260","0x00000051","0","0","0","0","0","0","0","0","0x8","0x3","0x0","0xF","0","1","1","1","0","1","1","1","0","1","1","1","0x00","0x18","0x18","0x18","0x0","0xF","0x3","0x7","0x60D000B4","0x1618D000","0x60D000B4","0x1618D000","0x60D000B4","0x1618D000","0x60D000B4","0x1618D000","0x09","0x08","0x05","0x04","0x01","0x00","0x1D","0x1C","0x008","0x700","0x004","0x300","0x000","0xF00","0x00C","0xB00","0x00","0x00","0xFF","0x20","0x20","0x20","0x07","0x20","0x20","0x20","0x20","0x20","0x20","0x20","0x20","0x20","0x20","0x20","0x20","0x20","0x20","0x20","0x20","0x20","0x20","0x20","0x20","0x20","0x20","0x20","0x20","0x20","0x20","0x20","0x08"
"402","0xB","0xC","0b1100000011001100","0b1111101111111111","0","0","0b0000000000000000","0b0000000000000000","0b0000000000000000","0b0000000000000000","1","0b1100000011001100","0b0000000000000000","0x00000000","0x00000001","0x000001B4","0x00000000","0x00000000","0x0000006B","0x00000000","0x00000000","0x00000000","0x00000000","0x00000000","0x00000000","0x00000000","0x00000000","0x00000000","0x00000000","0x00000000","0x00000000","0x00000000","0x00000000","0x00000000","0x00000000","0x00000000","0x00000000","0x04000000","0x00000000","0x00000000","0x00000001","0xFFFFFFFF","0x00000088","0x00000260","0x00000051","0","0","0","0","0","0","0","0","0x8","0x3","0x0","0xF","0","1","1","1","0","1","1","1","0","1","1","1","0x00","0x18","0x18","0x18","0x0","0xF","0x3","0x7","0x60D000B4","0x1618D000","0x60D000B4","0x1618D000","0x60D000B4","0x1618D000","0x60D000B4","0x1618D000","0x09","0x08","0x05","0x04","0x01","0x00","0x1D","0x1C","0x008","0x700","0x004","0x300","0x000","0xF00","0x00C","0xB00","0x00","0x00","0xFF","0x20","0x20","0x20","0x07","0x20","0x20","0x20","0x20","0x20","0x20","0x20","0x20","0x20","0x20","0x20","0x20","0x20","0x20","0x20","0x20","0x20","0x20","0x20","0x20","0x20","0x20","0x20","0x20","0x20","0x20","0x20","0x08"
"403","0xB","0xC","0b1100000011001100","0b1111101111111111","0","0","0b0000000000000000","0b0000000000000000","0b0000000000000000","0b0000000000000000","0","0b1100000011001100","0b0000000000000000","0x00000000","0x00000001","0x000001B4","0x00000000","0x00000000","0x0000006B","0x00000000","0x00000000","0x00000000","0x00000000","0x00000000","0x00000000","0x00000000","0x00000000","0x00000000","0x00000000","0x00000000","0x00000000","0x00000000","0x00000000","0x00000000","0x00000000","0x00000000","0x00000000","0x04000000","0x00000000","0x00000000","0x00000001","0xFFFFFFFF","0x00000088","0x00000260","0x00000051","0","0","0","0","0","0","0","0","0x8","0x3","0x0","0xF","0","1","1","1","0","1","1","1","0","1","1","1","0x00","0x18","0x18","0x18","0x0","0xF","0x3","0x7","0x60D000B4","0x1618D000","0x60D000B4","0x1618D000","0x60D000B4","0x1618D000","0x60D000B4","0x1618D000","0x09","0x08","0x05","0x04","0x01","0x00","0x1D","0x1C","0x008","0x700","0x004","0x300","0x000","0xF00","0x00C","0xB00","0x00","0x00","0xFF","0x20","0x20","0x20","0x07","0x20","0x20","0x20","0x20","0x20","0x20","0x20","0x20","0x20","0x20","0x20","0x20","0x20","0x20","0x20","0x20","0x20","0x20","0x20","0x20","0x20","0x20","0x20","0x20","0x20","0x20","0x20","0x08"
"404","0xB","0xC","0b1100000011001100","0b1111101111111111","0","0","0b0000000000000000","0b0000000000000000","0b0000000000000000","0b0000000000000000","1","0b1100000011001100","0b0000000000000000","0x00000000","0x00000001","0x000001B4","0x00000000","0x00000000","0x0000006B","0x00000000","0x00000000","0x00000000","0x00000000","0x00000000","0x00000000","0x00000000","0x00000000","0x00000000","0x00000000","0x00000000","0x00000000","0x00000000","0x00000000","0x00000000","0x00000000","0x00000000","0x00000000","0x04000000","0x00000000","0x00000000","0x00000001","0xFFFFFFFF","0x00000088","0x00000260","0x00000051","0","0","0","0","0","0","0","0","0x8","0x3","0x0","0xF","0","1","1","1","0","1","1","1","0","1","1","1","0x00","0x18","0x18","0x18","0x0","0xF","0x3","0x7","0x60D000B4","0x1618D000","0x60D000B4","0x1618D000","0x60D000B4","0x1618D000","0x60D000B4","0x1618D000","0x09","0x08","0x05","0x04","0x01","0x00","0x1D","0x1C","0x008","0x700","0x004","0x300","0x000","0xF00","0x00C","0xB00","0x00","0x00","0xFF","0x20","0x20","0x20","0x07","0x20","0x20","0x20","0x20","0x20","0x20","0x20","0x20","0x20","0x20","0x20","0x20","0x20","0x20","0x20","0x20","0x20","0x20","0x20","0x20","0x20","0x20","0x20","0x20","0x20","0x20","0x20","0x08"
"405","0xB","0xC","0b1100000011001100","0b1111101111111111","0","0","0b0000000000000000","0b0000000000000000","0b0000000000000000","0b0000000000000000","0","0b1100000011001100","0b0000000000000000","0x00000000","0x00000001","0x000001B4","0x00000000","0x00000000","0x0000006B","0x00000000","0x00000000","0x00000000","0x00000000","0x00000000","0x00000000","0x00000000","0x00000000","0x00000000","0x00000000","0x00000000","0x00000000","0x00000000","0x00000000","0x00000000","0x00000000","0x00000000","0x00000000","0x04000000","0x00000000","0x00000000","0x00000001","0xFFFFFFFF","0x00000088","0x00000260","0x00000051","0","0","0","0","0","0","0","0","0x8","0x3","0x0","0xF","0","1","1","1","0","1","1","1","0","1","1","1","0x00","0x18","0x18","0x18","0x0","0xF","0x3","0x7","0x60D000B4","0x1618D000","0x60D000B4","0x1618D000","0x60D000B4","0x1618D000","0x60D000B4","0x1618D000","0x09","0x08","0x05","0x04","0x01","0x00","0x1D","0x1C","0x008","0x700","0x004","0x300","0x000","0xF00","0x00C","0xB00","0x00","0x00","0xFF","0x20","0x20","0x20","0x07","0x20","0x20","0x20","0x20","0x20","0x20","0x20","0x20","0x20","0x20","0x20","0x20","0x20","0x20","0x20","0x20","0x20","0x20","0x20","0x20","0x20","0x20","0x20","0x20","0x20","0x20","0x20","0x08"
"406","0xB","0xC","0b1100000011001100","0b1111101111111111","0","0","0b0000000000000000","0b0000000000000000","0b0000000000000000","0b0000000000000000","1","0b1100000011001100","0b0000000000000000","0x00000000","0x00000001","0x000001B4","0x00000000","0x00000000","0x0000006B","0x00000000","0x00000000","0x00000000","0x00000000","0x00000000","0x00000000","0x00000000","0x00000000","0x00000000","0x00000000","0x00000000","0x00000000","0x00000000","0x00000000","0x00000000","0x00000000","0x00000000","0x00000000","0x04000000","0x00000000","0x00000000","0x00000001","0xFFFFFFFF","0x00000088","0x00000260","0x00000051","0","0","0","0","0","0","0","0","0x8","0x3","0x0","0xF","0","1","1","1","0","1","1","1","0","1","1","1","0x00","0x18","0x18","0x18","0x0","0xF","0x3","0x7","0x60D000B4","0x1618D000","0x60D000B4","0x1618D000","0x60D000B4","0x1618D000","0x60D000B4","0x1618D000","0x09","0x08","0x05","0x04","0x01","0x00","0x1D","0x1C","0x008","0x700","0x004","0x300","0x000","0xF00","0x00C","0xB00","0x00","0x00","0xFF","0x20","0x20","0x20","0x07","0x20","0x20","0x20","0x20","0x20","0x20","0x20","0x20","0x20","0x20","0x20","0x20","0x20","0x20","0x20","0x20","0x20","0x20","0x20","0x20","0x20","0x20","0x20","0x20","0x20","0x20","0x20","0x08"
"407","0xB","0xC","0b1100000011001100","0b1111101111111111","0","0","0b0000000000000000","0b0000000000000000","0b0000000000000000","0b0000000000000000","0","0b1100000011001100","0b0000000000000000","0x00000000","0x00000001","0x000001B4","0x00000000","0x00000000","0x0000006B","0x00000000","0x00000000","0x00000000","0x00000000","0x00000000","0x00000000","0x00000000","0x00000000","0x00000000","0x00000000","0x00000000","0x00000000","0x00000000","0x00000000","0x00000000","0x00000000","0x00000000","0x00000000","0x04000000","0x00000000","0x00000000","0x00000001","0xFFFFFFFF","0x00000088","0x00000260","0x00000051","0","0","0","0","0","0","0","0","0x8","0x3","0x0","0xF","0","1","1","1","0","1","1","1","0","1","1","1","0x00","0x18","0x18","0x18","0x0","0xF","0x3","0x7","0x60D000B4","0x1618D000","0x60D000B4","0x1618D000","0x60D000B4","0x1618D000","0x60D000B4","0x1618D000","0x09","0x08","0x05","0x04","0x01","0x00","0x1D","0x1C","0x008","0x700","0x004","0x300","0x000","0xF00","0x00C","0xB00","0x00","0x00","0xFF","0x20","0x20","0x20","0x07","0x20","0x20","0x20","0x20","0x20","0x20","0x20","0x20","0x20","0x20","0x20","0x20","0x20","0x20","0x20","0x20","0x20","0x20","0x20","0x20","0x20","0x20","0x20","0x20","0x20","0x20","0x20","0x08"
"408","0xB","0xC","0b1100000011001100","0b1111101111111111","0","0","0b0000000000000000","0b0000000000000000","0b0000000000000000","0b0000000000000000","1","0b1100000011001100","0b0000000000000000","0x00000000","0x00000001","0x000001B4","0x00000000","0x00000000","0x0000006B","0x00000000","0x00000000","0x00000000","0x00000000","0x00000000","0x00000000","0x00000000","0x00000000","0x00000000","0x00000000","0x00000000","0x00000000","0x00000000","0x00000000","0x00000000","0x00000000","0x00000000","0x00000000","0x04000000","0x00000000","0x00000000","0x00000001","0xFFFFFFFF","0x00000088","0x00000260","0x00000051","0","0","0","0","0","0","0","0","0x8","0x3","0x0","0xF","0","1","1","1","0","1","1","1","0","1","1","1","0x00","0x18","0x18","0x18","0x0","0xF","0x3","0x7","0x60D000B4","0x1618D000","0x60D000B4","0x1618D000","0x60D000B4","0x1618D000","0x60D000B4","0x1618D000","0x09","0x08","0x05","0x04","0x01","0x00","0x1D","0x1C","0x008","0x700","0x004","0x300","0x000","0xF00","0x00C","0xB00","0x00","0x00","0xFF","0x20","0x20","0x20","0x07","0x20","0x20","0x20","0x20","0x20","0x20","0x20","0x20","0x20","0x20","0x20","0x20","0x20","0x20","0x20","0x20","0x20","0x20","0x20","0x20","0x20","0x20","0x20","0x20","0x20","0x20","0x20","0x08"
"409","0xB","0xC","0b1100000011001100","0b1111101111111111","0","0","0b0000000000000000","0b0000000000000000","0b0000000000000000","0b0000000000000000","0","0b1100000011001100","0b0000000000000000","0x00000000","0x00000001","0x000001B4","0x00000000","0x00000000","0x0000006B","0x00000000","0x00000000","0x00000000","0x00000000","0x00000000","0x00000000","0x00000000","0x00000000","0x00000000","0x00000000","0x00000000","0x00000000","0x00000000","0x00000000","0x00000000","0x00000000","0x00000000","0x00000000","0x04000000","0x00000000","0x00000000","0x00000001","0xFFFFFFFF","0x00000088","0x00000260","0x00000051","0","0","0","0","0","0","0","0","0x8","0x3","0x0","0xF","0","1","1","1","0","1","1","1","0","1","1","1","0x00","0x18","0x18","0x18","0x0","0xF","0x3","0x7","0x60D000B4","0x1618D000","0x60D000B4","0x1618D000","0x60D000B4","0x1618D000","0x60D000B4","0x1618D000","0x09","0x08","0x05","0x04","0x01","0x00","0x1D","0x1C","0x008","0x700","0x004","0x300","0x000","0xF00","0x00C","0xB00","0x00","0x00","0xFF","0x20","0x20","0x20","0x07","0x20","0x20","0x20","0x20","0x20","0x20","0x20","0x20","0x20","0x20","0x20","0x20","0x20","0x20","0x20","0x20","0x20","0x20","0x20","0x20","0x20","0x20","0x20","0x20","0x20","0x20","0x20","0x08"
"410","0xB","0xC","0b1100000011001100","0b1111101111111111","0","0","0b0000000000000000","0b0000000000000000","0b0000000000000000","0b0000000000000000","1","0b1100000011001100","0b0000000000000000","0x00000000","0x00000001","0x000001B4","0x00000000","0x00000000","0x0000006B","0x00000000","0x00000000","0x00000000","0x00000000","0x00000000","0x00000000","0x00000000","0x00000000","0x00000000","0x00000000","0x00000000","0x00000000","0x00000000","0x00000000","0x00000000","0x00000000","0x00000000","0x00000000","0x04000000","0x00000000","0x00000000","0x00000001","0xFFFFFFFF","0x00000088","0x00000260","0x00000051","0","0","0","0","0","0","0","0","0x8","0x3","0x0","0xF","0","1","1","1","0","1","1","1","0","1","1","1","0x00","0x18","0x18","0x18","0x0","0xF","0x3","0x7","0x60D000B4","0x1618D000","0x60D000B4","0x1618D000","0x60D000B4","0x1618D000","0x60D000B4","0x1618D000","0x09","0x08","0x05","0x04","0x01","0x00","0x1D","0x1C","0x008","0x700","0x004","0x300","0x000","0xF00","0x00C","0xB00","0x00","0x00","0xFF","0x20","0x20","0x20","0x07","0x20","0x20","0x20","0x20","0x20","0x20","0x20","0x20","0x20","0x20","0x20","0x20","0x20","0x20","0x20","0x20","0x20","0x20","0x20","0x20","0x20","0x20","0x20","0x20","0x20","0x20","0x20","0x08"
"411","0xB","0xC","0b1100000011001100","0b1111101111111111","0","0","0b0000000000000000","0b0000000000000000","0b0000000000000000","0b0000000000000000","0","0b1100000011001100","0b0000000000000000","0x00000000","0x00000001","0x000001B4","0x00000000","0x00000000","0x0000006B","0x00000000","0x00000000","0x00000000","0x00000000","0x00000000","0x00000000","0x00000000","0x00000000","0x00000000","0x00000000","0x00000000","0x00000000","0x00000000","0x00000000","0x00000000","0x00000000","0x00000000","0x00000000","0x04000000","0x00000000","0x00000000","0x00000001","0xFFFFFFFF","0x00000088","0x00000260","0x00000051","0","0","0","0","0","0","0","0","0x8","0x3","0x0","0xF","0","1","1","1","0","1","1","1","0","1","1","1","0x00","0x18","0x18","0x18","0x0","0xF","0x3","0x7","0x60D000B4","0x1618D000","0x60D000B4","0x1618D000","0x60D000B4","0x1618D000","0x60D000B4","0x1618D000","0x09","0x08","0x05","0x04","0x01","0x00","0x1D","0x1C","0x008","0x700","0x004","0x300","0x000","0xF00","0x00C","0xB00","0x00","0x00","0xFF","0x20","0x20","0x20","0x07","0x20","0x20","0x20","0x20","0x20","0x20","0x20","0x20","0x20","0x20","0x20","0x20","0x20","0x20","0x20","0x20","0x20","0x20","0x20","0x20","0x20","0x20","0x20","0x20","0x20","0x20","0x20","0x08"
"412","0xB","0xC","0b1100000011001100","0b1111101111111111","0","0","0b0000000000000000","0b0000000000000000","0b0000000000000000","0b0000000000000000","1","0b1100000011001100","0b0000000000000000","0x00000000","0x00000001","0x000001B4","0x00000000","0x00000000","0x0000006B","0x00000000","0x00000000","0x00000000","0x00000000","0x00000000","0x00000000","0x00000000","0x00000000","0x00000000","0x00000000","0x00000000","0x00000000","0x00000000","0x00000000","0x00000000","0x00000000","0x00000000","0x00000000","0x04000000","0x00000000","0x00000000","0x00000001","0xFFFFFFFF","0x00000088","0x00000260","0x00000051","0","0","0","0","0","0","0","0","0x8","0x3","0x0","0xF","0","1","1","1","0","1","1","1","0","1","1","1","0x00","0x18","0x18","0x18","0x0","0xF","0x3","0x7","0x60D000B4","0x1618D000","0x60D000B4","0x1618D000","0x60D000B4","0x1618D000","0x60D000B4","0x1618D000","0x09","0x08","0x05","0x04","0x01","0x00","0x1D","0x1C","0x008","0x700","0x004","0x300","0x000","0xF00","0x00C","0xB00","0x00","0x00","0xFF","0x20","0x20","0x20","0x07","0x20","0x20","0x20","0x20","0x20","0x20","0x20","0x20","0x20","0x20","0x20","0x20","0x20","0x20","0x20","0x20","0x20","0x20","0x20","0x20","0x20","0x20","0x20","0x20","0x20","0x20","0x20","0x08"
"413","0xB","0xC","0b1100000011001100","0b1111101111111111","0","0","0b0000000000000000","0b0000000000000000","0b0000000000000000","0b0000000000000000","0","0b1100000011001100","0b0000000000000000","0x00000000","0x00000001","0x000001B4","0x00000000","0x00000000","0x0000006B","0x00000000","0x00000000","0x00000000","0x00000000","0x00000000","0x00000000","0x00000000","0x00000000","0x00000000","0x00000000","0x00000000","0x00000000","0x00000000","0x00000000","0x00000000","0x00000000","0x00000000","0x00000000","0x04000000","0x00000000","0x00000000","0x00000001","0xFFFFFFFF","0x00000088","0x00000260","0x00000051","0","0","0","0","0","0","0","0","0x8","0x3","0x0","0xF","0","1","1","1","0","1","1","1","0","1","1","1","0x00","0x18","0x18","0x18","0x0","0xF","0x3","0x7","0x60D000B4","0x1618D000","0x60D000B4","0x1618D000","0x60D000B4","0x1618D000","0x60D000B4","0x1618D000","0x09","0x08","0x05","0x04","0x01","0x00","0x1D","0x1C","0x008","0x700","0x004","0x300","0x000","0xF00","0x00C","0xB00","0x00","0x00","0xFF","0x20","0x20","0x20","0x07","0x20","0x20","0x20","0x20","0x20","0x20","0x20","0x20","0x20","0x20","0x20","0x20","0x20","0x20","0x20","0x20","0x20","0x20","0x20","0x20","0x20","0x20","0x20","0x20","0x20","0x20","0x20","0x08"
"414","0xB","0xC","0b1100000011001100","0b1111101111111111","0","0","0b0000000000000000","0b0000000000000000","0b0000000000000000","0b0000000000000000","1","0b1100000011001100","0b0000000000000000","0x00000000","0x00000001","0x000001B4","0x00000000","0x00000000","0x0000006B","0x00000000","0x00000000","0x00000000","0x00000000","0x00000000","0x00000000","0x00000000","0x00000000","0x00000000","0x00000000","0x00000000","0x00000000","0x00000000","0x00000000","0x00000000","0x00000000","0x00000000","0x00000000","0x04000000","0x00000000","0x00000000","0x00000001","0xFFFFFFFF","0x00000088","0x00000260","0x00000051","0","0","0","0","0","0","0","0","0x8","0x3","0x0","0xF","0","1","1","1","0","1","1","1","0","1","1","1","0x00","0x18","0x18","0x18","0x0","0xF","0x3","0x7","0x60D000B4","0x1618D000","0x60D000B4","0x1618D000","0x60D000B4","0x1618D000","0x60D000B4","0x1618D000","0x09","0x08","0x05","0x04","0x01","0x00","0x1D","0x1C","0x008","0x700","0x004","0x300","0x000","0xF00","0x00C","0xB00","0x00","0x00","0xFF","0x20","0x20","0x20","0x07","0x20","0x20","0x20","0x20","0x20","0x20","0x20","0x20","0x20","0x20","0x20","0x20","0x20","0x20","0x20","0x20","0x20","0x20","0x20","0x20","0x20","0x20","0x20","0x20","0x20","0x20","0x20","0x08"
"415","0xB","0xC","0b1100000011001100","0b1111101111111111","0","0","0b0000000000000000","0b0000000000000000","0b0000000000000000","0b0000000000000000","0","0b1100000011001100","0b0000000000000000","0x00000000","0x00000001","0x000001B4","0x00000000","0x00000000","0x0000006B","0x00000000","0x00000000","0x00000000","0x00000000","0x00000000","0x00000000","0x00000000","0x00000000","0x00000000","0x00000000","0x00000000","0x00000000","0x00000000","0x00000000","0x00000000","0x00000000","0x00000000","0x00000000","0x04000000","0x00000000","0x00000000","0x00000001","0xFFFFFFFF","0x00000088","0x00000260","0x00000051","0","0","0","0","0","0","0","0","0x8","0x3","0x0","0xF","0","1","1","1","0","1","1","1","0","1","1","1","0x00","0x18","0x18","0x18","0x0","0xF","0x3","0x7","0x60D000B4","0x1618D000","0x60D000B4","0x1618D000","0x60D000B4","0x1618D000","0x60D000B4","0x1618D000","0x09","0x08","0x05","0x04","0x01","0x00","0x1D","0x1C","0x008","0x700","0x004","0x300","0x000","0xF00","0x00C","0xB00","0x00","0x00","0xFF","0x20","0x20","0x20","0x07","0x20","0x20","0x20","0x20","0x20","0x20","0x20","0x20","0x20","0x20","0x20","0x20","0x20","0x20","0x20","0x20","0x20","0x20","0x20","0x20","0x20","0x20","0x20","0x20","0x20","0x20","0x20","0x08"
"416","0xB","0xC","0b1100000011001100","0b1111101111111111","0","0","0b0000000000000000","0b0000000000000000","0b0000000000000000","0b0000000000000000","1","0b1100000011001100","0b0000000000000000","0x00000000","0x00000001","0x000001B4","0x00000000","0x00000000","0x0000006B","0x00000000","0x00000000","0x00000000","0x00000000","0x00000000","0x00000000","0x00000000","0x00000000","0x00000000","0x00000000","0x00000000","0x00000000","0x00000000","0x00000000","0x00000000","0x00000000","0x00000000","0x00000000","0x04000000","0x00000000","0x00000000","0x00000001","0xFFFFFFFF","0x00000088","0x00000260","0x00000051","0","0","0","0","0","0","0","0","0x8","0x3","0x0","0xF","0","1","1","1","0","1","1","1","0","1","1","1","0x00","0x18","0x18","0x18","0x0","0xF","0x3","0x7","0x60D000B4","0x1618D000","0x60D000B4","0x1618D000","0x60D000B4","0x1618D000","0x60D000B4","0x1618D000","0x09","0x08","0x05","0x04","0x01","0x00","0x1D","0x1C","0x008","0x700","0x004","0x300","0x000","0xF00","0x00C","0xB00","0x00","0x00","0xFF","0x20","0x20","0x20","0x07","0x20","0x20","0x20","0x20","0x20","0x20","0x20","0x20","0x20","0x20","0x20","0x20","0x20","0x20","0x20","0x20","0x20","0x20","0x20","0x20","0x20","0x20","0x20","0x20","0x20","0x20","0x20","0x08"
"417","0xB","0xC","0b1100000011001100","0b1111101111111111","0","0","0b0000000000000000","0b0000000000000000","0b0000000000000000","0b0000000000000000","0","0b1100000011001100","0b0000000000000000","0x00000000","0x00000001","0x000001B4","0x00000000","0x00000000","0x0000006B","0x00000000","0x00000000","0x00000000","0x00000000","0x00000000","0x00000000","0x00000000","0x00000000","0x00000000","0x00000000","0x00000000","0x00000000","0x00000000","0x00000000","0x00000000","0x00000000","0x00000000","0x00000000","0x04000000","0x00000000","0x00000000","0x00000001","0xFFFFFFFF","0x00000088","0x00000260","0x00000051","0","0","0","0","0","0","0","0","0x8","0x3","0x0","0xF","0","1","1","1","0","1","1","1","0","1","1","1","0x00","0x18","0x18","0x18","0x0","0xF","0x3","0x7","0x60D000B4","0x1618D000","0x60D000B4","0x1618D000","0x60D000B4","0x1618D000","0x60D000B4","0x1618D000","0x09","0x08","0x05","0x04","0x01","0x00","0x1D","0x1C","0x008","0x700","0x004","0x300","0x000","0xF00","0x00C","0xB00","0x00","0x00","0xFF","0x20","0x20","0x20","0x07","0x20","0x20","0x20","0x20","0x20","0x20","0x20","0x20","0x20","0x20","0x20","0x20","0x20","0x20","0x20","0x20","0x20","0x20","0x20","0x20","0x20","0x20","0x20","0x20","0x20","0x20","0x20","0x08"
"418","0xB","0xC","0b1100000011001100","0b1111101111111111","0","0","0b0000000000000000","0b0000000000000000","0b0000000000000000","0b0000000000000000","1","0b1100000011001100","0b0000000000000000","0x00000000","0x00000001","0x000001B4","0x00000000","0x00000000","0x0000006B","0x00000000","0x00000000","0x00000000","0x00000000","0x00000000","0x00000000","0x00000000","0x00000000","0x00000000","0x00000000","0x00000000","0x00000000","0x00000000","0x00000000","0x00000000","0x00000000","0x00000000","0x00000000","0x04000000","0x00000000","0x00000000","0x00000001","0xFFFFFFFF","0x00000088","0x00000260","0x00000051","0","0","0","0","0","0","0","0","0x8","0x3","0x0","0xF","0","1","1","1","0","1","1","1","0","1","1","1","0x00","0x18","0x18","0x18","0x0","0xF","0x3","0x7","0x60D000B4","0x1618D000","0x60D000B4","0x1618D000","0x60D000B4","0x1618D000","0x60D000B4","0x1618D000","0x09","0x08","0x05","0x04","0x01","0x00","0x1D","0x1C","0x008","0x700","0x004","0x300","0x000","0xF00","0x00C","0xB00","0x00","0x00","0xFF","0x20","0x20","0x20","0x07","0x20","0x20","0x20","0x20","0x20","0x20","0x20","0x20","0x20","0x20","0x20","0x20","0x20","0x20","0x20","0x20","0x20","0x20","0x20","0x20","0x20","0x20","0x20","0x20","0x20","0x20","0x20","0x08"
"419","0xB","0xC","0b1100000011001100","0b1111101111111111","0","0","0b0000000000000000","0b0000000000000000","0b0000000000000000","0b0000000000000000","0","0b1100000011001100","0b0000000000000000","0x00000000","0x00000001","0x000001B4","0x00000000","0x00000000","0x0000006B","0x00000000","0x00000000","0x00000000","0x00000000","0x00000000","0x00000000","0x00000000","0x00000000","0x00000000","0x00000000","0x00000000","0x00000000","0x00000000","0x00000000","0x00000000","0x00000000","0x00000000","0x00000000","0x04000000","0x00000000","0x00000000","0x00000001","0xFFFFFFFF","0x00000088","0x00000260","0x00000051","0","0","0","0","0","0","0","0","0x8","0x3","0x0","0xF","0","1","1","1","0","1","1","1","0","1","1","1","0x00","0x18","0x18","0x18","0x0","0xF","0x3","0x7","0x60D000B4","0x1618D000","0x60D000B4","0x1618D000","0x60D000B4","0x1618D000","0x60D000B4","0x1618D000","0x09","0x08","0x05","0x04","0x01","0x00","0x1D","0x1C","0x008","0x700","0x004","0x300","0x000","0xF00","0x00C","0xB00","0x00","0x00","0xFF","0x20","0x20","0x20","0x07","0x20","0x20","0x20","0x20","0x20","0x20","0x20","0x20","0x20","0x20","0x20","0x20","0x20","0x20","0x20","0x20","0x20","0x20","0x20","0x20","0x20","0x20","0x20","0x20","0x20","0x20","0x20","0x08"
"420","0xB","0xC","0b1100000011001100","0b1111101111111111","0","0","0b0000000000000000","0b0000000000000000","0b0000000000000000","0b0000000000000000","1","0b1100000011001100","0b0000000000000000","0x00000000","0x00000001","0x000001B4","0x00000000","0x00000000","0x0000006B","0x00000000","0x00000000","0x00000000","0x00000000","0x00000000","0x00000000","0x00000000","0x00000000","0x00000000","0x00000000","0x00000000","0x00000000","0x00000000","0x00000000","0x00000000","0x00000000","0x00000000","0x00000000","0x04000000","0x00000000","0x00000000","0x00000001","0xFFFFFFFF","0x00000088","0x00000260","0x00000051","0","0","0","0","0","0","0","0","0x8","0x3","0x0","0xF","0","1","1","1","0","1","1","1","0","1","1","1","0x00","0x18","0x18","0x18","0x0","0xF","0x3","0x7","0x60D000B4","0x1618D000","0x60D000B4","0x1618D000","0x60D000B4","0x1618D000","0x60D000B4","0x1618D000","0x09","0x08","0x05","0x04","0x01","0x00","0x1D","0x1C","0x008","0x700","0x004","0x300","0x000","0xF00","0x00C","0xB00","0x00","0x00","0xFF","0x20","0x20","0x20","0x07","0x20","0x20","0x20","0x20","0x20","0x20","0x20","0x20","0x20","0x20","0x20","0x20","0x20","0x20","0x20","0x20","0x20","0x20","0x20","0x20","0x20","0x20","0x20","0x20","0x20","0x20","0x20","0x08"
"421","0xB","0xC","0b1100000011001100","0b1111101111111111","0","0","0b0000000000000000","0b0000000000000000","0b0000000000000000","0b0000000000000000","0","0b1100000011001100","0b0000000000000000","0x00000000","0x00000001","0x000001B4","0x00000000","0x00000000","0x0000006B","0x00000000","0x00000000","0x00000000","0x00000000","0x00000000","0x00000000","0x00000000","0x00000000","0x00000000","0x00000000","0x00000000","0x00000000","0x00000000","0x00000000","0x00000000","0x00000000","0x00000000","0x00000000","0x04000000","0x00000000","0x00000000","0x00000001","0xFFFFFFFF","0x00000088","0x00000260","0x00000051","0","0","0","0","0","0","0","0","0x8","0x3","0x0","0xF","0","1","1","1","0","1","1","1","0","1","1","1","0x00","0x18","0x18","0x18","0x0","0xF","0x3","0x7","0x60D000B4","0x1618D000","0x60D000B4","0x1618D000","0x60D000B4","0x1618D000","0x60D000B4","0x1618D000","0x09","0x08","0x05","0x04","0x01","0x00","0x1D","0x1C","0x008","0x700","0x004","0x300","0x000","0xF00","0x00C","0xB00","0x00","0x00","0xFF","0x20","0x20","0x20","0x07","0x20","0x20","0x20","0x20","0x20","0x20","0x20","0x20","0x20","0x20","0x20","0x20","0x20","0x20","0x20","0x20","0x20","0x20","0x20","0x20","0x20","0x20","0x20","0x20","0x20","0x20","0x20","0x08"
"422","0xB","0xC","0b1100000011001100","0b1111101111111111","0","0","0b0000000000000000","0b0000000000000000","0b0000000000000000","0b0000000000000000","1","0b1100000011001100","0b0000000000000000","0x00000000","0x00000001","0x000001B4","0x00000000","0x00000000","0x0000006B","0x00000000","0x00000000","0x00000000","0x00000000","0x00000000","0x00000000","0x00000000","0x00000000","0x00000000","0x00000000","0x00000000","0x00000000","0x00000000","0x00000000","0x00000000","0x00000000","0x00000000","0x00000000","0x04000000","0x00000000","0x00000000","0x00000001","0xFFFFFFFF","0x00000088","0x00000260","0x00000051","0","0","0","0","0","0","0","0","0x8","0x3","0x0","0xF","0","1","1","1","0","1","1","1","0","1","1","1","0x00","0x18","0x18","0x18","0x0","0xF","0x3","0x7","0x60D000B4","0x1618D000","0x60D000B4","0x1618D000","0x60D000B4","0x1618D000","0x60D000B4","0x1618D000","0x09","0x08","0x05","0x04","0x01","0x00","0x1D","0x1C","0x008","0x700","0x004","0x300","0x000","0xF00","0x00C","0xB00","0x00","0x00","0xFF","0x20","0x20","0x20","0x07","0x20","0x20","0x20","0x20","0x20","0x20","0x20","0x20","0x20","0x20","0x20","0x20","0x20","0x20","0x20","0x20","0x20","0x20","0x20","0x20","0x20","0x20","0x20","0x20","0x20","0x20","0x20","0x08"
"423","0xB","0xC","0b1100000011001100","0b1111101111111111","0","0","0b0000000000000000","0b0000000000000000","0b0000000000000000","0b0000000000000000","0","0b1100000011001100","0b0000000000000000","0x00000000","0x00000001","0x000001B4","0x00000000","0x00000000","0x0000006B","0x00000000","0x00000000","0x00000000","0x00000000","0x00000000","0x00000000","0x00000000","0x00000000","0x00000000","0x00000000","0x00000000","0x00000000","0x00000000","0x00000000","0x00000000","0x00000000","0x00000000","0x00000000","0x04000000","0x00000000","0x00000000","0x00000001","0xFFFFFFFF","0x00000088","0x00000260","0x00000051","0","0","0","0","0","0","0","0","0x8","0x3","0x0","0xF","0","1","1","1","0","1","1","1","0","1","1","1","0x00","0x18","0x18","0x18","0x0","0xF","0x3","0x7","0x60D000B4","0x1618D000","0x60D000B4","0x1618D000","0x60D000B4","0x1618D000","0x60D000B4","0x1618D000","0x09","0x08","0x05","0x04","0x01","0x00","0x1D","0x1C","0x008","0x700","0x004","0x300","0x000","0xF00","0x00C","0xB00","0x00","0x00","0xFF","0x20","0x20","0x20","0x07","0x20","0x20","0x20","0x20","0x20","0x20","0x20","0x20","0x20","0x20","0x20","0x20","0x20","0x20","0x20","0x20","0x20","0x20","0x20","0x20","0x20","0x20","0x20","0x20","0x20","0x20","0x20","0x08"
"424","0xB","0xC","0b1100000011001100","0b1111101111111111","0","0","0b0000000000000000","0b0000000000000000","0b0000000000000000","0b0000000000000000","1","0b1100000011001100","0b0000000000000000","0x00000000","0x00000001","0x000001B4","0x00000000","0x00000000","0x0000006B","0x00000000","0x00000000","0x00000000","0x00000000","0x00000000","0x00000000","0x00000000","0x00000000","0x00000000","0x00000000","0x00000000","0x00000000","0x00000000","0x00000000","0x00000000","0x00000000","0x00000000","0x00000000","0x04000000","0x00000000","0x00000000","0x00000001","0xFFFFFFFF","0x00000088","0x00000260","0x00000051","0","0","0","0","0","0","0","0","0x8","0x3","0x0","0xF","0","1","1","1","0","1","1","1","0","1","1","1","0x00","0x18","0x18","0x18","0x0","0xF","0x3","0x7","0x60D000B4","0x1618D000","0x60D000B4","0x1618D000","0x60D000B4","0x1618D000","0x60D000B4","0x1618D000","0x09","0x08","0x05","0x04","0x01","0x00","0x1D","0x1C","0x008","0x700","0x004","0x300","0x000","0xF00","0x00C","0xB00","0x00","0x00","0xFF","0x20","0x20","0x20","0x07","0x20","0x20","0x20","0x20","0x20","0x20","0x20","0x20","0x20","0x20","0x20","0x20","0x20","0x20","0x20","0x20","0x20","0x20","0x20","0x20","0x20","0x20","0x20","0x20","0x20","0x20","0x20","0x08"
"425","0xB","0xC","0b1100000011001100","0b1111101111111111","0","0","0b0000000000000000","0b0000000000000000","0b0000000000000000","0b0000000000000000","0","0b1100000011001100","0b0000000000000000","0x00000000","0x00000001","0x000001B4","0x00000000","0x00000000","0x0000006B","0x00000000","0x00000000","0x00000000","0x00000000","0x00000000","0x00000000","0x00000000","0x00000000","0x00000000","0x00000000","0x00000000","0x00000000","0x00000000","0x00000000","0x00000000","0x00000000","0x00000000","0x00000000","0x04000000","0x00000000","0x00000000","0x00000001","0xFFFFFFFF","0x00000088","0x00000260","0x00000051","0","0","0","0","0","0","0","0","0x8","0x3","0x0","0xF","0","1","1","1","0","1","1","1","0","1","1","1","0x00","0x18","0x18","0x18","0x0","0xF","0x3","0x7","0x60D000B4","0x1618D000","0x60D000B4","0x1618D000","0x60D000B4","0x1618D000","0x60D000B4","0x1618D000","0x09","0x08","0x05","0x04","0x01","0x00","0x1D","0x1C","0x008","0x700","0x004","0x300","0x000","0xF00","0x00C","0xB00","0x00","0x00","0xFF","0x20","0x20","0x20","0x07","0x20","0x20","0x20","0x20","0x20","0x20","0x20","0x20","0x20","0x20","0x20","0x20","0x20","0x20","0x20","0x20","0x20","0x20","0x20","0x20","0x20","0x20","0x20","0x20","0x20","0x20","0x20","0x08"
"426","0xB","0xC","0b1100000011001100","0b1111101111111111","0","0","0b0000000000000000","0b0000000000000000","0b0000000000000000","0b0000000000000000","1","0b1100000011001100","0b0000000000000000","0x00000000","0x00000001","0x000001B4","0x00000000","0x00000000","0x0000006B","0x00000000","0x00000000","0x00000000","0x00000000","0x00000000","0x00000000","0x00000000","0x00000000","0x00000000","0x00000000","0x00000000","0x00000000","0x00000000","0x00000000","0x00000000","0x00000000","0x00000000","0x00000000","0x04000000","0x00000000","0x00000000","0x00000001","0xFFFFFFFF","0x00000088","0x00000260","0x00000051","0","0","0","0","0","0","0","0","0x8","0x3","0x0","0xF","0","1","1","1","0","1","1","1","0","1","1","1","0x00","0x18","0x18","0x18","0x0","0xF","0x3","0x7","0x60D000B4","0x1618D000","0x60D000B4","0x1618D000","0x60D000B4","0x1618D000","0x60D000B4","0x1618D000","0x09","0x08","0x05","0x04","0x01","0x00","0x1D","0x1C","0x008","0x700","0x004","0x300","0x000","0xF00","0x00C","0xB00","0x00","0x00","0xFF","0x20","0x20","0x20","0x07","0x20","0x20","0x20","0x20","0x20","0x20","0x20","0x20","0x20","0x20","0x20","0x20","0x20","0x20","0x20","0x20","0x20","0x20","0x20","0x20","0x20","0x20","0x20","0x20","0x20","0x20","0x20","0x08"
"427","0xB","0xC","0b1100000011001100","0b1111101111111111","0","0","0b0000000000000000","0b0000000000000000","0b0000000000000000","0b0000000000000000","0","0b1100000011001100","0b0000000000000000","0x00000000","0x00000001","0x000001B4","0x00000000","0x00000000","0x0000006B","0x00000000","0x00000000","0x00000000","0x00000000","0x00000000","0x00000000","0x00000000","0x00000000","0x00000000","0x00000000","0x00000000","0x00000000","0x00000000","0x00000000","0x00000000","0x00000000","0x00000000","0x00000000","0x04000000","0x00000000","0x00000000","0x00000001","0xFFFFFFFF","0x00000088","0x00000260","0x00000051","0","0","0","0","0","0","0","0","0x8","0x3","0x0","0xF","0","1","1","1","0","1","1","1","0","1","1","1","0x00","0x18","0x18","0x18","0x0","0xF","0x3","0x7","0x60D000B4","0x1618D000","0x60D000B4","0x1618D000","0x60D000B4","0x1618D000","0x60D000B4","0x1618D000","0x09","0x08","0x05","0x04","0x01","0x00","0x1D","0x1C","0x008","0x700","0x004","0x300","0x000","0xF00","0x00C","0xB00","0x00","0x00","0xFF","0x20","0x20","0x20","0x07","0x20","0x20","0x20","0x20","0x20","0x20","0x20","0x20","0x20","0x20","0x20","0x20","0x20","0x20","0x20","0x20","0x20","0x20","0x20","0x20","0x20","0x20","0x20","0x20","0x20","0x20","0x20","0x08"
"428","0xB","0xC","0b1100000011001100","0b1111101111111111","0","0","0b0000000000000000","0b0000000000000000","0b0000000000000000","0b0000000000000000","1","0b1100000011001100","0b0000000000000000","0x00000000","0x00000001","0x000001B4","0x00000000","0x00000000","0x0000006B","0x00000000","0x00000000","0x00000000","0x00000000","0x00000000","0x00000000","0x00000000","0x00000000","0x00000000","0x00000000","0x00000000","0x00000000","0x00000000","0x00000000","0x00000000","0x00000000","0x00000000","0x00000000","0x04000000","0x00000000","0x00000000","0x00000001","0xFFFFFFFF","0x00000088","0x00000260","0x00000051","0","0","0","0","0","0","0","0","0x8","0x3","0x0","0xF","0","1","1","1","0","1","1","1","0","1","1","1","0x00","0x18","0x18","0x18","0x0","0xF","0x3","0x7","0x60D000B4","0x1618D000","0x60D000B4","0x1618D000","0x60D000B4","0x1618D000","0x60D000B4","0x1618D000","0x09","0x08","0x05","0x04","0x01","0x00","0x1D","0x1C","0x008","0x700","0x004","0x300","0x000","0xF00","0x00C","0xB00","0x00","0x00","0xFF","0x20","0x20","0x20","0x07","0x20","0x20","0x20","0x20","0x20","0x20","0x20","0x20","0x20","0x20","0x20","0x20","0x20","0x20","0x20","0x20","0x20","0x20","0x20","0x20","0x20","0x20","0x20","0x20","0x20","0x20","0x20","0x08"
"429","0xB","0xC","0b1100000011001100","0b1111101111111111","0","0","0b0000000000000000","0b0000000000000000","0b0000000000000000","0b0000000000000000","0","0b1100000011001100","0b0000000000000000","0x00000000","0x00000001","0x000001B4","0x00000000","0x00000000","0x0000006B","0x00000000","0x00000000","0x00000000","0x00000000","0x00000000","0x00000000","0x00000000","0x00000000","0x00000000","0x00000000","0x00000000","0x00000000","0x00000000","0x00000000","0x00000000","0x00000000","0x00000000","0x00000000","0x04000000","0x00000000","0x00000000","0x00000001","0xFFFFFFFF","0x00000088","0x00000260","0x00000051","0","0","0","0","0","0","0","0","0x8","0x3","0x0","0xF","0","1","1","1","0","1","1","1","0","1","1","1","0x00","0x18","0x18","0x18","0x0","0xF","0x3","0x7","0x60D000B4","0x1618D000","0x60D000B4","0x1618D000","0x60D000B4","0x1618D000","0x60D000B4","0x1618D000","0x09","0x08","0x05","0x04","0x01","0x00","0x1D","0x1C","0x008","0x700","0x004","0x300","0x000","0xF00","0x00C","0xB00","0x00","0x00","0xFF","0x20","0x20","0x20","0x07","0x20","0x20","0x20","0x20","0x20","0x20","0x20","0x20","0x20","0x20","0x20","0x20","0x20","0x20","0x20","0x20","0x20","0x20","0x20","0x20","0x20","0x20","0x20","0x20","0x20","0x20","0x20","0x08"
"430","0xB","0xC","0b1100000011001100","0b1111101111111111","0","0","0b0000000000000000","0b0000000000000000","0b0000000000000000","0b0000000000000000","1","0b1100000011001100","0b0000000000000000","0x00000000","0x00000001","0x000001B4","0x00000000","0x00000000","0x0000006B","0x00000000","0x00000000","0x00000000","0x00000000","0x00000000","0x00000000","0x00000000","0x00000000","0x00000000","0x00000000","0x00000000","0x00000000","0x00000000","0x00000000","0x00000000","0x00000000","0x00000000","0x00000000","0x04000000","0x00000000","0x00000000","0x00000001","0xFFFFFFFF","0x00000088","0x00000260","0x00000051","0","0","0","0","0","0","0","0","0x8","0x3","0x0","0xF","0","1","1","1","0","1","1","1","0","1","1","1","0x00","0x18","0x18","0x18","0x0","0xF","0x3","0x7","0x60D000B4","0x1618D000","0x60D000B4","0x1618D000","0x60D000B4","0x1618D000","0x60D000B4","0x1618D000","0x09","0x08","0x05","0x04","0x01","0x00","0x1D","0x1C","0x008","0x700","0x004","0x300","0x000","0xF00","0x00C","0xB00","0x00","0x00","0xFF","0x20","0x20","0x20","0x07","0x20","0x20","0x20","0x20","0x20","0x20","0x20","0x20","0x20","0x20","0x20","0x20","0x20","0x20","0x20","0x20","0x20","0x20","0x20","0x20","0x20","0x20","0x20","0x20","0x20","0x20","0x20","0x08"
"431","0xB","0xC","0b1100000011001100","0b1111101111111111","0","0","0b0000000000000000","0b0000000000000000","0b0000000000000000","0b0000000000000000","0","0b1100000011001100","0b0000000000000000","0x00000000","0x00000001","0x000001B4","0x00000000","0x00000000","0x0000006B","0x00000000","0x00000000","0x00000000","0x00000000","0x00000000","0x00000000","0x00000000","0x00000000","0x00000000","0x00000000","0x00000000","0x00000000","0x00000000","0x00000000","0x00000000","0x00000000","0x00000000","0x00000000","0x04000000","0x00000000","0x00000000","0x00000001","0xFFFFFFFF","0x00000088","0x00000260","0x00000051","0","0","0","0","0","0","0","0","0x8","0x3","0x0","0xF","0","1","1","1","0","1","1","1","0","1","1","1","0x00","0x18","0x18","0x18","0x0","0xF","0x3","0x7","0x60D000B4","0x1618D000","0x60D000B4","0x1618D000","0x60D000B4","0x1618D000","0x60D000B4","0x1618D000","0x09","0x08","0x05","0x04","0x01","0x00","0x1D","0x1C","0x008","0x700","0x004","0x300","0x000","0xF00","0x00C","0xB00","0x00","0x00","0xFF","0x20","0x20","0x20","0x07","0x20","0x20","0x20","0x20","0x20","0x20","0x20","0x20","0x20","0x20","0x20","0x20","0x20","0x20","0x20","0x20","0x20","0x20","0x20","0x20","0x20","0x20","0x20","0x20","0x20","0x20","0x20","0x08"
"432","0xB","0xC","0b1100000011001100","0b1111101111111111","0","0","0b0000000000000000","0b0000000000000000","0b0000000000000000","0b0000000000000000","1","0b1100000011001100","0b0000000000000000","0x00000000","0x00000001","0x000001B4","0x00000000","0x00000000","0x0000006B","0x00000000","0x00000000","0x00000000","0x00000000","0x00000000","0x00000000","0x00000000","0x00000000","0x00000000","0x00000000","0x00000000","0x00000000","0x00000000","0x00000000","0x00000000","0x00000000","0x00000000","0x00000000","0x04000000","0x00000000","0x00000000","0x00000001","0xFFFFFFFF","0x00000088","0x00000260","0x00000051","0","0","0","0","0","0","0","0","0x8","0x3","0x0","0xF","0","1","1","1","0","1","1","1","0","1","1","1","0x00","0x18","0x18","0x18","0x0","0xF","0x3","0x7","0x60D000B4","0x1618D000","0x60D000B4","0x1618D000","0x60D000B4","0x1618D000","0x60D000B4","0x1618D000","0x09","0x08","0x05","0x04","0x01","0x00","0x1D","0x1C","0x008","0x700","0x004","0x300","0x000","0xF00","0x00C","0xB00","0x00","0x00","0xFF","0x20","0x20","0x20","0x07","0x20","0x20","0x20","0x20","0x20","0x20","0x20","0x20","0x20","0x20","0x20","0x20","0x20","0x20","0x20","0x20","0x20","0x20","0x20","0x20","0x20","0x20","0x20","0x20","0x20","0x20","0x20","0x08"
"433","0xB","0xC","0b1100000011001100","0b1111101111111111","0","0","0b0000000000000000","0b0000000000000000","0b0000000000000000","0b0000000000000000","0","0b1100000011001100","0b0000000000000000","0x00000000","0x00000001","0x000001B4","0x00000000","0x00000000","0x0000006B","0x00000000","0x00000000","0x00000000","0x00000000","0x00000000","0x00000000","0x00000000","0x00000000","0x00000000","0x00000000","0x00000000","0x00000000","0x00000000","0x00000000","0x00000000","0x00000000","0x00000000","0x00000000","0x04000000","0x00000000","0x00000000","0x00000001","0xFFFFFFFF","0x00000088","0x00000260","0x00000051","0","0","0","0","0","0","0","0","0x8","0x3","0x0","0xF","0","1","1","1","0","1","1","1","0","1","1","1","0x00","0x18","0x18","0x18","0x0","0xF","0x3","0x7","0x60D000B4","0x1618D000","0x60D000B4","0x1618D000","0x60D000B4","0x1618D000","0x60D000B4","0x1618D000","0x09","0x08","0x05","0x04","0x01","0x00","0x1D","0x1C","0x008","0x700","0x004","0x300","0x000","0xF00","0x00C","0xB00","0x00","0x00","0xFF","0x20","0x20","0x20","0x07","0x20","0x20","0x20","0x20","0x20","0x20","0x20","0x20","0x20","0x20","0x20","0x20","0x20","0x20","0x20","0x20","0x20","0x20","0x20","0x20","0x20","0x20","0x20","0x20","0x20","0x20","0x20","0x08"
"434","0xB","0xC","0b1100000011001100","0b1111101111111111","0","0","0b0000000000000000","0b0000000000000000","0b0000000000000000","0b0000000000000000","1","0b1100000011001100","0b0000000000000000","0x00000000","0x00000001","0x000001B4","0x00000000","0x00000000","0x0000006B","0x00000000","0x00000000","0x00000000","0x00000000","0x00000000","0x00000000","0x00000000","0x00000000","0x00000000","0x00000000","0x00000000","0x00000000","0x00000000","0x00000000","0x00000000","0x00000000","0x00000000","0x00000000","0x04000000","0x00000000","0x00000000","0x00000001","0xFFFFFFFF","0x00000088","0x00000260","0x00000051","0","0","0","0","0","0","0","0","0x8","0x3","0x0","0xF","0","1","1","1","0","1","1","1","0","1","1","1","0x00","0x18","0x18","0x18","0x0","0xF","0x3","0x7","0x60D000B4","0x1618D000","0x60D000B4","0x1618D000","0x60D000B4","0x1618D000","0x60D000B4","0x1618D000","0x09","0x08","0x05","0x04","0x01","0x00","0x1D","0x1C","0x008","0x700","0x004","0x300","0x000","0xF00","0x00C","0xB00","0x00","0x00","0xFF","0x20","0x20","0x20","0x07","0x20","0x20","0x20","0x20","0x20","0x20","0x20","0x20","0x20","0x20","0x20","0x20","0x20","0x20","0x20","0x20","0x20","0x20","0x20","0x20","0x20","0x20","0x20","0x20","0x20","0x20","0x20","0x08"
"435","0xB","0xC","0b1100000011001100","0b1111101111111111","0","0","0b0000000000000000","0b0000000000000000","0b0000000000000000","0b0000000000000000","0","0b1100000011001100","0b0000000000000000","0x00000000","0x00000001","0x000001B4","0x00000000","0x00000000","0x0000006B","0x00000000","0x00000000","0x00000000","0x00000000","0x00000000","0x00000000","0x00000000","0x00000000","0x00000000","0x00000000","0x00000000","0x00000000","0x00000000","0x00000000","0x00000000","0x00000000","0x00000000","0x00000000","0x04000000","0x00000000","0x00000000","0x00000001","0xFFFFFFFF","0x00000088","0x00000260","0x00000051","0","0","0","0","0","0","0","0","0x8","0x3","0x0","0xF","0","1","1","1","0","1","1","1","0","1","1","1","0x00","0x18","0x18","0x18","0x0","0xF","0x3","0x7","0x60D000B4","0x1618D000","0x60D000B4","0x1618D000","0x60D000B4","0x1618D000","0x60D000B4","0x1618D000","0x09","0x08","0x05","0x04","0x01","0x00","0x1D","0x1C","0x008","0x700","0x004","0x300","0x000","0xF00","0x00C","0xB00","0x00","0x00","0xFF","0x20","0x20","0x20","0x07","0x20","0x20","0x20","0x20","0x20","0x20","0x20","0x20","0x20","0x20","0x20","0x20","0x20","0x20","0x20","0x20","0x20","0x20","0x20","0x20","0x20","0x20","0x20","0x20","0x20","0x20","0x20","0x08"
"436","0xB","0xC","0b1100000011001100","0b1111101111111111","0","0","0b0000000000000000","0b0000000000000000","0b0000000000000000","0b0000000000000000","1","0b1100000011001100","0b0000000000000000","0x00000000","0x00000001","0x000001B4","0x00000000","0x00000000","0x0000006B","0x00000000","0x00000000","0x00000000","0x00000000","0x00000000","0x00000000","0x00000000","0x00000000","0x00000000","0x00000000","0x00000000","0x00000000","0x00000000","0x00000000","0x00000000","0x00000000","0x00000000","0x00000000","0x04000000","0x00000000","0x00000000","0x00000001","0xFFFFFFFF","0x00000088","0x00000260","0x00000051","0","0","0","0","0","0","0","0","0x8","0x3","0x0","0xF","0","1","1","1","0","1","1","1","0","1","1","1","0x00","0x18","0x18","0x18","0x0","0xF","0x3","0x7","0x60D000B4","0x1618D000","0x60D000B4","0x1618D000","0x60D000B4","0x1618D000","0x60D000B4","0x1618D000","0x09","0x08","0x05","0x04","0x01","0x00","0x1D","0x1C","0x008","0x700","0x004","0x300","0x000","0xF00","0x00C","0xB00","0x00","0x00","0xFF","0x20","0x20","0x20","0x07","0x20","0x20","0x20","0x20","0x20","0x20","0x20","0x20","0x20","0x20","0x20","0x20","0x20","0x20","0x20","0x20","0x20","0x20","0x20","0x20","0x20","0x20","0x20","0x20","0x20","0x20","0x20","0x08"
"437","0xB","0xC","0b1100000011001100","0b1111101111111111","0","0","0b0000000000000000","0b0000000000000000","0b0000000000000000","0b0000000000000000","0","0b1100000011001100","0b0000000000000000","0x00000000","0x00000001","0x000001B4","0x00000000","0x00000000","0x0000006B","0x00000000","0x00000000","0x00000000","0x00000000","0x00000000","0x00000000","0x00000000","0x00000000","0x00000000","0x00000000","0x00000000","0x00000000","0x00000000","0x00000000","0x00000000","0x00000000","0x00000000","0x00000000","0x04000000","0x00000000","0x00000000","0x00000001","0xFFFFFFFF","0x00000088","0x00000260","0x00000051","0","0","0","0","0","0","0","0","0x8","0x3","0x0","0xF","0","1","1","1","0","1","1","1","0","1","1","1","0x00","0x18","0x18","0x18","0x0","0xF","0x3","0x7","0x60D000B4","0x1618D000","0x60D000B4","0x1618D000","0x60D000B4","0x1618D000","0x60D000B4","0x1618D000","0x09","0x08","0x05","0x04","0x01","0x00","0x1D","0x1C","0x008","0x700","0x004","0x300","0x000","0xF00","0x00C","0xB00","0x00","0x00","0xFF","0x20","0x20","0x20","0x07","0x20","0x20","0x20","0x20","0x20","0x20","0x20","0x20","0x20","0x20","0x20","0x20","0x20","0x20","0x20","0x20","0x20","0x20","0x20","0x20","0x20","0x20","0x20","0x20","0x20","0x20","0x20","0x08"
"438","0xB","0xC","0b1100000011001100","0b1111101111111111","0","0","0b0000000000000000","0b0000000000000000","0b0000000000000000","0b0000000000000000","1","0b1100000011001100","0b0000000000000000","0x00000000","0x00000001","0x000001B4","0x00000000","0x00000000","0x0000006B","0x00000000","0x00000000","0x00000000","0x00000000","0x00000000","0x00000000","0x00000000","0x00000000","0x00000000","0x00000000","0x00000000","0x00000000","0x00000000","0x00000000","0x00000000","0x00000000","0x00000000","0x00000000","0x04000000","0x00000000","0x00000000","0x00000001","0xFFFFFFFF","0x00000088","0x00000260","0x00000051","0","0","0","0","0","0","0","0","0x8","0x3","0x0","0xF","0","1","1","1","0","1","1","1","0","1","1","1","0x00","0x18","0x18","0x18","0x0","0xF","0x3","0x7","0x60D000B4","0x1618D000","0x60D000B4","0x1618D000","0x60D000B4","0x1618D000","0x60D000B4","0x1618D000","0x09","0x08","0x05","0x04","0x01","0x00","0x1D","0x1C","0x008","0x700","0x004","0x300","0x000","0xF00","0x00C","0xB00","0x00","0x00","0xFF","0x20","0x20","0x20","0x07","0x20","0x20","0x20","0x20","0x20","0x20","0x20","0x20","0x20","0x20","0x20","0x20","0x20","0x20","0x20","0x20","0x20","0x20","0x20","0x20","0x20","0x20","0x20","0x20","0x20","0x20","0x20","0x08"
"439","0xB","0xC","0b1100000011001100","0b1111101111111111","0","0","0b0000000000000000","0b0000000000000000","0b0000000000000000","0b0000000000000000","0","0b1100000011001100","0b0000000000000000","0x00000000","0x00000001","0x000001B4","0x00000000","0x00000000","0x0000006B","0x00000000","0x00000000","0x00000000","0x00000000","0x00000000","0x00000000","0x00000000","0x00000000","0x00000000","0x00000000","0x00000000","0x00000000","0x00000000","0x00000000","0x00000000","0x00000000","0x00000000","0x00000000","0x04000000","0x00000000","0x00000000","0x00000001","0xFFFFFFFF","0x00000088","0x00000260","0x00000051","0","0","0","0","0","0","0","0","0x8","0x3","0x0","0xF","0","1","1","1","0","1","1","1","0","1","1","1","0x00","0x18","0x18","0x18","0x0","0xF","0x3","0x7","0x60D000B4","0x1618D000","0x60D000B4","0x1618D000","0x60D000B4","0x1618D000","0x60D000B4","0x1618D000","0x09","0x08","0x05","0x04","0x01","0x00","0x1D","0x1C","0x008","0x700","0x004","0x300","0x000","0xF00","0x00C","0xB00","0x00","0x00","0xFF","0x20","0x20","0x20","0x07","0x20","0x20","0x20","0x20","0x20","0x20","0x20","0x20","0x20","0x20","0x20","0x20","0x20","0x20","0x20","0x20","0x20","0x20","0x20","0x20","0x20","0x20","0x20","0x20","0x20","0x20","0x20","0x08"
"440","0xB","0xC","0b1100000011001100","0b1111101111111111","0","0","0b0000000000000000","0b0000000000000000","0b0000000000000000","0b0000000000000000","1","0b1100000011001100","0b0000000000000000","0x00000000","0x00000001","0x000001B4","0x00000000","0x00000000","0x0000006B","0x00000000","0x00000000","0x00000000","0x00000000","0x00000000","0x00000000","0x00000000","0x00000000","0x00000000","0x00000000","0x00000000","0x00000000","0x00000000","0x00000000","0x00000000","0x00000000","0x00000000","0x00000000","0x04000000","0x00000000","0x00000000","0x00000001","0xFFFFFFFF","0x00000088","0x00000260","0x00000051","0","0","0","0","0","0","0","0","0x8","0x3","0x0","0xF","0","1","1","1","0","1","1","1","0","1","1","1","0x00","0x18","0x18","0x18","0x0","0xF","0x3","0x7","0x60D000B4","0x1618D000","0x60D000B4","0x1618D000","0x60D000B4","0x1618D000","0x60D000B4","0x1618D000","0x09","0x08","0x05","0x04","0x01","0x00","0x1D","0x1C","0x008","0x700","0x004","0x300","0x000","0xF00","0x00C","0xB00","0x00","0x00","0xFF","0x20","0x20","0x20","0x07","0x20","0x20","0x20","0x20","0x20","0x20","0x20","0x20","0x20","0x20","0x20","0x20","0x20","0x20","0x20","0x20","0x20","0x20","0x20","0x20","0x20","0x20","0x20","0x20","0x20","0x20","0x20","0x08"
"441","0xB","0xC","0b1100000011001100","0b1111101111111111","0","0","0b0000000000000000","0b0000000000000000","0b0000000000000000","0b0000000000000000","0","0b1100000011001100","0b0000000000000000","0x00000000","0x00000001","0x000001B4","0x00000000","0x00000000","0x0000006B","0x00000000","0x00000000","0x00000000","0x00000000","0x00000000","0x00000000","0x00000000","0x00000000","0x00000000","0x00000000","0x00000000","0x00000000","0x00000000","0x00000000","0x00000000","0x00000000","0x00000000","0x00000000","0x04000000","0x00000000","0x00000000","0x00000001","0xFFFFFFFF","0x00000088","0x00000260","0x00000051","0","0","0","0","0","0","0","0","0x8","0x3","0x0","0xF","0","1","1","1","0","1","1","1","0","1","1","1","0x00","0x18","0x18","0x18","0x0","0xF","0x3","0x7","0x60D000B4","0x1618D000","0x60D000B4","0x1618D000","0x60D000B4","0x1618D000","0x60D000B4","0x1618D000","0x09","0x08","0x05","0x04","0x01","0x00","0x1D","0x1C","0x008","0x700","0x004","0x300","0x000","0xF00","0x00C","0xB00","0x00","0x00","0xFF","0x20","0x20","0x20","0x07","0x20","0x20","0x20","0x20","0x20","0x20","0x20","0x20","0x20","0x20","0x20","0x20","0x20","0x20","0x20","0x20","0x20","0x20","0x20","0x20","0x20","0x20","0x20","0x20","0x20","0x20","0x20","0x08"
"442","0xB","0xC","0b1100000011001100","0b1111101111111111","0","0","0b0000000000000000","0b0000000000000000","0b0000000000000000","0b0000000000000000","1","0b1100000011001100","0b0000000000000000","0x00000000","0x00000001","0x000001B4","0x00000000","0x00000000","0x0000006B","0x00000000","0x00000000","0x00000000","0x00000000","0x00000000","0x00000000","0x00000000","0x00000000","0x00000000","0x00000000","0x00000000","0x00000000","0x00000000","0x00000000","0x00000000","0x00000000","0x00000000","0x00000000","0x04000000","0x00000000","0x00000000","0x00000001","0xFFFFFFFF","0x00000088","0x00000260","0x00000051","0","0","0","0","0","0","0","0","0x8","0x3","0x0","0xF","0","1","1","1","0","1","1","1","0","1","1","1","0x00","0x18","0x18","0x18","0x0","0xF","0x3","0x7","0x60D000B4","0x1618D000","0x60D000B4","0x1618D000","0x60D000B4","0x1618D000","0x60D000B4","0x1618D000","0x09","0x08","0x05","0x04","0x01","0x00","0x1D","0x1C","0x008","0x700","0x004","0x300","0x000","0xF00","0x00C","0xB00","0x00","0x00","0xFF","0x20","0x20","0x20","0x07","0x20","0x20","0x20","0x20","0x20","0x20","0x20","0x20","0x20","0x20","0x20","0x20","0x20","0x20","0x20","0x20","0x20","0x20","0x20","0x20","0x20","0x20","0x20","0x20","0x20","0x20","0x20","0x08"
"443","0xB","0xC","0b1100000011001100","0b1111101111111111","0","0","0b0000000000000000","0b0000000000000000","0b0000000000000000","0b0000000000000000","0","0b1100000011001100","0b0000000000000000","0x00000000","0x00000001","0x000001B4","0x00000000","0x00000000","0x0000006B","0x00000000","0x00000000","0x00000000","0x00000000","0x00000000","0x00000000","0x00000000","0x00000000","0x00000000","0x00000000","0x00000000","0x00000000","0x00000000","0x00000000","0x00000000","0x00000000","0x00000000","0x00000000","0x04000000","0x00000000","0x00000000","0x00000001","0xFFFFFFFF","0x00000088","0x00000260","0x00000051","0","0","0","0","0","0","0","0","0x8","0x3","0x0","0xF","0","1","1","1","0","1","1","1","0","1","1","1","0x00","0x18","0x18","0x18","0x0","0xF","0x3","0x7","0x60D000B4","0x1618D000","0x60D000B4","0x1618D000","0x60D000B4","0x1618D000","0x60D000B4","0x1618D000","0x09","0x08","0x05","0x04","0x01","0x00","0x1D","0x1C","0x008","0x700","0x004","0x300","0x000","0xF00","0x00C","0xB00","0x00","0x00","0xFF","0x20","0x20","0x20","0x07","0x20","0x20","0x20","0x20","0x20","0x20","0x20","0x20","0x20","0x20","0x20","0x20","0x20","0x20","0x20","0x20","0x20","0x20","0x20","0x20","0x20","0x20","0x20","0x20","0x20","0x20","0x20","0x08"
"444","0xB","0xC","0b1100000011001100","0b1111101111111111","0","0","0b0000000000000000","0b0000000000000000","0b0000000000000000","0b0000000000000000","1","0b1100000011001100","0b0000000000000000","0x00000000","0x00000001","0x000001B4","0x00000000","0x00000000","0x0000006B","0x00000000","0x00000000","0x00000000","0x00000000","0x00000000","0x00000000","0x00000000","0x00000000","0x00000000","0x00000000","0x00000000","0x00000000","0x00000000","0x00000000","0x00000000","0x00000000","0x00000000","0x00000000","0x04000000","0x00000000","0x00000000","0x00000001","0xFFFFFFFF","0x00000088","0x00000260","0x00000051","0","0","0","0","0","0","0","0","0x8","0x3","0x0","0xF","0","1","1","1","0","1","1","1","0","1","1","1","0x00","0x18","0x18","0x18","0x0","0xF","0x3","0x7","0x60D000B4","0x1618D000","0x60D000B4","0x1618D000","0x60D000B4","0x1618D000","0x60D000B4","0x1618D000","0x09","0x08","0x05","0x04","0x01","0x00","0x1D","0x1C","0x008","0x700","0x004","0x300","0x000","0xF00","0x00C","0xB00","0x00","0x00","0xFF","0x20","0x20","0x20","0x07","0x20","0x20","0x20","0x20","0x20","0x20","0x20","0x20","0x20","0x20","0x20","0x20","0x20","0x20","0x20","0x20","0x20","0x20","0x20","0x20","0x20","0x20","0x20","0x20","0x20","0x20","0x20","0x08"
"445","0xB","0xC","0b1100000011001100","0b1111101111111111","0","0","0b0000000000000000","0b0000000000000000","0b0000000000000000","0b0000000000000000","0","0b1100000011001100","0b0000000000000000","0x00000000","0x00000001","0x000001B4","0x00000000","0x00000000","0x0000006B","0x00000000","0x00000000","0x00000000","0x00000000","0x00000000","0x00000000","0x00000000","0x00000000","0x00000000","0x00000000","0x00000000","0x00000000","0x00000000","0x00000000","0x00000000","0x00000000","0x00000000","0x00000000","0x04000000","0x00000000","0x00000000","0x00000001","0xFFFFFFFF","0x00000088","0x00000260","0x00000051","0","0","0","0","0","0","0","0","0x8","0x3","0x0","0xF","0","1","1","1","0","1","1","1","0","1","1","1","0x00","0x18","0x18","0x18","0x0","0xF","0x3","0x7","0x60D000B4","0x1618D000","0x60D000B4","0x1618D000","0x60D000B4","0x1618D000","0x60D000B4","0x1618D000","0x09","0x08","0x05","0x04","0x01","0x00","0x1D","0x1C","0x008","0x700","0x004","0x300","0x000","0xF00","0x00C","0xB00","0x00","0x00","0xFF","0x20","0x20","0x20","0x07","0x20","0x20","0x20","0x20","0x20","0x20","0x20","0x20","0x20","0x20","0x20","0x20","0x20","0x20","0x20","0x20","0x20","0x20","0x20","0x20","0x20","0x20","0x20","0x20","0x20","0x20","0x20","0x08"
"446","0xB","0xC","0b1100000011001100","0b1111101111111111","0","0","0b0000000000000000","0b0000000000000000","0b0000000000000000","0b0000000000000000","1","0b1100000011001100","0b0000000000000000","0x00000000","0x00000001","0x000001B4","0x00000000","0x00000000","0x0000006B","0x00000000","0x00000000","0x00000000","0x00000000","0x00000000","0x00000000","0x00000000","0x00000000","0x00000000","0x00000000","0x00000000","0x00000000","0x00000000","0x00000000","0x00000000","0x00000000","0x00000000","0x00000000","0x04000000","0x00000000","0x00000000","0x00000001","0xFFFFFFFF","0x00000088","0x00000260","0x00000051","0","0","0","0","0","0","0","0","0x8","0x3","0x0","0xF","0","1","1","1","0","1","1","1","0","1","1","1","0x00","0x18","0x18","0x18","0x0","0xF","0x3","0x7","0x60D000B4","0x1618D000","0x60D000B4","0x1618D000","0x60D000B4","0x1618D000","0x60D000B4","0x1618D000","0x09","0x08","0x05","0x04","0x01","0x00","0x1D","0x1C","0x008","0x700","0x004","0x300","0x000","0xF00","0x00C","0xB00","0x00","0x00","0xFF","0x20","0x20","0x20","0x07","0x20","0x20","0x20","0x20","0x20","0x20","0x20","0x20","0x20","0x20","0x20","0x20","0x20","0x20","0x20","0x20","0x20","0x20","0x20","0x20","0x20","0x20","0x20","0x20","0x20","0x20","0x20","0x08"
"447","0xB","0xC","0b1100000011001100","0b1111101111111111","0","0","0b0000000000000000","0b0000000000000000","0b0000000000000000","0b0000000000000000","0","0b1100000011001100","0b0000000000000000","0x00000000","0x00000001","0x000001B4","0x00000000","0x00000000","0x0000006B","0x00000000","0x00000000","0x00000000","0x00000000","0x00000000","0x00000000","0x00000000","0x00000000","0x00000000","0x00000000","0x00000000","0x00000000","0x00000000","0x00000000","0x00000000","0x00000000","0x00000000","0x00000000","0x04000000","0x00000000","0x00000000","0x00000001","0xFFFFFFFF","0x00000088","0x00000260","0x00000051","0","0","0","0","0","0","0","0","0x8","0x3","0x0","0xF","0","1","1","1","0","1","1","1","0","1","1","1","0x00","0x18","0x18","0x18","0x0","0xF","0x3","0x7","0x60D000B4","0x1618D000","0x60D000B4","0x1618D000","0x60D000B4","0x1618D000","0x60D000B4","0x1618D000","0x09","0x08","0x05","0x04","0x01","0x00","0x1D","0x1C","0x008","0x700","0x004","0x300","0x000","0xF00","0x00C","0xB00","0x00","0x00","0xFF","0x20","0x20","0x20","0x07","0x20","0x20","0x20","0x20","0x20","0x20","0x20","0x20","0x20","0x20","0x20","0x20","0x20","0x20","0x20","0x20","0x20","0x20","0x20","0x20","0x20","0x20","0x20","0x20","0x20","0x20","0x20","0x08"
"448","0xB","0xC","0b1100000011001100","0b1111101111111111","0","0","0b0000000000000000","0b0000000000000000","0b0000000000000000","0b0000000000000000","1","0b1100000011001100","0b0000000000000000","0x00000000","0x00000001","0x000001B4","0x00000000","0x00000000","0x0000006B","0x00000000","0x00000000","0x00000000","0x00000000","0x00000000","0x00000000","0x00000000","0x00000000","0x00000000","0x00000000","0x00000000","0x00000000","0x00000000","0x00000000","0x00000000","0x00000000","0x00000000","0x00000000","0x04000000","0x00000000","0x00000000","0x00000001","0xFFFFFFFF","0x00000088","0x00000260","0x00000051","0","0","0","0","0","0","0","0","0x8","0x3","0x0","0xF","0","1","1","1","0","1","1","1","0","1","1","1","0x00","0x18","0x18","0x18","0x0","0xF","0x3","0x7","0x60D000B4","0x1618D000","0x60D000B4","0x1618D000","0x60D000B4","0x1618D000","0x60D000B4","0x1618D000","0x09","0x08","0x05","0x04","0x01","0x00","0x1D","0x1C","0x008","0x700","0x004","0x300","0x000","0xF00","0x00C","0xB00","0x00","0x00","0xFF","0x20","0x20","0x20","0x07","0x20","0x20","0x20","0x20","0x20","0x20","0x20","0x20","0x20","0x20","0x20","0x20","0x20","0x20","0x20","0x20","0x20","0x20","0x20","0x20","0x20","0x20","0x20","0x20","0x20","0x20","0x20","0x08"
"449","0xB","0xC","0b1100000011001100","0b1111101111111111","0","0","0b0000000000000000","0b0000000000000000","0b0000000000000000","0b0000000000000000","0","0b1100000011001100","0b0000000000000000","0x00000000","0x00000001","0x000001B4","0x00000000","0x00000000","0x0000006B","0x00000000","0x00000000","0x00000000","0x00000000","0x00000000","0x00000000","0x00000000","0x00000000","0x00000000","0x00000000","0x00000000","0x00000000","0x00000000","0x00000000","0x00000000","0x00000000","0x00000000","0x00000000","0x04000000","0x00000000","0x00000000","0x00000001","0xFFFFFFFF","0x00000088","0x00000260","0x00000051","0","0","0","0","0","0","0","0","0x8","0x3","0x0","0xF","0","1","1","1","0","1","1","1","0","1","1","1","0x00","0x18","0x18","0x18","0x0","0xF","0x3","0x7","0x60D000B4","0x1618D000","0x60D000B4","0x1618D000","0x60D000B4","0x1618D000","0x60D000B4","0x1618D000","0x09","0x08","0x05","0x04","0x01","0x00","0x1D","0x1C","0x008","0x700","0x004","0x300","0x000","0xF00","0x00C","0xB00","0x00","0x00","0xFF","0x20","0x20","0x20","0x07","0x20","0x20","0x20","0x20","0x20","0x20","0x20","0x20","0x20","0x20","0x20","0x20","0x20","0x20","0x20","0x20","0x20","0x20","0x20","0x20","0x20","0x20","0x20","0x20","0x20","0x20","0x20","0x08"
"450","0xB","0xC","0b1100000011001100","0b1111101111111111","0","0","0b0000000000000000","0b0000000000000000","0b0000000000000000","0b0000000000000000","1","0b1100000011001100","0b0000000000000000","0x00000000","0x00000001","0x000001B4","0x00000000","0x00000000","0x0000006B","0x00000000","0x00000000","0x00000000","0x00000000","0x00000000","0x00000000","0x00000000","0x00000000","0x00000000","0x00000000","0x00000000","0x00000000","0x00000000","0x00000000","0x00000000","0x00000000","0x00000000","0x00000000","0x04000000","0x00000000","0x00000000","0x00000001","0xFFFFFFFF","0x00000088","0x00000260","0x00000051","0","0","0","0","0","0","0","0","0x8","0x3","0x0","0xF","0","1","1","1","0","1","1","1","0","1","1","1","0x00","0x18","0x18","0x18","0x0","0xF","0x3","0x7","0x60D000B4","0x1618D000","0x60D000B4","0x1618D000","0x60D000B4","0x1618D000","0x60D000B4","0x1618D000","0x09","0x08","0x05","0x04","0x01","0x00","0x1D","0x1C","0x008","0x700","0x004","0x300","0x000","0xF00","0x00C","0xB00","0x00","0x00","0xFF","0x20","0x20","0x20","0x07","0x20","0x20","0x20","0x20","0x20","0x20","0x20","0x20","0x20","0x20","0x20","0x20","0x20","0x20","0x20","0x20","0x20","0x20","0x20","0x20","0x20","0x20","0x20","0x20","0x20","0x20","0x20","0x08"
"451","0xB","0xC","0b1100000011001100","0b1111101111111111","0","0","0b0000000000000000","0b0000000000000000","0b0000000000000000","0b0000000000000000","0","0b1100000011001100","0b0000000000000000","0x00000000","0x00000001","0x000001B4","0x00000000","0x00000000","0x0000006B","0x00000000","0x00000000","0x00000000","0x00000000","0x00000000","0x00000000","0x00000000","0x00000000","0x00000000","0x00000000","0x00000000","0x00000000","0x00000000","0x00000000","0x00000000","0x00000000","0x00000000","0x00000000","0x04000000","0x00000000","0x00000000","0x00000001","0xFFFFFFFF","0x00000088","0x00000260","0x00000051","0","0","0","0","0","0","0","0","0x8","0x3","0x0","0xF","0","1","1","1","0","1","1","1","0","1","1","1","0x00","0x18","0x18","0x18","0x0","0xF","0x3","0x7","0x60D000B4","0x1618D000","0x60D000B4","0x1618D000","0x60D000B4","0x1618D000","0x60D000B4","0x1618D000","0x09","0x08","0x05","0x04","0x01","0x00","0x1D","0x1C","0x008","0x700","0x004","0x300","0x000","0xF00","0x00C","0xB00","0x00","0x00","0xFF","0x20","0x20","0x20","0x07","0x20","0x20","0x20","0x20","0x20","0x20","0x20","0x20","0x20","0x20","0x20","0x20","0x20","0x20","0x20","0x20","0x20","0x20","0x20","0x20","0x20","0x20","0x20","0x20","0x20","0x20","0x20","0x08"
"452","0xB","0xC","0b1100000011001100","0b1111101111111111","0","0","0b0000000000000000","0b0000000000000000","0b0000000000000000","0b0000000000000000","1","0b1100000011001100","0b0000000000000000","0x00000000","0x00000001","0x000001B4","0x00000000","0x00000000","0x0000006B","0x00000000","0x00000000","0x00000000","0x00000000","0x00000000","0x00000000","0x00000000","0x00000000","0x00000000","0x00000000","0x00000000","0x00000000","0x00000000","0x00000000","0x00000000","0x00000000","0x00000000","0x00000000","0x04000000","0x00000000","0x00000000","0x00000001","0xFFFFFFFF","0x00000088","0x00000260","0x00000051","0","0","0","0","0","0","0","0","0x8","0x3","0x0","0xF","0","1","1","1","0","1","1","1","0","1","1","1","0x00","0x18","0x18","0x18","0x0","0xF","0x3","0x7","0x60D000B4","0x1618D000","0x60D000B4","0x1618D000","0x60D000B4","0x1618D000","0x60D000B4","0x1618D000","0x09","0x08","0x05","0x04","0x01","0x00","0x1D","0x1C","0x008","0x700","0x004","0x300","0x000","0xF00","0x00C","0xB00","0x00","0x00","0xFF","0x20","0x20","0x20","0x07","0x20","0x20","0x20","0x20","0x20","0x20","0x20","0x20","0x20","0x20","0x20","0x20","0x20","0x20","0x20","0x20","0x20","0x20","0x20","0x20","0x20","0x20","0x20","0x20","0x20","0x20","0x20","0x08"
"453","0xB","0xC","0b1100000011001100","0b1111101111111111","0","0","0b0000000000000000","0b0000000000000000","0b0000000000000000","0b0000000000000000","0","0b1100000011001100","0b0000000000000000","0x00000000","0x00000001","0x000001B4","0x00000000","0x00000000","0x0000006B","0x00000000","0x00000000","0x00000000","0x00000000","0x00000000","0x00000000","0x00000000","0x00000000","0x00000000","0x00000000","0x00000000","0x00000000","0x00000000","0x00000000","0x00000000","0x00000000","0x00000000","0x00000000","0x04000000","0x00000000","0x00000000","0x00000001","0xFFFFFFFF","0x00000088","0x00000260","0x00000051","0","0","0","0","0","0","0","0","0x8","0x3","0x0","0xF","0","1","1","1","0","1","1","1","0","1","1","1","0x00","0x18","0x18","0x18","0x0","0xF","0x3","0x7","0x60D000B4","0x1618D000","0x60D000B4","0x1618D000","0x60D000B4","0x1618D000","0x60D000B4","0x1618D000","0x09","0x08","0x05","0x04","0x01","0x00","0x1D","0x1C","0x008","0x700","0x004","0x300","0x000","0xF00","0x00C","0xB00","0x00","0x00","0xFF","0x20","0x20","0x20","0x07","0x20","0x20","0x20","0x20","0x20","0x20","0x20","0x20","0x20","0x20","0x20","0x20","0x20","0x20","0x20","0x20","0x20","0x20","0x20","0x20","0x20","0x20","0x20","0x20","0x20","0x20","0x20","0x08"
"454","0xB","0xC","0b1100000011001100","0b1111101111111111","0","0","0b0000000000000000","0b0000000000000000","0b0000000000000000","0b0000000000000000","1","0b1100000011001100","0b0000000000000000","0x00000000","0x00000001","0x000001B4","0x00000000","0x00000000","0x0000006B","0x00000000","0x00000000","0x00000000","0x00000000","0x00000000","0x00000000","0x00000000","0x00000000","0x00000000","0x00000000","0x00000000","0x00000000","0x00000000","0x00000000","0x00000000","0x00000000","0x00000000","0x00000000","0x04000000","0x00000000","0x00000000","0x00000001","0xFFFFFFFF","0x00000088","0x00000260","0x00000051","0","0","0","0","0","0","0","0","0x8","0x3","0x0","0xF","0","1","1","1","0","1","1","1","0","1","1","1","0x00","0x18","0x18","0x18","0x0","0xF","0x3","0x7","0x60D000B4","0x1618D000","0x60D000B4","0x1618D000","0x60D000B4","0x1618D000","0x60D000B4","0x1618D000","0x09","0x08","0x05","0x04","0x01","0x00","0x1D","0x1C","0x008","0x700","0x004","0x300","0x000","0xF00","0x00C","0xB00","0x00","0x00","0xFF","0x20","0x20","0x20","0x07","0x20","0x20","0x20","0x20","0x20","0x20","0x20","0x20","0x20","0x20","0x20","0x20","0x20","0x20","0x20","0x20","0x20","0x20","0x20","0x20","0x20","0x20","0x20","0x20","0x20","0x20","0x20","0x08"
"455","0xB","0xC","0b1100000011001100","0b1111101111111111","0","0","0b0000000000000000","0b0000000000000000","0b0000000000000000","0b0000000000000000","0","0b1100000011001100","0b0000000000000000","0x00000000","0x00000001","0x000001B4","0x00000000","0x00000000","0x0000006B","0x00000000","0x00000000","0x00000000","0x00000000","0x00000000","0x00000000","0x00000000","0x00000000","0x00000000","0x00000000","0x00000000","0x00000000","0x00000000","0x00000000","0x00000000","0x00000000","0x00000000","0x00000000","0x04000000","0x00000000","0x00000000","0x00000001","0xFFFFFFFF","0x00000088","0x00000260","0x00000051","0","0","0","0","0","0","0","0","0x8","0x3","0x0","0xF","0","1","1","1","0","1","1","1","0","1","1","1","0x00","0x18","0x18","0x18","0x0","0xF","0x3","0x7","0x60D000B4","0x1618D000","0x60D000B4","0x1618D000","0x60D000B4","0x1618D000","0x60D000B4","0x1618D000","0x09","0x08","0x05","0x04","0x01","0x00","0x1D","0x1C","0x008","0x700","0x004","0x300","0x000","0xF00","0x00C","0xB00","0x00","0x00","0xFF","0x20","0x20","0x20","0x07","0x20","0x20","0x20","0x20","0x20","0x20","0x20","0x20","0x20","0x20","0x20","0x20","0x20","0x20","0x20","0x20","0x20","0x20","0x20","0x20","0x20","0x20","0x20","0x20","0x20","0x20","0x20","0x08"
"456","0xB","0xC","0b1100000011001100","0b1111101111111111","0","0","0b0000000000000000","0b0000000000000000","0b0000000000000000","0b0000000000000000","1","0b1100000011001100","0b0000000000000000","0x00000000","0x00000001","0x000001B4","0x00000000","0x00000000","0x0000006B","0x00000000","0x00000000","0x00000000","0x00000000","0x00000000","0x00000000","0x00000000","0x00000000","0x00000000","0x00000000","0x00000000","0x00000000","0x00000000","0x00000000","0x00000000","0x00000000","0x00000000","0x00000000","0x04000000","0x00000000","0x00000000","0x00000001","0xFFFFFFFF","0x00000088","0x00000260","0x00000051","0","0","0","0","0","0","0","0","0x8","0x3","0x0","0xF","0","1","1","1","0","1","1","1","0","1","1","1","0x00","0x18","0x18","0x18","0x0","0xF","0x3","0x7","0x60D000B4","0x1618D000","0x60D000B4","0x1618D000","0x60D000B4","0x1618D000","0x60D000B4","0x1618D000","0x09","0x08","0x05","0x04","0x01","0x00","0x1D","0x1C","0x008","0x700","0x004","0x300","0x000","0xF00","0x00C","0xB00","0x00","0x00","0xFF","0x20","0x20","0x20","0x07","0x20","0x20","0x20","0x20","0x20","0x20","0x20","0x20","0x20","0x20","0x20","0x20","0x20","0x20","0x20","0x20","0x20","0x20","0x20","0x20","0x20","0x20","0x20","0x20","0x20","0x20","0x20","0x08"
"457","0xB","0xC","0b1100000011001100","0b1111101111111111","0","0","0b0000000000000000","0b0000000000000000","0b0000000000000000","0b0000000000000000","0","0b1100000011001100","0b0000000000000000","0x00000000","0x00000001","0x000001B4","0x00000000","0x00000000","0x0000006B","0x00000000","0x00000000","0x00000000","0x00000000","0x00000000","0x00000000","0x00000000","0x00000000","0x00000000","0x00000000","0x00000000","0x00000000","0x00000000","0x00000000","0x00000000","0x00000000","0x00000000","0x00000000","0x04000000","0x00000000","0x00000000","0x00000001","0xFFFFFFFF","0x00000088","0x00000260","0x00000051","0","0","0","0","0","0","0","0","0x8","0x3","0x0","0xF","0","1","1","1","0","1","1","1","0","1","1","1","0x00","0x18","0x18","0x18","0x0","0xF","0x3","0x7","0x60D000B4","0x1618D000","0x60D000B4","0x1618D000","0x60D000B4","0x1618D000","0x60D000B4","0x1618D000","0x09","0x08","0x05","0x04","0x01","0x00","0x1D","0x1C","0x008","0x700","0x004","0x300","0x000","0xF00","0x00C","0xB00","0x00","0x00","0xFF","0x20","0x20","0x20","0x07","0x20","0x20","0x20","0x20","0x20","0x20","0x20","0x20","0x20","0x20","0x20","0x20","0x20","0x20","0x20","0x20","0x20","0x20","0x20","0x20","0x20","0x20","0x20","0x20","0x20","0x20","0x20","0x08"
"458","0xB","0xC","0b1100000011001100","0b1111101111111111","0","0","0b0000000000000000","0b0000000000000000","0b0000000000000000","0b0000000000000000","1","0b1100000011001100","0b0000000000000000","0x00000000","0x00000001","0x000001B4","0x00000000","0x00000000","0x0000006B","0x00000000","0x00000000","0x00000000","0x00000000","0x00000000","0x00000000","0x00000000","0x00000000","0x00000000","0x00000000","0x00000000","0x00000000","0x00000000","0x00000000","0x00000000","0x00000000","0x00000000","0x00000000","0x04000000","0x00000000","0x00000000","0x00000001","0xFFFFFFFF","0x00000088","0x00000260","0x00000051","0","0","0","0","0","0","0","0","0x8","0x3","0x0","0xF","0","1","1","1","0","1","1","1","0","1","1","1","0x00","0x18","0x18","0x18","0x0","0xF","0x3","0x7","0x60D000B4","0x1618D000","0x60D000B4","0x1618D000","0x60D000B4","0x1618D000","0x60D000B4","0x1618D000","0x09","0x08","0x05","0x04","0x01","0x00","0x1D","0x1C","0x008","0x700","0x004","0x300","0x000","0xF00","0x00C","0xB00","0x00","0x00","0xFF","0x20","0x20","0x20","0x07","0x20","0x20","0x20","0x20","0x20","0x20","0x20","0x20","0x20","0x20","0x20","0x20","0x20","0x20","0x20","0x20","0x20","0x20","0x20","0x20","0x20","0x20","0x20","0x20","0x20","0x20","0x20","0x08"
"459","0xB","0xC","0b1100000011001100","0b1111101111111111","0","0","0b0000000000000000","0b0000000000000000","0b0000000000000000","0b0000000000000000","0","0b1100000011001100","0b0000000000000000","0x00000000","0x00000001","0x000001B4","0x00000000","0x00000000","0x0000006B","0x00000000","0x00000000","0x00000000","0x00000000","0x00000000","0x00000000","0x00000000","0x00000000","0x00000000","0x00000000","0x00000000","0x00000000","0x00000000","0x00000000","0x00000000","0x00000000","0x00000000","0x00000000","0x04000000","0x00000000","0x00000000","0x00000001","0xFFFFFFFF","0x00000088","0x00000260","0x00000051","0","0","0","0","0","0","0","0","0x8","0x3","0x0","0xF","0","1","1","1","0","1","1","1","0","1","1","1","0x00","0x18","0x18","0x18","0x0","0xF","0x3","0x7","0x60D000B4","0x1618D000","0x60D000B4","0x1618D000","0x60D000B4","0x1618D000","0x60D000B4","0x1618D000","0x09","0x08","0x05","0x04","0x01","0x00","0x1D","0x1C","0x008","0x700","0x004","0x300","0x000","0xF00","0x00C","0xB00","0x00","0x00","0xFF","0x20","0x20","0x20","0x07","0x20","0x20","0x20","0x20","0x20","0x20","0x20","0x20","0x20","0x20","0x20","0x20","0x20","0x20","0x20","0x20","0x20","0x20","0x20","0x20","0x20","0x20","0x20","0x20","0x20","0x20","0x20","0x08"
"460","0xB","0xC","0b1100000011001100","0b1111101111111111","0","0","0b0000000000000000","0b0000000000000000","0b0000000000000000","0b0000000000000000","1","0b1100000011001100","0b0000000000000000","0x00000000","0x00000001","0x000001B4","0x00000000","0x00000000","0x0000006B","0x00000000","0x00000000","0x00000000","0x00000000","0x00000000","0x00000000","0x00000000","0x00000000","0x00000000","0x00000000","0x00000000","0x00000000","0x00000000","0x00000000","0x00000000","0x00000000","0x00000000","0x00000000","0x04000000","0x00000000","0x00000000","0x00000001","0xFFFFFFFF","0x00000088","0x00000260","0x00000051","0","0","0","0","0","0","0","0","0x8","0x3","0x0","0xF","0","1","1","1","0","1","1","1","0","1","1","1","0x00","0x18","0x18","0x18","0x0","0xF","0x3","0x7","0x60D000B4","0x1618D000","0x60D000B4","0x1618D000","0x60D000B4","0x1618D000","0x60D000B4","0x1618D000","0x09","0x08","0x05","0x04","0x01","0x00","0x1D","0x1C","0x008","0x700","0x004","0x300","0x000","0xF00","0x00C","0xB00","0x00","0x00","0xFF","0x20","0x20","0x20","0x07","0x20","0x20","0x20","0x20","0x20","0x20","0x20","0x20","0x20","0x20","0x20","0x20","0x20","0x20","0x20","0x20","0x20","0x20","0x20","0x20","0x20","0x20","0x20","0x20","0x20","0x20","0x20","0x08"
"461","0xB","0xC","0b1100000011001100","0b1111101111111111","0","0","0b0000000000000000","0b0000000000000000","0b0000000000000000","0b0000000000000000","0","0b1100000011001100","0b0000000000000000","0x00000000","0x00000001","0x000001B4","0x00000000","0x00000000","0x0000006B","0x00000000","0x00000000","0x00000000","0x00000000","0x00000000","0x00000000","0x00000000","0x00000000","0x00000000","0x00000000","0x00000000","0x00000000","0x00000000","0x00000000","0x00000000","0x00000000","0x00000000","0x00000000","0x04000000","0x00000000","0x00000000","0x00000001","0xFFFFFFFF","0x00000088","0x00000260","0x00000051","0","0","0","0","0","0","0","0","0x8","0x3","0x0","0xF","0","1","1","1","0","1","1","1","0","1","1","1","0x00","0x18","0x18","0x18","0x0","0xF","0x3","0x7","0x60D000B4","0x1618D000","0x60D000B4","0x1618D000","0x60D000B4","0x1618D000","0x60D000B4","0x1618D000","0x09","0x08","0x05","0x04","0x01","0x00","0x1D","0x1C","0x008","0x700","0x004","0x300","0x000","0xF00","0x00C","0xB00","0x00","0x00","0xFF","0x20","0x20","0x20","0x07","0x20","0x20","0x20","0x20","0x20","0x20","0x20","0x20","0x20","0x20","0x20","0x20","0x20","0x20","0x20","0x20","0x20","0x20","0x20","0x20","0x20","0x20","0x20","0x20","0x20","0x20","0x20","0x08"
"462","0xB","0xC","0b1100000011001100","0b1111101111111111","0","0","0b0000000000000000","0b0000000000000000","0b0000000000000000","0b0000000000000000","1","0b1100000011001100","0b0000000000000000","0x00000000","0x00000001","0x000001B4","0x00000000","0x00000000","0x0000006B","0x00000000","0x00000000","0x00000000","0x00000000","0x00000000","0x00000000","0x00000000","0x00000000","0x00000000","0x00000000","0x00000000","0x00000000","0x00000000","0x00000000","0x00000000","0x00000000","0x00000000","0x00000000","0x04000000","0x00000000","0x00000000","0x00000001","0xFFFFFFFF","0x00000088","0x00000260","0x00000051","0","0","0","0","0","0","0","0","0x8","0x3","0x0","0xF","0","1","1","1","0","1","1","1","0","1","1","1","0x00","0x18","0x18","0x18","0x0","0xF","0x3","0x7","0x60D000B4","0x1618D000","0x60D000B4","0x1618D000","0x60D000B4","0x1618D000","0x60D000B4","0x1618D000","0x09","0x08","0x05","0x04","0x01","0x00","0x1D","0x1C","0x008","0x700","0x004","0x300","0x000","0xF00","0x00C","0xB00","0x00","0x00","0xFF","0x20","0x20","0x20","0x07","0x20","0x20","0x20","0x20","0x20","0x20","0x20","0x20","0x20","0x20","0x20","0x20","0x20","0x20","0x20","0x20","0x20","0x20","0x20","0x20","0x20","0x20","0x20","0x20","0x20","0x20","0x20","0x08"
"463","0xB","0xC","0b1100000011001100","0b1111101111111111","0","0","0b0000000000000000","0b0000000000000000","0b0000000000000000","0b0000000000000000","0","0b1100000011001100","0b0000000000000000","0x00000000","0x00000001","0x000001B4","0x00000000","0x00000000","0x0000006B","0x00000000","0x00000000","0x00000000","0x00000000","0x00000000","0x00000000","0x00000000","0x00000000","0x00000000","0x00000000","0x00000000","0x00000000","0x00000000","0x00000000","0x00000000","0x00000000","0x00000000","0x00000000","0x04000000","0x00000000","0x00000000","0x00000001","0xFFFFFFFF","0x00000088","0x00000260","0x00000051","0","0","0","0","0","0","0","0","0x8","0x3","0x0","0xF","0","1","1","1","0","1","1","1","0","1","1","1","0x00","0x18","0x18","0x18","0x0","0xF","0x3","0x7","0x60D000B4","0x1618D000","0x60D000B4","0x1618D000","0x60D000B4","0x1618D000","0x60D000B4","0x1618D000","0x09","0x08","0x05","0x04","0x01","0x00","0x1D","0x1C","0x008","0x700","0x004","0x300","0x000","0xF00","0x00C","0xB00","0x00","0x00","0xFF","0x20","0x20","0x20","0x07","0x20","0x20","0x20","0x20","0x20","0x20","0x20","0x20","0x20","0x20","0x20","0x20","0x20","0x20","0x20","0x20","0x20","0x20","0x20","0x20","0x20","0x20","0x20","0x20","0x20","0x20","0x20","0x08"
